study,dataset,distribution,method,attack,malicious_ratio,seed,metric,value,valid_for_fairness,validity_reasons,selected_round,selection_role,selection_fairness_risk
main,adult,IID,AdaAggRL,Benign,,123,accuracy,0.8288066936715586,True,,,,
main,adult,IID,AdaAggRL,Benign,,123,aeod,0.0845491191562453,True,,,,
main,adult,IID,AdaAggRL,Benign,,123,aspd,0.11216399332216562,True,,,,
main,adult,IID,AdaAggRL,Benign,,456,accuracy,0.8315293180158045,True,,,,
main,adult,IID,AdaAggRL,Benign,,456,aeod,0.012512488211528172,True,,,,
main,adult,IID,AdaAggRL,Benign,,456,aspd,0.13843370206344985,True,,,,
main,adult,IID,AdaAggRL,Benign,,789,accuracy,0.8369081612324856,True,,,,
main,adult,IID,AdaAggRL,Benign,,789,aeod,0.09395876162638928,True,,,,
main,adult,IID,AdaAggRL,Benign,,789,aspd,0.10245893368182163,True,,,,
main,adult,IID,AdaAggRL,Benign,,1001,accuracy,0.8278106115943954,True,,,,
main,adult,IID,AdaAggRL,Benign,,1001,aeod,0.09395761919423118,True,,,,
main,adult,IID,AdaAggRL,Benign,,1001,aspd,0.11003001607027926,True,,,,
main,adult,IID,AdaAggRL,Benign,,2024,accuracy,0.8249551763065277,True,,,,
main,adult,IID,AdaAggRL,Benign,,2024,aeod,0.017013099698340806,True,,,,
main,adult,IID,AdaAggRL,Benign,,2024,aspd,0.08203299203900682,True,,,,
main,adult,IID,AdaAggRL,Benign,,3141,accuracy,0.8254864200810147,True,,,,
main,adult,IID,AdaAggRL,Benign,,3141,aeod,0.11747858368115632,True,,,,
main,adult,IID,AdaAggRL,Benign,,3141,aspd,0.11228857379591568,True,,,,
main,adult,IID,AdaAggRL,Benign,,4242,accuracy,0.8323925891493459,True,,,,
main,adult,IID,AdaAggRL,Benign,,4242,aeod,0.028530529500168766,True,,,,
main,adult,IID,AdaAggRL,Benign,,4242,aspd,0.12824340047478602,True,,,,
main,adult,IID,AdaAggRL,Benign,,5050,accuracy,0.8354472408526462,True,,,,
main,adult,IID,AdaAggRL,Benign,,5050,aeod,0.05257644156373825,True,,,,
main,adult,IID,AdaAggRL,Benign,,5050,aspd,0.10255635119881523,True,,,,
main,adult,IID,AdaAggRL,Benign,,6060,accuracy,0.8276113951789628,True,,,,
main,adult,IID,AdaAggRL,Benign,,6060,aeod,0.023531817592427062,True,,,,
main,adult,IID,AdaAggRL,Benign,,6060,aspd,0.11043368890325811,True,,,,
main,adult,IID,AdaAggRL,Benign,,7070,accuracy,0.8161896540274919,True,,,,
main,adult,IID,AdaAggRL,Benign,,7070,aeod,0.06629876543068836,True,,,,
main,adult,IID,AdaAggRL,Benign,,7070,aspd,0.08329879786061822,True,,,,
main,adult,IID,AdaAggRL,F Flip,,123,accuracy,0.8290059100869912,True,,70,unprotected_max_risk,0.18154292149100315
main,adult,IID,AdaAggRL,F Flip,,123,aeod,0.05127806741606411,True,,70,unprotected_max_risk,0.18154292149100315
main,adult,IID,AdaAggRL,F Flip,,123,aspd,0.13026485407493904,True,,70,unprotected_max_risk,0.18154292149100315
main,adult,IID,AdaAggRL,F Flip,,456,accuracy,0.8328574274520221,True,,63,unprotected_max_risk,0.2634581343616113
main,adult,IID,AdaAggRL,F Flip,,456,aeod,0.08712187637627378,True,,63,unprotected_max_risk,0.2634581343616113
main,adult,IID,AdaAggRL,F Flip,,456,aspd,0.17633625798533753,True,,63,unprotected_max_risk,0.2634581343616113
main,adult,IID,AdaAggRL,F Flip,,789,accuracy,0.8381698651968922,True,,69,unprotected_max_risk,0.19962981200970403
main,adult,IID,AdaAggRL,F Flip,,789,aeod,0.03914715154533943,True,,69,unprotected_max_risk,0.19962981200970403
main,adult,IID,AdaAggRL,F Flip,,789,aspd,0.1604826604643646,True,,69,unprotected_max_risk,0.19962981200970403
main,adult,IID,AdaAggRL,F Flip,,1001,accuracy,0.8289395046151803,True,,67,unprotected_max_risk,0.20824548722704306
main,adult,IID,AdaAggRL,F Flip,,1001,aeod,0.04439776974394094,True,,67,unprotected_max_risk,0.20824548722704306
main,adult,IID,AdaAggRL,F Flip,,1001,aspd,0.16384771748310212,True,,67,unprotected_max_risk,0.20824548722704306
main,adult,IID,AdaAggRL,F Flip,,2024,accuracy,0.8213692808287403,True,,62,unprotected_max_risk,0.14602762414175466
main,adult,IID,AdaAggRL,F Flip,,2024,aeod,0.0415302650271242,True,,62,unprotected_max_risk,0.14602762414175466
main,adult,IID,AdaAggRL,F Flip,,2024,aspd,0.10449735911463046,True,,62,unprotected_max_risk,0.14602762414175466
main,adult,IID,AdaAggRL,F Flip,,3141,accuracy,0.8320605617902915,True,,61,unprotected_max_risk,0.34475661938877367
main,adult,IID,AdaAggRL,F Flip,,3141,aeod,0.18958947271614962,True,,61,unprotected_max_risk,0.34475661938877367
main,adult,IID,AdaAggRL,F Flip,,3141,aspd,0.15516714667262407,True,,61,unprotected_max_risk,0.34475661938877367
main,adult,IID,AdaAggRL,F Flip,,4242,accuracy,0.8360448900989441,True,,68,unprotected_max_risk,0.15467066747682456
main,adult,IID,AdaAggRL,F Flip,,4242,aeod,0.007872500001428029,True,,68,unprotected_max_risk,0.15467066747682456
main,adult,IID,AdaAggRL,F Flip,,4242,aspd,0.14679816747539653,True,,68,unprotected_max_risk,0.15467066747682456
main,adult,IID,AdaAggRL,F Flip,,5050,accuracy,0.8363769174579986,True,,66,unprotected_max_risk,0.1602533482111839
main,adult,IID,AdaAggRL,F Flip,,5050,aeod,0.0233290358843653,True,,66,unprotected_max_risk,0.1602533482111839
main,adult,IID,AdaAggRL,F Flip,,5050,aspd,0.1369243123268186,True,,66,unprotected_max_risk,0.1602533482111839
main,adult,IID,AdaAggRL,F Flip,,6060,accuracy,0.83345507669832,True,,61,unprotected_max_risk,0.17351858897131037
main,adult,IID,AdaAggRL,F Flip,,6060,aeod,0.02112585546748036,True,,61,unprotected_max_risk,0.17351858897131037
main,adult,IID,AdaAggRL,F Flip,,6060,aspd,0.15239273350383,True,,61,unprotected_max_risk,0.17351858897131037
main,adult,IID,AdaAggRL,F Flip,,7070,accuracy,0.820439604223388,True,,69,unprotected_max_risk,0.24389015071474274
main,adult,IID,AdaAggRL,F Flip,,7070,aeod,0.12654663893603008,True,,69,unprotected_max_risk,0.24389015071474274
main,adult,IID,AdaAggRL,F Flip,,7070,aspd,0.11734351177871268,True,,69,unprotected_max_risk,0.24389015071474274
main,adult,IID,FLAURA,Benign,,123,accuracy,0.8286074772561259,True,,,,
main,adult,IID,FLAURA,Benign,,123,aeod,0.06559616965346038,True,,,,
main,adult,IID,FLAURA,Benign,,123,aspd,0.11664379481511716,True,,,,
main,adult,IID,FLAURA,Benign,,456,accuracy,0.8333222657546981,True,,,,
main,adult,IID,FLAURA,Benign,,456,aeod,0.03151113500063696,True,,,,
main,adult,IID,FLAURA,Benign,,456,aspd,0.14451842505084228,True,,,,
main,adult,IID,FLAURA,Benign,,789,accuracy,0.8362441065143768,True,,,,
main,adult,IID,FLAURA,Benign,,789,aeod,0.09420838305293289,True,,,,
main,adult,IID,FLAURA,Benign,,789,aspd,0.10661586912895459,True,,,,
main,adult,IID,FLAURA,Benign,,1001,accuracy,0.8275449897071518,True,,,,
main,adult,IID,FLAURA,Benign,,1001,aeod,0.05732381839669931,True,,,,
main,adult,IID,FLAURA,Benign,,1001,aspd,0.11488706970636606,True,,,,
main,adult,IID,FLAURA,Benign,,2024,accuracy,0.8296699648050999,True,,,,
main,adult,IID,FLAURA,Benign,,2024,aeod,0.05562102326505969,True,,,,
main,adult,IID,FLAURA,Benign,,2024,aspd,0.10290642032392609,True,,,,
main,adult,IID,FLAURA,Benign,,3141,accuracy,0.823693472342121,True,,,,
main,adult,IID,FLAURA,Benign,,3141,aeod,0.08884352163852188,True,,,,
main,adult,IID,FLAURA,Benign,,3141,aspd,0.09871925254604574,True,,,,
main,adult,IID,FLAURA,Benign,,4242,accuracy,0.8249551763065277,True,,,,
main,adult,IID,FLAURA,Benign,,4242,aeod,0.021943836892675928,True,,,,
main,adult,IID,FLAURA,Benign,,4242,aspd,0.08049529585334796,True,,,,
main,adult,IID,FLAURA,Benign,,5050,accuracy,0.8108772162826217,True,,,,
main,adult,IID,FLAURA,Benign,,5050,aeod,0.05050692570935034,True,,,,
main,adult,IID,FLAURA,Benign,,5050,aspd,0.09036955222728421,True,,,,
main,adult,IID,FLAURA,Benign,,6060,accuracy,0.8261504747991234,True,,,,
main,adult,IID,FLAURA,Benign,,6060,aeod,0.03387082862318075,True,,,,
main,adult,IID,FLAURA,Benign,,6060,aspd,0.09818869219350665,True,,,,
main,adult,IID,FLAURA,Benign,,7070,accuracy,0.8162560594993027,True,,,,
main,adult,IID,FLAURA,Benign,,7070,aeod,0.06152625509024928,True,,,,
main,adult,IID,FLAURA,Benign,,7070,aspd,0.08084761184046525,True,,,,
main,adult,IID,FLAURA,F Flip,,123,accuracy,0.8273457732917192,True,,70,unprotected_max_risk,0.16612563139353384
main,adult,IID,FLAURA,F Flip,,123,aeod,0.05802869903824348,True,,70,unprotected_max_risk,0.16612563139353384
main,adult,IID,FLAURA,F Flip,,123,aspd,0.10809693235529036,True,,70,unprotected_max_risk,0.16612563139353384
main,adult,IID,FLAURA,F Flip,,456,accuracy,0.8316621289594263,True,,61,unprotected_max_risk,0.23107561927226386
main,adult,IID,FLAURA,F Flip,,456,aeod,0.0728723200683632,True,,61,unprotected_max_risk,0.23107561927226386
main,adult,IID,FLAURA,F Flip,,456,aspd,0.15820329920390067,True,,61,unprotected_max_risk,0.23107561927226386
main,adult,IID,FLAURA,F Flip,,789,accuracy,0.8385018925559466,True,,62,unprotected_max_risk,0.19362621637526348
main,adult,IID,FLAURA,F Flip,,789,aeod,0.08516374765730006,True,,62,unprotected_max_risk,0.19362621637526348
main,adult,IID,FLAURA,F Flip,,789,aspd,0.10846246871796342,True,,62,unprotected_max_risk,0.19362621637526348
main,adult,IID,FLAURA,F Flip,,1001,accuracy,0.8294043429178565,True,,70,unprotected_max_risk,0.186655578749444
main,adult,IID,FLAURA,F Flip,,1001,aeod,0.07739063925362621,True,,70,unprotected_max_risk,0.186655578749444
main,adult,IID,FLAURA,F Flip,,1001,aspd,0.10926493949581778,True,,70,unprotected_max_risk,0.186655578749444
main,adult,IID,FLAURA,F Flip,,2024,accuracy,0.8283418553688824,True,,67,unprotected_max_risk,0.12739927517170496
main,adult,IID,FLAURA,F Flip,,2024,aeod,0.034555145485879235,True,,67,unprotected_max_risk,0.12739927517170496
main,adult,IID,FLAURA,F Flip,,2024,aspd,0.09284412968582571,True,,67,unprotected_max_risk,0.12739927517170496
main,adult,IID,FLAURA,F Flip,,3141,accuracy,0.8226973902649578,True,,65,unprotected_max_risk,0.24094050144059562
main,adult,IID,FLAURA,F Flip,,3141,aeod,0.1267962603625737,True,,65,unprotected_max_risk,0.24094050144059562
main,adult,IID,FLAURA,F Flip,,3141,aspd,0.11414424107802193,True,,65,unprotected_max_risk,0.24094050144059562
main,adult,IID,FLAURA,F Flip,,4242,accuracy,0.8322597782057242,True,,68,unprotected_max_risk,0.23503588809390993
main,adult,IID,FLAURA,F Flip,,4242,aeod,0.0985730451129323,True,,68,unprotected_max_risk,0.23503588809390993
main,adult,IID,FLAURA,F Flip,,4242,aspd,0.13646284298097763,True,,68,unprotected_max_risk,0.23503588809390993
main,adult,IID,FLAURA,F Flip,,5050,accuracy,0.8262168802709343,True,,67,unprotected_max_risk,0.17653427483185383
main,adult,IID,FLAURA,F Flip,,5050,aeod,0.09450541541403745,True,,67,unprotected_max_risk,0.17653427483185383
main,adult,IID,FLAURA,F Flip,,5050,aspd,0.08202885941781637,True,,67,unprotected_max_risk,0.17653427483185383
main,adult,IID,FLAURA,F Flip,,6060,accuracy,0.8217677136596055,True,,70,unprotected_max_risk,0.18952061773455414
main,adult,IID,FLAURA,F Flip,,6060,aeod,0.044919861240190095,True,,70,unprotected_max_risk,0.18952061773455414
main,adult,IID,FLAURA,F Flip,,6060,aspd,0.14460075649436405,True,,70,unprotected_max_risk,0.18952061773455414
main,adult,IID,FLAURA,F Flip,,7070,accuracy,0.8191114947871705,True,,68,unprotected_max_risk,0.17158761017184912
main,adult,IID,FLAURA,F Flip,,7070,aeod,0.07763968946409078,True,,68,unprotected_max_risk,0.17158761017184912
main,adult,IID,FLAURA,F Flip,,7070,aspd,0.09394792070775834,True,,68,unprotected_max_risk,0.17158761017184912
main,adult,IID,FLGMM,Benign,,123,accuracy,0.8266817185736105,True,,,,
main,adult,IID,FLGMM,Benign,,123,aeod,0.05766483439589043,True,,,,
main,adult,IID,FLGMM,Benign,,123,aspd,0.11233090307121563,True,,,,
main,adult,IID,FLGMM,Benign,,456,accuracy,0.8332558602828873,True,,,,
main,adult,IID,FLGMM,Benign,,456,aeod,0.08891606608056091,True,,,,
main,adult,IID,FLGMM,Benign,,456,aspd,0.15640502720929828,True,,,,
main,adult,IID,FLGMM,Benign,,789,accuracy,0.8298027757487217,True,,,,
main,adult,IID,FLGMM,Benign,,789,aeod,0.08836712742859654,True,,,,
main,adult,IID,FLGMM,Benign,,789,aspd,0.10801801132731409,True,,,,
main,adult,IID,FLGMM,Benign,,1001,accuracy,0.8350488080217809,True,,,,
main,adult,IID,FLGMM,Benign,,1001,aeod,0.011805893921746802,True,,,,
main,adult,IID,FLGMM,Benign,,1001,aspd,0.12095289497938284,True,,,,
main,adult,IID,FLGMM,Benign,,2024,accuracy,0.8295371538614782,True,,,,
main,adult,IID,FLGMM,Benign,,2024,aeod,0.04371173923300531,True,,,,
main,adult,IID,FLGMM,Benign,,2024,aspd,0.11501923333938782,True,,,,
main,adult,IID,FLGMM,Benign,,3141,accuracy,0.8256192310246364,True,,,,
main,adult,IID,FLGMM,Benign,,3141,aeod,0.07445858711987713,True,,,,
main,adult,IID,FLGMM,Benign,,3141,aspd,0.10216058250539478,True,,,,
main,adult,IID,FLGMM,Benign,,4242,accuracy,0.8230958230958231,True,,,,
main,adult,IID,FLGMM,Benign,,4242,aeod,0.030580052791790047,True,,,,
main,adult,IID,FLGMM,Benign,,4242,aspd,0.07246464993950125,True,,,,
main,adult,IID,FLGMM,Benign,,5050,accuracy,0.8120725147752175,True,,,,
main,adult,IID,FLGMM,Benign,,5050,aeod,0.029126879086694035,True,,,,
main,adult,IID,FLGMM,Benign,,5050,aspd,0.05718957926265131,True,,,,
main,adult,IID,FLGMM,Benign,,6060,accuracy,0.8251543927219603,True,,,,
main,adult,IID,FLGMM,Benign,,6060,aeod,0.014215854559246788,True,,,,
main,adult,IID,FLGMM,Benign,,6060,aspd,0.12054468829985529,True,,,,
main,adult,IID,FLGMM,Benign,,7070,accuracy,0.810213161564513,True,,,,
main,adult,IID,FLGMM,Benign,,7070,aeod,0.036072295391828546,True,,,,
main,adult,IID,FLGMM,Benign,,7070,aspd,0.06568394138434544,True,,,,
main,adult,IID,FLGMM,F Flip,,123,accuracy,0.8264825021581779,True,,66,unprotected_max_risk,0.1716687816926253
main,adult,IID,FLGMM,F Flip,,123,aeod,0.07241477598904633,True,,66,unprotected_max_risk,0.1716687816926253
main,adult,IID,FLGMM,F Flip,,123,aspd,0.09925400570357898,True,,66,unprotected_max_risk,0.1716687816926253
main,adult,IID,FLGMM,F Flip,,456,accuracy,0.8268809349890431,True,,66,unprotected_max_risk,0.21206089082180843
main,adult,IID,FLGMM,F Flip,,456,aeod,0.04903375944148769,True,,66,unprotected_max_risk,0.21206089082180843
main,adult,IID,FLGMM,F Flip,,456,aspd,0.16302713138032074,True,,66,unprotected_max_risk,0.21206089082180843
main,adult,IID,FLGMM,F Flip,,789,accuracy,0.835580051796268,True,,66,unprotected_max_risk,0.1606721257952699
main,adult,IID,FLGMM,F Flip,,789,aeod,0.02341700316053852,True,,66,unprotected_max_risk,0.1606721257952699
main,adult,IID,FLGMM,F Flip,,789,aspd,0.13725512263473139,True,,66,unprotected_max_risk,0.1606721257952699
main,adult,IID,FLGMM,F Flip,,1001,accuracy,0.8199747659207118,True,,69,unprotected_max_risk,0.1607397429341898
main,adult,IID,FLGMM,F Flip,,1001,aeod,0.06645984836497965,True,,69,unprotected_max_risk,0.1607397429341898
main,adult,IID,FLGMM,F Flip,,1001,aspd,0.09427989456921015,True,,69,unprotected_max_risk,0.1607397429341898
main,adult,IID,FLGMM,F Flip,,2024,accuracy,0.8169201142174115,True,,69,unprotected_max_risk,0.19216122733144148
main,adult,IID,FLGMM,F Flip,,2024,aeod,0.08152624366592764,True,,69,unprotected_max_risk,0.19216122733144148
main,adult,IID,FLGMM,F Flip,,2024,aspd,0.11063498366551383,True,,69,unprotected_max_risk,0.19216122733144148
main,adult,IID,FLGMM,F Flip,,3141,accuracy,0.8295371538614782,True,,68,unprotected_max_risk,0.3005859297709376
main,adult,IID,FLGMM,F Flip,,3141,aeod,0.1289594556539253,True,,68,unprotected_max_risk,0.3005859297709376
main,adult,IID,FLGMM,F Flip,,3141,aspd,0.17162647411701232,True,,68,unprotected_max_risk,0.3005859297709376
main,adult,IID,FLGMM,F Flip,,4242,accuracy,0.8248887708347168,True,,61,unprotected_max_risk,0.14656360394000953
main,adult,IID,FLGMM,F Flip,,4242,aeod,0.05236909012704416,True,,61,unprotected_max_risk,0.14656360394000953
main,adult,IID,FLGMM,F Flip,,4242,aspd,0.09419451381296537,True,,61,unprotected_max_risk,0.14656360394000953
main,adult,IID,FLGMM,F Flip,,5050,accuracy,0.8148615445912744,True,,66,unprotected_max_risk,0.15493242368080445
main,adult,IID,FLGMM,F Flip,,5050,aeod,0.03962354575526472,True,,66,unprotected_max_risk,0.15493242368080445
main,adult,IID,FLGMM,F Flip,,5050,aspd,0.11530887792553973,True,,66,unprotected_max_risk,0.15493242368080445
main,adult,IID,FLGMM,F Flip,,6060,accuracy,0.8185138455408726,True,,66,unprotected_max_risk,0.19952086858487558
main,adult,IID,FLGMM,F Flip,,6060,aeod,0.030694867223678424,True,,66,unprotected_max_risk,0.19952086858487558
main,adult,IID,FLGMM,F Flip,,6060,aspd,0.16882600136119716,True,,66,unprotected_max_risk,0.19952086858487558
main,adult,IID,FLGMM,F Flip,,7070,accuracy,0.82588485291188,True,,70,unprotected_max_risk,0.21636895189145178
main,adult,IID,FLGMM,F Flip,,7070,aeod,0.08250645045757266,True,,70,unprotected_max_risk,0.21636895189145178
main,adult,IID,FLGMM,F Flip,,7070,aspd,0.13386250143387912,True,,70,unprotected_max_risk,0.21636895189145178
main,adult,IID,FLTG,Benign,,123,accuracy,0.827478584235341,True,,,,
main,adult,IID,FLTG,Benign,,123,aeod,0.14784157436290846,True,,,,
main,adult,IID,FLTG,Benign,,123,aspd,0.0643494457813942,True,,,,
main,adult,IID,FLTG,Benign,,456,accuracy,0.8327246165084002,True,,,,
main,adult,IID,FLTG,Benign,,456,aeod,0.004076769156159621,True,,,,
main,adult,IID,FLTG,Benign,,456,aspd,0.1452196867320672,True,,,,
main,adult,IID,FLTG,Benign,,789,accuracy,0.8341855368882396,True,,,,
main,adult,IID,FLTG,Benign,,789,aeod,0.041052728385040815,True,,,,
main,adult,IID,FLTG,Benign,,789,aspd,0.12436930884398187,True,,,,
main,adult,IID,FLTG,Benign,,1001,accuracy,0.8316621289594263,True,,,,
main,adult,IID,FLTG,Benign,,1001,aeod,0.011784187710743077,True,,,,
main,adult,IID,FLTG,Benign,,1001,aspd,0.13455469542200665,True,,,,
main,adult,IID,FLTG,Benign,,2024,accuracy,0.8250215817783385,True,,,,
main,adult,IID,FLTG,Benign,,2024,aeod,0.04135204561046152,True,,,,
main,adult,IID,FLTG,Benign,,2024,aspd,0.07894588388722694,True,,,,
main,adult,IID,FLTG,Benign,,3141,accuracy,0.831794939903048,True,,,,
main,adult,IID,FLTG,Benign,,3141,aeod,0.044256679372416285,True,,,,
main,adult,IID,FLTG,Benign,,3141,aspd,0.10581187369473867,True,,,,
main,adult,IID,FLTG,Benign,,4242,accuracy,0.8402948402948403,True,,,,
main,adult,IID,FLTG,Benign,,4242,aeod,0.02178389639054268,True,,,,
main,adult,IID,FLTG,Benign,,4242,aspd,0.14042530449694585,True,,,,
main,adult,IID,FLTG,Benign,,5050,accuracy,0.8181818181818182,True,,,,
main,adult,IID,FLTG,Benign,,5050,aeod,0.0486870312815062,True,,,,
main,adult,IID,FLTG,Benign,,5050,aspd,0.1328323553264612,True,,,,
main,adult,IID,FLTG,Benign,,6060,accuracy,0.833986320472807,True,,,,
main,adult,IID,FLTG,Benign,,6060,aeod,0.04746063035979187,True,,,,
main,adult,IID,FLTG,Benign,,6060,aspd,0.13107410556134858,True,,,,
main,adult,IID,FLTG,Benign,,7070,accuracy,0.8271465568762866,True,,,,
main,adult,IID,FLTG,Benign,,7070,aeod,0.14272747680719916,True,,,,
main,adult,IID,FLTG,Benign,,7070,aspd,0.12466232372314343,True,,,,
main,adult,IID,FLTG,F Flip,,123,accuracy,0.8191114947871705,True,,61,unprotected_max_risk,0.28173235488842185
main,adult,IID,FLTG,F Flip,,123,aeod,0.07130718801177394,True,,61,unprotected_max_risk,0.28173235488842185
main,adult,IID,FLTG,F Flip,,123,aspd,0.21042516687664795,True,,61,unprotected_max_risk,0.28173235488842185
main,adult,IID,FLTG,F Flip,,456,accuracy,0.8178497908227638,True,,68,unprotected_max_risk,0.4549752348758611
main,adult,IID,FLTG,F Flip,,456,aeod,0.18073276741052324,True,,68,unprotected_max_risk,0.4549752348758611
main,adult,IID,FLTG,F Flip,,456,aspd,0.27424246746533787,True,,68,unprotected_max_risk,0.4549752348758611
main,adult,IID,FLTG,F Flip,,789,accuracy,0.8196427385616575,True,,69,unprotected_max_risk,0.1706142831659724
main,adult,IID,FLTG,F Flip,,789,aeod,0.030233895847887493,True,,69,unprotected_max_risk,0.1706142831659724
main,adult,IID,FLTG,F Flip,,789,aspd,0.14038038731808491,True,,69,unprotected_max_risk,0.1706142831659724
main,adult,IID,FLTG,F Flip,,1001,accuracy,0.8171857361046551,True,,70,unprotected_max_risk,0.3448911064375175
main,adult,IID,FLTG,F Flip,,1001,aeod,0.10698705795729702,True,,70,unprotected_max_risk,0.3448911064375175
main,adult,IID,FLTG,F Flip,,1001,aspd,0.2379040484802205,True,,70,unprotected_max_risk,0.3448911064375175
main,adult,IID,FLTG,F Flip,,2024,accuracy,0.8363769174579986,True,,63,unprotected_max_risk,0.2947617006059445
main,adult,IID,FLTG,F Flip,,2024,aeod,0.13991138153749666,True,,63,unprotected_max_risk,0.2947617006059445
main,adult,IID,FLTG,F Flip,,2024,aspd,0.15485031906844782,True,,63,unprotected_max_risk,0.2947617006059445
main,adult,IID,FLTG,F Flip,,3141,accuracy,0.82588485291188,True,,62,unprotected_max_risk,0.387652179972927
main,adult,IID,FLTG,F Flip,,3141,aeod,0.16095955161822662,True,,62,unprotected_max_risk,0.387652179972927
main,adult,IID,FLTG,F Flip,,3141,aspd,0.2266926283547004,True,,62,unprotected_max_risk,0.387652179972927
main,adult,IID,FLTG,F Flip,,4242,accuracy,0.8218341191314165,True,,64,unprotected_max_risk,0.3159323342106411
main,adult,IID,FLTG,F Flip,,4242,aeod,0.09237363700703338,True,,64,unprotected_max_risk,0.3159323342106411
main,adult,IID,FLTG,F Flip,,4242,aspd,0.22355869720360771,True,,64,unprotected_max_risk,0.3159323342106411
main,adult,IID,FLTG,F Flip,,5050,accuracy,0.8118732983597848,True,,66,unprotected_max_risk,0.4356543605009602
main,adult,IID,FLTG,F Flip,,5050,aeod,0.1751417044288096,True,,66,unprotected_max_risk,0.4356543605009602
main,adult,IID,FLTG,F Flip,,5050,aspd,0.2605126560721506,True,,66,unprotected_max_risk,0.4356543605009602
main,adult,IID,FLTG,F Flip,,6060,accuracy,0.7893618434158974,True,,64,unprotected_max_risk,0.3710072683425487
main,adult,IID,FLTG,F Flip,,6060,aeod,0.09735349878416666,True,,64,unprotected_max_risk,0.3710072683425487
main,adult,IID,FLTG,F Flip,,6060,aspd,0.27365376955838205,True,,64,unprotected_max_risk,0.3710072683425487
main,adult,IID,FLTG,F Flip,,7070,accuracy,0.8203731987515771,True,,67,unprotected_max_risk,0.5704046826722828
main,adult,IID,FLTG,F Flip,,7070,aeod,0.31347195985950366,True,,67,unprotected_max_risk,0.5704046826722828
main,adult,IID,FLTG,F Flip,,7070,aspd,0.2569327228127791,True,,67,unprotected_max_risk,0.5704046826722828
main,adult,IID,FLTrust,Benign,,123,accuracy,0.8309980742413174,True,,,,
main,adult,IID,FLTrust,Benign,,123,aeod,0.10893490478684786,True,,,,
main,adult,IID,FLTrust,Benign,,123,aspd,0.08946890160425547,True,,,,
main,adult,IID,FLTrust,Benign,,456,accuracy,0.8357792682117007,True,,,,
main,adult,IID,FLTrust,Benign,,456,aeod,0.014693962417409279,True,,,,
main,adult,IID,FLTrust,Benign,,456,aspd,0.14616374993886327,True,,,,
main,adult,IID,FLTrust,Benign,,789,accuracy,0.8371073776479182,True,,,,
main,adult,IID,FLTrust,Benign,,789,aeod,0.046689488653078204,True,,,,
main,adult,IID,FLTrust,Benign,,789,aspd,0.11613247321850827,True,,,,
main,adult,IID,FLTrust,Benign,,1001,accuracy,0.8356464572680788,True,,,,
main,adult,IID,FLTrust,Benign,,1001,aeod,0.042782941888474646,True,,,,
main,adult,IID,FLTrust,Benign,,1001,aspd,0.15429257569788438,True,,,,
main,adult,IID,FLTrust,Benign,,2024,accuracy,0.8210372534696859,True,,,,
main,adult,IID,FLTrust,Benign,,2024,aeod,0.07762369541387748,True,,,,
main,adult,IID,FLTrust,Benign,,2024,aspd,0.05764990511622114,True,,,,
main,adult,IID,FLTrust,Benign,,3141,accuracy,0.8367753502888639,True,,,,
main,adult,IID,FLTrust,Benign,,3141,aeod,0.06721099750892667,True,,,,
main,adult,IID,FLTrust,Benign,,3141,aspd,0.12946463015909107,True,,,,
main,adult,IID,FLTrust,Benign,,4242,accuracy,0.8378378378378378,True,,,,
main,adult,IID,FLTrust,Benign,,4242,aeod,0.03453058319448021,True,,,,
main,adult,IID,FLTrust,Benign,,4242,aspd,0.12409477039256972,True,,,,
main,adult,IID,FLTrust,Benign,,5050,accuracy,0.7918852513447108,True,,,,
main,adult,IID,FLTrust,Benign,,5050,aeod,0.10454568043544943,True,,,,
main,adult,IID,FLTrust,Benign,,5050,aspd,0.11371003499527699,True,,,,
main,adult,IID,FLTrust,Benign,,6060,accuracy,0.8398300019921642,True,,,,
main,adult,IID,FLTrust,Benign,,6060,aeod,0.0730282620579431,True,,,,
main,adult,IID,FLTrust,Benign,,6060,aspd,0.1095764709252646,True,,,,
main,adult,IID,FLTrust,Benign,,7070,accuracy,0.8252207981937711,True,,,,
main,adult,IID,FLTrust,Benign,,7070,aeod,0.14404527230156094,True,,,,
main,adult,IID,FLTrust,Benign,,7070,aspd,0.1214868456861995,True,,,,
main,adult,IID,FLTrust,F Flip,,123,accuracy,0.8149943555348961,True,,61,unprotected_max_risk,0.3391562883558178
main,adult,IID,FLTrust,F Flip,,123,aeod,0.10373740968359768,True,,61,unprotected_max_risk,0.3391562883558178
main,adult,IID,FLTrust,F Flip,,123,aspd,0.2354188786722201,True,,61,unprotected_max_risk,0.3391562883558178
main,adult,IID,FLTrust,F Flip,,456,accuracy,0.822630984793147,True,,62,unprotected_max_risk,0.476840957342175
main,adult,IID,FLTrust,F Flip,,456,aeod,0.20241270247467946,True,,62,unprotected_max_risk,0.476840957342175
main,adult,IID,FLTrust,F Flip,,456,aspd,0.27442825486749556,True,,62,unprotected_max_risk,0.476840957342175
main,adult,IID,FLTrust,F Flip,,789,accuracy,0.8281426389534498,True,,64,unprotected_max_risk,0.18777544278050215
main,adult,IID,FLTrust,F Flip,,789,aeod,0.05423239697689608,True,,64,unprotected_max_risk,0.18777544278050215
main,adult,IID,FLTrust,F Flip,,789,aspd,0.13354304580360607,True,,64,unprotected_max_risk,0.18777544278050215
main,adult,IID,FLTrust,F Flip,,1001,accuracy,0.8122053257188392,True,,67,unprotected_max_risk,0.33189259335663457
main,adult,IID,FLTrust,F Flip,,1001,aeod,0.09178357079737764,True,,67,unprotected_max_risk,0.33189259335663457
main,adult,IID,FLTrust,F Flip,,1001,aspd,0.2401090225592569,True,,67,unprotected_max_risk,0.33189259335663457
main,adult,IID,FLTrust,F Flip,,2024,accuracy,0.836177701042566,True,,65,unprotected_max_risk,0.3531067509068045
main,adult,IID,FLTrust,F Flip,,2024,aeod,0.15802578583624038,True,,65,unprotected_max_risk,0.3531067509068045
main,adult,IID,FLTrust,F Flip,,2024,aspd,0.1950809650705641,True,,65,unprotected_max_risk,0.3531067509068045
main,adult,IID,FLTrust,F Flip,,3141,accuracy,0.8383690816123248,True,,65,unprotected_max_risk,0.36350844083189815
main,adult,IID,FLTrust,F Flip,,3141,aeod,0.1799553423269401,True,,65,unprotected_max_risk,0.36350844083189815
main,adult,IID,FLTrust,F Flip,,3141,aspd,0.18355309850495807,True,,65,unprotected_max_risk,0.36350844083189815
main,adult,IID,FLTrust,F Flip,,4242,accuracy,0.8237598778139319,True,,63,unprotected_max_risk,0.3770821069664418
main,adult,IID,FLTrust,F Flip,,4242,aeod,0.124122397896554,True,,63,unprotected_max_risk,0.3770821069664418
main,adult,IID,FLTrust,F Flip,,4242,aspd,0.2529597090698878,True,,63,unprotected_max_risk,0.3770821069664418
main,adult,IID,FLTrust,F Flip,,5050,accuracy,0.822630984793147,True,,70,unprotected_max_risk,0.311386249633164
main,adult,IID,FLTrust,F Flip,,5050,aeod,0.10416753539112023,True,,70,unprotected_max_risk,0.311386249633164
main,adult,IID,FLTrust,F Flip,,5050,aspd,0.2072187142420438,True,,70,unprotected_max_risk,0.311386249633164
main,adult,IID,FLTrust,F Flip,,6060,accuracy,0.8222989574340925,True,,67,unprotected_max_risk,0.23795939302202396
main,adult,IID,FLTrust,F Flip,,6060,aeod,0.03662751742066239,True,,67,unprotected_max_risk,0.23795939302202396
main,adult,IID,FLTrust,F Flip,,6060,aspd,0.20133187560136157,True,,67,unprotected_max_risk,0.23795939302202396
main,adult,IID,FLTrust,F Flip,,7070,accuracy,0.8222989574340925,True,,61,unprotected_max_risk,0.5439257686452896
main,adult,IID,FLTrust,F Flip,,7070,aeod,0.310084648510754,True,,61,unprotected_max_risk,0.5439257686452896
main,adult,IID,FLTrust,F Flip,,7070,aspd,0.23384112013453565,True,,61,unprotected_max_risk,0.5439257686452896
main,adult,IID,FLTrust+FairGuard,Benign,,123,accuracy,0.8320605617902915,True,,,,
main,adult,IID,FLTrust+FairGuard,Benign,,123,aeod,0.009513032580451553,True,,,,
main,adult,IID,FLTrust+FairGuard,Benign,,123,aspd,0.1383075768720704,True,,,,
main,adult,IID,FLTrust+FairGuard,Benign,,456,accuracy,0.8389003253868119,True,,,,
main,adult,IID,FLTrust+FairGuard,Benign,,456,aeod,0.012193178423340778,True,,,,
main,adult,IID,FLTrust+FairGuard,Benign,,456,aspd,0.13322808389734586,True,,,,
main,adult,IID,FLTrust+FairGuard,Benign,,789,accuracy,0.8256856364964473,True,,,,
main,adult,IID,FLTrust+FairGuard,Benign,,789,aeod,0.1162984512618449,True,,,,
main,adult,IID,FLTrust+FairGuard,Benign,,789,aspd,0.08372668464397007,True,,,,
main,adult,IID,FLTrust+FairGuard,Benign,,1001,accuracy,0.8332558602828873,True,,,,
main,adult,IID,FLTrust+FairGuard,Benign,,1001,aeod,0.01135177713890434,True,,,,
main,adult,IID,FLTrust+FairGuard,Benign,,1001,aspd,0.11412423999391101,True,,,,
main,adult,IID,FLTrust+FairGuard,Benign,,2024,accuracy,0.8311308851849393,True,,,,
main,adult,IID,FLTrust+FairGuard,Benign,,2024,aeod,0.037326114685337086,True,,,,
main,adult,IID,FLTrust+FairGuard,Benign,,2024,aspd,0.11237959176844449,True,,,,
main,adult,IID,FLTrust+FairGuard,Benign,,3141,accuracy,0.8284746663125041,True,,,,
main,adult,IID,FLTrust+FairGuard,Benign,,3141,aeod,0.03273867835450922,True,,,,
main,adult,IID,FLTrust+FairGuard,Benign,,3141,aspd,0.08731488314572235,True,,,,
main,adult,IID,FLTrust+FairGuard,Benign,,4242,accuracy,0.8392987582176772,True,,,,
main,adult,IID,FLTrust+FairGuard,Benign,,4242,aeod,0.06268867981111026,True,,,,
main,adult,IID,FLTrust+FairGuard,Benign,,4242,aspd,0.11404531896593471,True,,,,
main,adult,IID,FLTrust+FairGuard,Benign,,5050,accuracy,0.7770768311308852,True,,,,
main,adult,IID,FLTrust+FairGuard,Benign,,5050,aeod,0.12897544970413866,True,,,,
main,adult,IID,FLTrust+FairGuard,Benign,,5050,aspd,0.09810455523587253,True,,,,
main,adult,IID,FLTrust+FairGuard,Benign,,6060,accuracy,0.8244903380038515,True,,,,
main,adult,IID,FLTrust+FairGuard,Benign,,6060,aeod,0.0030154496812900833,True,,,,
main,adult,IID,FLTrust+FairGuard,Benign,,6060,aspd,0.17070961398950849,True,,,,
main,adult,IID,FLTrust+FairGuard,Benign,,7070,accuracy,0.833986320472807,True,,,,
main,adult,IID,FLTrust+FairGuard,Benign,,7070,aeod,0.05148599006883725,True,,,,
main,adult,IID,FLTrust+FairGuard,Benign,,7070,aspd,0.10016067470698212,True,,,,
main,adult,IID,FLTrust+FairGuard,F Flip,,123,accuracy,0.8310644797131284,True,,63,fairness_defended_min_risk,0.12741864339627934
main,adult,IID,FLTrust+FairGuard,F Flip,,123,aeod,0.005759571725032497,True,,63,fairness_defended_min_risk,0.12741864339627934
main,adult,IID,FLTrust+FairGuard,F Flip,,123,aspd,0.12165907167124684,True,,63,fairness_defended_min_risk,0.12741864339627934
main,adult,IID,FLTrust+FairGuard,F Flip,,456,accuracy,0.8384354870841357,True,,64,fairness_defended_min_risk,0.13112065517281657
main,adult,IID,FLTrust+FairGuard,F Flip,,456,aeod,0.0002621881802826742,True,,64,fairness_defended_min_risk,0.13112065517281657
main,adult,IID,FLTrust+FairGuard,F Flip,,456,aspd,0.1308584669925339,True,,64,fairness_defended_min_risk,0.13112065517281657
main,adult,IID,FLTrust+FairGuard,F Flip,,789,accuracy,0.8015804502290989,True,,61,fairness_defended_min_risk,0.05403990725537233
main,adult,IID,FLTrust+FairGuard,F Flip,,789,aeod,0.00995858112210829,True,,61,fairness_defended_min_risk,0.05403990725537233
main,adult,IID,FLTrust+FairGuard,F Flip,,789,aspd,0.04408132613326404,True,,61,fairness_defended_min_risk,0.05403990725537233
main,adult,IID,FLTrust+FairGuard,F Flip,,1001,accuracy,0.8283418553688824,True,,62,fairness_defended_min_risk,0.11018906186634138
main,adult,IID,FLTrust+FairGuard,F Flip,,1001,aeod,0.015284599843144064,True,,62,fairness_defended_min_risk,0.11018906186634138
main,adult,IID,FLTrust+FairGuard,F Flip,,1001,aspd,0.09490446202319731,True,,62,fairness_defended_min_risk,0.11018906186634138
main,adult,IID,FLTrust+FairGuard,F Flip,,2024,accuracy,0.8200411713925227,True,,67,fairness_defended_min_risk,0.11335339643932918
main,adult,IID,FLTrust+FairGuard,F Flip,,2024,aeod,0.011306079852580586,True,,67,fairness_defended_min_risk,0.11335339643932918
main,adult,IID,FLTrust+FairGuard,F Flip,,2024,aspd,0.1020473165867486,True,,67,fairness_defended_min_risk,0.11335339643932918
main,adult,IID,FLTrust+FairGuard,F Flip,,3141,accuracy,0.8257520419682581,True,,67,fairness_defended_min_risk,0.09105753141121839
main,adult,IID,FLTrust+FairGuard,F Flip,,3141,aeod,0.009871185062014065,True,,67,fairness_defended_min_risk,0.09105753141121839
main,adult,IID,FLTrust+FairGuard,F Flip,,3141,aspd,0.08118634634920432,True,,67,fairness_defended_min_risk,0.09105753141121839
main,adult,IID,FLTrust+FairGuard,F Flip,,4242,accuracy,0.8410917059565708,True,,67,fairness_defended_min_risk,0.14037173937234076
main,adult,IID,FLTrust+FairGuard,F Flip,,4242,aeod,0.010897660356061878,True,,67,fairness_defended_min_risk,0.14037173937234076
main,adult,IID,FLTrust+FairGuard,F Flip,,4242,aspd,0.1294740790162789,True,,67,fairness_defended_min_risk,0.14037173937234076
main,adult,IID,FLTrust+FairGuard,F Flip,,5050,accuracy,0.7859751643535428,False,accuracy_not_above_majority_baseline,65,fairness_defended_min_risk,0.036512913964802565
main,adult,IID,FLTrust+FairGuard,F Flip,,5050,aeod,0.007661721268259619,False,accuracy_not_above_majority_baseline,65,fairness_defended_min_risk,0.036512913964802565
main,adult,IID,FLTrust+FairGuard,F Flip,,5050,aspd,0.02885119269654295,False,accuracy_not_above_majority_baseline,65,fairness_defended_min_risk,0.036512913964802565
main,adult,IID,FLTrust+FairGuard,F Flip,,6060,accuracy,0.8319941563184806,True,,62,fairness_defended_min_risk,0.12214189347155197
main,adult,IID,FLTrust+FairGuard,F Flip,,6060,aeod,0.018735887392747064,True,,62,fairness_defended_min_risk,0.12214189347155197
main,adult,IID,FLTrust+FairGuard,F Flip,,6060,aspd,0.1034060060788049,True,,62,fairness_defended_min_risk,0.12214189347155197
main,adult,IID,FLTrust+FairGuard,F Flip,,7070,accuracy,0.8325254000929677,True,,67,fairness_defended_min_risk,0.14770689474834514
main,adult,IID,FLTrust+FairGuard,F Flip,,7070,aeod,0.024827335659706073,True,,67,fairness_defended_min_risk,0.14770689474834514
main,adult,IID,FLTrust+FairGuard,F Flip,,7070,aspd,0.12287955908863907,True,,67,fairness_defended_min_risk,0.14770689474834514
main,adult,IID,FairFed,Benign,,123,accuracy,0.8296035593332891,True,,,,
main,adult,IID,FairFed,Benign,,123,aeod,0.06986829470865408,True,,,,
main,adult,IID,FairFed,Benign,,123,aspd,0.11624766501887424,True,,,,
main,adult,IID,FairFed,Benign,,456,accuracy,0.8329902383956438,True,,,,
main,adult,IID,FairFed,Benign,,456,aeod,0.01096734871770555,True,,,,
main,adult,IID,FairFed,Benign,,456,aspd,0.1386330910052537,True,,,,
main,adult,IID,FairFed,Benign,,789,accuracy,0.8370409721761073,True,,,,
main,adult,IID,FairFed,Benign,,789,aeod,0.09804923996844606,True,,,,
main,adult,IID,FairFed,Benign,,789,aspd,0.10093784822599612,True,,,,
main,adult,IID,FairFed,Benign,,1001,accuracy,0.8262168802709343,True,,,,
main,adult,IID,FairFed,Benign,,1001,aeod,0.09470762590602011,True,,,,
main,adult,IID,FairFed,Benign,,1001,aspd,0.1003498925859532,True,,,,
main,adult,IID,FairFed,Benign,,2024,accuracy,0.8320605617902915,True,,,,
main,adult,IID,FairFed,Benign,,2024,aeod,0.035669588056100265,True,,,,
main,adult,IID,FairFed,Benign,,2024,aspd,0.09569068317404085,True,,,,
main,adult,IID,FairFed,Benign,,3141,accuracy,0.8268145295172322,True,,,,
main,adult,IID,FairFed,Benign,,3141,aeod,0.06955012735262484,True,,,,
main,adult,IID,FairFed,Benign,,3141,aspd,0.10621027041425596,True,,,,
main,adult,IID,FairFed,Benign,,4242,accuracy,0.8349159970781592,True,,,,
main,adult,IID,FairFed,Benign,,4242,aeod,0.02805470650632247,True,,,,
main,adult,IID,FairFed,Benign,,4242,aspd,0.1124962881639041,True,,,,
main,adult,IID,FairFed,Benign,,5050,accuracy,0.8363769174579986,True,,,,
main,adult,IID,FairFed,Benign,,5050,aeod,0.06737036679498076,True,,,,
main,adult,IID,FairFed,Benign,,5050,aspd,0.1050079183830586,True,,,,
main,adult,IID,FairFed,Benign,,6060,accuracy,0.8294043429178565,True,,,,
main,adult,IID,FairFed,Benign,,6060,aeod,0.03441748241082887,True,,,,
main,adult,IID,FairFed,Benign,,6060,aspd,0.1057628038334194,True,,,,
main,adult,IID,FairFed,Benign,,7070,accuracy,0.8159240321402483,True,,,,
main,adult,IID,FairFed,Benign,,7070,aeod,0.05761742346132953,True,,,,
main,adult,IID,FairFed,Benign,,7070,aspd,0.07942282047063012,True,,,,
main,adult,IID,FairFed,F Flip,,123,accuracy,0.8278770170662062,True,,62,fairness_defended_min_risk,0.15726201100946577
main,adult,IID,FairFed,F Flip,,123,aeod,0.009008077566573847,True,,62,fairness_defended_min_risk,0.15726201100946577
main,adult,IID,FairFed,F Flip,,123,aspd,0.14825393344289192,True,,62,fairness_defended_min_risk,0.15726201100946577
main,adult,IID,FairFed,F Flip,,456,accuracy,0.836177701042566,True,,69,fairness_defended_min_risk,0.18366495507499947
main,adult,IID,FairFed,F Flip,,456,aeod,0.0302613142196817,True,,69,fairness_defended_min_risk,0.18366495507499947
main,adult,IID,FairFed,F Flip,,456,aspd,0.15340364085531777,True,,69,fairness_defended_min_risk,0.18366495507499947
main,adult,IID,FairFed,F Flip,,789,accuracy,0.8380370542532705,True,,62,fairness_defended_min_risk,0.16854586019933188
main,adult,IID,FairFed,F Flip,,789,aeod,0.05052977435251227,True,,62,fairness_defended_min_risk,0.16854586019933188
main,adult,IID,FairFed,F Flip,,789,aspd,0.11801608584681962,True,,62,fairness_defended_min_risk,0.16854586019933188
main,adult,IID,FairFed,F Flip,,1001,accuracy,0.8195763330898466,True,,61,fairness_defended_min_risk,0.12430565220240242
main,adult,IID,FairFed,F Flip,,1001,aeod,0.005417984509762386,True,,61,fairness_defended_min_risk,0.12430565220240242
main,adult,IID,FairFed,F Flip,,1001,aspd,0.11888766769264003,True,,61,fairness_defended_min_risk,0.12430565220240242
main,adult,IID,FairFed,F Flip,,2024,accuracy,0.8297363702769108,True,,68,fairness_defended_min_risk,0.14426835217878514
main,adult,IID,FairFed,F Flip,,2024,aeod,0.02796331193367496,True,,68,fairness_defended_min_risk,0.14426835217878514
main,adult,IID,FairFed,F Flip,,2024,aspd,0.11630504024511018,True,,68,fairness_defended_min_risk,0.14426835217878514
main,adult,IID,FairFed,F Flip,,3141,accuracy,0.8330566438674547,True,,67,fairness_defended_min_risk,0.26743206968486505
main,adult,IID,FairFed,F Flip,,3141,aeod,0.12627531129848268,True,,67,fairness_defended_min_risk,0.26743206968486505
main,adult,IID,FairFed,F Flip,,3141,aspd,0.14115675838638236,True,,67,fairness_defended_min_risk,0.26743206968486505
main,adult,IID,FairFed,F Flip,,4242,accuracy,0.8280762334816388,True,,61,fairness_defended_min_risk,0.13526773793789126
main,adult,IID,FairFed,F Flip,,4242,aeod,0.00719389529951997,True,,61,fairness_defended_min_risk,0.13526773793789126
main,adult,IID,FairFed,F Flip,,4242,aspd,0.1280738426383713,True,,61,fairness_defended_min_risk,0.13526773793789126
main,adult,IID,FairFed,F Flip,,5050,accuracy,0.8357792682117007,True,,62,fairness_defended_min_risk,0.13369080925503637
main,adult,IID,FairFed,F Flip,,5050,aeod,0.008623649145375056,True,,62,fairness_defended_min_risk,0.13369080925503637
main,adult,IID,FairFed,F Flip,,5050,aspd,0.12506716010966132,True,,62,fairness_defended_min_risk,0.13369080925503637
main,adult,IID,FairFed,F Flip,,6060,accuracy,0.8315293180158045,True,,66,fairness_defended_min_risk,0.15607379724970621
main,adult,IID,FairFed,F Flip,,6060,aeod,0.00012795240170659916,True,,66,fairness_defended_min_risk,0.15607379724970621
main,adult,IID,FairFed,F Flip,,6060,aspd,0.15594584484799962,True,,66,fairness_defended_min_risk,0.15607379724970621
main,adult,IID,FairFed,F Flip,,7070,accuracy,0.815592004781194,True,,61,fairness_defended_min_risk,0.16865457255765384
main,adult,IID,FairFed,F Flip,,7070,aeod,0.07763968946409078,True,,61,fairness_defended_min_risk,0.16865457255765384
main,adult,IID,FairFed,F Flip,,7070,aspd,0.09101488309356306,True,,61,fairness_defended_min_risk,0.16865457255765384
main,adult,IID,FairGuard,Benign,,123,accuracy,0.8313965070721827,True,,,,
main,adult,IID,FairGuard,Benign,,123,aeod,0.04427952801557822,True,,,,
main,adult,IID,FairGuard,Benign,,123,aspd,0.12429680742173828,True,,,,
main,adult,IID,FairGuard,Benign,,456,accuracy,0.8287402881997477,True,,,,
main,adult,IID,FairGuard,Benign,,456,aeod,0.03293860398217585,True,,,,
main,adult,IID,FairGuard,Benign,,456,aspd,0.12389048650139473,True,,,,
main,adult,IID,FairGuard,Benign,,789,accuracy,0.8365097284016203,True,,,,
main,adult,IID,FairGuard,Benign,,789,aeod,0.06834600385799339,True,,,,
main,adult,IID,FairGuard,Benign,,789,aspd,0.1199280249854265,True,,,,
main,adult,IID,FairGuard,Benign,,1001,accuracy,0.8286074772561259,True,,,,
main,adult,IID,FairGuard,Benign,,1001,aeod,0.0738228236238977,True,,,,
main,adult,IID,FairGuard,Benign,,1001,aspd,0.10792360300050766,True,,,,
main,adult,IID,FairGuard,Benign,,2024,accuracy,0.8332558602828873,True,,,,
main,adult,IID,FairGuard,Benign,,2024,aeod,0.007123635721797195,True,,,,
main,adult,IID,FairGuard,Benign,,2024,aspd,0.11005491210376137,True,,,,
main,adult,IID,FairGuard,Benign,,3141,accuracy,0.8250215817783385,True,,,,
main,adult,IID,FairGuard,Benign,,3141,aeod,0.0021677650199840026,True,,,,
main,adult,IID,FairGuard,Benign,,3141,aspd,0.08606342113066992,True,,,,
main,adult,IID,FairGuard,Benign,,4242,accuracy,0.8305332359386414,True,,,,
main,adult,IID,FairGuard,Benign,,4242,aeod,0.03125751506153995,True,,,,
main,adult,IID,FairGuard,Benign,,4242,aspd,0.12609243132897596,True,,,,
main,adult,IID,FairGuard,Benign,,5050,accuracy,0.831794939903048,True,,,,
main,adult,IID,FairGuard,Benign,,5050,aeod,0.05068914363856647,True,,,,
main,adult,IID,FairGuard,Benign,,5050,aspd,0.10683828840632445,True,,,,
main,adult,IID,FairGuard,Benign,,6060,accuracy,0.8294043429178565,True,,,,
main,adult,IID,FairGuard,Benign,,6060,aeod,0.014009645554710848,True,,,,
main,adult,IID,FairGuard,Benign,,6060,aspd,0.11004586447193186,True,,,,
main,adult,IID,FairGuard,Benign,,7070,accuracy,0.8162560594993027,True,,,,
main,adult,IID,FairGuard,Benign,,7070,aeod,0.021733629375586594,True,,,,
main,adult,IID,FairGuard,Benign,,7070,aspd,0.0738244829238287,True,,,,
main,adult,IID,FairGuard,F Flip,,123,accuracy,0.8272793678199084,True,,63,fairness_defended_min_risk,0.14570055395769851
main,adult,IID,FairGuard,F Flip,,123,aeod,0.0006500438979556433,True,,63,fairness_defended_min_risk,0.14570055395769851
main,adult,IID,FairGuard,F Flip,,123,aspd,0.14505051005974287,True,,63,fairness_defended_min_risk,0.14570055395769851
main,adult,IID,FairGuard,F Flip,,456,accuracy,0.8385682980277575,True,,66,fairness_defended_min_risk,0.1468518157865888
main,adult,IID,FairGuard,F Flip,,456,aeod,0.01834974532331113,True,,66,fairness_defended_min_risk,0.1468518157865888
main,adult,IID,FairGuard,F Flip,,456,aspd,0.12850207046327766,True,,66,fairness_defended_min_risk,0.1468518157865888
main,adult,IID,FairGuard,F Flip,,789,accuracy,0.8368417557606747,True,,70,fairness_defended_min_risk,0.16687912676334374
main,adult,IID,FairGuard,F Flip,,789,aeod,0.033529812623989574,True,,70,fairness_defended_min_risk,0.16687912676334374
main,adult,IID,FairGuard,F Flip,,789,aspd,0.13334931413935416,True,,70,fairness_defended_min_risk,0.16687912676334374
main,adult,IID,FairGuard,F Flip,,1001,accuracy,0.8259512583836908,True,,61,fairness_defended_min_risk,0.1372759424013974
main,adult,IID,FairGuard,F Flip,,1001,aeod,0.026530702007424578,True,,61,fairness_defended_min_risk,0.1372759424013974
main,adult,IID,FairGuard,F Flip,,1001,aspd,0.11074524039397282,True,,61,fairness_defended_min_risk,0.1372759424013974
main,adult,IID,FairGuard,F Flip,,2024,accuracy,0.8310644797131284,True,,65,fairness_defended_min_risk,0.15095739062401264
main,adult,IID,FairGuard,F Flip,,2024,aeod,0.01794303947502962,True,,65,fairness_defended_min_risk,0.15095739062401264
main,adult,IID,FairGuard,F Flip,,2024,aspd,0.13301435114898302,True,,65,fairness_defended_min_risk,0.15095739062401264
main,adult,IID,FairGuard,F Flip,,3141,accuracy,0.8232286340394448,True,,68,fairness_defended_min_risk,0.14670233104516
main,adult,IID,FairGuard,F Flip,,3141,aeod,0.05541367182836554,True,,68,fairness_defended_min_risk,0.14670233104516
main,adult,IID,FairGuard,F Flip,,3141,aspd,0.09128865921679447,True,,68,fairness_defended_min_risk,0.14670233104516
main,adult,IID,FairGuard,F Flip,,4242,accuracy,0.8343847533036722,True,,69,fairness_defended_min_risk,0.11649692342188753
main,adult,IID,FairGuard,F Flip,,4242,aeod,0.006715787441357535,True,,69,fairness_defended_min_risk,0.11649692342188753
main,adult,IID,FairGuard,F Flip,,4242,aspd,0.10978113598052999,True,,69,fairness_defended_min_risk,0.11649692342188753
main,adult,IID,FairGuard,F Flip,,5050,accuracy,0.8341191314164287,True,,61,fairness_defended_min_risk,0.14143916913453014
main,adult,IID,FairGuard,F Flip,,5050,aeod,0.0317818914221053,True,,61,fairness_defended_min_risk,0.14143916913453014
main,adult,IID,FairGuard,F Flip,,5050,aspd,0.10965727771242485,True,,61,fairness_defended_min_risk,0.14143916913453014
main,adult,IID,FairGuard,F Flip,,6060,accuracy,0.8235606613984993,True,,62,fairness_defended_min_risk,0.1271441231694928
main,adult,IID,FairGuard,F Flip,,6060,aeod,0.021554267526765702,True,,62,fairness_defended_min_risk,0.1271441231694928
main,adult,IID,FairGuard,F Flip,,6060,aspd,0.1055898556427271,True,,62,fairness_defended_min_risk,0.1271441231694928
main,adult,IID,FairGuard,F Flip,,7070,accuracy,0.8102795670363238,True,,64,fairness_defended_min_risk,0.06482618107063254
main,adult,IID,FairGuard,F Flip,,7070,aeod,0.0069836877824306365,True,,64,fairness_defended_min_risk,0.06482618107063254
main,adult,IID,FairGuard,F Flip,,7070,aspd,0.0578424932882019,True,,64,fairness_defended_min_risk,0.06482618107063254
main,adult,IID,Fed-NGA,Benign,,123,accuracy,0.8216349027159838,True,,,,
main,adult,IID,Fed-NGA,Benign,,123,aeod,0.1311163675684074,True,,,,
main,adult,IID,Fed-NGA,Benign,,123,aspd,0.07320406815229985,True,,,,
main,adult,IID,Fed-NGA,Benign,,456,accuracy,0.8288730991433694,True,,,,
main,adult,IID,Fed-NGA,Benign,,456,aeod,0.03221658685826023,True,,,,
main,adult,IID,Fed-NGA,Benign,,456,aspd,0.1662686912337756,True,,,,
main,adult,IID,Fed-NGA,Benign,,789,accuracy,0.8280762334816388,True,,,,
main,adult,IID,Fed-NGA,Benign,,789,aeod,0.08814149707737295,True,,,,
main,adult,IID,Fed-NGA,Benign,,789,aspd,0.09731450238285735,True,,,,
main,adult,IID,Fed-NGA,Benign,,1001,accuracy,0.828009828009828,True,,,,
main,adult,IID,Fed-NGA,Benign,,1001,aeod,0.04912344036589816,True,,,,
main,adult,IID,Fed-NGA,Benign,,1001,aspd,0.08692328719602815,True,,,,
main,adult,IID,Fed-NGA,Benign,,2024,accuracy,0.8315957234876153,True,,,,
main,adult,IID,Fed-NGA,Benign,,2024,aeod,0.08750573358139346,True,,,,
main,adult,IID,Fed-NGA,Benign,,2024,aspd,0.08774728371435499,True,,,,
main,adult,IID,Fed-NGA,Benign,,3141,accuracy,0.836177701042566,True,,,,
main,adult,IID,Fed-NGA,Benign,,3141,aeod,0.02955471992990033,True,,,,
main,adult,IID,Fed-NGA,Benign,,3141,aspd,0.12122893802588859,True,,,,
main,adult,IID,Fed-NGA,Benign,,4242,accuracy,0.8326582110365894,True,,,,
main,adult,IID,Fed-NGA,Benign,,4242,aeod,0.07807381368416655,True,,,,
main,adult,IID,Fed-NGA,Benign,,4242,aspd,0.09695235637446187,True,,,,
main,adult,IID,Fed-NGA,Benign,,5050,accuracy,0.8078889700511322,True,,,,
main,adult,IID,Fed-NGA,Benign,,5050,aeod,0.2692912522256006,True,,,,
main,adult,IID,Fed-NGA,Benign,,5050,aspd,0.00780299064555115,True,,,,
main,adult,IID,Fed-NGA,Benign,,6060,accuracy,0.818779467428116,True,,,,
main,adult,IID,Fed-NGA,Benign,,6060,aeod,0.0808464965318616,True,,,,
main,adult,IID,Fed-NGA,Benign,,6060,aspd,0.09055722538862587,True,,,,
main,adult,IID,Fed-NGA,Benign,,7070,accuracy,0.8325918055647785,True,,,,
main,adult,IID,Fed-NGA,Benign,,7070,aeod,0.02544196416076072,True,,,,
main,adult,IID,Fed-NGA,Benign,,7070,aspd,0.09721706480459583,True,,,,
main,adult,IID,Fed-NGA,F Flip,,123,accuracy,0.8230958230958231,True,,66,unprotected_max_risk,0.1946158837030672
main,adult,IID,Fed-NGA,F Flip,,123,aeod,0.09859475132393603,True,,66,unprotected_max_risk,0.1946158837030672
main,adult,IID,Fed-NGA,F Flip,,123,aspd,0.09602113237913118,True,,66,unprotected_max_risk,0.1946158837030672
main,adult,IID,Fed-NGA,F Flip,,456,accuracy,0.8300683976359652,True,,70,unprotected_max_risk,0.5157798392829628
main,adult,IID,Fed-NGA,F Flip,,456,aeod,0.23613729978162412,True,,70,unprotected_max_risk,0.5157798392829628
main,adult,IID,Fed-NGA,F Flip,,456,aspd,0.27964253950133866,True,,70,unprotected_max_risk,0.5157798392829628
main,adult,IID,Fed-NGA,F Flip,,789,accuracy,0.8290059100869912,True,,63,unprotected_max_risk,0.16410122675862915
main,adult,IID,Fed-NGA,F Flip,,789,aeod,0.03987088231749214,True,,63,unprotected_max_risk,0.16410122675862915
main,adult,IID,Fed-NGA,F Flip,,789,aspd,0.12423034444113701,True,,63,unprotected_max_risk,0.16410122675862915
main,adult,IID,Fed-NGA,F Flip,,1001,accuracy,0.8071585098612125,True,,70,unprotected_max_risk,0.17057344646526146
main,adult,IID,Fed-NGA,F Flip,,1001,aeod,0.08729952457685741,True,,70,unprotected_max_risk,0.17057344646526146
main,adult,IID,Fed-NGA,F Flip,,1001,aspd,0.08327392188840405,True,,70,unprotected_max_risk,0.17057344646526146
main,adult,IID,Fed-NGA,F Flip,,2024,accuracy,0.8193771166744139,True,,68,unprotected_max_risk,0.18919834070258054
main,adult,IID,Fed-NGA,F Flip,,2024,aeod,0.08123206738521838,True,,68,unprotected_max_risk,0.18919834070258054
main,adult,IID,Fed-NGA,F Flip,,2024,aspd,0.10796627331736217,True,,68,unprotected_max_risk,0.18919834070258054
main,adult,IID,Fed-NGA,F Flip,,3141,accuracy,0.8332558602828873,True,,61,unprotected_max_risk,0.2314996339536958
main,adult,IID,Fed-NGA,F Flip,,3141,aeod,0.0757803811267923,True,,61,unprotected_max_risk,0.2314996339536958
main,adult,IID,Fed-NGA,F Flip,,3141,aspd,0.1557192528269035,True,,61,unprotected_max_risk,0.2314996339536958
main,adult,IID,Fed-NGA,F Flip,,4242,accuracy,0.8336542931137526,True,,64,unprotected_max_risk,0.15826672202763709
main,adult,IID,Fed-NGA,F Flip,,4242,aeod,0.06016676082211697,True,,64,unprotected_max_risk,0.15826672202763709
main,adult,IID,Fed-NGA,F Flip,,4242,aspd,0.0980999612055201,True,,64,unprotected_max_risk,0.15826672202763709
main,adult,IID,Fed-NGA,F Flip,,5050,accuracy,0.8189122783717379,True,,67,unprotected_max_risk,0.18337602137932052
main,adult,IID,Fed-NGA,F Flip,,5050,aeod,0.10357289945283216,True,,67,unprotected_max_risk,0.18337602137932052
main,adult,IID,Fed-NGA,F Flip,,5050,aspd,0.07980312192648836,True,,67,unprotected_max_risk,0.18337602137932052
main,adult,IID,Fed-NGA,F Flip,,6060,accuracy,0.8252207981937711,True,,69,unprotected_max_risk,0.2049200564147729
main,adult,IID,Fed-NGA,F Flip,,6060,aeod,0.04385168717237187,True,,69,unprotected_max_risk,0.2049200564147729
main,adult,IID,Fed-NGA,F Flip,,6060,aspd,0.16106836924240103,True,,69,unprotected_max_risk,0.2049200564147729
main,adult,IID,Fed-NGA,F Flip,,7070,accuracy,0.7616707616707616,True,,66,unprotected_max_risk,0.35485399720146243
main,adult,IID,Fed-NGA,F Flip,,7070,aeod,0.08842310660434316,True,,66,unprotected_max_risk,0.35485399720146243
main,adult,IID,Fed-NGA,F Flip,,7070,aspd,0.2664308905971193,True,,66,unprotected_max_risk,0.35485399720146243
main,adult,IID,FedAA,Benign,,123,accuracy,0.8376386214224052,True,,,,
main,adult,IID,FedAA,Benign,,123,aeod,0.05341670041601676,True,,,,
main,adult,IID,FedAA,Benign,,123,aspd,0.10694477361641547,True,,,,
main,adult,IID,FedAA,Benign,,456,accuracy,0.8357792682117007,True,,,,
main,adult,IID,FedAA,Benign,,456,aeod,0.0785056530399263,True,,,,
main,adult,IID,FedAA,Benign,,456,aspd,0.10312922076538633,True,,,,
main,adult,IID,FedAA,Benign,,789,accuracy,0.8346503751909158,True,,,,
main,adult,IID,FedAA,Benign,,789,aeod,0.08416583316720466,True,,,,
main,adult,IID,FedAA,Benign,,789,aspd,0.08829710288409212,True,,,,
main,adult,IID,FedAA,Benign,,1001,accuracy,0.8360448900989441,True,,,,
main,adult,IID,FedAA,Benign,,1001,aeod,0.08184726710235218,True,,,,
main,adult,IID,FedAA,Benign,,1001,aspd,0.0921991398611014,True,,,,
main,adult,IID,FedAA,Benign,,2024,accuracy,0.8338535095291852,True,,,,
main,adult,IID,FedAA,Benign,,2024,aeod,0.003214804092877499,True,,,,
main,adult,IID,FedAA,Benign,,2024,aspd,0.10936498503890824,True,,,,
main,adult,IID,FedAA,Benign,,3141,accuracy,0.8373729995351616,True,,,,
main,adult,IID,FedAA,Benign,,3141,aeod,0.06982488228664652,True,,,,
main,adult,IID,FedAA,Benign,,3141,aspd,0.1332209019634324,True,,,,
main,adult,IID,FedAA,Benign,,4242,accuracy,0.8362441065143768,True,,,,
main,adult,IID,FedAA,Benign,,4242,aeod,0.023191944025393985,True,,,,
main,adult,IID,FedAA,Benign,,4242,aspd,0.13219715540047927,True,,,,
main,adult,IID,FedAA,Benign,,5050,accuracy,0.8355136463244571,True,,,,
main,adult,IID,FedAA,Benign,,5050,aeod,0.0466900598691572,True,,,,
main,adult,IID,FedAA,Benign,,5050,aspd,0.10802025818932053,True,,,,
main,adult,IID,FedAA,Benign,,6060,accuracy,0.8309316687695066,True,,,,
main,adult,IID,FedAA,Benign,,6060,aeod,0.029963710642498143,True,,,,
main,adult,IID,FedAA,Benign,,6060,aspd,0.10302839283284722,True,,,,
main,adult,IID,FedAA,Benign,,7070,accuracy,0.8235606613984993,True,,,,
main,adult,IID,FedAA,Benign,,7070,aeod,0.06280006694652446,True,,,,
main,adult,IID,FedAA,Benign,,7070,aspd,0.09839600533613677,True,,,,
main,adult,IID,FedAA,F Flip,,123,accuracy,0.8314629125439936,True,,64,unprotected_max_risk,0.17549616364038123
main,adult,IID,FedAA,F Flip,,123,aeod,0.06325589737760406,True,,64,unprotected_max_risk,0.17549616364038123
main,adult,IID,FedAA,F Flip,,123,aspd,0.11224026626277718,True,,64,unprotected_max_risk,0.17549616364038123
main,adult,IID,FedAA,F Flip,,456,accuracy,0.8374394050069726,True,,62,unprotected_max_risk,0.18781648091874537
main,adult,IID,FedAA,F Flip,,456,aeod,0.047667981796486014,True,,62,unprotected_max_risk,0.18781648091874537
main,adult,IID,FedAA,F Flip,,456,aspd,0.14014849912225935,True,,62,unprotected_max_risk,0.18781648091874537
main,adult,IID,FedAA,F Flip,,789,accuracy,0.8333886712265091,True,,69,unprotected_max_risk,0.21428477031331583
main,adult,IID,FedAA,F Flip,,789,aeod,0.13991195275357565,True,,69,unprotected_max_risk,0.21428477031331583
main,adult,IID,FedAA,F Flip,,789,aspd,0.07437281755974016,True,,69,unprotected_max_risk,0.21428477031331583
main,adult,IID,FedAA,F Flip,,1001,accuracy,0.8389003253868119,True,,67,unprotected_max_risk,0.1651924493463251
main,adult,IID,FedAA,F Flip,,1001,aeod,0.060711700961528,True,,67,unprotected_max_risk,0.1651924493463251
main,adult,IID,FedAA,F Flip,,1001,aspd,0.1044807483847971,True,,67,unprotected_max_risk,0.1651924493463251
main,adult,IID,FedAA,F Flip,,2024,accuracy,0.830201208579587,True,,67,unprotected_max_risk,0.114221479917854
main,adult,IID,FedAA,F Flip,,2024,aeod,0.013941099625225106,True,,67,unprotected_max_risk,0.114221479917854
main,adult,IID,FedAA,F Flip,,2024,aspd,0.1002803802926289,True,,67,unprotected_max_risk,0.114221479917854
main,adult,IID,FedAA,F Flip,,3141,accuracy,0.8349824025499701,True,,70,unprotected_max_risk,0.38158172454379163
main,adult,IID,FedAA,F Flip,,3141,aeod,0.21911049089738616,True,,70,unprotected_max_risk,0.38158172454379163
main,adult,IID,FedAA,F Flip,,3141,aspd,0.16247123364640548,True,,70,unprotected_max_risk,0.38158172454379163
main,adult,IID,FedAA,F Flip,,4242,accuracy,0.83345507669832,True,,65,unprotected_max_risk,0.15659672053704296
main,adult,IID,FedAA,F Flip,,4242,aeod,0.030463524711664414,True,,65,unprotected_max_risk,0.15659672053704296
main,adult,IID,FedAA,F Flip,,4242,aspd,0.12613319582537855,True,,65,unprotected_max_risk,0.15659672053704296
main,adult,IID,FedAA,F Flip,,5050,accuracy,0.8364433229298094,True,,68,unprotected_max_risk,0.1819907172065775
main,adult,IID,FedAA,F Flip,,5050,aeod,0.04993970814285653,True,,68,unprotected_max_risk,0.1819907172065775
main,adult,IID,FedAA,F Flip,,5050,aspd,0.13205100906372097,True,,68,unprotected_max_risk,0.1819907172065775
main,adult,IID,FedAA,F Flip,,6060,accuracy,0.8395643801049206,True,,66,unprotected_max_risk,0.16157551915971693
main,adult,IID,FedAA,F Flip,,6060,aeod,0.045052954586608074,True,,66,unprotected_max_risk,0.16157551915971693
main,adult,IID,FedAA,F Flip,,6060,aspd,0.11652256457310886,True,,66,unprotected_max_risk,0.16157551915971693
main,adult,IID,FedAA,F Flip,,7070,accuracy,0.8223653629059035,True,,62,unprotected_max_risk,0.392334731337615
main,adult,IID,FedAA,F Flip,,7070,aeod,0.21561179241322231,True,,62,unprotected_max_risk,0.392334731337615
main,adult,IID,FedAA,F Flip,,7070,aspd,0.17672293892439267,True,,62,unprotected_max_risk,0.392334731337615
main,adult,IID,FedAMM,Benign,,123,accuracy,0.8286738827279367,True,,,,
main,adult,IID,FedAMM,Benign,,123,aeod,0.0925941264135457,True,,,,
main,adult,IID,FedAMM,Benign,,123,aspd,0.10788093268365317,True,,,,
main,adult,IID,FedAMM,Benign,,456,accuracy,0.8338535095291852,True,,,,
main,adult,IID,FedAMM,Benign,,456,aeod,0.011467162786871876,True,,,,
main,adult,IID,FedAMM,Benign,,456,aspd,0.14178892906090917,True,,,,
main,adult,IID,FedAMM,Benign,,789,accuracy,0.8362441065143768,True,,,,
main,adult,IID,FedAMM,Benign,,789,aeod,0.1013902828147929,True,,,,
main,adult,IID,FedAMM,Benign,,789,aspd,0.09481195951684282,True,,,,
main,adult,IID,FedAMM,Benign,,1001,accuracy,0.8287402881997477,True,,,,
main,adult,IID,FedAMM,Benign,,1001,aeod,0.07891293010428702,True,,,,
main,adult,IID,FedAMM,Benign,,1001,aspd,0.11897754217289772,True,,,,
main,adult,IID,FedAMM,Benign,,2024,accuracy,0.8246231489474732,True,,,,
main,adult,IID,FedAMM,Benign,,2024,aeod,0.02469424231328804,True,,,,
main,adult,IID,FedAMM,Benign,,2024,aspd,0.08159607768509337,True,,,,
main,adult,IID,FedAMM,Benign,,3141,accuracy,0.8283418553688824,True,,,,
main,adult,IID,FedAMM,Benign,,3141,aeod,0.09650352925854438,True,,,,
main,adult,IID,FedAMM,Benign,,3141,aspd,0.12024029868178612,True,,,,
main,adult,IID,FedAMM,Benign,,4242,accuracy,0.8359120791553224,True,,,,
main,adult,IID,FedAMM,Benign,,4242,aeod,0.027667422004728492,True,,,,
main,adult,IID,FedAMM,Benign,,4242,aspd,0.12143589006569623,True,,,,
main,adult,IID,FedAMM,Benign,,5050,accuracy,0.8356464572680788,True,,,,
main,adult,IID,FedAMM,Benign,,5050,aeod,0.07243876706436636,True,,,,
main,adult,IID,FedAMM,Benign,,5050,aspd,0.09700710357460099,True,,,,
main,adult,IID,FedAMM,Benign,,6060,accuracy,0.8303340195232087,True,,,,
main,adult,IID,FedAMM,Benign,,6060,aeod,0.0011481443188847695,True,,,,
main,adult,IID,FedAMM,Benign,,6060,aspd,0.11805233655794142,True,,,,
main,adult,IID,FedAMM,Benign,,7070,accuracy,0.8170529251610332,True,,,,
main,adult,IID,FedAMM,Benign,,7070,aeod,0.06929879227784402,True,,,,
main,adult,IID,FedAMM,Benign,,7070,aspd,0.08548866580491483,True,,,,
main,adult,IID,FedAMM,F Flip,,123,accuracy,0.8272793678199084,True,,69,unprotected_max_risk,0.19155663274278648
main,adult,IID,FedAMM,F Flip,,123,aeod,0.07748146261019473,True,,69,unprotected_max_risk,0.19155663274278648
main,adult,IID,FedAMM,F Flip,,123,aspd,0.11407517013259175,True,,69,unprotected_max_risk,0.19155663274278648
main,adult,IID,FedAMM,F Flip,,456,accuracy,0.8308652632976957,True,,63,unprotected_max_risk,0.2554042685943516
main,adult,IID,FedAMM,F Flip,,456,aeod,0.0793270617615961,True,,63,unprotected_max_risk,0.2554042685943516
main,adult,IID,FedAMM,F Flip,,456,aspd,0.17607720683275552,True,,63,unprotected_max_risk,0.2554042685943516
main,adult,IID,FedAMM,F Flip,,789,accuracy,0.8380370542532705,True,,70,unprotected_max_risk,0.17130196337787199
main,adult,IID,FedAMM,F Flip,,789,aeod,0.04241622116572641,True,,70,unprotected_max_risk,0.17130196337787199
main,adult,IID,FedAMM,F Flip,,789,aspd,0.12888574221214558,True,,70,unprotected_max_risk,0.17130196337787199
main,adult,IID,FedAMM,F Flip,,1001,accuracy,0.8240254997011753,True,,70,unprotected_max_risk,0.14774832066279736
main,adult,IID,FedAMM,F Flip,,1001,aeod,0.022439081233209812,True,,70,unprotected_max_risk,0.14774832066279736
main,adult,IID,FedAMM,F Flip,,1001,aspd,0.12530923942958755,True,,70,unprotected_max_risk,0.14774832066279736
main,adult,IID,FedAMM,F Flip,,2024,accuracy,0.8270137459326649,True,,65,unprotected_max_risk,0.1421312354176941
main,adult,IID,FedAMM,F Flip,,2024,aeod,0.02128293988921831,True,,65,unprotected_max_risk,0.1421312354176941
main,adult,IID,FedAMM,F Flip,,2024,aspd,0.12084829552847579,True,,65,unprotected_max_risk,0.1421312354176941
main,adult,IID,FedAMM,F Flip,,3141,accuracy,0.8329902383956438,True,,64,unprotected_max_risk,0.3859168212830346
main,adult,IID,FedAMM,F Flip,,3141,aeod,0.20938496593552913,True,,64,unprotected_max_risk,0.3859168212830346
main,adult,IID,FedAMM,F Flip,,3141,aspd,0.17653185534750548,True,,64,unprotected_max_risk,0.3859168212830346
main,adult,IID,FedAMM,F Flip,,4242,accuracy,0.8319941563184806,True,,70,unprotected_max_risk,0.17209063594292007
main,adult,IID,FedAMM,F Flip,,4242,aeod,0.026057163877894585,True,,70,unprotected_max_risk,0.17209063594292007
main,adult,IID,FedAMM,F Flip,,4242,aspd,0.14603347206502548,True,,70,unprotected_max_risk,0.17209063594292007
main,adult,IID,FedAMM,F Flip,,5050,accuracy,0.8370409721761073,True,,68,unprotected_max_risk,0.16754213768756582
main,adult,IID,FedAMM,F Flip,,5050,aeod,0.04691626143645988,True,,68,unprotected_max_risk,0.16754213768756582
main,adult,IID,FedAMM,F Flip,,5050,aspd,0.12062587625110593,True,,68,unprotected_max_risk,0.16754213768756582
main,adult,IID,FedAMM,F Flip,,6060,accuracy,0.8315957234876153,True,,69,unprotected_max_risk,0.17420154314122996
main,adult,IID,FedAMM,F Flip,,6060,aeod,0.029915728491858196,True,,69,unprotected_max_risk,0.17420154314122996
main,adult,IID,FedAMM,F Flip,,6060,aspd,0.14428581464937176,True,,69,unprotected_max_risk,0.17420154314122996
main,adult,IID,FedAMM,F Flip,,7070,accuracy,0.818779467428116,True,,70,unprotected_max_risk,0.22312698037110237
main,adult,IID,FedAMM,F Flip,,7070,aeod,0.1143197587640255,True,,70,unprotected_max_risk,0.22312698037110237
main,adult,IID,FedAMM,F Flip,,7070,aspd,0.10880722160707687,True,,70,unprotected_max_risk,0.22312698037110237
main,adult,IID,FedAvg,Benign,,123,accuracy,0.8303340195232087,True,,,,
main,adult,IID,FedAvg,Benign,,123,aeod,0.07304996826894683,True,,,,
main,adult,IID,FedAvg,Benign,,123,aspd,0.11530699216635573,True,,,,
main,adult,IID,FedAvg,Benign,,456,accuracy,0.8332558602828873,True,,,,
main,adult,IID,FedAvg,Benign,,456,aeod,0.015080675702924262,True,,,,
main,adult,IID,FedAvg,Benign,,456,aspd,0.14048422444081124,True,,,,
main,adult,IID,FedAvg,Benign,,789,accuracy,0.8367089448170529,True,,,,
main,adult,IID,FedAvg,Benign,,789,aeod,0.10766223536273078,True,,,,
main,adult,IID,FedAvg,Benign,,789,aspd,0.09809468509205854,True,,,,
main,adult,IID,FedAvg,Benign,,1001,accuracy,0.8254200146092038,True,,,,
main,adult,IID,FedAvg,Benign,,1001,aeod,0.08827630407202802,True,,,,
main,adult,IID,FedAvg,Benign,,1001,aspd,0.09987634635682763,True,,,,
main,adult,IID,FedAvg,Benign,,2024,accuracy,0.830732452354074,True,,,,
main,adult,IID,FedAvg,Benign,,2024,aeod,0.034828757987742875,True,,,,
main,adult,IID,FedAvg,Benign,,2024,aspd,0.0947586968505294,True,,,,
main,adult,IID,FedAvg,Benign,,3141,accuracy,0.8268145295172322,True,,,,
main,adult,IID,FedAvg,Benign,,3141,aeod,0.0689137926405663,True,,,,
main,adult,IID,FedAvg,Benign,,3141,aspd,0.1070244369113046,True,,,,
main,adult,IID,FedAvg,Benign,,4242,accuracy,0.8348495916063484,True,,,,
main,adult,IID,FedAvg,Benign,,4242,aeod,0.021418318099952538,True,,,,
main,adult,IID,FedAvg,Benign,,4242,aspd,0.11842090217206959,True,,,,
main,adult,IID,FedAvg,Benign,,5050,accuracy,0.8348495916063484,True,,,,
main,adult,IID,FedAvg,Benign,,5050,aeod,0.06521231244834064,True,,,,
main,adult,IID,FedAvg,Benign,,5050,aspd,0.09329803593366283,True,,,,
main,adult,IID,FedAvg,Benign,,6060,accuracy,0.8296035593332891,True,,,,
main,adult,IID,FedAvg,Benign,,6060,aeod,0.016896000402136124,True,,,,
main,adult,IID,FedAvg,Benign,,6060,aspd,0.1082630797761596,True,,,,
main,adult,IID,FedAvg,Benign,,7070,accuracy,0.8165880868583572,True,,,,
main,adult,IID,FedAvg,Benign,,7070,aeod,0.05670861867956545,True,,,,
main,adult,IID,FedAvg,Benign,,7070,aspd,0.08059498029361592,True,,,,
main,adult,IID,FedAvg,F Flip,,123,accuracy,0.8284082608406933,True,,70,unprotected_max_risk,0.16516410943448234
main,adult,IID,FedAvg,F Flip,,123,aeod,0.017552898893040347,True,,70,unprotected_max_risk,0.16516410943448234
main,adult,IID,FedAvg,F Flip,,123,aspd,0.147611210541442,True,,70,unprotected_max_risk,0.16516410943448234
main,adult,IID,FedAvg,F Flip,,456,accuracy,0.8364433229298094,True,,61,unprotected_max_risk,0.230729844656409
main,adult,IID,FedAvg,F Flip,,456,aeod,0.0679632890850318,True,,61,unprotected_max_risk,0.230729844656409
main,adult,IID,FedAvg,F Flip,,456,aspd,0.1627665555713772,True,,61,unprotected_max_risk,0.230729844656409
main,adult,IID,FedAvg,F Flip,,789,accuracy,0.836642539345242,True,,68,unprotected_max_risk,0.1854306133589529
main,adult,IID,FedAvg,F Flip,,789,aeod,0.05927851981919874,True,,68,unprotected_max_risk,0.1854306133589529
main,adult,IID,FedAvg,F Flip,,789,aspd,0.12615209353975415,True,,68,unprotected_max_risk,0.1854306133589529
main,adult,IID,FedAvg,F Flip,,1001,accuracy,0.8179826017663856,True,,62,unprotected_max_risk,0.13299062773957213
main,adult,IID,FedAvg,F Flip,,1001,aeod,0.011167274345372125,True,,62,unprotected_max_risk,0.13299062773957213
main,adult,IID,FedAvg,F Flip,,1001,aspd,0.1218233533942,True,,62,unprotected_max_risk,0.13299062773957213
main,adult,IID,FedAvg,F Flip,,2024,accuracy,0.8293379374460456,True,,64,unprotected_max_risk,0.18263164961766648
main,adult,IID,FedAvg,F Flip,,2024,aeod,0.05582551862135854,True,,64,unprotected_max_risk,0.18263164961766648
main,adult,IID,FedAvg,F Flip,,2024,aspd,0.12680613099630794,True,,64,unprotected_max_risk,0.18263164961766648
main,adult,IID,FedAvg,F Flip,,3141,accuracy,0.8330566438674547,True,,62,unprotected_max_risk,0.30324215874985766
main,adult,IID,FedAvg,F Flip,,3141,aeod,0.1488200675063162,True,,62,unprotected_max_risk,0.30324215874985766
main,adult,IID,FedAvg,F Flip,,3141,aspd,0.15442209124354145,True,,62,unprotected_max_risk,0.30324215874985766
main,adult,IID,FedAvg,F Flip,,4242,accuracy,0.8296699648050999,True,,65,unprotected_max_risk,0.17206426618200193
main,adult,IID,FedAvg,F Flip,,4242,aeod,0.03137461435774458,True,,65,unprotected_max_risk,0.17206426618200193
main,adult,IID,FedAvg,F Flip,,4242,aspd,0.14068965182425736,True,,65,unprotected_max_risk,0.17206426618200193
main,adult,IID,FedAvg,F Flip,,5050,accuracy,0.8355136463244571,True,,70,unprotected_max_risk,0.16097866226407198
main,adult,IID,FedAvg,F Flip,,5050,aeod,0.0369394013998221,True,,70,unprotected_max_risk,0.16097866226407198
main,adult,IID,FedAvg,F Flip,,5050,aspd,0.12403926086424986,True,,70,unprotected_max_risk,0.16097866226407198
main,adult,IID,FedAvg,F Flip,,6060,accuracy,0.8333886712265091,True,,62,unprotected_max_risk,0.1889895151467022
main,adult,IID,FedAvg,F Flip,,6060,aeod,0.030057390079461843,True,,62,unprotected_max_risk,0.1889895151467022
main,adult,IID,FedAvg,F Flip,,6060,aspd,0.15893212506724036,True,,62,unprotected_max_risk,0.1889895151467022
main,adult,IID,FedAvg,F Flip,,7070,accuracy,0.8197755495052792,True,,70,unprotected_max_risk,0.20367219770274853
main,adult,IID,FedAvg,F Flip,,7070,aeod,0.10004792502903209,True,,70,unprotected_max_risk,0.20367219770274853
main,adult,IID,FedAvg,F Flip,,7070,aspd,0.10362427267371645,True,,70,unprotected_max_risk,0.20367219770274853
main,adult,IID,FedDNA,Benign,,123,accuracy,0.8275449897071518,True,,,,
main,adult,IID,FedDNA,Benign,,123,aeod,0.08402645644391715,True,,,,
main,adult,IID,FedDNA,Benign,,123,aspd,0.11305104240554822,True,,,,
main,adult,IID,FedDNA,Benign,,456,accuracy,0.8321933727339133,True,,,,
main,adult,IID,FedDNA,Benign,,456,aeod,0.028829846725589414,True,,,,
main,adult,IID,FedDNA,Benign,,456,aspd,0.1506786787119334,True,,,,
main,adult,IID,FedDNA,Benign,,789,accuracy,0.8382362706687031,True,,,,
main,adult,IID,FedDNA,Benign,,789,aeod,0.08193751924284165,True,,,,
main,adult,IID,FedDNA,Benign,,789,aspd,0.09836166044546689,True,,,,
main,adult,IID,FedDNA,Benign,,1001,accuracy,0.8322597782057242,True,,,,
main,adult,IID,FedDNA,Benign,,1001,aeod,0.07859476274825772,True,,,,
main,adult,IID,FedDNA,Benign,,1001,aspd,0.1151593412345038,True,,,,
main,adult,IID,FedDNA,Benign,,2024,accuracy,0.8220333355468491,True,,,,
main,adult,IID,FedDNA,Benign,,2024,aeod,0.0222859953240252,True,,,,
main,adult,IID,FedDNA,Benign,,2024,aspd,0.07544639631219328,True,,,,
main,adult,IID,FedDNA,Benign,,3141,accuracy,0.8255528255528255,True,,,,
main,adult,IID,FedDNA,Benign,,3141,aeod,0.10702475821851415,True,,,,
main,adult,IID,FedDNA,Benign,,3141,aspd,0.11205935374872275,True,,,,
main,adult,IID,FedDNA,Benign,,4242,accuracy,0.8349159970781592,True,,,,
main,adult,IID,FedDNA,Benign,,4242,aeod,0.019055197180934402,True,,,,
main,adult,IID,FedDNA,Benign,,4242,aspd,0.11635942634242684,True,,,,
main,adult,IID,FedDNA,Benign,,5050,accuracy,0.8325918055647785,True,,,,
main,adult,IID,FedDNA,Benign,,5050,aeod,0.05330417084844441,True,,,,
main,adult,IID,FedDNA,Benign,,5050,aspd,0.0981830349159547,True,,,,
main,adult,IID,FedDNA,Benign,,6060,accuracy,0.8322597782057242,True,,,,
main,adult,IID,FedDNA,Benign,,6060,aeod,0.003693483167118927,True,,,,
main,adult,IID,FedDNA,Benign,,6060,aspd,0.12220889084098399,True,,,,
main,adult,IID,FedDNA,Benign,,7070,accuracy,0.8197091440334684,True,,,,
main,adult,IID,FedDNA,Benign,,7070,aeod,0.07275350712392131,True,,,,
main,adult,IID,FedDNA,Benign,,7070,aspd,0.08902628985025426,True,,,,
main,adult,IID,FedDNA,F Flip,,123,accuracy,0.8276113951789628,True,,68,unprotected_max_risk,0.19533413468088107
main,adult,IID,FedDNA,F Flip,,123,aeod,0.08313992908923595,True,,68,unprotected_max_risk,0.19533413468088107
main,adult,IID,FedDNA,F Flip,,123,aspd,0.11219420559164511,True,,68,unprotected_max_risk,0.19533413468088107
main,adult,IID,FedDNA,F Flip,,456,accuracy,0.8324589946211568,True,,68,unprotected_max_risk,0.2799763286780008
main,adult,IID,FedDNA,F Flip,,456,aeod,0.09428092749497186,True,,68,unprotected_max_risk,0.2799763286780008
main,adult,IID,FedDNA,F Flip,,456,aspd,0.185695401183029,True,,68,unprotected_max_risk,0.2799763286780008
main,adult,IID,FedDNA,F Flip,,789,accuracy,0.8392323527458663,True,,69,unprotected_max_risk,0.2048718878777627
main,adult,IID,FedDNA,F Flip,,789,aeod,0.043669469243155845,True,,69,unprotected_max_risk,0.2048718878777627
main,adult,IID,FedDNA,F Flip,,789,aspd,0.16120241863460685,True,,69,unprotected_max_risk,0.2048718878777627
main,adult,IID,FedDNA,F Flip,,1001,accuracy,0.8172521415764659,True,,65,unprotected_max_risk,0.14318527152854119
main,adult,IID,FedDNA,F Flip,,1001,aeod,0.018962088960049694,True,,65,unprotected_max_risk,0.14318527152854119
main,adult,IID,FedDNA,F Flip,,1001,aspd,0.12422318256849149,True,,65,unprotected_max_risk,0.14318527152854119
main,adult,IID,FedDNA,F Flip,,2024,accuracy,0.8225645793213361,True,,63,unprotected_max_risk,0.1655424540209039
main,adult,IID,FedDNA,F Flip,,2024,aeod,0.05193896441952167,True,,63,unprotected_max_risk,0.1655424540209039
main,adult,IID,FedDNA,F Flip,,2024,aspd,0.11360348960138222,True,,63,unprotected_max_risk,0.1655424540209039
main,adult,IID,FedDNA,F Flip,,3141,accuracy,0.8308652632976957,True,,63,unprotected_max_risk,0.3633099544508181
main,adult,IID,FedDNA,F Flip,,3141,aeod,0.1828416971743655,True,,63,unprotected_max_risk,0.3633099544508181
main,adult,IID,FedDNA,F Flip,,3141,aspd,0.1804682572764526,True,,63,unprotected_max_risk,0.3633099544508181
main,adult,IID,FedDNA,F Flip,,4242,accuracy,0.8254200146092038,True,,62,unprotected_max_risk,0.20999304646806546
main,adult,IID,FedDNA,F Flip,,4242,aeod,0.04212547218149132,True,,62,unprotected_max_risk,0.20999304646806546
main,adult,IID,FedDNA,F Flip,,4242,aspd,0.16786757428657414,True,,62,unprotected_max_risk,0.20999304646806546
main,adult,IID,FedDNA,F Flip,,5050,accuracy,0.835580051796268,True,,61,unprotected_max_risk,0.16555319567511095
main,adult,IID,FedDNA,F Flip,,5050,aeod,0.02773768158245138,True,,61,unprotected_max_risk,0.16555319567511095
main,adult,IID,FedDNA,F Flip,,5050,aspd,0.13781551409265957,True,,61,unprotected_max_risk,0.16555319567511095
main,adult,IID,FedDNA,F Flip,,6060,accuracy,0.8349159970781592,True,,65,unprotected_max_risk,0.18027604858806462
main,adult,IID,FedDNA,F Flip,,6060,aeod,0.020853385397774926,True,,65,unprotected_max_risk,0.18027604858806462
main,adult,IID,FedDNA,F Flip,,6060,aspd,0.1594226631902897,True,,65,unprotected_max_risk,0.18027604858806462
main,adult,IID,FedDNA,F Flip,,7070,accuracy,0.8230958230958231,True,,67,unprotected_max_risk,0.29486649875200843
main,adult,IID,FedDNA,F Flip,,7070,aeod,0.1557277835502336,True,,67,unprotected_max_risk,0.29486649875200843
main,adult,IID,FedDNA,F Flip,,7070,aspd,0.13913871520177484,True,,67,unprotected_max_risk,0.29486649875200843
main,adult,IID,GuardFed,Benign,,123,accuracy,0.8232950395112557,True,,,,
main,adult,IID,GuardFed,Benign,,123,aeod,0.0004632562401072349,True,,,,
main,adult,IID,GuardFed,Benign,,123,aspd,0.14252266993488796,True,,,,
main,adult,IID,GuardFed,Benign,,456,accuracy,0.8351152134935919,True,,,,
main,adult,IID,GuardFed,Benign,,456,aeod,0.023442136668016644,True,,,,
main,adult,IID,GuardFed,Benign,,456,aspd,0.10719702399917444,True,,,,
main,adult,IID,GuardFed,Benign,,789,accuracy,0.8313301016003719,True,,,,
main,adult,IID,GuardFed,Benign,,789,aeod,0.08100815068223194,True,,,,
main,adult,IID,GuardFed,Benign,,789,aspd,0.07845534576417763,True,,,,
main,adult,IID,GuardFed,Benign,,1001,accuracy,0.815060761006707,True,,,,
main,adult,IID,GuardFed,Benign,,1001,aeod,0.039822900166852304,True,,,,
main,adult,IID,GuardFed,Benign,,1001,aspd,0.14034528009923428,True,,,,
main,adult,IID,GuardFed,Benign,,2024,accuracy,0.825353609137393,True,,,,
main,adult,IID,GuardFed,Benign,,2024,aeod,0.026734054931565443,True,,,,
main,adult,IID,GuardFed,Benign,,2024,aspd,0.09101676885274704,True,,,,
main,adult,IID,GuardFed,Benign,,3141,accuracy,0.818248223653629,True,,,,
main,adult,IID,GuardFed,Benign,,3141,aeod,0.06770738428161865,True,,,,
main,adult,IID,GuardFed,Benign,,3141,aspd,0.08282487046740228,True,,,,
main,adult,IID,GuardFed,Benign,,4242,accuracy,0.8311308851849393,True,,,,
main,adult,IID,GuardFed,Benign,,4242,aeod,0.006579838014544315,True,,,,
main,adult,IID,GuardFed,Benign,,4242,aspd,0.12688204283409704,True,,,,
main,adult,IID,GuardFed,Benign,,5050,accuracy,0.8232286340394448,True,,,,
main,adult,IID,GuardFed,Benign,,5050,aeod,0.057055346839547105,True,,,,
main,adult,IID,GuardFed,Benign,,5050,aspd,0.0852753142206424,True,,,,
main,adult,IID,GuardFed,Benign,,6060,accuracy,0.8247559598910951,True,,,,
main,adult,IID,GuardFed,Benign,,6060,aeod,0.025010696021080192,True,,,,
main,adult,IID,GuardFed,Benign,,6060,aspd,0.08786245545345306,True,,,,
main,adult,IID,GuardFed,Benign,,7070,accuracy,0.8126701640215154,True,,,,
main,adult,IID,GuardFed,Benign,,7070,aeod,0.10990882820162326,True,,,,
main,adult,IID,GuardFed,Benign,,7070,aspd,0.08501662417088283,True,,,,
main,adult,IID,GuardFed,F Flip,,123,accuracy,0.8313301016003719,True,,61,fairness_defended_min_risk,0.1279118457278121
main,adult,IID,GuardFed,F Flip,,123,aeod,0.0022831506679514835,True,,61,fairness_defended_min_risk,0.1279118457278121
main,adult,IID,GuardFed,F Flip,,123,aspd,0.12562869505986063,True,,61,fairness_defended_min_risk,0.1279118457278121
main,adult,IID,GuardFed,F Flip,,456,accuracy,0.8351152134935919,True,,70,fairness_defended_min_risk,0.12523145939871883
main,adult,IID,GuardFed,F Flip,,456,aeod,0.01823835818789693,True,,70,fairness_defended_min_risk,0.12523145939871883
main,adult,IID,GuardFed,F Flip,,456,aspd,0.1069931012108219,True,,70,fairness_defended_min_risk,0.12523145939871883
main,adult,IID,GuardFed,F Flip,,789,accuracy,0.8364433229298094,True,,63,fairness_defended_min_risk,0.12535967015303673
main,adult,IID,GuardFed,F Flip,,789,aeod,0.014488324628952332,True,,63,fairness_defended_min_risk,0.12535967015303673
main,adult,IID,GuardFed,F Flip,,789,aspd,0.11087134552408438,True,,63,fairness_defended_min_risk,0.12535967015303673
main,adult,IID,GuardFed,F Flip,,1001,accuracy,0.833919915000996,True,,63,fairness_defended_min_risk,0.10562186747909293
main,adult,IID,GuardFed,F Flip,,1001,aeod,0.012080648855768539,True,,63,fairness_defended_min_risk,0.10562186747909293
main,adult,IID,GuardFed,F Flip,,1001,aspd,0.09354121862332439,True,,63,fairness_defended_min_risk,0.10562186747909293
main,adult,IID,GuardFed,F Flip,,2024,accuracy,0.8238926887575536,True,,63,fairness_defended_min_risk,0.17510120718426797
main,adult,IID,GuardFed,F Flip,,2024,aeod,0.06459654151512778,True,,63,fairness_defended_min_risk,0.17510120718426797
main,adult,IID,GuardFed,F Flip,,2024,aspd,0.11050466566914018,True,,63,fairness_defended_min_risk,0.17510120718426797
main,adult,IID,GuardFed,F Flip,,3141,accuracy,0.7916196294574673,False,accuracy_not_above_majority_baseline,61,fairness_defended_min_risk,0.06222007451654793
main,adult,IID,GuardFed,F Flip,,3141,aeod,0.025411118492492224,False,accuracy_not_above_majority_baseline,61,fairness_defended_min_risk,0.06222007451654793
main,adult,IID,GuardFed,F Flip,,3141,aspd,0.036808956024055706,False,accuracy_not_above_majority_baseline,61,fairness_defended_min_risk,0.06222007451654793
main,adult,IID,GuardFed,F Flip,,4242,accuracy,0.8203731987515771,True,,63,fairness_defended_min_risk,0.14962110327245573
main,adult,IID,GuardFed,F Flip,,4242,aeod,0.06100416359400013,True,,63,fairness_defended_min_risk,0.14962110327245573
main,adult,IID,GuardFed,F Flip,,4242,aspd,0.0886169396784556,True,,63,fairness_defended_min_risk,0.14962110327245573
main,adult,IID,GuardFed,F Flip,,5050,accuracy,0.7975961219204463,True,,68,fairness_defended_min_risk,0.0634614401906654
main,adult,IID,GuardFed,F Flip,,5050,aeod,0.019525879230069293,True,,68,fairness_defended_min_risk,0.0634614401906654
main,adult,IID,GuardFed,F Flip,,5050,aspd,0.0439355609605961,True,,68,fairness_defended_min_risk,0.0634614401906654
main,adult,IID,GuardFed,F Flip,,6060,accuracy,0.8230958230958231,True,,63,fairness_defended_min_risk,0.09090397887880144
main,adult,IID,GuardFed,F Flip,,6060,aeod,0.004600003084566817,True,,63,fairness_defended_min_risk,0.09090397887880144
main,adult,IID,GuardFed,F Flip,,6060,aspd,0.08630397579423463,True,,63,fairness_defended_min_risk,0.09090397887880144
main,adult,IID,GuardFed,F Flip,,7070,accuracy,0.7961352015406069,False,accuracy_not_above_majority_baseline,62,fairness_defended_min_risk,0.08783331084625376
main,adult,IID,GuardFed,F Flip,,7070,aeod,0.04132005751003481,False,accuracy_not_above_majority_baseline,62,fairness_defended_min_risk,0.08783331084625376
main,adult,IID,GuardFed,F Flip,,7070,aspd,0.046513253336218946,False,accuracy_not_above_majority_baseline,62,fairness_defended_min_risk,0.08783331084625376
main,adult,IID,GuardFed-AD2,Benign,,123,accuracy,0.8223653629059035,True,,,,
main,adult,IID,GuardFed-AD2,Benign,,123,aeod,0.048057551162396184,True,,,,
main,adult,IID,GuardFed-AD2,Benign,,123,aspd,0.06653927360315498,True,,,,
main,adult,IID,GuardFed-AD2,Benign,,456,accuracy,0.8321933727339133,True,,,,
main,adult,IID,GuardFed-AD2,Benign,,456,aeod,0.03851081683328089,True,,,,
main,adult,IID,GuardFed-AD2,Benign,,456,aspd,0.08960104517600935,True,,,,
main,adult,IID,GuardFed-AD2,Benign,,789,accuracy,0.8304668304668305,True,,,,
main,adult,IID,GuardFed-AD2,Benign,,789,aeod,0.05596489534464605,True,,,,
main,adult,IID,GuardFed-AD2,Benign,,789,aspd,0.07691650608624764,True,,,,
main,adult,IID,GuardFed-AD2,Benign,,1001,accuracy,0.8257520419682581,True,,,,
main,adult,IID,GuardFed-AD2,Benign,,1001,aeod,0.05200465426861206,True,,,,
main,adult,IID,GuardFed-AD2,Benign,,1001,aspd,0.09187549142583416,True,,,,
main,adult,IID,GuardFed-AD2,Benign,,2024,accuracy,0.8007171790955575,True,,,,
main,adult,IID,GuardFed-AD2,Benign,,2024,aeod,0.09733921838219041,True,,,,
main,adult,IID,GuardFed-AD2,Benign,,2024,aspd,0.05799730609269934,True,,,,
main,adult,IID,GuardFed-AD2,Benign,,3141,accuracy,0.8242911215884189,True,,,,
main,adult,IID,GuardFed-AD2,Benign,,3141,aeod,0.06696480337885735,True,,,,
main,adult,IID,GuardFed-AD2,Benign,,3141,aspd,0.06194391920701499,True,,,,
main,adult,IID,GuardFed-AD2,Benign,,4242,accuracy,0.8148615445912744,True,,,,
main,adult,IID,GuardFed-AD2,Benign,,4242,aeod,0.03664065539048045,True,,,,
main,adult,IID,GuardFed-AD2,Benign,,4242,aspd,0.06779865981903371,True,,,,
main,adult,IID,GuardFed-AD2,Benign,,5050,accuracy,0.7952719304070656,True,,,,
main,adult,IID,GuardFed-AD2,Benign,,5050,aeod,0.0344563251042041,True,,,,
main,adult,IID,GuardFed-AD2,Benign,,5050,aspd,0.04222981153361612,True,,,,
main,adult,IID,GuardFed-AD2,Benign,,6060,accuracy,0.8173185470482768,True,,,,
main,adult,IID,GuardFed-AD2,Benign,,6060,aeod,0.014982997753407168,True,,,,
main,adult,IID,GuardFed-AD2,Benign,,6060,aspd,0.06725223100357416,True,,,,
main,adult,IID,GuardFed-AD2,Benign,,7070,accuracy,0.8168537087456006,True,,,,
main,adult,IID,GuardFed-AD2,Benign,,7070,aeod,0.00446976581854408,True,,,,
main,adult,IID,GuardFed-AD2,Benign,,7070,aspd,0.06657137163181844,True,,,,
main,adult,IID,GuardFed-AD2,F Flip,,123,accuracy,0.8172521415764659,True,,70,fairness_defended_min_risk,0.08706462615167919
main,adult,IID,GuardFed-AD2,F Flip,,123,aeod,0.019287110909027516,True,,70,fairness_defended_min_risk,0.08706462615167919
main,adult,IID,GuardFed-AD2,F Flip,,123,aspd,0.06777751524265167,True,,70,fairness_defended_min_risk,0.08706462615167919
main,adult,IID,GuardFed-AD2,F Flip,,456,accuracy,0.8176505744073311,True,,61,fairness_defended_min_risk,0.07522669327010388
main,adult,IID,GuardFed-AD2,F Flip,,456,aeod,0.00834718056311623,True,,61,fairness_defended_min_risk,0.07522669327010388
main,adult,IID,GuardFed-AD2,F Flip,,456,aspd,0.06687951270698765,True,,61,fairness_defended_min_risk,0.07522669327010388
main,adult,IID,GuardFed-AD2,F Flip,,789,accuracy,0.8292051265024238,True,,64,fairness_defended_min_risk,0.09424909535557616
main,adult,IID,GuardFed-AD2,F Flip,,789,aeod,0.00960442715309906,True,,64,fairness_defended_min_risk,0.09424909535557616
main,adult,IID,GuardFed-AD2,F Flip,,789,aspd,0.0846446682024771,True,,64,fairness_defended_min_risk,0.09424909535557616
main,adult,IID,GuardFed-AD2,F Flip,,1001,accuracy,0.8269473404608539,True,,61,fairness_defended_min_risk,0.11727234210184502
main,adult,IID,GuardFed-AD2,F Flip,,1001,aeod,0.022302560590317544,True,,61,fairness_defended_min_risk,0.11727234210184502
main,adult,IID,GuardFed-AD2,F Flip,,1001,aspd,0.09496978151152748,True,,61,fairness_defended_min_risk,0.11727234210184502
main,adult,IID,GuardFed-AD2,F Flip,,2024,accuracy,0.8009163955109901,True,,66,fairness_defended_min_risk,0.1424147863083479
main,adult,IID,GuardFed-AD2,F Flip,,2024,aeod,0.08456739807077482,True,,66,fairness_defended_min_risk,0.1424147863083479
main,adult,IID,GuardFed-AD2,F Flip,,2024,aspd,0.05784738823757307,True,,66,fairness_defended_min_risk,0.1424147863083479
main,adult,IID,GuardFed-AD2,F Flip,,3141,accuracy,0.8061624277840495,True,,65,fairness_defended_min_risk,0.06231118454835084
main,adult,IID,GuardFed-AD2,F Flip,,3141,aeod,0.02110700533687182,True,,65,fairness_defended_min_risk,0.06231118454835084
main,adult,IID,GuardFed-AD2,F Flip,,3141,aspd,0.04120417921147902,True,,65,fairness_defended_min_risk,0.06231118454835084
main,adult,IID,GuardFed-AD2,F Flip,,4242,accuracy,0.8160568430838702,True,,68,fairness_defended_min_risk,0.0712819762647883
main,adult,IID,GuardFed-AD2,F Flip,,4242,aeod,0.008119836563655447,True,,68,fairness_defended_min_risk,0.0712819762647883
main,adult,IID,GuardFed-AD2,F Flip,,4242,aspd,0.06316213970113285,True,,68,fairness_defended_min_risk,0.0712819762647883
main,adult,IID,GuardFed-AD2,F Flip,,5050,accuracy,0.8157912211966266,True,,70,fairness_defended_min_risk,0.07561398616904086
main,adult,IID,GuardFed-AD2,F Flip,,5050,aeod,0.015265178496456477,True,,70,fairness_defended_min_risk,0.07561398616904086
main,adult,IID,GuardFed-AD2,F Flip,,5050,aspd,0.060348807672584374,True,,70,fairness_defended_min_risk,0.07561398616904086
main,adult,IID,GuardFed-AD2,F Flip,,6060,accuracy,0.8132678132678133,True,,62,fairness_defended_min_risk,0.08366633781167182
main,adult,IID,GuardFed-AD2,F Flip,,6060,aeod,0.020800262302423544,True,,62,fairness_defended_min_risk,0.08366633781167182
main,adult,IID,GuardFed-AD2,F Flip,,6060,aspd,0.06286607550924828,True,,62,fairness_defended_min_risk,0.08366633781167182
main,adult,IID,GuardFed-AD2,F Flip,,7070,accuracy,0.8058968058968059,True,,61,fairness_defended_min_risk,0.052922217249549715
main,adult,IID,GuardFed-AD2,F Flip,,7070,aeod,0.003642073720004746,True,,61,fairness_defended_min_risk,0.052922217249549715
main,adult,IID,GuardFed-AD2,F Flip,,7070,aspd,0.04928014352954497,True,,61,fairness_defended_min_risk,0.052922217249549715
main,adult,IID,GuardFed-AD2+,Benign,,123,accuracy,0.820439604223388,True,,,,
main,adult,IID,GuardFed-AD2+,Benign,,123,aeod,0.01457457825688846,True,,,,
main,adult,IID,GuardFed-AD2+,Benign,,123,aspd,0.07425459650791905,True,,,,
main,adult,IID,GuardFed-AD2+,Benign,,456,accuracy,0.8203067932797663,True,,,,
main,adult,IID,GuardFed-AD2+,Benign,,456,aeod,0.00035643883332542314,True,,,,
main,adult,IID,GuardFed-AD2+,Benign,,456,aspd,0.06943152665967972,True,,,,
main,adult,IID,GuardFed-AD2+,Benign,,789,accuracy,0.7990570423002855,True,,,,
main,adult,IID,GuardFed-AD2+,Benign,,789,aeod,0.012344550684288302,True,,,,
main,adult,IID,GuardFed-AD2+,Benign,,789,aspd,0.042555706830889814,True,,,,
main,adult,IID,GuardFed-AD2+,Benign,,1001,accuracy,0.8227637957367687,True,,,,
main,adult,IID,GuardFed-AD2+,Benign,,1001,aeod,0.032210874697469694,True,,,,
main,adult,IID,GuardFed-AD2+,Benign,,1001,aspd,0.0914045932840733,True,,,,
main,adult,IID,GuardFed-AD2+,Benign,,2024,accuracy,0.8219005246032273,True,,,,
main,adult,IID,GuardFed-AD2+,Benign,,2024,aeod,0.08868358113638869,True,,,,
main,adult,IID,GuardFed-AD2+,Benign,,2024,aspd,0.09221157784720849,True,,,,
main,adult,IID,GuardFed-AD2+,Benign,,3141,accuracy,0.8082874028819975,True,,,,
main,adult,IID,GuardFed-AD2+,Benign,,3141,aeod,0.05783162949097223,True,,,,
main,adult,IID,GuardFed-AD2+,Benign,,3141,aspd,0.03886892725860487,True,,,,
main,adult,IID,GuardFed-AD2+,Benign,,4242,accuracy,0.7961352015406069,True,,,,
main,adult,IID,GuardFed-AD2+,Benign,,4242,aeod,0.05170533704319136,True,,,,
main,adult,IID,GuardFed-AD2+,Benign,,4242,aspd,0.04690069660345482,True,,,,
main,adult,IID,GuardFed-AD2+,Benign,,5050,accuracy,0.8116740819443522,True,,,,
main,adult,IID,GuardFed-AD2+,Benign,,5050,aeod,0.011470018867267062,True,,,,
main,adult,IID,GuardFed-AD2+,Benign,,5050,aspd,0.05974686932880494,True,,,,
main,adult,IID,GuardFed-AD2+,Benign,,6060,accuracy,0.8240254997011753,True,,,,
main,adult,IID,GuardFed-AD2+,Benign,,6060,aeod,0.06684427678617838,True,,,,
main,adult,IID,GuardFed-AD2+,Benign,,6060,aspd,0.09093897125577398,True,,,,
main,adult,IID,GuardFed-AD2+,Benign,,7070,accuracy,0.8212364698851186,True,,,,
main,adult,IID,GuardFed-AD2+,Benign,,7070,aeod,0.030209904772567464,True,,,,
main,adult,IID,GuardFed-AD2+,Benign,,7070,aspd,0.07711701845905469,True,,,,
main,adult,IID,GuardFed-AD2+,F Flip,,123,accuracy,0.8199747659207118,True,,64,fairness_defended_min_risk,0.07105829059398755
main,adult,IID,GuardFed-AD2+,F Flip,,123,aeod,1.542283413424883e-05,True,,64,fairness_defended_min_risk,0.07105829059398755
main,adult,IID,GuardFed-AD2+,F Flip,,123,aspd,0.0710428677598533,True,,64,fairness_defended_min_risk,0.07105829059398755
main,adult,IID,GuardFed-AD2+,F Flip,,456,accuracy,0.8333222657546981,True,,69,fairness_defended_min_risk,0.10855933983508706
main,adult,IID,GuardFed-AD2+,F Flip,,456,aeod,0.010057972719862474,True,,69,fairness_defended_min_risk,0.10855933983508706
main,adult,IID,GuardFed-AD2+,F Flip,,456,aspd,0.09850136711522459,True,,69,fairness_defended_min_risk,0.10855933983508706
main,adult,IID,GuardFed-AD2+,F Flip,,789,accuracy,0.7989906368284747,True,,65,fairness_defended_min_risk,0.04093157925049806
main,adult,IID,GuardFed-AD2+,F Flip,,789,aeod,0.0002998884414997516,True,,65,fairness_defended_min_risk,0.04093157925049806
main,adult,IID,GuardFed-AD2+,F Flip,,789,aspd,0.04063169080899831,True,,65,fairness_defended_min_risk,0.04093157925049806
main,adult,IID,GuardFed-AD2+,F Flip,,1001,accuracy,0.7554286473205392,True,,69,fairness_defended_min_risk,0.0035122795407933486
main,adult,IID,GuardFed-AD2+,F Flip,,1001,aeod,0.003045152917400442,True,,69,fairness_defended_min_risk,0.0035122795407933486
main,adult,IID,GuardFed-AD2+,F Flip,,1001,aspd,0.00046712662339290696,True,,69,fairness_defended_min_risk,0.0035122795407933486
main,adult,IID,GuardFed-AD2+,F Flip,,2024,accuracy,0.7879009230360582,True,,65,fairness_defended_min_risk,0.0445816244925517
main,adult,IID,GuardFed-AD2+,F Flip,,2024,aeod,0.013911396389114677,True,,65,fairness_defended_min_risk,0.0445816244925517
main,adult,IID,GuardFed-AD2+,F Flip,,2024,aspd,0.030670228103437024,True,,65,fairness_defended_min_risk,0.0445816244925517
main,adult,IID,GuardFed-AD2+,F Flip,,3141,accuracy,0.8066272660867255,True,,64,fairness_defended_min_risk,0.05232135861508333
main,adult,IID,GuardFed-AD2+,F Flip,,3141,aeod,0.004608000109673466,True,,64,fairness_defended_min_risk,0.05232135861508333
main,adult,IID,GuardFed-AD2+,F Flip,,3141,aspd,0.047713358505409864,True,,64,fairness_defended_min_risk,0.05232135861508333
main,adult,IID,GuardFed-AD2+,F Flip,,4242,accuracy,0.7549638090178631,False,degenerate_positive_rate,70,fairness_defended_min_risk,0.0103263291030684
main,adult,IID,GuardFed-AD2+,F Flip,,4242,aeod,0.009499323394554369,False,degenerate_positive_rate,70,fairness_defended_min_risk,0.0103263291030684
main,adult,IID,GuardFed-AD2+,F Flip,,4242,aspd,0.0008270057085140302,False,degenerate_positive_rate,70,fairness_defended_min_risk,0.0103263291030684
main,adult,IID,GuardFed-AD2+,F Flip,,5050,accuracy,0.8160568430838702,True,,61,fairness_defended_min_risk,0.06899498436806353
main,adult,IID,GuardFed-AD2+,F Flip,,5050,aeod,0.004992999746951277,True,,61,fairness_defended_min_risk,0.06899498436806353
main,adult,IID,GuardFed-AD2+,F Flip,,5050,aspd,0.06400198462111226,True,,61,fairness_defended_min_risk,0.06899498436806353
main,adult,IID,GuardFed-AD2+,F Flip,,6060,accuracy,0.8174513579918985,True,,61,fairness_defended_min_risk,0.06436384184259587
main,adult,IID,GuardFed-AD2+,F Flip,,6060,aeod,0.0007111640184137014,True,,61,fairness_defended_min_risk,0.06436384184259587
main,adult,IID,GuardFed-AD2+,F Flip,,6060,aspd,0.06365267782418217,True,,61,fairness_defended_min_risk,0.06436384184259587
main,adult,IID,GuardFed-AD2+,F Flip,,7070,accuracy,0.8110100272262435,True,,65,fairness_defended_min_risk,0.06329815574207778
main,adult,IID,GuardFed-AD2+,F Flip,,7070,aeod,0.010311592658959423,True,,65,fairness_defended_min_risk,0.06329815574207778
main,adult,IID,GuardFed-AD2+,F Flip,,7070,aspd,0.05298656308311837,True,,65,fairness_defended_min_risk,0.06329815574207778
main,adult,IID,Huber-BRFL,Benign,,123,accuracy,0.8292715319742346,True,,,,
main,adult,IID,Huber-BRFL,Benign,,123,aeod,0.07314079162551523,True,,,,
main,adult,IID,Huber-BRFL,Benign,,123,aspd,0.11582132295315184,True,,,,
main,adult,IID,Huber-BRFL,Benign,,456,accuracy,0.8331230493392655,True,,,,
main,adult,IID,Huber-BRFL,Benign,,456,aeod,0.013285343566479035,True,,,,
main,adult,IID,Huber-BRFL,Benign,,456,aspd,0.13997216057728945,True,,,,
main,adult,IID,Huber-BRFL,Benign,,789,accuracy,0.8371073776479182,True,,,,
main,adult,IID,Huber-BRFL,Benign,,789,aeod,0.11536622662083984,True,,,,
main,adult,IID,Huber-BRFL,Benign,,789,aspd,0.09655849350149329,True,,,,
main,adult,IID,Huber-BRFL,Benign,,1001,accuracy,0.825818447440069,True,,,,
main,adult,IID,Huber-BRFL,Benign,,1001,aeod,0.0923667824140848,True,,,,
main,adult,IID,Huber-BRFL,Benign,,1001,aspd,0.10037783793215835,True,,,,
main,adult,IID,Huber-BRFL,Benign,,2024,accuracy,0.8309980742413174,True,,,,
main,adult,IID,Huber-BRFL,Benign,,2024,aeod,0.03716960147967813,True,,,,
main,adult,IID,Huber-BRFL,Benign,,2024,aspd,0.09341736035521925,True,,,,
main,adult,IID,Huber-BRFL,Benign,,3141,accuracy,0.8267481240454213,True,,,,
main,adult,IID,Huber-BRFL,Benign,,3141,aeod,0.06445944965615646,True,,,,
main,adult,IID,Huber-BRFL,Benign,,3141,aspd,0.10315487912704918,True,,,,
main,adult,IID,Huber-BRFL,Benign,,4242,accuracy,0.833986320472807,True,,,,
main,adult,IID,Huber-BRFL,Benign,,4242,aeod,0.026056021445736433,True,,,,
main,adult,IID,Huber-BRFL,Benign,,4242,aspd,0.09969770076604753,True,,,,
main,adult,IID,Huber-BRFL,Benign,,5050,accuracy,0.8367753502888639,True,,,,
main,adult,IID,Huber-BRFL,Benign,,5050,aeod,0.06262070509770368,True,,,,
main,adult,IID,Huber-BRFL,Benign,,5050,aspd,0.10494145540245733,True,,,,
main,adult,IID,Huber-BRFL,Benign,,6060,accuracy,0.8298027757487217,True,,,,
main,adult,IID,Huber-BRFL,Benign,,6060,aeod,0.029122309358061704,True,,,,
main,adult,IID,Huber-BRFL,Benign,,6060,aspd,0.10744476059665262,True,,,,
main,adult,IID,Huber-BRFL,Benign,,7070,accuracy,0.8159904376120592,True,,,,
main,adult,IID,Huber-BRFL,Benign,,7070,aeod,0.05498126125652686,True,,,,
main,adult,IID,Huber-BRFL,Benign,,7070,aspd,0.07910145901990516,True,,,,
main,adult,IID,Huber-BRFL,F Flip,,123,accuracy,0.828009828009828,True,,70,unprotected_max_risk,0.16847400414827576
main,adult,IID,Huber-BRFL,F Flip,,123,aeod,0.02496157143828215,True,,70,unprotected_max_risk,0.16847400414827576
main,adult,IID,Huber-BRFL,F Flip,,123,aspd,0.14351243270999361,True,,70,unprotected_max_risk,0.16847400414827576
main,adult,IID,Huber-BRFL,F Flip,,456,accuracy,0.8349824025499701,True,,62,unprotected_max_risk,0.22282655384979405
main,adult,IID,Huber-BRFL,F Flip,,456,aeod,0.06205462996336797,True,,62,unprotected_max_risk,0.22282655384979405
main,adult,IID,Huber-BRFL,F Flip,,456,aspd,0.16077192388642608,True,,62,unprotected_max_risk,0.22282655384979405
main,adult,IID,Huber-BRFL,F Flip,,789,accuracy,0.8383690816123248,True,,70,unprotected_max_risk,0.16922680501518347
main,adult,IID,Huber-BRFL,F Flip,,789,aeod,0.036666360114037566,True,,70,unprotected_max_risk,0.16922680501518347
main,adult,IID,Huber-BRFL,F Flip,,789,aspd,0.1325604449011459,True,,70,unprotected_max_risk,0.16922680501518347
main,adult,IID,Huber-BRFL,F Flip,,1001,accuracy,0.8181154127100073,True,,68,unprotected_max_risk,0.13345017795997005
main,adult,IID,Huber-BRFL,F Flip,,1001,aeod,0.006803754717530697,True,,68,unprotected_max_risk,0.13345017795997005
main,adult,IID,Huber-BRFL,F Flip,,1001,aspd,0.12664642324243935,True,,68,unprotected_max_risk,0.13345017795997005
main,adult,IID,Huber-BRFL,F Flip,,2024,accuracy,0.8246895544192842,True,,61,unprotected_max_risk,0.16642433871283474
main,adult,IID,Huber-BRFL,F Flip,,2024,aeod,0.05057547163883608,True,,61,unprotected_max_risk,0.16642433871283474
main,adult,IID,Huber-BRFL,F Flip,,2024,aspd,0.11584886707399868,True,,61,unprotected_max_risk,0.16642433871283474
main,adult,IID,Huber-BRFL,F Flip,,3141,accuracy,0.8331230493392655,True,,62,unprotected_max_risk,0.3110587387743685
main,adult,IID,Huber-BRFL,F Flip,,3141,aeod,0.15775103090221865,True,,62,unprotected_max_risk,0.3110587387743685
main,adult,IID,Huber-BRFL,F Flip,,3141,aspd,0.15330770787214984,True,,62,unprotected_max_risk,0.3110587387743685
main,adult,IID,Huber-BRFL,F Flip,,4242,accuracy,0.8293379374460456,True,,64,unprotected_max_risk,0.17406116581002654
main,adult,IID,Huber-BRFL,F Flip,,4242,aeod,0.03535142070007091,True,,64,unprotected_max_risk,0.17406116581002654
main,adult,IID,Huber-BRFL,F Flip,,4242,aspd,0.13870974510995562,True,,64,unprotected_max_risk,0.17406116581002654
main,adult,IID,Huber-BRFL,F Flip,,5050,accuracy,0.834517564247294,True,,70,unprotected_max_risk,0.16166753163641268
main,adult,IID,Huber-BRFL,F Flip,,5050,aeod,0.034598557907886796,True,,70,unprotected_max_risk,0.16166753163641268
main,adult,IID,Huber-BRFL,F Flip,,5050,aspd,0.12706897372852588,True,,70,unprotected_max_risk,0.16166753163641268
main,adult,IID,Huber-BRFL,F Flip,,6060,accuracy,0.8333886712265091,True,,62,unprotected_max_risk,0.19262929590279532
main,adult,IID,Huber-BRFL,F Flip,,6060,aeod,0.034170717064680556,True,,62,unprotected_max_risk,0.19262929590279532
main,adult,IID,Huber-BRFL,F Flip,,6060,aspd,0.15845857883811476,True,,62,unprotected_max_risk,0.19262929590279532
main,adult,IID,Huber-BRFL,F Flip,,7070,accuracy,0.8201739823361445,True,,70,unprotected_max_risk,0.20516157600545276
main,adult,IID,Huber-BRFL,F Flip,,7070,aeod,0.10027526902849282,True,,70,unprotected_max_risk,0.20516157600545276
main,adult,IID,Huber-BRFL,F Flip,,7070,aspd,0.10488630697695993,True,,70,unprotected_max_risk,0.20516157600545276
main,adult,IID,LASA,Benign,,123,accuracy,0.8282090444252607,True,,,,
main,adult,IID,LASA,Benign,,123,aeod,0.07123178748933967,True,,,,
main,adult,IID,LASA,Benign,,123,aspd,0.11525790224376856,True,,,,
main,adult,IID,LASA,Benign,,456,accuracy,0.8333886712265091,True,,,,
main,adult,IID,LASA,Benign,,456,aeod,0.01694398255277607,True,,,,
main,adult,IID,LASA,Benign,,456,aspd,0.1393249038292908,True,,,,
main,adult,IID,LASA,Benign,,789,accuracy,0.836111295570755,True,,,,
main,adult,IID,LASA,Benign,,789,aeod,0.10809407471849042,True,,,,
main,adult,IID,LASA,Benign,,789,aspd,0.0971026553936785,True,,,,
main,adult,IID,LASA,Benign,,1001,accuracy,0.8284746663125041,True,,,,
main,adult,IID,LASA,Benign,,1001,aeod,0.10379795858797669,True,,,,
main,adult,IID,LASA,Benign,,1001,aspd,0.10022980583621607,True,,,,
main,adult,IID,LASA,Benign,,2024,accuracy,0.828541071784315,True,,,,
main,adult,IID,LASA,Benign,,2024,aeod,0.02823863808377569,True,,,,
main,adult,IID,LASA,Benign,,2024,aspd,0.09212096110003795,True,,,,
main,adult,IID,LASA,Benign,,3141,accuracy,0.8278106115943954,True,,,,
main,adult,IID,LASA,Benign,,3141,aeod,0.05741464175326777,True,,,,
main,adult,IID,LASA,Benign,,3141,aspd,0.1055739671185387,True,,,,
main,adult,IID,LASA,Benign,,4242,accuracy,0.8370409721761073,True,,,,
main,adult,IID,LASA,Benign,,4242,aeod,0.04289432902388879,True,,,,
main,adult,IID,LASA,Benign,,4242,aspd,0.11374775017895654,True,,,,
main,adult,IID,LASA,Benign,,5050,accuracy,0.8358456736835115,True,,,,
main,adult,IID,LASA,Benign,,5050,aeod,0.06759828201052065,True,,,,
main,adult,IID,LASA,Benign,,5050,aspd,0.09618425054854528,True,,,,
main,adult,IID,LASA,Benign,,6060,accuracy,0.8336542931137526,True,,,,
main,adult,IID,LASA,Benign,,6060,aeod,0.003306198665525062,True,,,,
main,adult,IID,LASA,Benign,,6060,aspd,0.12275078580989485,True,,,,
main,adult,IID,LASA,Benign,,7070,accuracy,0.816123248555681,True,,,,
main,adult,IID,LASA,Benign,,7070,aeod,0.060367257665862595,True,,,,
main,adult,IID,LASA,Benign,,7070,aspd,0.08072979201400245,True,,,,
main,adult,IID,LASA,F Flip,,123,accuracy,0.8268145295172322,True,,70,unprotected_max_risk,0.1873198590265005
main,adult,IID,LASA,F Flip,,123,aeod,0.054732211046062296,True,,70,unprotected_max_risk,0.1873198590265005
main,adult,IID,LASA,F Flip,,123,aspd,0.1325876479804382,True,,70,unprotected_max_risk,0.1873198590265005
main,adult,IID,LASA,F Flip,,456,accuracy,0.8360448900989441,True,,69,unprotected_max_risk,0.24342261973874343
main,adult,IID,LASA,F Flip,,456,aeod,0.070145905723071,True,,69,unprotected_max_risk,0.24342261973874343
main,adult,IID,LASA,F Flip,,456,aspd,0.17327671401567243,True,,69,unprotected_max_risk,0.24342261973874343
main,adult,IID,LASA,F Flip,,789,accuracy,0.8385682980277575,True,,62,unprotected_max_risk,0.1782909818935759
main,adult,IID,LASA,F Flip,,789,aeod,0.0316242357842883,True,,62,unprotected_max_risk,0.1782909818935759
main,adult,IID,LASA,F Flip,,789,aspd,0.1466667461092876,True,,62,unprotected_max_risk,0.1782909818935759
main,adult,IID,LASA,F Flip,,1001,accuracy,0.8198419549770901,True,,69,unprotected_max_risk,0.15183928898514615
main,adult,IID,LASA,F Flip,,1001,aeod,0.028779579710633385,True,,69,unprotected_max_risk,0.15183928898514615
main,adult,IID,LASA,F Flip,,1001,aspd,0.12305970927451276,True,,69,unprotected_max_risk,0.15183928898514615
main,adult,IID,LASA,F Flip,,2024,accuracy,0.8342519423600505,True,,70,unprotected_max_risk,0.16156344485017232
main,adult,IID,LASA,F Flip,,2024,aeod,0.04521232387266216,True,,70,unprotected_max_risk,0.16156344485017232
main,adult,IID,LASA,F Flip,,2024,aspd,0.11635112097751014,True,,70,unprotected_max_risk,0.16156344485017232
main,adult,IID,LASA,F Flip,,3141,accuracy,0.8351816189654028,True,,68,unprotected_max_risk,0.3515062104996724
main,adult,IID,LASA,F Flip,,3141,aeod,0.19052169735715463,True,,68,unprotected_max_risk,0.3515062104996724
main,adult,IID,LASA,F Flip,,3141,aspd,0.16098451314251777,True,,68,unprotected_max_risk,0.3515062104996724
main,adult,IID,LASA,F Flip,,4242,accuracy,0.8317285344312372,True,,61,unprotected_max_risk,0.16470978511811646
main,adult,IID,LASA,F Flip,,4242,aeod,0.024056765169071292,True,,61,unprotected_max_risk,0.16470978511811646
main,adult,IID,LASA,F Flip,,4242,aspd,0.14065301994904517,True,,61,unprotected_max_risk,0.16470978511811646
main,adult,IID,LASA,F Flip,,5050,accuracy,0.8336542931137526,True,,70,unprotected_max_risk,0.16904723255927825
main,adult,IID,LASA,F Flip,,5050,aeod,0.040302721673251884,True,,70,unprotected_max_risk,0.16904723255927825
main,adult,IID,LASA,F Flip,,5050,aspd,0.12874451088602637,True,,70,unprotected_max_risk,0.16904723255927825
main,adult,IID,LASA,F Flip,,6060,accuracy,0.8313965070721827,True,,65,unprotected_max_risk,0.18350582917366937
main,adult,IID,LASA,F Flip,,6060,aeod,0.05121009270265742,True,,65,unprotected_max_risk,0.18350582917366937
main,adult,IID,LASA,F Flip,,6060,aspd,0.13229573647101195,True,,65,unprotected_max_risk,0.18350582917366937
main,adult,IID,LASA,F Flip,,7070,accuracy,0.8187130619563052,True,,67,unprotected_max_risk,0.20638703641044073
main,adult,IID,LASA,F Flip,,7070,aeod,0.10143426645287956,True,,67,unprotected_max_risk,0.20638703641044073
main,adult,IID,LASA,F Flip,,7070,aspd,0.10495276995756117,True,,67,unprotected_max_risk,0.20638703641044073
main,adult,IID,LayerGuard,Benign,,123,accuracy,0.8299355866923435,True,,,,
main,adult,IID,LayerGuard,Benign,,123,aeod,0.07268610362659378,True,,,,
main,adult,IID,LayerGuard,Benign,,123,aspd,0.11884461621169515,True,,,,
main,adult,IID,LayerGuard,Benign,,456,accuracy,0.8329902383956438,True,,,,
main,adult,IID,LayerGuard,Benign,,456,aeod,0.0320343689290441,True,,,,
main,adult,IID,LayerGuard,Benign,,456,aspd,0.15057596502021034,True,,,,
main,adult,IID,LayerGuard,Benign,,789,accuracy,0.8363105119861877,True,,,,
main,adult,IID,LayerGuard,Benign,,789,aeod,0.08516317644122107,True,,,,
main,adult,IID,LayerGuard,Benign,,789,aspd,0.11131696646827277,True,,,,
main,adult,IID,LayerGuard,Benign,,1001,accuracy,0.8245567434756624,True,,,,
main,adult,IID,LayerGuard,Benign,,1001,aeod,0.11279689669728565,True,,,,
main,adult,IID,LayerGuard,Benign,,1001,aspd,0.1005753411147782,True,,,,
main,adult,IID,LayerGuard,Benign,,2024,accuracy,0.8292051265024238,True,,,,
main,adult,IID,LayerGuard,Benign,,2024,aeod,0.04319021895283526,True,,,,
main,adult,IID,LayerGuard,Benign,,2024,aspd,0.10625938039811104,True,,,,
main,adult,IID,LayerGuard,Benign,,3141,accuracy,0.8252872036655821,True,,,,
main,adult,IID,LayerGuard,Benign,,3141,aeod,0.07477675447590637,True,,,,
main,adult,IID,LayerGuard,Benign,,3141,aspd,0.10285050957024791,True,,,,
main,adult,IID,LayerGuard,Benign,,4242,accuracy,0.8356464572680788,True,,,,
main,adult,IID,LayerGuard,Benign,,4242,aeod,0.03168992563337869,True,,,,
main,adult,IID,LayerGuard,Benign,,4242,aspd,0.12125160725863214,True,,,,
main,adult,IID,LayerGuard,Benign,,5050,accuracy,0.8337206985855634,True,,,,
main,adult,IID,LayerGuard,Benign,,5050,aeod,0.07146198756919564,True,,,,
main,adult,IID,LayerGuard,Benign,,5050,aspd,0.09150467894969953,True,,,,
main,adult,IID,LayerGuard,Benign,,6060,accuracy,0.8298691812205325,True,,,,
main,adult,IID,LayerGuard,Benign,,6060,aeod,0.0060548904378999735,True,,,,
main,adult,IID,LayerGuard,Benign,,6060,aspd,0.1292932066247603,True,,,,
main,adult,IID,LayerGuard,Benign,,7070,accuracy,0.8146623281758417,True,,,,
main,adult,IID,LayerGuard,Benign,,7070,aeod,0.060616879092406206,True,,,,
main,adult,IID,LayerGuard,Benign,,7070,aspd,0.07640367989454513,True,,,,
main,adult,IID,LayerGuard,F Flip,,123,accuracy,0.8272129623480975,True,,65,unprotected_max_risk,0.17301236645795978
main,adult,IID,LayerGuard,F Flip,,123,aeod,0.021597679948773263,True,,65,unprotected_max_risk,0.17301236645795978
main,adult,IID,LayerGuard,F Flip,,123,aspd,0.15141468650918652,True,,65,unprotected_max_risk,0.17301236645795978
main,adult,IID,LayerGuard,F Flip,,456,accuracy,0.8277442061225845,True,,70,unprotected_max_risk,0.3318174969691393
main,adult,IID,LayerGuard,F Flip,,456,aeod,0.12059856590491191,True,,70,unprotected_max_risk,0.3318174969691393
main,adult,IID,LayerGuard,F Flip,,456,aspd,0.2112189310642274,True,,70,unprotected_max_risk,0.3318174969691393
main,adult,IID,LayerGuard,F Flip,,789,accuracy,0.8353144299090245,True,,69,unprotected_max_risk,0.2135062446842954
main,adult,IID,LayerGuard,F Flip,,789,aeod,0.11570724262003107,True,,69,unprotected_max_risk,0.2135062446842954
main,adult,IID,LayerGuard,F Flip,,789,aspd,0.09779900206426434,True,,69,unprotected_max_risk,0.2135062446842954
main,adult,IID,LayerGuard,F Flip,,1001,accuracy,0.8124045421342718,True,,68,unprotected_max_risk,0.17501526041850854
main,adult,IID,LayerGuard,F Flip,,1001,aeod,0.015309733350622134,True,,68,unprotected_max_risk,0.17501526041850854
main,adult,IID,LayerGuard,F Flip,,1001,aspd,0.1597055270678864,True,,68,unprotected_max_risk,0.17501526041850854
main,adult,IID,LayerGuard,F Flip,,2024,accuracy,0.8305996414104522,True,,67,unprotected_max_risk,0.16589988282313015
main,adult,IID,LayerGuard,F Flip,,2024,aeod,0.036257369401439754,True,,67,unprotected_max_risk,0.16589988282313015
main,adult,IID,LayerGuard,F Flip,,2024,aspd,0.1296425134216904,True,,67,unprotected_max_risk,0.16589988282313015
main,adult,IID,LayerGuard,F Flip,,3141,accuracy,0.8351816189654028,True,,66,unprotected_max_risk,0.32853259432777454
main,adult,IID,LayerGuard,F Flip,,3141,aeod,0.17440883419939207,True,,66,unprotected_max_risk,0.32853259432777454
main,adult,IID,LayerGuard,F Flip,,3141,aspd,0.15412376012838247,True,,66,unprotected_max_risk,0.32853259432777454
main,adult,IID,LayerGuard,F Flip,,4242,accuracy,0.8349824025499701,True,,69,unprotected_max_risk,0.18096472427456353
main,adult,IID,LayerGuard,F Flip,,4242,aeod,0.018353743835864522,True,,69,unprotected_max_risk,0.18096472427456353
main,adult,IID,LayerGuard,F Flip,,4242,aspd,0.162610980438699,True,,69,unprotected_max_risk,0.18096472427456353
main,adult,IID,LayerGuard,F Flip,,5050,accuracy,0.8291387210306129,True,,68,unprotected_max_risk,0.18497225001701015
main,adult,IID,LayerGuard,F Flip,,5050,aeod,0.049164567923589586,True,,68,unprotected_max_risk,0.18497225001701015
main,adult,IID,LayerGuard,F Flip,,5050,aspd,0.13580768209342056,True,,68,unprotected_max_risk,0.18497225001701015
main,adult,IID,LayerGuard,F Flip,,6060,accuracy,0.8278770170662062,True,,64,unprotected_max_risk,0.2295925785208973
main,adult,IID,LayerGuard,F Flip,,6060,aeod,0.03912658776649369,True,,64,unprotected_max_risk,0.2295925785208973
main,adult,IID,LayerGuard,F Flip,,6060,aspd,0.1904659907544036,True,,64,unprotected_max_risk,0.2295925785208973
main,adult,IID,LayerGuard,F Flip,,7070,accuracy,0.8235606613984993,True,,68,unprotected_max_risk,0.23448256339339352
main,adult,IID,LayerGuard,F Flip,,7070,aeod,0.10823116657746179,True,,68,unprotected_max_risk,0.23448256339339352
main,adult,IID,LayerGuard,F Flip,,7070,aspd,0.12625139681593173,True,,68,unprotected_max_risk,0.23448256339339352
main,adult,IID,LoGoFair,Benign,,123,accuracy,0.8212364698851186,True,,,,
main,adult,IID,LoGoFair,Benign,,123,aeod,0.007264726093321849,True,,,,
main,adult,IID,LoGoFair,Benign,,123,aspd,0.07646372326941372,True,,,,
main,adult,IID,LoGoFair,Benign,,456,accuracy,0.8110764326980543,True,,,,
main,adult,IID,LoGoFair,Benign,,456,aeod,0.00553908231852035,True,,,,
main,adult,IID,LoGoFair,Benign,,456,aspd,0.05252170338299982,True,,,,
main,adult,IID,LoGoFair,Benign,,789,accuracy,0.8012484228700445,True,,,,
main,adult,IID,LoGoFair,Benign,,789,aeod,0.005504238137698486,True,,,,
main,adult,IID,LoGoFair,Benign,,789,aspd,0.04241862818722893,True,,,,
main,adult,IID,LoGoFair,Benign,,1001,accuracy,0.8272793678199084,True,,,,
main,adult,IID,LoGoFair,Benign,,1001,aeod,0.029551863849505144,True,,,,
main,adult,IID,LoGoFair,Benign,,1001,aspd,0.09141289864898995,True,,,,
main,adult,IID,LoGoFair,Benign,,2024,accuracy,0.804236669101534,True,,,,
main,adult,IID,LoGoFair,Benign,,2024,aeod,0.09647611088675015,True,,,,
main,adult,IID,LoGoFair,Benign,,2024,aspd,0.06402463379258792,True,,,,
main,adult,IID,LoGoFair,Benign,,3141,accuracy,0.8051663457068863,True,,,,
main,adult,IID,LoGoFair,Benign,,3141,aeod,0.011175842586557794,True,,,,
main,adult,IID,LoGoFair,Benign,,3141,aspd,0.04138204241281042,True,,,,
main,adult,IID,LoGoFair,Benign,,4242,accuracy,0.8164552759147353,True,,,,
main,adult,IID,LoGoFair,Benign,,4242,aeod,0.047026506139715984,True,,,,
main,adult,IID,LoGoFair,Benign,,4242,aspd,0.07327729178018837,True,,,,
main,adult,IID,LoGoFair,Benign,,5050,accuracy,0.8154591938375723,True,,,,
main,adult,IID,LoGoFair,Benign,,5050,aeod,0.04274067189862518,True,,,,
main,adult,IID,LoGoFair,Benign,,5050,aspd,0.05751848375011219,True,,,,
main,adult,IID,LoGoFair,Benign,,6060,accuracy,0.8151935719503287,True,,,,
main,adult,IID,LoGoFair,Benign,,6060,aeod,0.0005615054057033775,True,,,,
main,adult,IID,LoGoFair,Benign,,6060,aspd,0.06259003246274253,True,,,,
main,adult,IID,LoGoFair,Benign,,7070,accuracy,0.8076233481638887,True,,,,
main,adult,IID,LoGoFair,Benign,,7070,aeod,0.007437233349194106,True,,,,
main,adult,IID,LoGoFair,Benign,,7070,aspd,0.05208894171154473,True,,,,
main,adult,IID,LoGoFair,F Flip,,123,accuracy,0.8213692808287403,True,,64,unprotected_max_risk,0.09645299851007047
main,adult,IID,LoGoFair,F Flip,,123,aeod,0.02639989352532285,True,,64,unprotected_max_risk,0.09645299851007047
main,adult,IID,LoGoFair,F Flip,,123,aspd,0.07005310498474762,True,,64,unprotected_max_risk,0.09645299851007047
main,adult,IID,LoGoFair,F Flip,,456,accuracy,0.8168537087456006,True,,63,unprotected_max_risk,0.09996002243202724
main,adult,IID,LoGoFair,F Flip,,456,aeod,0.031595674980335886,True,,63,unprotected_max_risk,0.09996002243202724
main,adult,IID,LoGoFair,F Flip,,456,aspd,0.06836434745169136,True,,63,unprotected_max_risk,0.09996002243202724
main,adult,IID,LoGoFair,F Flip,,789,accuracy,0.8295371538614782,True,,69,unprotected_max_risk,0.12642246714928207
main,adult,IID,LoGoFair,F Flip,,789,aeod,0.04860192008572811,True,,69,unprotected_max_risk,0.12642246714928207
main,adult,IID,LoGoFair,F Flip,,789,aspd,0.07782054706355397,True,,69,unprotected_max_risk,0.12642246714928207
main,adult,IID,LoGoFair,F Flip,,1001,accuracy,0.8183810345972509,True,,65,unprotected_max_risk,0.08305287976765083
main,adult,IID,LoGoFair,F Flip,,1001,aeod,0.012665574120712841,True,,65,unprotected_max_risk,0.08305287976765083
main,adult,IID,LoGoFair,F Flip,,1001,aspd,0.07038730564693799,True,,65,unprotected_max_risk,0.08305287976765083
main,adult,IID,LoGoFair,F Flip,,2024,accuracy,0.8026429377780729,True,,65,unprotected_max_risk,0.1685279734359043
main,adult,IID,LoGoFair,F Flip,,2024,aeod,0.1039527581453985,True,,65,unprotected_max_risk,0.1685279734359043
main,adult,IID,LoGoFair,F Flip,,2024,aspd,0.0645752152905058,True,,65,unprotected_max_risk,0.1685279734359043
main,adult,IID,LoGoFair,F Flip,,3141,accuracy,0.8050999402350754,True,,66,unprotected_max_risk,0.056943456952109256
main,adult,IID,LoGoFair,F Flip,,3141,aeod,0.014766506859448275,True,,66,unprotected_max_risk,0.056943456952109256
main,adult,IID,LoGoFair,F Flip,,3141,aspd,0.04217695009266098,True,,66,unprotected_max_risk,0.056943456952109256
main,adult,IID,LoGoFair,F Flip,,4242,accuracy,0.8172521415764659,True,,70,unprotected_max_risk,0.14951672032175978
main,adult,IID,LoGoFair,F Flip,,4242,aeod,0.0697751864877694,True,,70,unprotected_max_risk,0.14951672032175978
main,adult,IID,LoGoFair,F Flip,,4242,aspd,0.07974153383399037,True,,70,unprotected_max_risk,0.14951672032175978
main,adult,IID,LoGoFair,F Flip,,5050,accuracy,0.8281426389534498,True,,70,unprotected_max_risk,0.12527609615968344
main,adult,IID,LoGoFair,F Flip,,5050,aeod,0.043056554390338175,True,,70,unprotected_max_risk,0.12527609615968344
main,adult,IID,LoGoFair,F Flip,,5050,aspd,0.08221954176934526,True,,70,unprotected_max_risk,0.12527609615968344
main,adult,IID,LoGoFair,F Flip,,6060,accuracy,0.8156584102530049,True,,63,unprotected_max_risk,0.11890228369270783
main,adult,IID,LoGoFair,F Flip,,6060,aeod,0.04823062963434743,True,,63,unprotected_max_risk,0.11890228369270783
main,adult,IID,LoGoFair,F Flip,,6060,aspd,0.0706716540583604,True,,63,unprotected_max_risk,0.11890228369270783
main,adult,IID,LoGoFair,F Flip,,7070,accuracy,0.8041702636297231,True,,69,unprotected_max_risk,0.08816389968927438
main,adult,IID,LoGoFair,F Flip,,7070,aeod,0.05796757891778542,True,,69,unprotected_max_risk,0.08816389968927438
main,adult,IID,LoGoFair,F Flip,,7070,aspd,0.030196320771488955,True,,69,unprotected_max_risk,0.08816389968927438
main,adult,IID,Median,Benign,,123,accuracy,0.8331894548110764,True,,,,
main,adult,IID,Median,Benign,,123,aeod,0.04487016544131306,True,,,,
main,adult,IID,Median,Benign,,123,aspd,0.1200632178699034,True,,,,
main,adult,IID,Median,Benign,,456,accuracy,0.8313965070721827,True,,,,
main,adult,IID,Median,Benign,,456,aeod,0.01703537712542369,True,,,,
main,adult,IID,Median,Benign,,456,aspd,0.14868631395025664,True,,,,
main,adult,IID,Median,Benign,,789,accuracy,0.8367753502888639,True,,,,
main,adult,IID,Median,Benign,,789,aeod,0.1162984512618449,True,,,,
main,adult,IID,Median,Benign,,789,aspd,0.09415413048065314,True,,,,
main,adult,IID,Median,Benign,,1001,accuracy,0.8303340195232087,True,,,,
main,adult,IID,Median,Benign,,1001,aeod,0.07820862067882184,True,,,,
main,adult,IID,Median,Benign,,1001,aspd,0.11170970591023807,True,,,,
main,adult,IID,Median,Benign,,2024,accuracy,0.8348495916063484,True,,,,
main,adult,IID,Median,Benign,,2024,aeod,0.09841310461079911,True,,,,
main,adult,IID,Median,Benign,,2024,aspd,0.10094200090845445,True,,,,
main,adult,IID,Median,Benign,,3141,accuracy,0.8269473404608539,True,,,,
main,adult,IID,Median,Benign,,3141,aeod,0.04100645988263796,True,,,,
main,adult,IID,Median,Benign,,3141,aspd,0.09981249134105524,True,,,,
main,adult,IID,Median,Benign,,4242,accuracy,0.8255528255528255,True,,,,
main,adult,IID,Median,Benign,,4242,aeod,0.027031658508749,True,,,,
main,adult,IID,Median,Benign,,4242,aspd,0.10381196589632603,True,,,,
main,adult,IID,Median,Benign,,5050,accuracy,0.8134670296832459,True,,,,
main,adult,IID,Median,Benign,,5050,aeod,0.08930335058215488,True,,,,
main,adult,IID,Median,Benign,,5050,aspd,0.04937683884089365,True,,,,
main,adult,IID,Median,Benign,,6060,accuracy,0.8294043429178565,True,,,,
main,adult,IID,Median,Benign,,6060,aeod,0.006282805653439749,True,,,,
main,adult,IID,Median,Benign,,6060,aspd,0.11704784881218636,True,,,,
main,adult,IID,Median,Benign,,7070,accuracy,0.8171857361046551,True,,,,
main,adult,IID,Median,Benign,,7070,aeod,0.07363946326252352,True,,,,
main,adult,IID,Median,Benign,,7070,aspd,0.08878611635077993,True,,,,
main,adult,IID,Median,F Flip,,123,accuracy,0.8329902383956438,True,,70,unprotected_max_risk,0.18036264737488855
main,adult,IID,Median,F Flip,,123,aeod,0.05525544497446955,True,,70,unprotected_max_risk,0.18036264737488855
main,adult,IID,Median,F Flip,,123,aspd,0.125107202400419,True,,70,unprotected_max_risk,0.18036264737488855
main,adult,IID,Median,F Flip,,456,accuracy,0.8344511587754831,True,,70,unprotected_max_risk,0.21525914019173464
main,adult,IID,Median,F Flip,,456,aeod,0.05166935043021137,True,,70,unprotected_max_risk,0.21525914019173464
main,adult,IID,Median,F Flip,,456,aspd,0.16358978976152327,True,,70,unprotected_max_risk,0.21525914019173464
main,adult,IID,Median,F Flip,,789,accuracy,0.8373065940633508,True,,69,unprotected_max_risk,0.1875545737093628
main,adult,IID,Median,F Flip,,789,aeod,0.0629605786647367,True,,69,unprotected_max_risk,0.1875545737093628
main,adult,IID,Median,F Flip,,789,aspd,0.1245939950446261,True,,69,unprotected_max_risk,0.1875545737093628
main,adult,IID,Median,F Flip,,1001,accuracy,0.828541071784315,True,,70,unprotected_max_risk,0.1539210420827153
main,adult,IID,Median,F Flip,,1001,aeod,0.022666425232670595,True,,70,unprotected_max_risk,0.1539210420827153
main,adult,IID,Median,F Flip,,1001,aspd,0.1312546168500447,True,,70,unprotected_max_risk,0.1539210420827153
main,adult,IID,Median,F Flip,,2024,accuracy,0.8315957234876153,True,,70,unprotected_max_risk,0.17338656516756668
main,adult,IID,Median,F Flip,,2024,aeod,0.05982460239076781,True,,70,unprotected_max_risk,0.17338656516756668
main,adult,IID,Median,F Flip,,2024,aspd,0.11356196277679885,True,,70,unprotected_max_risk,0.17338656516756668
main,adult,IID,Median,F Flip,,3141,accuracy,0.8348495916063484,True,,62,unprotected_max_risk,0.2976645072154875
main,adult,IID,Median,F Flip,,3141,aeod,0.1472063820830079,True,,62,unprotected_max_risk,0.2976645072154875
main,adult,IID,Median,F Flip,,3141,aspd,0.15045812513247958,True,,62,unprotected_max_risk,0.2976645072154875
main,adult,IID,Median,F Flip,,4242,accuracy,0.8283418553688824,True,,67,unprotected_max_risk,0.1849627972659802
main,adult,IID,Median,F Flip,,4242,aeod,0.04850938308092245,True,,67,unprotected_max_risk,0.1849627972659802
main,adult,IID,Median,F Flip,,4242,aspd,0.13645341418505774,True,,67,unprotected_max_risk,0.1849627972659802
main,adult,IID,Median,F Flip,,5050,accuracy,0.8193771166744139,True,,69,unprotected_max_risk,0.15253325649223443
main,adult,IID,Median,F Flip,,5050,aeod,0.08468849587953281,True,,69,unprotected_max_risk,0.15253325649223443
main,adult,IID,Median,F Flip,,5050,aspd,0.06784476061270162,True,,69,unprotected_max_risk,0.15253325649223443
main,adult,IID,Median,F Flip,,6060,accuracy,0.83345507669832,True,,61,unprotected_max_risk,0.181636510231286
main,adult,IID,Median,F Flip,,6060,aeod,0.02980719743683924,True,,61,unprotected_max_risk,0.181636510231286
main,adult,IID,Median,F Flip,,6060,aspd,0.15182931279444675,True,,61,unprotected_max_risk,0.181636510231286
main,adult,IID,Median,F Flip,,7070,accuracy,0.8162560594993027,True,,69,unprotected_max_risk,0.19531155726246865
main,adult,IID,Median,F Flip,,7070,aeod,0.09732036825158186,True,,69,unprotected_max_risk,0.19531155726246865
main,adult,IID,Median,F Flip,,7070,aspd,0.0979911890108868,True,,69,unprotected_max_risk,0.19531155726246865
main,adult,IID,SmartFL,Benign,,123,accuracy,0.8302676140513978,True,,,,
main,adult,IID,SmartFL,Benign,,123,aeod,0.07180014748799168,True,,,,
main,adult,IID,SmartFL,Benign,,123,aspd,0.11497052458089102,True,,,,
main,adult,IID,SmartFL,Benign,,456,accuracy,0.8311972906567501,True,,,,
main,adult,IID,SmartFL,Benign,,456,aeod,0.00600919315157622,True,,,,
main,adult,IID,SmartFL,Benign,,456,aspd,0.12705009607541817,True,,,,
main,adult,IID,SmartFL,Benign,,789,accuracy,0.8357128627398898,True,,,,
main,adult,IID,SmartFL,Benign,,789,aeod,0.110570867637239,True,,,,
main,adult,IID,SmartFL,Benign,,789,aspd,0.10069390320815383,True,,,,
main,adult,IID,SmartFL,Benign,,1001,accuracy,0.8272793678199084,True,,,,
main,adult,IID,SmartFL,Benign,,1001,aeod,0.09870728089150838,True,,,,
main,adult,IID,SmartFL,Benign,,1001,aspd,0.10455365103239897,True,,,,
main,adult,IID,SmartFL,Benign,,2024,accuracy,0.8282090444252607,True,,,,
main,adult,IID,SmartFL,Benign,,2024,aeod,0.030443532148897723,True,,,,
main,adult,IID,SmartFL,Benign,,2024,aspd,0.08590708366981095,True,,,,
main,adult,IID,SmartFL,Benign,,3141,accuracy,0.8289395046151803,True,,,,
main,adult,IID,SmartFL,Benign,,3141,aeod,0.0543015141224607,True,,,,
main,adult,IID,SmartFL,Benign,,3141,aspd,0.10710827294991998,True,,,,
main,adult,IID,SmartFL,Benign,,4242,accuracy,0.8348495916063484,True,,,,
main,adult,IID,SmartFL,Benign,,4242,aeod,0.029032057217572182,True,,,,
main,adult,IID,SmartFL,Benign,,4242,aspd,0.11289468488342136,True,,,,
main,adult,IID,SmartFL,Benign,,5050,accuracy,0.834517564247294,True,,,,
main,adult,IID,SmartFL,Benign,,5050,aeod,0.05239479485060128,True,,,,
main,adult,IID,SmartFL,Benign,,5050,aspd,0.09850893021322842,True,,,,
main,adult,IID,SmartFL,Benign,,6060,accuracy,0.8309980742413174,True,,,,
main,adult,IID,SmartFL,Benign,,6060,aeod,0.05396221177150673,True,,,,
main,adult,IID,SmartFL,Benign,,6060,aspd,0.0996452204891828,True,,,,
main,adult,IID,SmartFL,Benign,,7070,accuracy,0.8149943555348961,True,,,,
main,adult,IID,SmartFL,Benign,,7070,aeod,0.042709255014277525,True,,,,
main,adult,IID,SmartFL,Benign,,7070,aspd,0.07458917833419977,True,,,,
main,adult,IID,SmartFL,F Flip,,123,accuracy,0.8256856364964473,True,,62,unprotected_max_risk,0.21805766894236736
main,adult,IID,SmartFL,F Flip,,123,aeod,0.03783106969921479,True,,62,unprotected_max_risk,0.21805766894236736
main,adult,IID,SmartFL,F Flip,,123,aspd,0.18022659924315257,True,,62,unprotected_max_risk,0.21805766894236736
main,adult,IID,SmartFL,F Flip,,456,accuracy,0.8315957234876153,True,,69,unprotected_max_risk,0.3137626259376184
main,adult,IID,SmartFL,F Flip,,456,aeod,0.11130316665057738,True,,69,unprotected_max_risk,0.3137626259376184
main,adult,IID,SmartFL,F Flip,,456,aspd,0.202459459287041,True,,69,unprotected_max_risk,0.3137626259376184
main,adult,IID,SmartFL,F Flip,,789,accuracy,0.8367753502888639,True,,64,unprotected_max_risk,0.1873401888244829
main,adult,IID,SmartFL,F Flip,,789,aeod,0.08070997588896933,True,,64,unprotected_max_risk,0.1873401888244829
main,adult,IID,SmartFL,F Flip,,789,aspd,0.10663021293551356,True,,64,unprotected_max_risk,0.1873401888244829
main,adult,IID,SmartFL,F Flip,,1001,accuracy,0.8260176638555017,True,,64,unprotected_max_risk,0.1908635443823291
main,adult,IID,SmartFL,F Flip,,1001,aeod,0.05057832771923132,True,,64,unprotected_max_risk,0.1908635443823291
main,adult,IID,SmartFL,F Flip,,1001,aspd,0.1402852166630978,True,,64,unprotected_max_risk,0.1908635443823291
main,adult,IID,SmartFL,F Flip,,2024,accuracy,0.8266153131017996,True,,63,unprotected_max_risk,0.15347451847140348
main,adult,IID,SmartFL,F Flip,,2024,aeod,0.034827044339505675,True,,63,unprotected_max_risk,0.15347451847140348
main,adult,IID,SmartFL,F Flip,,2024,aspd,0.11864747413189779,True,,63,unprotected_max_risk,0.15347451847140348
main,adult,IID,SmartFL,F Flip,,3141,accuracy,0.8355136463244571,True,,68,unprotected_max_risk,0.31490104459000445
main,adult,IID,SmartFL,F Flip,,3141,aeod,0.16038719310702132,True,,68,unprotected_max_risk,0.31490104459000445
main,adult,IID,SmartFL,F Flip,,3141,aspd,0.1545138514829831,True,,68,unprotected_max_risk,0.31490104459000445
main,adult,IID,SmartFL,F Flip,,4242,accuracy,0.8299355866923435,True,,70,unprotected_max_risk,0.1628943346814604
main,adult,IID,SmartFL,F Flip,,4242,aeod,0.02396594181250289,True,,70,unprotected_max_risk,0.1628943346814604
main,adult,IID,SmartFL,F Flip,,4242,aspd,0.1389283928689575,True,,70,unprotected_max_risk,0.1628943346814604
main,adult,IID,SmartFL,F Flip,,5050,accuracy,0.8343847533036722,True,,68,unprotected_max_risk,0.16815818730625512
main,adult,IID,SmartFL,F Flip,,5050,aeod,0.045848087368641655,True,,68,unprotected_max_risk,0.16815818730625512
main,adult,IID,SmartFL,F Flip,,5050,aspd,0.12231009993761346,True,,68,unprotected_max_risk,0.16815818730625512
main,adult,IID,SmartFL,F Flip,,6060,accuracy,0.8284082608406933,True,,69,unprotected_max_risk,0.2338850553380697
main,adult,IID,SmartFL,F Flip,,6060,aeod,0.042512756683085406,True,,69,unprotected_max_risk,0.2338850553380697
main,adult,IID,SmartFL,F Flip,,6060,aspd,0.19137229865498429,True,,69,unprotected_max_risk,0.2338850553380697
main,adult,IID,SmartFL,F Flip,,7070,accuracy,0.8193771166744139,True,,70,unprotected_max_risk,0.203151868582304
main,adult,IID,SmartFL,F Flip,,7070,aeod,0.09693479739822497,True,,70,unprotected_max_risk,0.203151868582304
main,adult,IID,SmartFL,F Flip,,7070,aspd,0.10621707118407901,True,,70,unprotected_max_risk,0.203151868582304
main,adult,non-IID,AdaAggRL,Benign,,123,accuracy,0.8357792682117007,True,,,,
main,adult,non-IID,AdaAggRL,Benign,,123,aeod,0.01930424739139902,True,,,,
main,adult,non-IID,AdaAggRL,Benign,,123,aspd,0.13144606152975433,True,,,,
main,adult,non-IID,AdaAggRL,Benign,,456,accuracy,0.8367089448170529,True,,,,
main,adult,non-IID,AdaAggRL,Benign,,456,aeod,0.005919512227165691,True,,,,
main,adult,non-IID,AdaAggRL,Benign,,456,aspd,0.12133241404579242,True,,,,
main,adult,non-IID,AdaAggRL,Benign,,789,accuracy,0.8390331363304336,True,,,,
main,adult,non-IID,AdaAggRL,Benign,,789,aeod,0.023783152667207874,True,,,,
main,adult,non-IID,AdaAggRL,Benign,,789,aspd,0.1358782776952123,True,,,,
main,adult,non-IID,AdaAggRL,Benign,,1001,accuracy,0.8307988578258848,True,,,,
main,adult,non-IID,AdaAggRL,Benign,,1001,aeod,0.060709987313290914,True,,,,
main,adult,non-IID,AdaAggRL,Benign,,1001,aspd,0.11954058171819062,True,,,,
main,adult,non-IID,AdaAggRL,Benign,,2024,accuracy,0.8325918055647785,True,,,,
main,adult,non-IID,AdaAggRL,Benign,,2024,aeod,0.030621751565560462,True,,,,
main,adult,non-IID,AdaAggRL,Benign,,2024,aspd,0.11119232581071897,True,,,,
main,adult,non-IID,AdaAggRL,Benign,,3141,accuracy,0.8179826017663856,True,,,,
main,adult,non-IID,AdaAggRL,Benign,,3141,aeod,0.02075684988041593,True,,,,
main,adult,non-IID,AdaAggRL,Benign,,3141,aspd,0.08022679584357813,True,,,,
main,adult,non-IID,AdaAggRL,Benign,,4242,accuracy,0.8343183478318613,True,,,,
main,adult,non-IID,AdaAggRL,Benign,,4242,aeod,0.03353209748830582,True,,,,
main,adult,non-IID,AdaAggRL,Benign,,4242,aspd,0.1087785339939589,True,,,,
main,adult,non-IID,AdaAggRL,Benign,,5050,accuracy,0.8316621289594263,True,,,,
main,adult,non-IID,AdaAggRL,Benign,,5050,aeod,0.055120066763735265,True,,,,
main,adult,non-IID,AdaAggRL,Benign,,5050,aspd,0.11809161652051833,True,,,,
main,adult,non-IID,AdaAggRL,Benign,,6060,accuracy,0.8247559598910951,True,,,,
main,adult,non-IID,AdaAggRL,Benign,,6060,aeod,0.04219173324666081,True,,,,
main,adult,non-IID,AdaAggRL,Benign,,6060,aspd,0.08235361122281892,True,,,,
main,adult,non-IID,AdaAggRL,Benign,,7070,accuracy,0.822630984793147,True,,,,
main,adult,non-IID,AdaAggRL,Benign,,7070,aeod,0.10988769320669856,True,,,,
main,adult,non-IID,AdaAggRL,Benign,,7070,aspd,0.10316091756869149,True,,,,
main,adult,non-IID,AdaAggRL,F Flip,,123,accuracy,0.8337206985855634,True,,62,unprotected_max_risk,0.18506248578456236
main,adult,non-IID,AdaAggRL,F Flip,,123,aeod,0.036646938767349924,True,,62,unprotected_max_risk,0.18506248578456236
main,adult,non-IID,AdaAggRL,F Flip,,123,aspd,0.14841554701721243,True,,62,unprotected_max_risk,0.18506248578456236
main,adult,non-IID,AdaAggRL,F Flip,,456,accuracy,0.8369081612324856,True,,70,unprotected_max_risk,0.17755493006272138
main,adult,non-IID,AdaAggRL,F Flip,,456,aeod,0.03437406998882131,True,,70,unprotected_max_risk,0.17755493006272138
main,adult,non-IID,AdaAggRL,F Flip,,456,aspd,0.14318086007390007,True,,70,unprotected_max_risk,0.17755493006272138
main,adult,non-IID,AdaAggRL,F Flip,,789,accuracy,0.83345507669832,True,,64,unprotected_max_risk,0.3213478861168884
main,adult,non-IID,AdaAggRL,F Flip,,789,aeod,0.11987026540412682,True,,64,unprotected_max_risk,0.3213478861168884
main,adult,non-IID,AdaAggRL,F Flip,,789,aspd,0.2014776207127616,True,,64,unprotected_max_risk,0.3213478861168884
main,adult,non-IID,AdaAggRL,F Flip,,1001,accuracy,0.8180490072381964,True,,65,unprotected_max_risk,0.17442463327956373
main,adult,non-IID,AdaAggRL,F Flip,,1001,aeod,0.030943917434143153,True,,65,unprotected_max_risk,0.17442463327956373
main,adult,non-IID,AdaAggRL,F Flip,,1001,aspd,0.14348071584542058,True,,65,unprotected_max_risk,0.17442463327956373
main,adult,non-IID,AdaAggRL,F Flip,,2024,accuracy,0.8294707483896673,True,,64,unprotected_max_risk,0.20238556739129493
main,adult,non-IID,AdaAggRL,F Flip,,2024,aeod,0.0631667876692727,True,,64,unprotected_max_risk,0.20238556739129493
main,adult,non-IID,AdaAggRL,F Flip,,2024,aspd,0.13921877972202223,True,,64,unprotected_max_risk,0.20238556739129493
main,adult,non-IID,AdaAggRL,F Flip,,3141,accuracy,0.8272793678199084,True,,62,unprotected_max_risk,0.3896919965245698
main,adult,non-IID,AdaAggRL,F Flip,,3141,aeod,0.22570118201743244,True,,62,unprotected_max_risk,0.3896919965245698
main,adult,non-IID,AdaAggRL,F Flip,,3141,aspd,0.16399081450713737,True,,62,unprotected_max_risk,0.3896919965245698
main,adult,non-IID,AdaAggRL,F Flip,,4242,accuracy,0.8333886712265091,True,,70,unprotected_max_risk,0.18013841116710572
main,adult,non-IID,AdaAggRL,F Flip,,4242,aeod,0.03678345941024219,True,,70,unprotected_max_risk,0.18013841116710572
main,adult,non-IID,AdaAggRL,F Flip,,4242,aspd,0.14335495175686352,True,,70,unprotected_max_risk,0.18013841116710572
main,adult,non-IID,AdaAggRL,F Flip,,5050,accuracy,0.8270801514044758,True,,65,unprotected_max_risk,0.1578759483578877
main,adult,non-IID,AdaAggRL,F Flip,,5050,aeod,0.030192197074117022,True,,65,unprotected_max_risk,0.1578759483578877
main,adult,non-IID,AdaAggRL,F Flip,,5050,aspd,0.12768375128377069,True,,65,unprotected_max_risk,0.1578759483578877
main,adult,non-IID,AdaAggRL,F Flip,,6060,accuracy,0.8315293180158045,True,,70,unprotected_max_risk,0.15759677447111753
main,adult,non-IID,AdaAggRL,F Flip,,6060,aeod,0.032236579421026756,True,,70,unprotected_max_risk,0.15759677447111753
main,adult,non-IID,AdaAggRL,F Flip,,6060,aspd,0.12536019505009077,True,,70,unprotected_max_risk,0.15759677447111753
main,adult,non-IID,AdaAggRL,F Flip,,7070,accuracy,0.8175177634637094,True,,62,unprotected_max_risk,0.29878149484271616
main,adult,non-IID,AdaAggRL,F Flip,,7070,aeod,0.14593485509104898,True,,62,unprotected_max_risk,0.29878149484271616
main,adult,non-IID,AdaAggRL,F Flip,,7070,aspd,0.15284663975166718,True,,62,unprotected_max_risk,0.29878149484271616
main,adult,non-IID,FLAURA,Benign,,123,accuracy,0.8267481240454213,True,,,,
main,adult,non-IID,FLAURA,Benign,,123,aeod,0.04305369830994299,True,,,,
main,adult,non-IID,FLAURA,Benign,,123,aspd,0.10042540319838399,True,,,,
main,adult,non-IID,FLAURA,Benign,,456,accuracy,0.827478584235341,True,,,,
main,adult,non-IID,FLAURA,Benign,,456,aeod,0.0356438833325432,True,,,,
main,adult,non-IID,FLAURA,Benign,,456,aspd,0.1110900133443542,True,,,,
main,adult,non-IID,FLAURA,Benign,,789,accuracy,0.8248887708347168,True,,,,
main,adult,non-IID,FLAURA,Benign,,789,aeod,0.04902861849677631,True,,,,
main,adult,non-IID,FLAURA,Benign,,789,aspd,0.12245927552582689,True,,,,
main,adult,non-IID,FLAURA,Benign,,1001,accuracy,0.8218341191314165,True,,,,
main,adult,non-IID,FLAURA,Benign,,1001,aeod,0.06184727852667371,True,,,,
main,adult,non-IID,FLAURA,Benign,,1001,aspd,0.09376706837750765,True,,,,
main,adult,non-IID,FLAURA,Benign,,2024,accuracy,0.823162228567634,True,,,,
main,adult,non-IID,FLAURA,Benign,,2024,aeod,0.054897292492906924,True,,,,
main,adult,non-IID,FLAURA,Benign,,2024,aspd,0.0710949869338956,True,,,,
main,adult,non-IID,FLAURA,Benign,,3141,accuracy,0.8054983730659406,True,,,,
main,adult,non-IID,FLAURA,Benign,,3141,aeod,0.12352890439042391,True,,,,
main,adult,non-IID,FLAURA,Benign,,3141,aspd,0.031038452676010644,True,,,,
main,adult,non-IID,FLAURA,Benign,,4242,accuracy,0.8187130619563052,True,,,,
main,adult,non-IID,FLAURA,Benign,,4242,aeod,0.024238411882208433,True,,,,
main,adult,non-IID,FLAURA,Benign,,4242,aspd,0.11949979716052012,True,,,,
main,adult,non-IID,FLAURA,Benign,,5050,accuracy,0.8118732983597848,True,,,,
main,adult,non-IID,FLAURA,Benign,,5050,aeod,0.0512352262101356,True,,,,
main,adult,non-IID,FLAURA,Benign,,5050,aspd,0.0791671997948615,True,,,,
main,adult,non-IID,FLAURA,Benign,,6060,accuracy,0.8116740819443522,True,,,,
main,adult,non-IID,FLAURA,Benign,,6060,aeod,0.05339442298893382,True,,,,
main,adult,non-IID,FLAURA,Benign,,6060,aspd,0.07339061788263831,True,,,,
main,adult,non-IID,FLAURA,Benign,,7070,accuracy,0.8111428381698652,True,,,,
main,adult,non-IID,FLAURA,Benign,,7070,aeod,0.027031087292669953,True,,,,
main,adult,non-IID,FLAURA,Benign,,7070,aspd,0.08632437810370383,True,,,,
main,adult,non-IID,FLAURA,F Flip,,123,accuracy,0.8247559598910951,True,,62,unprotected_max_risk,0.14630950090433648
main,adult,non-IID,FLAURA,F Flip,,123,aeod,0.05623565176611439,True,,62,unprotected_max_risk,0.14630950090433648
main,adult,non-IID,FLAURA,F Flip,,123,aspd,0.0900738491382221,True,,62,unprotected_max_risk,0.14630950090433648
main,adult,non-IID,FLAURA,F Flip,,456,accuracy,0.8234278504548774,True,,70,unprotected_max_risk,0.17785713137924927
main,adult,non-IID,FLAURA,F Flip,,456,aeod,0.03594320055796385,True,,70,unprotected_max_risk,0.17785713137924927
main,adult,non-IID,FLAURA,F Flip,,456,aspd,0.14191393082128542,True,,70,unprotected_max_risk,0.17785713137924927
main,adult,non-IID,FLAURA,F Flip,,789,accuracy,0.8167208978019789,True,,65,unprotected_max_risk,0.15093457474088878
main,adult,non-IID,FLAURA,F Flip,,789,aeod,0.03434779404918509,True,,65,unprotected_max_risk,0.15093457474088878
main,adult,non-IID,FLAURA,F Flip,,789,aspd,0.1165867806917037,True,,65,unprotected_max_risk,0.15093457474088878
main,adult,non-IID,FLAURA,F Flip,,1001,accuracy,0.8184474400690617,True,,67,unprotected_max_risk,0.18622511103081696
main,adult,non-IID,FLAURA,F Flip,,1001,aeod,0.1089577534300098,True,,67,unprotected_max_risk,0.18622511103081696
main,adult,non-IID,FLAURA,F Flip,,1001,aspd,0.07726735760080716,True,,67,unprotected_max_risk,0.18622511103081696
main,adult,non-IID,FLAURA,F Flip,,2024,accuracy,0.8149279500630852,True,,61,unprotected_max_risk,0.11856745011394801
main,adult,non-IID,FLAURA,F Flip,,2024,aeod,0.04268640637111565,True,,61,unprotected_max_risk,0.11856745011394801
main,adult,non-IID,FLAURA,F Flip,,2024,aspd,0.07588104374283236,True,,61,unprotected_max_risk,0.11856745011394801
main,adult,non-IID,FLAURA,F Flip,,3141,accuracy,0.807955375522943,True,,61,unprotected_max_risk,0.10639870089660611
main,adult,non-IID,FLAURA,F Flip,,3141,aeod,0.05178302242994176,True,,61,unprotected_max_risk,0.10639870089660611
main,adult,non-IID,FLAURA,F Flip,,3141,aspd,0.05461567846666435,True,,61,unprotected_max_risk,0.10639870089660611
main,adult,non-IID,FLAURA,F Flip,,4242,accuracy,0.8169865196892224,True,,64,unprotected_max_risk,0.17865933466494086
main,adult,non-IID,FLAURA,F Flip,,4242,aeod,0.03830689269306109,True,,64,unprotected_max_risk,0.17865933466494086
main,adult,non-IID,FLAURA,F Flip,,4242,aspd,0.14035244197187977,True,,64,unprotected_max_risk,0.17865933466494086
main,adult,non-IID,FLAURA,F Flip,,5050,accuracy,0.8084866192974302,True,,63,unprotected_max_risk,0.10122582446313673
main,adult,non-IID,FLAURA,F Flip,,5050,aeod,0.010510375854467902,True,,63,unprotected_max_risk,0.10122582446313673
main,adult,non-IID,FLAURA,F Flip,,5050,aspd,0.09071544860866883,True,,63,unprotected_max_risk,0.10122582446313673
main,adult,non-IID,FLAURA,F Flip,,6060,accuracy,0.8086194302410519,True,,70,unprotected_max_risk,0.10656318241643808
main,adult,non-IID,FLAURA,F Flip,,6060,aeod,0.013464134199220767,True,,70,unprotected_max_risk,0.10656318241643808
main,adult,non-IID,FLAURA,F Flip,,6060,aspd,0.09309904821721732,True,,70,unprotected_max_risk,0.10656318241643808
main,adult,non-IID,FLAURA,F Flip,,7070,accuracy,0.797728932864068,True,,62,unprotected_max_risk,0.25208407411744005
main,adult,non-IID,FLAURA,F Flip,,7070,aeod,0.10050775397266509,True,,62,unprotected_max_risk,0.25208407411744005
main,adult,non-IID,FLAURA,F Flip,,7070,aspd,0.15157632014477496,True,,62,unprotected_max_risk,0.25208407411744005
main,adult,non-IID,FLGMM,Benign,,123,accuracy,0.8145295172322199,True,,,,
main,adult,non-IID,FLGMM,Benign,,123,aeod,0.09468763334325342,True,,,,
main,adult,non-IID,FLGMM,Benign,,123,aspd,0.06411492955947179,True,,,,
main,adult,non-IID,FLGMM,Benign,,456,accuracy,0.8234278504548774,True,,,,
main,adult,non-IID,FLGMM,Benign,,456,aeod,0.022671566177381974,True,,,,
main,adult,non-IID,FLGMM,Benign,,456,aspd,0.07656758045340792,True,,,,
main,adult,non-IID,FLGMM,Benign,,789,accuracy,0.8220997410186599,True,,,,
main,adult,non-IID,FLGMM,Benign,,789,aeod,0.06902689342421764,True,,,,
main,adult,non-IID,FLGMM,Benign,,789,aspd,0.11894809223159902,True,,,,
main,adult,non-IID,FLGMM,Benign,,1001,accuracy,0.8213028753569294,True,,,,
main,adult,non-IID,FLGMM,Benign,,1001,aeod,0.027781665220537932,True,,,,
main,adult,non-IID,FLGMM,Benign,,1001,aspd,0.1004473101029468,True,,,,
main,adult,non-IID,FLGMM,Benign,,2024,accuracy,0.822630984793147,True,,,,
main,adult,non-IID,FLGMM,Benign,,2024,aeod,0.07619051427154816,True,,,,
main,adult,non-IID,FLGMM,Benign,,2024,aspd,0.07269840383324287,True,,,,
main,adult,non-IID,FLGMM,Benign,,3141,accuracy,0.8100139451490803,True,,,,
main,adult,non-IID,FLGMM,Benign,,3141,aeod,0.0765086816275774,True,,,,
main,adult,non-IID,FLGMM,Benign,,3141,aspd,0.050444018048882,True,,,,
main,adult,non-IID,FLGMM,Benign,,4242,accuracy,0.8208380370542533,True,,,,
main,adult,non-IID,FLGMM,Benign,,4242,aeod,0.03298715734889479,True,,,,
main,adult,non-IID,FLGMM,Benign,,4242,aspd,0.07866909857380835,True,,,,
main,adult,non-IID,FLGMM,Benign,,5050,accuracy,0.8214356863005512,True,,,,
main,adult,non-IID,FLGMM,Benign,,5050,aeod,0.03423697812984994,True,,,,
main,adult,non-IID,FLGMM,Benign,,5050,aspd,0.09060328605975795,True,,,,
main,adult,non-IID,FLGMM,Benign,,6060,accuracy,0.8098811342054585,True,,,,
main,adult,non-IID,FLGMM,Benign,,6060,aeod,0.02948560278433565,True,,,,
main,adult,non-IID,FLGMM,Benign,,6060,aspd,0.09409334483887172,True,,,,
main,adult,non-IID,FLGMM,Benign,,7070,accuracy,0.8098147287336477,True,,,,
main,adult,non-IID,FLGMM,Benign,,7070,aeod,0.0173472611045834,True,,,,
main,adult,non-IID,FLGMM,Benign,,7070,aspd,0.06264026587760083,True,,,,
main,adult,non-IID,FLGMM,F Flip,,123,accuracy,0.8129357859087589,True,,68,unprotected_max_risk,0.18770625402092145
main,adult,non-IID,FLGMM,F Flip,,123,aeod,0.05241364498120982,True,,68,unprotected_max_risk,0.18770625402092145
main,adult,non-IID,FLGMM,F Flip,,123,aspd,0.13529260903971163,True,,68,unprotected_max_risk,0.18770625402092145
main,adult,non-IID,FLGMM,F Flip,,456,accuracy,0.8307988578258848,True,,61,unprotected_max_risk,0.21802725169982334
main,adult,non-IID,FLGMM,F Flip,,456,aeod,0.08150625110316112,True,,61,unprotected_max_risk,0.21802725169982334
main,adult,non-IID,FLGMM,F Flip,,456,aspd,0.13652100059666222,True,,61,unprotected_max_risk,0.21802725169982334
main,adult,non-IID,FLGMM,F Flip,,789,accuracy,0.818248223653629,True,,64,unprotected_max_risk,0.19289057909147747
main,adult,non-IID,FLGMM,F Flip,,789,aeod,0.07300369976654397,True,,64,unprotected_max_risk,0.19289057909147747
main,adult,non-IID,FLGMM,F Flip,,789,aspd,0.1198868793249335,True,,64,unprotected_max_risk,0.19289057909147747
main,adult,non-IID,FLGMM,F Flip,,1001,accuracy,0.8144631117604091,True,,67,unprotected_max_risk,0.17042220635486294
main,adult,non-IID,FLGMM,F Flip,,1001,aeod,0.09900431325261294,True,,67,unprotected_max_risk,0.17042220635486294
main,adult,non-IID,FLGMM,F Flip,,1001,aspd,0.07141789310225,True,,67,unprotected_max_risk,0.17042220635486294
main,adult,non-IID,FLGMM,F Flip,,2024,accuracy,0.8271465568762866,True,,68,unprotected_max_risk,0.1567120595618323
main,adult,non-IID,FLGMM,F Flip,,2024,aeod,0.08021244668411925,True,,68,unprotected_max_risk,0.1567120595618323
main,adult,non-IID,FLGMM,F Flip,,2024,aspd,0.07649961287771304,True,,68,unprotected_max_risk,0.1567120595618323
main,adult,non-IID,FLGMM,F Flip,,3141,accuracy,0.8205060096951989,True,,65,unprotected_max_risk,0.178523690220002
main,adult,non-IID,FLGMM,F Flip,,3141,aeod,0.08525285736563143,True,,65,unprotected_max_risk,0.178523690220002
main,adult,non-IID,FLGMM,F Flip,,3141,aspd,0.09327083285437057,True,,65,unprotected_max_risk,0.178523690220002
main,adult,non-IID,FLGMM,F Flip,,4242,accuracy,0.8202403878079554,True,,67,unprotected_max_risk,0.228395422388056
main,adult,non-IID,FLGMM,F Flip,,4242,aeod,0.0731225127109858,True,,67,unprotected_max_risk,0.228395422388056
main,adult,non-IID,FLGMM,F Flip,,4242,aspd,0.1552729096770702,True,,67,unprotected_max_risk,0.228395422388056
main,adult,non-IID,FLGMM,F Flip,,5050,accuracy,0.8049007238196427,True,,62,unprotected_max_risk,0.1404391962568813
main,adult,non-IID,FLGMM,F Flip,,5050,aeod,0.019306532255715214,True,,62,unprotected_max_risk,0.1404391962568813
main,adult,non-IID,FLGMM,F Flip,,5050,aspd,0.1211326640011661,True,,62,unprotected_max_risk,0.1404391962568813
main,adult,non-IID,FLGMM,F Flip,,6060,accuracy,0.8008499900391792,True,,69,unprotected_max_risk,0.1303324234305737
main,adult,non-IID,FLGMM,F Flip,,6060,aeod,0.03659781418455199,True,,69,unprotected_max_risk,0.1303324234305737
main,adult,non-IID,FLGMM,F Flip,,6060,aspd,0.0937346092460217,True,,69,unprotected_max_risk,0.1303324234305737
main,adult,non-IID,FLGMM,F Flip,,7070,accuracy,0.8124045421342718,True,,62,unprotected_max_risk,0.1946875684128303
main,adult,non-IID,FLGMM,F Flip,,7070,aeod,0.07380225984505195,True,,62,unprotected_max_risk,0.1946875684128303
main,adult,non-IID,FLGMM,F Flip,,7070,aspd,0.12088530856777834,True,,62,unprotected_max_risk,0.1946875684128303
main,adult,non-IID,FLTG,Benign,,123,accuracy,0.8333222657546981,True,,,,
main,adult,non-IID,FLTG,Benign,,123,aeod,0.05077939577905588,True,,,,
main,adult,non-IID,FLTG,Benign,,123,aspd,0.1127780085492297,True,,,,
main,adult,non-IID,FLTG,Benign,,456,accuracy,0.8357128627398898,True,,,,
main,adult,non-IID,FLTG,Benign,,456,aeod,0.02532714972887229,True,,,,
main,adult,non-IID,FLTG,Benign,,456,aspd,0.1270040153430182,True,,,,
main,adult,non-IID,FLTG,Benign,,789,accuracy,0.8352480244372136,True,,,,
main,adult,non-IID,FLTG,Benign,,789,aeod,0.030371558922937747,True,,,,
main,adult,non-IID,FLTG,Benign,,789,aspd,0.12900582896188273,True,,,,
main,adult,non-IID,FLTG,Benign,,1001,accuracy,0.812869380436948,True,,,,
main,adult,non-IID,FLTG,Benign,,1001,aeod,0.040071950377316784,True,,,,
main,adult,non-IID,FLTG,Benign,,1001,aspd,0.06834697439367726,True,,,,
main,adult,non-IID,FLTG,Benign,,2024,accuracy,0.8368417557606747,True,,,,
main,adult,non-IID,FLTG,Benign,,2024,aeod,0.01382914127373186,True,,,,
main,adult,non-IID,FLTG,Benign,,2024,aspd,0.11099143227382155,True,,,,
main,adult,non-IID,FLTG,Benign,,3141,accuracy,0.8284082608406933,True,,,,
main,adult,non-IID,FLTG,Benign,,3141,aeod,0.09988912695905694,True,,,,
main,adult,non-IID,FLTG,Benign,,3141,aspd,0.11437988073094754,True,,,,
main,adult,non-IID,FLTG,Benign,,4242,accuracy,0.8374394050069726,True,,,,
main,adult,non-IID,FLTG,Benign,,4242,aeod,0.06202835402373175,True,,,,
main,adult,non-IID,FLTG,Benign,,4242,aspd,0.12457511739151839,True,,,,
main,adult,non-IID,FLTG,Benign,,5050,accuracy,0.83345507669832,True,,,,
main,adult,non-IID,FLTG,Benign,,5050,aeod,0.06127777609586371,True,,,,
main,adult,non-IID,FLTG,Benign,,5050,aspd,0.12672911578878357,True,,,,
main,adult,non-IID,FLTG,Benign,,6060,accuracy,0.8282090444252607,True,,,,
main,adult,non-IID,FLTG,Benign,,6060,aeod,0.026347912862129563,True,,,,
main,adult,non-IID,FLTG,Benign,,6060,aspd,0.14255892064600975,True,,,,
main,adult,non-IID,FLTG,Benign,,7070,accuracy,0.8362441065143768,True,,,,
main,adult,non-IID,FLTG,Benign,,7070,aeod,0.06432864117405468,True,,,,
main,adult,non-IID,FLTG,Benign,,7070,aspd,0.1900256659849447,True,,,,
main,adult,non-IID,FLTG,F Flip,,123,accuracy,0.8157248157248157,True,,61,unprotected_max_risk,0.31819941767458615
main,adult,non-IID,FLTG,F Flip,,123,aeod,0.08792043645478165,True,,61,unprotected_max_risk,0.31819941767458615
main,adult,non-IID,FLTG,F Flip,,123,aspd,0.23027898121980453,True,,61,unprotected_max_risk,0.31819941767458615
main,adult,non-IID,FLTG,F Flip,,456,accuracy,0.8355136463244571,True,,68,unprotected_max_risk,0.30387324158500545
main,adult,non-IID,FLTG,F Flip,,456,aeod,0.09846337162575514,True,,68,unprotected_max_risk,0.30387324158500545
main,adult,non-IID,FLTG,F Flip,,456,aspd,0.2054098699592503,True,,68,unprotected_max_risk,0.30387324158500545
main,adult,non-IID,FLTG,F Flip,,789,accuracy,0.8213692808287403,True,,65,unprotected_max_risk,0.18801431609166216
main,adult,non-IID,FLTG,F Flip,,789,aeod,0.006742063380993701,True,,65,unprotected_max_risk,0.18801431609166216
main,adult,non-IID,FLTG,F Flip,,789,aspd,0.18127225271066846,True,,65,unprotected_max_risk,0.18801431609166216
main,adult,non-IID,FLTG,F Flip,,1001,accuracy,0.7722292316886912,True,,61,unprotected_max_risk,0.42472134762698704
main,adult,non-IID,FLTG,F Flip,,1001,aeod,0.1683025343143778,True,,61,unprotected_max_risk,0.42472134762698704
main,adult,non-IID,FLTG,F Flip,,1001,aspd,0.25641881331260924,True,,61,unprotected_max_risk,0.42472134762698704
main,adult,non-IID,FLTG,F Flip,,2024,accuracy,0.7920180622883326,True,,63,unprotected_max_risk,0.29175959342730445
main,adult,non-IID,FLTG,F Flip,,2024,aeod,0.05651440521268947,True,,63,unprotected_max_risk,0.29175959342730445
main,adult,non-IID,FLTG,F Flip,,2024,aspd,0.235245188214615,True,,63,unprotected_max_risk,0.29175959342730445
main,adult,non-IID,FLTG,F Flip,,3141,accuracy,0.8380370542532705,True,,69,unprotected_max_risk,0.3814498179634359
main,adult,non-IID,FLTG,F Flip,,3141,aeod,0.21274771499287976,True,,69,unprotected_max_risk,0.3814498179634359
main,adult,non-IID,FLTG,F Flip,,3141,aspd,0.16870210297055618,True,,69,unprotected_max_risk,0.3814498179634359
main,adult,non-IID,FLTG,F Flip,,4242,accuracy,0.8266817185736105,True,,62,unprotected_max_risk,0.4594091535550404
main,adult,non-IID,FLTG,F Flip,,4242,aeod,0.2123427227928354,True,,62,unprotected_max_risk,0.4594091535550404
main,adult,non-IID,FLTG,F Flip,,4242,aspd,0.247066430762205,True,,62,unprotected_max_risk,0.4594091535550404
main,adult,non-IID,FLTG,F Flip,,5050,accuracy,0.810213161564513,True,,70,unprotected_max_risk,0.48737801665547337
main,adult,non-IID,FLTG,F Flip,,5050,aeod,0.20020895084171553,True,,70,unprotected_max_risk,0.48737801665547337
main,adult,non-IID,FLTG,F Flip,,5050,aspd,0.28716906581375784,True,,70,unprotected_max_risk,0.48737801665547337
main,adult,non-IID,FLTG,F Flip,,6060,accuracy,0.812869380436948,True,,65,unprotected_max_risk,0.36165171359624143
main,adult,non-IID,FLTG,F Flip,,6060,aeod,0.10964664002134072,True,,65,unprotected_max_risk,0.36165171359624143
main,adult,non-IID,FLTG,F Flip,,6060,aspd,0.2520050735749007,True,,65,unprotected_max_risk,0.36165171359624143
main,adult,non-IID,FLTG,F Flip,,7070,accuracy,0.8093498904309715,True,,68,unprotected_max_risk,0.5749802780720589
main,adult,non-IID,FLTG,F Flip,,7070,aeod,0.24368420661799528,True,,68,unprotected_max_risk,0.5749802780720589
main,adult,non-IID,FLTG,F Flip,,7070,aspd,0.3312960714540636,True,,68,unprotected_max_risk,0.5749802780720589
main,adult,non-IID,FLTrust,Benign,,123,accuracy,0.8377714323660269,True,,,,
main,adult,non-IID,FLTrust,Benign,,123,aeod,0.01803329161551903,True,,,,
main,adult,non-IID,FLTrust,Benign,,123,aspd,0.1293539922665417,True,,,,
main,adult,non-IID,FLTrust,Benign,,456,accuracy,0.8335214821701308,True,,,,
main,adult,non-IID,FLTrust,Benign,,456,aeod,0.06555104358321562,True,,,,
main,adult,non-IID,FLTrust,Benign,,456,aspd,0.11159112375559453,True,,,,
main,adult,non-IID,FLTrust,Benign,,789,accuracy,0.8349824025499701,True,,,,
main,adult,non-IID,FLTrust,Benign,,789,aeod,0.02784849750178653,True,,,,
main,adult,non-IID,FLTrust,Benign,,789,aspd,0.13449126169286046,True,,,,
main,adult,non-IID,FLTrust,Benign,,1001,accuracy,0.8132014077960024,True,,,,
main,adult,non-IID,FLTrust,Benign,,1001,aeod,0.058798127096720026,True,,,,
main,adult,non-IID,FLTrust,Benign,,1001,aspd,0.0725057955999942,True,,,,
main,adult,non-IID,FLTrust,Benign,,2024,accuracy,0.8276113951789628,True,,,,
main,adult,non-IID,FLTrust,Benign,,2024,aeod,0.06534769065907486,True,,,,
main,adult,non-IID,FLTrust,Benign,,2024,aspd,0.10094388666763843,True,,,,
main,adult,non-IID,FLTrust,Benign,,3141,accuracy,0.8332558602828873,True,,,,
main,adult,non-IID,FLTrust,Benign,,3141,aeod,0.07916369396298867,True,,,,
main,adult,non-IID,FLTrust,Benign,,3141,aspd,0.11650555261791722,True,,,,
main,adult,non-IID,FLTrust,Benign,,4242,accuracy,0.8364433229298094,True,,,,
main,adult,non-IID,FLTrust,Benign,,4242,aeod,0.0674851812268693,True,,,,
main,adult,non-IID,FLTrust,Benign,,4242,aspd,0.09193932638033861,True,,,,
main,adult,non-IID,FLTrust,Benign,,5050,accuracy,0.8297363702769108,True,,,,
main,adult,non-IID,FLTrust,Benign,,5050,aeod,0.026508995796420853,True,,,,
main,adult,non-IID,FLTrust,Benign,,5050,aspd,0.122152237820393,True,,,,
main,adult,non-IID,FLTrust,Benign,,6060,accuracy,0.8318613453748589,True,,,,
main,adult,non-IID,FLTrust,Benign,,6060,aeod,0.023963656948186696,True,,,,
main,adult,non-IID,FLTrust,Benign,,6060,aspd,0.12097706880722,True,,,,
main,adult,non-IID,FLTrust,Benign,,7070,accuracy,0.8385682980277575,True,,,,
main,adult,non-IID,FLTrust,Benign,,7070,aeod,0.059962265465818176,True,,,,
main,adult,non-IID,FLTrust,Benign,,7070,aspd,0.1439704715790212,True,,,,
main,adult,non-IID,FLTrust,F Flip,,123,accuracy,0.8206388206388207,True,,66,unprotected_max_risk,0.22712814061916656
main,adult,non-IID,FLTrust,F Flip,,123,aeod,0.03426382528556515,True,,66,unprotected_max_risk,0.22712814061916656
main,adult,non-IID,FLTrust,F Flip,,123,aspd,0.1928643153336014,True,,66,unprotected_max_risk,0.22712814061916656
main,adult,non-IID,FLTrust,F Flip,,456,accuracy,0.8025101268344511,True,,68,unprotected_max_risk,0.36338026331119777
main,adult,non-IID,FLTrust,F Flip,,456,aeod,0.10451140747070664,True,,68,unprotected_max_risk,0.36338026331119777
main,adult,non-IID,FLTrust,F Flip,,456,aspd,0.25886885584049113,True,,68,unprotected_max_risk,0.36338026331119777
main,adult,non-IID,FLTrust,F Flip,,789,accuracy,0.8173849525200877,True,,64,unprotected_max_risk,0.20148381094790982
main,adult,non-IID,FLTrust,F Flip,,789,aeod,0.02868704270582778,True,,64,unprotected_max_risk,0.20148381094790982
main,adult,non-IID,FLTrust,F Flip,,789,aspd,0.17279676824208204,True,,64,unprotected_max_risk,0.20148381094790982
main,adult,non-IID,FLTrust,F Flip,,1001,accuracy,0.7863071917125971,True,,61,unprotected_max_risk,0.4680600010153354
main,adult,non-IID,FLTrust,F Flip,,1001,aeod,0.1868242156774822,True,,61,unprotected_max_risk,0.4680600010153354
main,adult,non-IID,FLTrust,F Flip,,1001,aspd,0.2812357853378532,True,,61,unprotected_max_risk,0.4680600010153354
main,adult,non-IID,FLTrust,F Flip,,2024,accuracy,0.8219005246032273,True,,64,unprotected_max_risk,0.39883376107969937
main,adult,non-IID,FLTrust,F Flip,,2024,aeod,0.204454799957273,True,,64,unprotected_max_risk,0.39883376107969937
main,adult,non-IID,FLTrust,F Flip,,2024,aspd,0.19437896112242634,True,,64,unprotected_max_risk,0.39883376107969937
main,adult,non-IID,FLTrust,F Flip,,3141,accuracy,0.8310644797131284,True,,66,unprotected_max_risk,0.3898022308822383
main,adult,non-IID,FLTrust,F Flip,,3141,aeod,0.17729861634329175,True,,66,unprotected_max_risk,0.3898022308822383
main,adult,non-IID,FLTrust,F Flip,,3141,aspd,0.21250361453894653,True,,66,unprotected_max_risk,0.3898022308822383
main,adult,non-IID,FLTrust,F Flip,,4242,accuracy,0.8205724151670097,True,,63,unprotected_max_risk,0.4547823324516692
main,adult,non-IID,FLTrust,F Flip,,4242,aeod,0.19791266220394588,True,,63,unprotected_max_risk,0.4547823324516692
main,adult,non-IID,FLTrust,F Flip,,4242,aspd,0.25686967024772334,True,,63,unprotected_max_risk,0.4547823324516692
main,adult,non-IID,FLTrust,F Flip,,5050,accuracy,0.7907563583239259,True,,66,unprotected_max_risk,0.5704414977911929
main,adult,non-IID,FLTrust,F Flip,,5050,aeod,0.22632266511143562,True,,66,unprotected_max_risk,0.5704414977911929
main,adult,non-IID,FLTrust,F Flip,,5050,aspd,0.3441188326797573,True,,66,unprotected_max_risk,0.5704414977911929
main,adult,non-IID,FLTrust,F Flip,,6060,accuracy,0.8259512583836908,True,,63,unprotected_max_risk,0.30199322694016895
main,adult,non-IID,FLTrust,F Flip,,6060,aeod,0.1025310013246501,True,,63,unprotected_max_risk,0.30199322694016895
main,adult,non-IID,FLTrust,F Flip,,6060,aspd,0.19946222561551882,True,,63,unprotected_max_risk,0.30199322694016895
main,adult,non-IID,FLTrust,F Flip,,7070,accuracy,0.8185802510126834,True,,64,unprotected_max_risk,0.4896354878605379
main,adult,non-IID,FLTrust,F Flip,,7070,aeod,0.20050426955458278,True,,64,unprotected_max_risk,0.4896354878605379
main,adult,non-IID,FLTrust,F Flip,,7070,aspd,0.2891312183059551,True,,64,unprotected_max_risk,0.4896354878605379
main,adult,non-IID,FLTrust+FairGuard,Benign,,123,accuracy,0.8340527259446179,True,,,,
main,adult,non-IID,FLTrust+FairGuard,Benign,,123,aeod,0.007170475440279045,True,,,,
main,adult,non-IID,FLTrust+FairGuard,Benign,,123,aspd,0.11626313225643643,True,,,,
main,adult,non-IID,FLTrust+FairGuard,Benign,,456,accuracy,0.8335878876419417,True,,,,
main,adult,non-IID,FLTrust+FairGuard,Benign,,456,aeod,0.036780603329847006,True,,,,
main,adult,non-IID,FLTrust+FairGuard,Benign,,456,aspd,0.11816221212231003,True,,,,
main,adult,non-IID,FLTrust+FairGuard,Benign,,789,accuracy,0.8315957234876153,True,,,,
main,adult,non-IID,FLTrust+FairGuard,Benign,,789,aeod,0.1535234607011906,True,,,,
main,adult,non-IID,FLTrust+FairGuard,Benign,,789,aspd,0.06901541584059381,True,,,,
main,adult,non-IID,FLTrust+FairGuard,Benign,,1001,accuracy,0.8179826017663856,True,,,,
main,adult,non-IID,FLTrust+FairGuard,Benign,,1001,aeod,0.022922330036083738,True,,,,
main,adult,non-IID,FLTrust+FairGuard,Benign,,1001,aspd,0.06928237113273422,True,,,,
main,adult,non-IID,FLTrust+FairGuard,Benign,,2024,accuracy,0.8402948402948403,True,,,,
main,adult,non-IID,FLTrust+FairGuard,Benign,,2024,aeod,0.0337137442014428,True,,,,
main,adult,non-IID,FLTrust+FairGuard,Benign,,2024,aspd,0.12796733736701235,True,,,,
main,adult,non-IID,FLTrust+FairGuard,Benign,,3141,accuracy,0.8357128627398898,True,,,,
main,adult,non-IID,FLTrust+FairGuard,Benign,,3141,aeod,0.07977832246404337,True,,,,
main,adult,non-IID,FLTrust+FairGuard,Benign,,3141,aspd,0.13026595744467434,True,,,,
main,adult,non-IID,FLTrust+FairGuard,Benign,,4242,accuracy,0.8379706487814595,True,,,,
main,adult,non-IID,FLTrust+FairGuard,Benign,,4242,aeod,0.031443160287230265,True,,,,
main,adult,non-IID,FLTrust+FairGuard,Benign,,4242,aspd,0.15953141532365506,True,,,,
main,adult,non-IID,FLTrust+FairGuard,Benign,,5050,accuracy,0.7081479513911947,False,accuracy_not_above_majority_baseline,,,
main,adult,non-IID,FLTrust+FairGuard,Benign,,5050,aeod,0.06025015836965786,False,accuracy_not_above_majority_baseline,,,
main,adult,non-IID,FLTrust+FairGuard,Benign,,5050,aspd,0.11953953853225902,False,accuracy_not_above_majority_baseline,,,
main,adult,non-IID,FLTrust+FairGuard,Benign,,6060,accuracy,0.796666445315094,True,,,,
main,adult,non-IID,FLTrust+FairGuard,Benign,,6060,aeod,0.028765870524736226,True,,,,
main,adult,non-IID,FLTrust+FairGuard,Benign,,6060,aspd,0.20773194165910455,True,,,,
main,adult,non-IID,FLTrust+FairGuard,Benign,,7070,accuracy,0.8386347034995684,True,,,,
main,adult,non-IID,FLTrust+FairGuard,Benign,,7070,aeod,0.061599370748367355,True,,,,
main,adult,non-IID,FLTrust+FairGuard,Benign,,7070,aspd,0.15778223325163984,True,,,,
main,adult,non-IID,FLTrust+FairGuard,F Flip,,123,accuracy,0.8350488080217809,True,,62,fairness_defended_min_risk,0.11942784079533203
main,adult,non-IID,FLTrust+FairGuard,F Flip,,123,aeod,0.0019204284577565844,True,,62,fairness_defended_min_risk,0.11942784079533203
main,adult,non-IID,FLTrust+FairGuard,F Flip,,123,aspd,0.11750741233757545,True,,62,fairness_defended_min_risk,0.11942784079533203
main,adult,non-IID,FLTrust+FairGuard,F Flip,,456,accuracy,0.8394315691612989,True,,64,fairness_defended_min_risk,0.13737434963891132
main,adult,non-IID,FLTrust+FairGuard,F Flip,,456,aeod,0.01169279313809557,True,,64,fairness_defended_min_risk,0.13737434963891132
main,adult,non-IID,FLTrust+FairGuard,F Flip,,456,aspd,0.12568155650081575,True,,64,fairness_defended_min_risk,0.13737434963891132
main,adult,non-IID,FLTrust+FairGuard,F Flip,,789,accuracy,0.8358456736835115,True,,62,fairness_defended_min_risk,0.14782408302682487
main,adult,non-IID,FLTrust+FairGuard,F Flip,,789,aeod,0.00021363481356362346,True,,62,fairness_defended_min_risk,0.14782408302682487
main,adult,non-IID,FLTrust+FairGuard,F Flip,,789,aspd,0.14761044821326125,True,,62,fairness_defended_min_risk,0.14782408302682487
main,adult,non-IID,FLTrust+FairGuard,F Flip,,1001,accuracy,0.7960687960687961,True,,62,fairness_defended_min_risk,0.05329085043969337
main,adult,non-IID,FLTrust+FairGuard,F Flip,,1001,aeod,0.013276204109214235,True,,62,fairness_defended_min_risk,0.05329085043969337
main,adult,non-IID,FLTrust+FairGuard,F Flip,,1001,aspd,0.04001464633047914,True,,62,fairness_defended_min_risk,0.05329085043969337
main,adult,non-IID,FLTrust+FairGuard,F Flip,,2024,accuracy,0.8143303008167873,True,,62,fairness_defended_min_risk,0.10641264625617591
main,adult,non-IID,FLTrust+FairGuard,F Flip,,2024,aeod,0.037435788172514084,True,,62,fairness_defended_min_risk,0.10641264625617591
main,adult,non-IID,FLTrust+FairGuard,F Flip,,2024,aspd,0.06897685808366183,True,,62,fairness_defended_min_risk,0.10641264625617591
main,adult,non-IID,FLTrust+FairGuard,F Flip,,3141,accuracy,0.8244903380038515,True,,63,fairness_defended_min_risk,0.08697948446624065
main,adult,non-IID,FLTrust+FairGuard,F Flip,,3141,aeod,0.001031616238759192,True,,63,fairness_defended_min_risk,0.08697948446624065
main,adult,non-IID,FLTrust+FairGuard,F Flip,,3141,aspd,0.08594786822748146,True,,63,fairness_defended_min_risk,0.08697948446624065
main,adult,non-IID,FLTrust+FairGuard,F Flip,,4242,accuracy,0.8404940567102729,True,,70,fairness_defended_min_risk,0.13779241132279665
main,adult,non-IID,FLTrust+FairGuard,F Flip,,4242,aeod,0.0007374399580498681,True,,70,fairness_defended_min_risk,0.13779241132279665
main,adult,non-IID,FLTrust+FairGuard,F Flip,,4242,aspd,0.13705497136474679,True,,70,fairness_defended_min_risk,0.13779241132279665
main,adult,non-IID,FLTrust+FairGuard,F Flip,,5050,accuracy,0.7975961219204463,False,accuracy_not_above_majority_baseline,69,fairness_defended_min_risk,0.07766993735134474
main,adult,non-IID,FLTrust+FairGuard,F Flip,,5050,aeod,0.032093204185185964,False,accuracy_not_above_majority_baseline,69,fairness_defended_min_risk,0.07766993735134474
main,adult,non-IID,FLTrust+FairGuard,F Flip,,5050,aspd,0.045576733166158775,False,accuracy_not_above_majority_baseline,69,fairness_defended_min_risk,0.07766993735134474
main,adult,non-IID,FLTrust+FairGuard,F Flip,,6060,accuracy,0.8406932731257055,True,,65,fairness_defended_min_risk,0.15656467690851608
main,adult,non-IID,FLTrust+FairGuard,F Flip,,6060,aeod,0.008212944784540155,True,,65,fairness_defended_min_risk,0.15656467690851608
main,adult,non-IID,FLTrust+FairGuard,F Flip,,6060,aspd,0.14835173212397593,True,,65,fairness_defended_min_risk,0.15656467690851608
main,adult,non-IID,FLTrust+FairGuard,F Flip,,7070,accuracy,0.7979945547513115,True,,61,fairness_defended_min_risk,0.07961844427029455
main,adult,non-IID,FLTrust+FairGuard,F Flip,,7070,aeod,0.03484303838971903,True,,61,fairness_defended_min_risk,0.07961844427029455
main,adult,non-IID,FLTrust+FairGuard,F Flip,,7070,aspd,0.04477540588057551,True,,61,fairness_defended_min_risk,0.07961844427029455
main,adult,non-IID,FairFed,Benign,,123,accuracy,0.8375058104787835,True,,,,
main,adult,non-IID,FairFed,Benign,,123,aeod,0.009804923996844628,True,,,,
main,adult,non-IID,FairFed,Benign,,123,aspd,0.13235010250706064,True,,,,
main,adult,non-IID,FairFed,Benign,,456,accuracy,0.8365761338734312,True,,,,
main,adult,non-IID,FairFed,Benign,,456,aeod,0.016442454835372655,True,,,,
main,adult,non-IID,FairFed,Benign,,456,aspd,0.12561094083775615,True,,,,
main,adult,non-IID,FairFed,Benign,,789,accuracy,0.8374394050069726,True,,,,
main,adult,non-IID,FairFed,Benign,,789,aeod,0.08516374765730006,True,,,,
main,adult,non-IID,FairFed,Benign,,789,aspd,0.1079247264315109,True,,,,
main,adult,non-IID,FairFed,Benign,,1001,accuracy,0.8294707483896673,True,,,,
main,adult,non-IID,FairFed,Benign,,1001,aeod,0.044438326085553315,True,,,,
main,adult,non-IID,FairFed,Benign,,1001,aspd,0.11537760782941536,True,,,,
main,adult,non-IID,FairFed,Benign,,2024,accuracy,0.8322597782057242,True,,,,
main,adult,non-IID,FairFed,Benign,,2024,aeod,0.026781465866126397,True,,,,
main,adult,non-IID,FairFed,Benign,,2024,aspd,0.11343808444742581,True,,,,
main,adult,non-IID,FairFed,Benign,,3141,accuracy,0.8189786838435487,True,,,,
main,adult,non-IID,FairFed,Benign,,3141,aeod,0.027711976858894205,True,,,,
main,adult,non-IID,FairFed,Benign,,3141,aspd,0.08769666913540629,True,,,,
main,adult,non-IID,FairFed,Benign,,4242,accuracy,0.8356464572680788,True,,,,
main,adult,non-IID,FairFed,Benign,,4242,aeod,0.006533569512141457,True,,,,
main,adult,non-IID,FairFed,Benign,,4242,aspd,0.11809462571070552,True,,,,
main,adult,non-IID,FairFed,Benign,,5050,accuracy,0.8326582110365894,True,,,,
main,adult,non-IID,FairFed,Benign,,5050,aeod,0.06675573829392611,True,,,,
main,adult,non-IID,FairFed,Benign,,5050,aspd,0.11222516012803743,True,,,,
main,adult,non-IID,FairFed,Benign,,6060,accuracy,0.828541071784315,True,,,,
main,adult,non-IID,FairFed,Benign,,6060,aeod,0.03469052369661352,True,,,,
main,adult,non-IID,FairFed,Benign,,6060,aspd,0.10304576589086133,True,,,,
main,adult,non-IID,FairFed,Benign,,7070,accuracy,0.8238926887575536,True,,,,
main,adult,non-IID,FairFed,Benign,,7070,aeod,0.10079850295690007,True,,,,
main,adult,non-IID,FairFed,Benign,,7070,aspd,0.11278629385287844,True,,,,
main,adult,non-IID,FairFed,F Flip,,123,accuracy,0.836111295570755,True,,70,fairness_defended_min_risk,0.15393809276189013
main,adult,non-IID,FairFed,F Flip,,123,aeod,0.007739977871089043,True,,70,fairness_defended_min_risk,0.15393809276189013
main,adult,non-IID,FairFed,F Flip,,123,aspd,0.1461981148908011,True,,70,fairness_defended_min_risk,0.15393809276189013
main,adult,non-IID,FairFed,F Flip,,456,accuracy,0.8385682980277575,True,,66,fairness_defended_min_risk,0.2072338340417576
main,adult,non-IID,FairFed,F Flip,,456,aeod,0.06094018739314688,True,,66,fairness_defended_min_risk,0.2072338340417576
main,adult,non-IID,FairFed,F Flip,,456,aspd,0.14629364664861072,True,,66,fairness_defended_min_risk,0.2072338340417576
main,adult,non-IID,FairFed,F Flip,,789,accuracy,0.8398300019921642,True,,69,fairness_defended_min_risk,0.18075122463318777
main,adult,non-IID,FairFed,F Flip,,789,aeod,0.035419395413477606,True,,69,fairness_defended_min_risk,0.18075122463318777
main,adult,non-IID,FairFed,F Flip,,789,aspd,0.14533182921971016,True,,69,fairness_defended_min_risk,0.18075122463318777
main,adult,non-IID,FairFed,F Flip,,1001,accuracy,0.8235606613984993,True,,61,fairness_defended_min_risk,0.2002986058274764
main,adult,non-IID,FairFed,F Flip,,1001,aeod,0.04687456266268941,True,,61,fairness_defended_min_risk,0.2002986058274764
main,adult,non-IID,FairFed,F Flip,,1001,aspd,0.153424043164787,True,,61,fairness_defended_min_risk,0.2002986058274764
main,adult,non-IID,FairFed,F Flip,,2024,accuracy,0.831263696128561,True,,69,fairness_defended_min_risk,0.13863205825894498
main,adult,non-IID,FairFed,F Flip,,2024,aeod,0.00796617943839184,True,,69,fairness_defended_min_risk,0.13863205825894498
main,adult,non-IID,FairFed,F Flip,,2024,aspd,0.13066587882055314,True,,69,fairness_defended_min_risk,0.13863205825894498
main,adult,non-IID,FairFed,F Flip,,3141,accuracy,0.825818447440069,True,,62,fairness_defended_min_risk,0.30991599796199754
main,adult,non-IID,FairFed,F Flip,,3141,aeod,0.16888574593108507,True,,62,fairness_defended_min_risk,0.30991599796199754
main,adult,non-IID,FairFed,F Flip,,3141,aspd,0.1410302520309125,True,,62,fairness_defended_min_risk,0.30991599796199754
main,adult,non-IID,FairFed,F Flip,,4242,accuracy,0.8304668304668305,True,,70,fairness_defended_min_risk,0.168238357987454
main,adult,non-IID,FairFed,F Flip,,4242,aeod,0.028124966084045355,True,,70,fairness_defended_min_risk,0.168238357987454
main,adult,non-IID,FairFed,F Flip,,4242,aspd,0.14011339190340866,True,,70,fairness_defended_min_risk,0.168238357987454
main,adult,non-IID,FairFed,F Flip,,5050,accuracy,0.830732452354074,True,,67,fairness_defended_min_risk,0.15585712599505355
main,adult,non-IID,FairFed,F Flip,,5050,aeod,0.0021272086783716837,True,,67,fairness_defended_min_risk,0.15585712599505355
main,adult,non-IID,FairFed,F Flip,,5050,aspd,0.15372991731668187,True,,67,fairness_defended_min_risk,0.15585712599505355
main,adult,non-IID,FairFed,F Flip,,6060,accuracy,0.8244239325320406,True,,61,fairness_defended_min_risk,0.13050757707189548
main,adult,non-IID,FairFed,F Flip,,6060,aeod,0.0199417245356156,True,,61,fairness_defended_min_risk,0.13050757707189548
main,adult,non-IID,FairFed,F Flip,,6060,aspd,0.11056585253627989,True,,61,fairness_defended_min_risk,0.13050757707189548
main,adult,non-IID,FairFed,F Flip,,7070,accuracy,0.8289395046151803,True,,70,fairness_defended_min_risk,0.23684723941379962
main,adult,non-IID,FairFed,F Flip,,7070,aeod,0.08768852272668853,True,,70,fairness_defended_min_risk,0.23684723941379962
main,adult,non-IID,FairFed,F Flip,,7070,aspd,0.1491587166871111,True,,70,fairness_defended_min_risk,0.23684723941379962
main,adult,non-IID,FairGuard,Benign,,123,accuracy,0.8374394050069726,True,,,,
main,adult,non-IID,FairGuard,Benign,,123,aeod,0.004784505878099088,True,,,,
main,adult,non-IID,FairGuard,Benign,,123,aspd,0.12798735851239118,True,,,,
main,adult,non-IID,FairGuard,Benign,,456,accuracy,0.838302676140514,True,,,,
main,adult,non-IID,FairGuard,Benign,,456,aeod,0.01716904168792066,True,,,,
main,adult,non-IID,FairGuard,Benign,,456,aspd,0.11672987771573898,True,,,,
main,adult,non-IID,FairGuard,Benign,,789,accuracy,0.8385682980277575,True,,,,
main,adult,non-IID,FairGuard,Benign,,789,aeod,0.05652925683074472,True,,,,
main,adult,non-IID,FairGuard,Benign,,789,aspd,0.12046085226123991,True,,,,
main,adult,non-IID,FairGuard,Benign,,1001,accuracy,0.8291387210306129,True,,,,
main,adult,non-IID,FairGuard,Benign,,1001,aeod,0.04691569022038089,True,,,,
main,adult,non-IID,FairGuard,Benign,,1001,aspd,0.11231994961893421,True,,,,
main,adult,non-IID,FairGuard,Benign,,2024,accuracy,0.8359120791553224,True,,,,
main,adult,non-IID,FairGuard,Benign,,2024,aeod,0.04730411715413296,True,,,,
main,adult,non-IID,FairGuard,Benign,,2024,aspd,0.13946914434559723,True,,,,
main,adult,non-IID,FairGuard,Benign,,3141,accuracy,0.8217013081877946,True,,,,
main,adult,non-IID,FairGuard,Benign,,3141,aeod,0.04960040579190256,True,,,,
main,adult,non-IID,FairGuard,Benign,,3141,aspd,0.08340568429606757,True,,,,
main,adult,non-IID,FairGuard,Benign,,4242,accuracy,0.8373729995351616,True,,,,
main,adult,non-IID,FairGuard,Benign,,4242,aeod,0.0238048588782116,True,,,,
main,adult,non-IID,FairGuard,Benign,,4242,aspd,0.11641720279402104,True,,,,
main,adult,non-IID,FairGuard,Benign,,5050,accuracy,0.8341855368882396,True,,,,
main,adult,non-IID,FairGuard,Benign,,5050,aeod,0.04230369159815406,True,,,,
main,adult,non-IID,FairGuard,Benign,,5050,aspd,0.1107973395067472,True,,,,
main,adult,non-IID,FairGuard,Benign,,6060,accuracy,0.8278770170662062,True,,,,
main,adult,non-IID,FairGuard,Benign,,6060,aeod,0.020667740172084503,True,,,,
main,adult,non-IID,FairGuard,Benign,,6060,aspd,0.11836388804865612,True,,,,
main,adult,non-IID,FairGuard,Benign,,7070,accuracy,0.8295371538614782,True,,,,
main,adult,non-IID,FairGuard,Benign,,7070,aeod,0.02235054274095749,True,,,,
main,adult,non-IID,FairGuard,Benign,,7070,aspd,0.11403436551365333,True,,,,
main,adult,non-IID,FairGuard,F Flip,,123,accuracy,0.8363105119861877,True,,69,fairness_defended_min_risk,0.16003386932611297
main,adult,non-IID,FairGuard,F Flip,,123,aeod,0.013739460349321497,True,,69,fairness_defended_min_risk,0.16003386932611297
main,adult,non-IID,FairGuard,F Flip,,123,aspd,0.14629440897679147,True,,69,fairness_defended_min_risk,0.16003386932611297
main,adult,non-IID,FairGuard,F Flip,,456,accuracy,0.8344511587754831,True,,65,fairness_defended_min_risk,0.13492742234160449
main,adult,non-IID,FairGuard,F Flip,,456,aeod,0.017804805183900152,True,,65,fairness_defended_min_risk,0.13492742234160449
main,adult,non-IID,FairGuard,F Flip,,456,aspd,0.11712261715770432,True,,65,fairness_defended_min_risk,0.13492742234160449
main,adult,non-IID,FairGuard,F Flip,,789,accuracy,0.8384354870841357,True,,61,fairness_defended_min_risk,0.15698177161161603
main,adult,non-IID,FairGuard,F Flip,,789,aeod,0.035462807835485166,True,,61,fairness_defended_min_risk,0.15698177161161603
main,adult,non-IID,FairGuard,F Flip,,789,aspd,0.12151896377613086,True,,61,fairness_defended_min_risk,0.15698177161161603
main,adult,non-IID,FairGuard,F Flip,,1001,accuracy,0.8249551763065277,True,,62,fairness_defended_min_risk,0.14142387853157248
main,adult,non-IID,FairGuard,F Flip,,1001,aeod,0.035666731975705024,True,,62,fairness_defended_min_risk,0.14142387853157248
main,adult,non-IID,FairGuard,F Flip,,1001,aspd,0.10575714655586746,True,,62,fairness_defended_min_risk,0.14142387853157248
main,adult,non-IID,FairGuard,F Flip,,2024,accuracy,0.8349159970781592,True,,70,fairness_defended_min_risk,0.19419855676824282
main,adult,non-IID,FairGuard,F Flip,,2024,aeod,0.05489443641251163,True,,70,fairness_defended_min_risk,0.19419855676824282
main,adult,non-IID,FairGuard,F Flip,,2024,aspd,0.1393041203557312,True,,70,fairness_defended_min_risk,0.19419855676824282
main,adult,non-IID,FairGuard,F Flip,,3141,accuracy,0.820970847997875,True,,67,fairness_defended_min_risk,0.08742310461890156
main,adult,non-IID,FairGuard,F Flip,,3141,aeod,0.002150057321533505,True,,67,fairness_defended_min_risk,0.08742310461890156
main,adult,non-IID,FairGuard,F Flip,,3141,aspd,0.08527304729736805,True,,67,fairness_defended_min_risk,0.08742310461890156
main,adult,non-IID,FairGuard,F Flip,,4242,accuracy,0.8337206985855634,True,,61,fairness_defended_min_risk,0.12255683358727458
main,adult,non-IID,FairGuard,F Flip,,4242,aeod,0.0011024470325610158,True,,61,fairness_defended_min_risk,0.12255683358727458
main,adult,non-IID,FairGuard,F Flip,,4242,aspd,0.12145438655471356,True,,61,fairness_defended_min_risk,0.12255683358727458
main,adult,non-IID,FairGuard,F Flip,,5050,accuracy,0.8118068928879739,True,,61,fairness_defended_min_risk,0.11976579351137791
main,adult,non-IID,FairGuard,F Flip,,5050,aeod,0.055599888270134956,True,,61,fairness_defended_min_risk,0.11976579351137791
main,adult,non-IID,FairGuard,F Flip,,5050,aspd,0.06416590524124295,True,,61,fairness_defended_min_risk,0.11976579351137791
main,adult,non-IID,FairGuard,F Flip,,6060,accuracy,0.8198419549770901,True,,62,fairness_defended_min_risk,0.0726267320693702
main,adult,non-IID,FairGuard,F Flip,,6060,aeod,0.0003490130242977951,True,,62,fairness_defended_min_risk,0.0726267320693702
main,adult,non-IID,FairGuard,F Flip,,6060,aspd,0.07227771904507241,True,,62,fairness_defended_min_risk,0.0726267320693702
main,adult,non-IID,FairGuard,F Flip,,7070,accuracy,0.8246231489474732,True,,64,fairness_defended_min_risk,0.11964300847469028
main,adult,non-IID,FairGuard,F Flip,,7070,aeod,0.0038979785234178888,True,,64,fairness_defended_min_risk,0.11964300847469028
main,adult,non-IID,FairGuard,F Flip,,7070,aspd,0.1157450299512724,True,,64,fairness_defended_min_risk,0.11964300847469028
main,adult,non-IID,Fed-NGA,Benign,,123,accuracy,0.822630984793147,True,,,,
main,adult,non-IID,Fed-NGA,Benign,,123,aeod,0.09052918028779011,True,,,,
main,adult,non-IID,Fed-NGA,Benign,,123,aspd,0.07863019977532183,True,,,,
main,adult,non-IID,Fed-NGA,Benign,,456,accuracy,0.8244239325320406,True,,,,
main,adult,non-IID,Fed-NGA,Benign,,456,aeod,0.21583742276444584,True,,,,
main,adult,non-IID,Fed-NGA,Benign,,456,aspd,0.03361201243044307,True,,,,
main,adult,non-IID,Fed-NGA,Benign,,789,accuracy,0.8307988578258848,True,,,,
main,adult,non-IID,Fed-NGA,Benign,,789,aeod,0.07975604503696054,True,,,,
main,adult,non-IID,Fed-NGA,Benign,,789,aspd,0.09292607996525708,True,,,,
main,adult,non-IID,Fed-NGA,Benign,,1001,accuracy,0.8288730991433694,True,,,,
main,adult,non-IID,Fed-NGA,Benign,,1001,aeod,0.0071704754402791004,True,,,,
main,adult,non-IID,Fed-NGA,Benign,,1001,aspd,0.10458761475897851,True,,,,
main,adult,non-IID,Fed-NGA,Benign,,2024,accuracy,0.8250215817783385,True,,,,
main,adult,non-IID,Fed-NGA,Benign,,2024,aeod,0.03091935514274402,True,,,,
main,adult,non-IID,Fed-NGA,Benign,,2024,aspd,0.09267041916695265,True,,,,
main,adult,non-IID,Fed-NGA,Benign,,3141,accuracy,0.8230294176240123,True,,,,
main,adult,non-IID,Fed-NGA,Benign,,3141,aeod,0.08012276575970878,True,,,,
main,adult,non-IID,Fed-NGA,Benign,,3141,aspd,0.06422819547811798,True,,,,
main,adult,non-IID,Fed-NGA,Benign,,4242,accuracy,0.8333886712265091,True,,,,
main,adult,non-IID,Fed-NGA,Benign,,4242,aeod,0.06723498858424665,True,,,,
main,adult,non-IID,Fed-NGA,Benign,,4242,aspd,0.09229958662955011,True,,,,
main,adult,non-IID,Fed-NGA,Benign,,5050,accuracy,0.8203731987515771,True,,,,
main,adult,non-IID,Fed-NGA,Benign,,5050,aeod,0.06939361414696588,True,,,,
main,adult,non-IID,Fed-NGA,Benign,,5050,aspd,0.0909484401742297,True,,,,
main,adult,non-IID,Fed-NGA,Benign,,6060,accuracy,0.8298691812205325,True,,,,
main,adult,non-IID,Fed-NGA,Benign,,6060,aeod,0.013692620630839647,True,,,,
main,adult,non-IID,Fed-NGA,Benign,,6060,aspd,0.11125539843704267,True,,,,
main,adult,non-IID,Fed-NGA,Benign,,7070,accuracy,0.8343183478318613,True,,,,
main,adult,non-IID,Fed-NGA,Benign,,7070,aeod,0.0036472146647161807,True,,,,
main,adult,non-IID,Fed-NGA,Benign,,7070,aspd,0.12366766599866658,True,,,,
main,adult,non-IID,Fed-NGA,F Flip,,123,accuracy,0.8185138455408726,True,,70,unprotected_max_risk,0.1920356501132392
main,adult,non-IID,Fed-NGA,F Flip,,123,aeod,0.13168644121529655,True,,70,unprotected_max_risk,0.1920356501132392
main,adult,non-IID,Fed-NGA,F Flip,,123,aspd,0.060349208897942666,True,,70,unprotected_max_risk,0.1920356501132392
main,adult,non-IID,Fed-NGA,F Flip,,456,accuracy,0.8309316687695066,True,,69,unprotected_max_risk,0.2153347992354155
main,adult,non-IID,Fed-NGA,F Flip,,456,aeod,0.08239220724176322,True,,69,unprotected_max_risk,0.2153347992354155
main,adult,non-IID,Fed-NGA,F Flip,,456,aspd,0.1329425919936523,True,,69,unprotected_max_risk,0.2153347992354155
main,adult,non-IID,Fed-NGA,F Flip,,789,accuracy,0.8277442061225845,True,,69,unprotected_max_risk,0.17087103314609198
main,adult,non-IID,Fed-NGA,F Flip,,789,aeod,0.05671090354388164,True,,69,unprotected_max_risk,0.17087103314609198
main,adult,non-IID,Fed-NGA,F Flip,,789,aspd,0.11416012960221034,True,,69,unprotected_max_risk,0.17087103314609198
main,adult,non-IID,Fed-NGA,F Flip,,1001,accuracy,0.8295371538614782,True,,70,unprotected_max_risk,0.22924704124481554
main,adult,non-IID,Fed-NGA,F Flip,,1001,aeod,0.08273436567311254,True,,70,unprotected_max_risk,0.22924704124481554
main,adult,non-IID,Fed-NGA,F Flip,,1001,aspd,0.146512675571703,True,,70,unprotected_max_risk,0.22924704124481554
main,adult,non-IID,Fed-NGA,F Flip,,2024,accuracy,0.8147287336476525,True,,61,unprotected_max_risk,0.19167820284390794
main,adult,non-IID,Fed-NGA,F Flip,,2024,aeod,0.04577839900699787,True,,61,unprotected_max_risk,0.19167820284390794
main,adult,non-IID,Fed-NGA,F Flip,,2024,aspd,0.14589980383691006,True,,61,unprotected_max_risk,0.19167820284390794
main,adult,non-IID,Fed-NGA,F Flip,,3141,accuracy,0.83345507669832,True,,64,unprotected_max_risk,0.3291872795322932
main,adult,non-IID,Fed-NGA,F Flip,,3141,aeod,0.13205087707372865,True,,64,unprotected_max_risk,0.3291872795322932
main,adult,non-IID,Fed-NGA,F Flip,,3141,aspd,0.19713640245856456,True,,64,unprotected_max_risk,0.3291872795322932
main,adult,non-IID,Fed-NGA,F Flip,,4242,accuracy,0.825353609137393,True,,62,unprotected_max_risk,0.3300951164593039
main,adult,non-IID,Fed-NGA,F Flip,,4242,aeod,0.12039349933253407,True,,62,unprotected_max_risk,0.3300951164593039
main,adult,non-IID,Fed-NGA,F Flip,,4242,aspd,0.20970161712676985,True,,62,unprotected_max_risk,0.3300951164593039
main,adult,non-IID,Fed-NGA,F Flip,,5050,accuracy,0.8162560594993027,True,,67,unprotected_max_risk,0.19152027128914018
main,adult,non-IID,Fed-NGA,F Flip,,5050,aeod,0.0867997105076912,True,,67,unprotected_max_risk,0.19152027128914018
main,adult,non-IID,Fed-NGA,F Flip,,5050,aspd,0.10472056078144898,True,,67,unprotected_max_risk,0.19152027128914018
main,adult,non-IID,Fed-NGA,F Flip,,6060,accuracy,0.8270137459326649,True,,69,unprotected_max_risk,0.1500020504869296
main,adult,non-IID,Fed-NGA,F Flip,,6060,aeod,0.04666664000991638,True,,69,unprotected_max_risk,0.1500020504869296
main,adult,non-IID,Fed-NGA,F Flip,,6060,aspd,0.10333541047701322,True,,69,unprotected_max_risk,0.1500020504869296
main,adult,non-IID,Fed-NGA,F Flip,,7070,accuracy,0.8206388206388207,True,,68,unprotected_max_risk,0.18534113172087424
main,adult,non-IID,Fed-NGA,F Flip,,7070,aeod,0.04395964701131183,True,,68,unprotected_max_risk,0.18534113172087424
main,adult,non-IID,Fed-NGA,F Flip,,7070,aspd,0.1413814847095624,True,,68,unprotected_max_risk,0.18534113172087424
main,adult,non-IID,FedAA,Benign,,123,accuracy,0.8356464572680788,True,,,,
main,adult,non-IID,FedAA,Benign,,123,aeod,0.010850249421500924,True,,,,
main,adult,non-IID,FedAA,Benign,,123,aspd,0.13466420988355277,True,,,,
main,adult,non-IID,FedAA,Benign,,456,accuracy,0.8364433229298094,True,,,,
main,adult,non-IID,FedAA,Benign,,456,aeod,0.024441193590270083,True,,,,
main,adult,non-IID,FedAA,Benign,,456,aspd,0.11468388918492635,True,,,,
main,adult,non-IID,FedAA,Benign,,789,accuracy,0.8370409721761073,True,,,,
main,adult,non-IID,FedAA,Benign,,789,aeod,0.037873339689064256,True,,,,
main,adult,non-IID,FedAA,Benign,,789,aspd,0.10345359140629848,True,,,,
main,adult,non-IID,FedAA,Benign,,1001,accuracy,0.8387011089713793,True,,,,
main,adult,non-IID,FedAA,Benign,,1001,aeod,0.05264441627714489,True,,,,
main,adult,non-IID,FedAA,Benign,,1001,aspd,0.1057424015239502,True,,,,
main,adult,non-IID,FedAA,Benign,,2024,accuracy,0.8298691812205325,True,,,,
main,adult,non-IID,FedAA,Benign,,2024,aeod,0.005577353795816531,True,,,,
main,adult,non-IID,FedAA,Benign,,2024,aspd,0.09558758831822739,True,,,,
main,adult,non-IID,FedAA,Benign,,3141,accuracy,0.8266817185736105,True,,,,
main,adult,non-IID,FedAA,Benign,,3141,aeod,0.14643238429589905,True,,,,
main,adult,non-IID,FedAA,Benign,,3141,aspd,0.13137769272870115,True,,,,
main,adult,non-IID,FedAA,Benign,,4242,accuracy,0.8342519423600505,True,,,,
main,adult,non-IID,FedAA,Benign,,4242,aeod,0.09709530911643727,True,,,,
main,adult,non-IID,FedAA,Benign,,4242,aspd,0.13248565649436003,True,,,,
main,adult,non-IID,FedAA,Benign,,5050,accuracy,0.8327910219802112,True,,,,
main,adult,non-IID,FedAA,Benign,,5050,aeod,0.023373590738530958,True,,,,
main,adult,non-IID,FedAA,Benign,,5050,aspd,0.1222277684940917,True,,,,
main,adult,non-IID,FedAA,Benign,,6060,accuracy,0.8262168802709343,True,,,,
main,adult,non-IID,FedAA,Benign,,6060,aeod,0.0058949499357667245,True,,,,
main,adult,non-IID,FedAA,Benign,,6060,aspd,0.08710265499245315,True,,,,
main,adult,non-IID,FedAA,Benign,,7070,accuracy,0.8214356863005512,True,,,,
main,adult,non-IID,FedAA,Benign,,7070,aeod,0.06861961635985703,True,,,,
main,adult,non-IID,FedAA,Benign,,7070,aspd,0.11010249743125496,True,,,,
main,adult,non-IID,FedAA,F Flip,,123,accuracy,0.8310644797131284,True,,63,unprotected_max_risk,0.16651643681809844
main,adult,non-IID,FedAA,F Flip,,123,aeod,0.01374003156540049,True,,63,unprotected_max_risk,0.16651643681809844
main,adult,non-IID,FedAA,F Flip,,123,aspd,0.15277640525269795,True,,63,unprotected_max_risk,0.16651643681809844
main,adult,non-IID,FedAA,F Flip,,456,accuracy,0.8329238329238329,True,,63,unprotected_max_risk,0.15636244894442974
main,adult,non-IID,FedAA,F Flip,,456,aeod,0.03905290089229663,True,,63,unprotected_max_risk,0.15636244894442974
main,adult,non-IID,FedAA,F Flip,,456,aspd,0.11730954805213313,True,,63,unprotected_max_risk,0.15636244894442974
main,adult,non-IID,FedAA,F Flip,,789,accuracy,0.836177701042566,True,,68,unprotected_max_risk,0.15680810322361605
main,adult,non-IID,FedAA,F Flip,,789,aeod,0.059576694612461234,True,,68,unprotected_max_risk,0.15680810322361605
main,adult,non-IID,FedAA,F Flip,,789,aspd,0.0972314086111548,True,,68,unprotected_max_risk,0.15680810322361605
main,adult,non-IID,FedAA,F Flip,,1001,accuracy,0.8347831861345375,True,,68,unprotected_max_risk,0.13845808456949307
main,adult,non-IID,FedAA,F Flip,,1001,aeod,0.018237786971817882,True,,68,unprotected_max_risk,0.13845808456949307
main,adult,non-IID,FedAA,F Flip,,1001,aspd,0.12022029759767519,True,,68,unprotected_max_risk,0.13845808456949307
main,adult,non-IID,FedAA,F Flip,,2024,accuracy,0.8288066936715586,True,,70,unprotected_max_risk,0.14104751416536773
main,adult,non-IID,FedAA,F Flip,,2024,aeod,0.039120304389624216,True,,70,unprotected_max_risk,0.14104751416536773
main,adult,non-IID,FedAA,F Flip,,2024,aspd,0.10192720977574352,True,,70,unprotected_max_risk,0.14104751416536773
main,adult,non-IID,FedAA,F Flip,,3141,accuracy,0.8261504747991234,True,,68,unprotected_max_risk,0.27418470869359324
main,adult,non-IID,FedAA,F Flip,,3141,aeod,0.1434557773079843,True,,68,unprotected_max_risk,0.27418470869359324
main,adult,non-IID,FedAA,F Flip,,3141,aspd,0.13072893138560893,True,,68,unprotected_max_risk,0.27418470869359324
main,adult,non-IID,FedAA,F Flip,,4242,accuracy,0.8303340195232087,True,,69,unprotected_max_risk,0.2128203791371638
main,adult,non-IID,FedAA,F Flip,,4242,aeod,0.09086791142266504,True,,69,unprotected_max_risk,0.2128203791371638
main,adult,non-IID,FedAA,F Flip,,4242,aspd,0.12195246771449877,True,,69,unprotected_max_risk,0.2128203791371638
main,adult,non-IID,FedAA,F Flip,,5050,accuracy,0.8139982734577329,True,,66,unprotected_max_risk,0.14290577440447993
main,adult,non-IID,FedAA,F Flip,,5050,aeod,0.07998567390073746,True,,66,unprotected_max_risk,0.14290577440447993
main,adult,non-IID,FedAA,F Flip,,5050,aspd,0.06292010050374246,True,,66,unprotected_max_risk,0.14290577440447993
main,adult,non-IID,FedAA,F Flip,,6060,accuracy,0.8240919051729862,True,,61,unprotected_max_risk,0.1719139683134614
main,adult,non-IID,FedAA,F Flip,,6060,aeod,0.06336956937733451,True,,61,unprotected_max_risk,0.1719139683134614
main,adult,non-IID,FedAA,F Flip,,6060,aspd,0.1085443989361269,True,,61,unprotected_max_risk,0.1719139683134614
main,adult,non-IID,FedAA,F Flip,,7070,accuracy,0.8298027757487217,True,,70,unprotected_max_risk,0.1858471939816102
main,adult,non-IID,FedAA,F Flip,,7070,aeod,0.06439318859098703,True,,70,unprotected_max_risk,0.1858471939816102
main,adult,non-IID,FedAA,F Flip,,7070,aspd,0.12145400539062319,True,,70,unprotected_max_risk,0.1858471939816102
main,adult,non-IID,FedAMM,Benign,,123,accuracy,0.834517564247294,True,,,,
main,adult,non-IID,FedAMM,Benign,,123,aeod,0.021803888953309425,True,,,,
main,adult,non-IID,FedAMM,Benign,,123,aspd,0.1314698541935011,True,,,,
main,adult,non-IID,FedAMM,Benign,,456,accuracy,0.8342519423600505,True,,,,
main,adult,non-IID,FedAMM,Benign,,456,aeod,0.021328065959463127,True,,,,
main,adult,non-IID,FedAMM,Benign,,456,aspd,0.10989291736535049,True,,,,
main,adult,non-IID,FedAMM,Benign,,789,accuracy,0.8369081612324856,True,,,,
main,adult,non-IID,FedAMM,Benign,,789,aeod,0.06680143558024987,True,,,,
main,adult,non-IID,FedAMM,Benign,,789,aspd,0.11343960910378734,True,,,,
main,adult,non-IID,FedAMM,Benign,,1001,accuracy,0.8282754498970715,True,,,,
main,adult,non-IID,FedAMM,Benign,,1001,aeod,0.04325648001800475,True,,,,
main,adult,non-IID,FedAMM,Benign,,1001,aspd,0.12080488294470845,True,,,,
main,adult,non-IID,FedAMM,Benign,,2024,accuracy,0.8298027757487217,True,,,,
main,adult,non-IID,FedAMM,Benign,,2024,aeod,0.009986570709981601,True,,,,
main,adult,non-IID,FedAMM,Benign,,2024,aspd,0.10224706663137488,True,,,,
main,adult,non-IID,FedAMM,Benign,,3141,accuracy,0.8159904376120592,True,,,,
main,adult,non-IID,FedAMM,Benign,,3141,aeod,0.020944208754343385,True,,,,
main,adult,non-IID,FedAMM,Benign,,3141,aspd,0.0727671337371185,True,,,,
main,adult,non-IID,FedAMM,Benign,,4242,accuracy,0.8331894548110764,True,,,,
main,adult,non-IID,FedAMM,Benign,,4242,aeod,0.004693682521530573,True,,,,
main,adult,non-IID,FedAMM,Benign,,4242,aspd,0.1057548595713252,True,,,,
main,adult,non-IID,FedAMM,Benign,,5050,accuracy,0.8296035593332891,True,,,,
main,adult,non-IID,FedAMM,Benign,,5050,aeod,0.07098273727887505,True,,,,
main,adult,non-IID,FedAMM,Benign,,5050,aspd,0.10588327174724696,True,,,,
main,adult,non-IID,FedAMM,Benign,,6060,accuracy,0.825818447440069,True,,,,
main,adult,non-IID,FedAMM,Benign,,6060,aeod,0.04780507365545733,True,,,,
main,adult,non-IID,FedAMM,Benign,,6060,aspd,0.08404614027424315,True,,,,
main,adult,non-IID,FedAMM,Benign,,7070,accuracy,0.8199747659207118,True,,,,
main,adult,non-IID,FedAMM,Benign,,7070,aeod,0.10159249330677556,True,,,,
main,adult,non-IID,FedAMM,Benign,,7070,aspd,0.09712943718634458,True,,,,
main,adult,non-IID,FedAMM,F Flip,,123,accuracy,0.83345507669832,True,,61,unprotected_max_risk,0.15166341766363617
main,adult,non-IID,FedAMM,F Flip,,123,aeod,0.015034407200521405,True,,61,unprotected_max_risk,0.15166341766363617
main,adult,non-IID,FedAMM,F Flip,,123,aspd,0.13662901046311476,True,,61,unprotected_max_risk,0.15166341766363617
main,adult,non-IID,FedAMM,F Flip,,456,accuracy,0.8355136463244571,True,,69,unprotected_max_risk,0.21110466739331618
main,adult,non-IID,FedAMM,F Flip,,456,aeod,0.059781761184839244,True,,69,unprotected_max_risk,0.21110466739331618
main,adult,non-IID,FedAMM,F Flip,,456,aspd,0.15132290620847694,True,,69,unprotected_max_risk,0.21110466739331618
main,adult,non-IID,FedAMM,F Flip,,789,accuracy,0.8381698651968922,True,,62,unprotected_max_risk,0.21638875059718582
main,adult,non-IID,FedAMM,F Flip,,789,aeod,0.058327445047585136,True,,62,unprotected_max_risk,0.21638875059718582
main,adult,non-IID,FedAMM,F Flip,,789,aspd,0.15806130554960068,True,,62,unprotected_max_risk,0.21638875059718582
main,adult,non-IID,FedAMM,F Flip,,1001,accuracy,0.8245567434756624,True,,70,unprotected_max_risk,0.1792855083761705
main,adult,non-IID,FedAMM,F Flip,,1001,aeod,0.0716636268450993,True,,70,unprotected_max_risk,0.1792855083761705
main,adult,non-IID,FedAMM,F Flip,,1001,aspd,0.10762188153107119,True,,70,unprotected_max_risk,0.1792855083761705
main,adult,non-IID,FedAMM,F Flip,,2024,accuracy,0.8265489076299887,True,,61,unprotected_max_risk,0.15987943471687144
main,adult,non-IID,FedAMM,F Flip,,2024,aeod,0.03380513877409036,True,,61,unprotected_max_risk,0.15987943471687144
main,adult,non-IID,FedAMM,F Flip,,2024,aspd,0.12607429594278108,True,,61,unprotected_max_risk,0.15987943471687144
main,adult,non-IID,FedAMM,F Flip,,3141,accuracy,0.8250879872501494,True,,61,unprotected_max_risk,0.3338836504010986
main,adult,non-IID,FedAMM,F Flip,,3141,aeod,0.1874302759373513,True,,61,unprotected_max_risk,0.3338836504010986
main,adult,non-IID,FedAMM,F Flip,,3141,aspd,0.14645337446374726,True,,61,unprotected_max_risk,0.3338836504010986
main,adult,non-IID,FedAMM,F Flip,,4242,accuracy,0.8286738827279367,True,,62,unprotected_max_risk,0.18401988201120434
main,adult,non-IID,FedAMM,F Flip,,4242,aeod,0.04107843310859782,True,,62,unprotected_max_risk,0.18401988201120434
main,adult,non-IID,FedAMM,F Flip,,4242,aspd,0.14294144890260652,True,,62,unprotected_max_risk,0.18401988201120434
main,adult,non-IID,FedAMM,F Flip,,5050,accuracy,0.8324589946211568,True,,70,unprotected_max_risk,0.14677861229510702
main,adult,non-IID,FedAMM,F Flip,,5050,aeod,0.019463045461374118,True,,70,unprotected_max_risk,0.14677861229510702
main,adult,non-IID,FedAMM,F Flip,,5050,aspd,0.1273155668337329,True,,70,unprotected_max_risk,0.14677861229510702
main,adult,non-IID,FedAMM,F Flip,,6060,accuracy,0.8235606613984993,True,,70,unprotected_max_risk,0.12834864554358807
main,adult,non-IID,FedAMM,F Flip,,6060,aeod,0.011486584133559408,True,,70,unprotected_max_risk,0.12834864554358807
main,adult,non-IID,FedAMM,F Flip,,6060,aspd,0.11686206141002867,True,,70,unprotected_max_risk,0.12834864554358807
main,adult,non-IID,FedAMM,F Flip,,7070,accuracy,0.8224981738495252,True,,70,unprotected_max_risk,0.32979920599973866
main,adult,non-IID,FedAMM,F Flip,,7070,aeod,0.1669790266592256,True,,70,unprotected_max_risk,0.32979920599973866
main,adult,non-IID,FedAMM,F Flip,,7070,aspd,0.16282017934051307,True,,70,unprotected_max_risk,0.32979920599973866
main,adult,non-IID,FedAvg,Benign,,123,accuracy,0.8392323527458663,True,,,,
main,adult,non-IID,FedAvg,Benign,,123,aeod,0.013418436912897014,True,,,,
main,adult,non-IID,FedAvg,Benign,,123,aspd,0.12865614100086228,True,,,,
main,adult,non-IID,FedAvg,Benign,,456,accuracy,0.8394315691612989,True,,,,
main,adult,non-IID,FedAvg,Benign,,456,aeod,0.01539712941071636,True,,,,
main,adult,non-IID,FedAvg,Benign,,456,aspd,0.12968819292873207,True,,,,
main,adult,non-IID,FedAvg,Benign,,789,accuracy,0.8390995418022446,True,,,,
main,adult,non-IID,FedAvg,Benign,,789,aeod,0.07723298361580921,True,,,,
main,adult,non-IID,FedAvg,Benign,,789,aspd,0.10654222421443989,True,,,,
main,adult,non-IID,FedAvg,Benign,,1001,accuracy,0.8316621289594263,True,,,,
main,adult,non-IID,FedAvg,Benign,,1001,aeod,0.039802336388006454,True,,,,
main,adult,non-IID,FedAvg,Benign,,1001,aspd,0.11821850404007855,True,,,,
main,adult,non-IID,FedAvg,Benign,,2024,accuracy,0.833919915000996,True,,,,
main,adult,non-IID,FedAvg,Benign,,2024,aeod,0.008601371718292228,True,,,,
main,adult,non-IID,FedAvg,Benign,,2024,aspd,0.11613171089032749,True,,,,
main,adult,non-IID,FedAvg,Benign,,3141,accuracy,0.8248887708347168,True,,,,
main,adult,non-IID,FedAvg,Benign,,3141,aeod,0.05141573049111442,True,,,,
main,adult,non-IID,FedAvg,Benign,,3141,aspd,0.10851645358992175,True,,,,
main,adult,non-IID,FedAvg,Benign,,4242,accuracy,0.836642539345242,True,,,,
main,adult,non-IID,FedAvg,Benign,,4242,aeod,0.024532016946838597,True,,,,
main,adult,non-IID,FedAvg,Benign,,4242,aspd,0.11755499766506904,True,,,,
main,adult,non-IID,FedAvg,Benign,,5050,accuracy,0.8331894548110764,True,,,,
main,adult,non-IID,FedAvg,Benign,,5050,aeod,0.05855193296665073,True,,,,
main,adult,non-IID,FedAvg,Benign,,5050,aspd,0.11349549979619757,True,,,,
main,adult,non-IID,FedAvg,Benign,,6060,accuracy,0.8349824025499701,True,,,,
main,adult,non-IID,FedAvg,Benign,,6060,aeod,0.033531526272226775,True,,,,
main,adult,non-IID,FedAvg,Benign,,6060,aspd,0.10890542151351915,True,,,,
main,adult,non-IID,FedAvg,Benign,,7070,accuracy,0.8247559598910951,True,,,,
main,adult,non-IID,FedAvg,Benign,,7070,aeod,0.08168675538414,True,,,,
main,adult,non-IID,FedAvg,Benign,,7070,aspd,0.11004433981557034,True,,,,
main,adult,non-IID,FedAvg,F Flip,,123,accuracy,0.834517564247294,True,,70,unprotected_max_risk,0.15360426132826793
main,adult,non-IID,FedAvg,F Flip,,123,aeod,0.012076650343215145,True,,70,unprotected_max_risk,0.15360426132826793
main,adult,non-IID,FedAvg,F Flip,,123,aspd,0.1415276109850528,True,,70,unprotected_max_risk,0.15360426132826793
main,adult,non-IID,FedAvg,F Flip,,456,accuracy,0.8357128627398898,True,,67,unprotected_max_risk,0.18555720519028376
main,adult,non-IID,FedAvg,F Flip,,456,aeod,0.04512321416433085,True,,67,unprotected_max_risk,0.18555720519028376
main,adult,non-IID,FedAvg,F Flip,,456,aspd,0.14043399102595291,True,,67,unprotected_max_risk,0.18555720519028376
main,adult,non-IID,FedAvg,F Flip,,789,accuracy,0.8391659472740554,True,,61,unprotected_max_risk,0.18313884514091686
main,adult,non-IID,FedAvg,F Flip,,789,aeod,0.0367828881941632,True,,61,unprotected_max_risk,0.18313884514091686
main,adult,non-IID,FedAvg,F Flip,,789,aspd,0.14635595694675366,True,,61,unprotected_max_risk,0.18313884514091686
main,adult,non-IID,FedAvg,F Flip,,1001,accuracy,0.8270137459326649,True,,69,unprotected_max_risk,0.2760539544165102
main,adult,non-IID,FedAvg,F Flip,,1001,aeod,0.09128147186389524,True,,69,unprotected_max_risk,0.2760539544165102
main,adult,non-IID,FedAvg,F Flip,,1001,aspd,0.18477248255261497,True,,69,unprotected_max_risk,0.2760539544165102
main,adult,non-IID,FedAvg,F Flip,,2024,accuracy,0.8297363702769108,True,,61,unprotected_max_risk,0.20109420302627345
main,adult,non-IID,FedAvg,F Flip,,2024,aeod,0.06584807594432007,True,,61,unprotected_max_risk,0.20109420302627345
main,adult,non-IID,FedAvg,F Flip,,2024,aspd,0.13524612708195338,True,,61,unprotected_max_risk,0.20109420302627345
main,adult,non-IID,FedAvg,F Flip,,3141,accuracy,0.8304004249950195,True,,61,unprotected_max_risk,0.3861651240872767
main,adult,non-IID,FedAvg,F Flip,,3141,aeod,0.19372793320884635,True,,61,unprotected_max_risk,0.3861651240872767
main,adult,non-IID,FedAvg,F Flip,,3141,aspd,0.19243719087843036,True,,61,unprotected_max_risk,0.3861651240872767
main,adult,non-IID,FedAvg,F Flip,,4242,accuracy,0.8275449897071518,True,,62,unprotected_max_risk,0.21625191120113696
main,adult,non-IID,FedAvg,F Flip,,4242,aeod,0.05901004826204648,True,,62,unprotected_max_risk,0.21625191120113696
main,adult,non-IID,FedAvg,F Flip,,4242,aspd,0.15724186293909048,True,,62,unprotected_max_risk,0.21625191120113696
main,adult,non-IID,FedAvg,F Flip,,5050,accuracy,0.8278770170662062,True,,66,unprotected_max_risk,0.2121333887401935
main,adult,non-IID,FedAvg,F Flip,,5050,aeod,0.04912401158197721,True,,66,unprotected_max_risk,0.2121333887401935
main,adult,non-IID,FedAvg,F Flip,,5050,aspd,0.16300937715821628,True,,66,unprotected_max_risk,0.2121333887401935
main,adult,non-IID,FedAvg,F Flip,,6060,accuracy,0.8300019921641544,True,,62,unprotected_max_risk,0.20330533500472406
main,adult,non-IID,FedAvg,F Flip,,6060,aeod,0.06807581865260404,True,,62,unprotected_max_risk,0.20330533500472406
main,adult,non-IID,FedAvg,F Flip,,6060,aspd,0.13522951635212002,True,,62,unprotected_max_risk,0.20330533500472406
main,adult,non-IID,FedAvg,F Flip,,7070,accuracy,0.830201208579587,True,,61,unprotected_max_risk,0.24463820768398903
main,adult,non-IID,FedAvg,F Flip,,7070,aeod,0.094029021204112,True,,61,unprotected_max_risk,0.24463820768398903
main,adult,non-IID,FedAvg,F Flip,,7070,aspd,0.15060918647987703,True,,61,unprotected_max_risk,0.24463820768398903
main,adult,non-IID,FedDNA,Benign,,123,accuracy,0.8343183478318613,True,,,,
main,adult,non-IID,FedDNA,Benign,,123,aeod,0.0337126017692847,True,,,,
main,adult,non-IID,FedDNA,Benign,,123,aspd,0.1248896780724203,True,,,,
main,adult,non-IID,FedDNA,Benign,,456,accuracy,0.836111295570755,True,,,,
main,adult,non-IID,FedDNA,Benign,,456,aeod,0.016601824121426856,True,,,,
main,adult,non-IID,FedDNA,Benign,,456,aspd,0.10804102160161218,True,,,,
main,adult,non-IID,FedDNA,Benign,,789,accuracy,0.839896407463975,True,,,,
main,adult,non-IID,FedDNA,Benign,,789,aeod,0.007646298434125343,True,,,,
main,adult,non-IID,FedDNA,Benign,,789,aspd,0.13043854453254417,True,,,,
main,adult,non-IID,FedDNA,Benign,,1001,accuracy,0.8249551763065277,True,,,,
main,adult,non-IID,FedDNA,Benign,,1001,aeod,0.0488464005675604,True,,,,
main,adult,non-IID,FedDNA,Benign,,1001,aspd,0.13405737659040215,True,,,,
main,adult,non-IID,FedDNA,Benign,,2024,accuracy,0.8308652632976957,True,,,,
main,adult,non-IID,FedDNA,Benign,,2024,aeod,0.03696167882690499,True,,,,
main,adult,non-IID,FedDNA,Benign,,2024,aspd,0.10901718283707172,True,,,,
main,adult,non-IID,FedDNA,Benign,,3141,accuracy,0.8230958230958231,True,,,,
main,adult,non-IID,FedDNA,Benign,,3141,aeod,0.14586288186508906,True,,,,
main,adult,non-IID,FedDNA,Benign,,3141,aspd,0.11277269231323231,True,,,,
main,adult,non-IID,FedDNA,Benign,,4242,accuracy,0.8329238329238329,True,,,,
main,adult,non-IID,FedDNA,Benign,,4242,aeod,0.025826392581959512,True,,,,
main,adult,non-IID,FedDNA,Benign,,4242,aspd,0.12358950729887105,True,,,,
main,adult,non-IID,FedDNA,Benign,,5050,accuracy,0.8141974898731655,True,,,,
main,adult,non-IID,FedDNA,Benign,,5050,aeod,0.04607543136810255,True,,,,
main,adult,non-IID,FedDNA,Benign,,5050,aspd,0.08637348808755893,True,,,,
main,adult,non-IID,FedDNA,Benign,,6060,accuracy,0.8289395046151803,True,,,,
main,adult,non-IID,FedDNA,Benign,,6060,aeod,0.026328491515441976,True,,,,
main,adult,non-IID,FedDNA,Benign,,6060,aspd,0.09493732238004154,True,,,,
main,adult,non-IID,FedDNA,Benign,,7070,accuracy,0.8256192310246364,True,,,,
main,adult,non-IID,FedDNA,Benign,,7070,aeod,0.13422778155097737,True,,,,
main,adult,non-IID,FedDNA,Benign,,7070,aspd,0.11602331985978458,True,,,,
main,adult,non-IID,FedDNA,F Flip,,123,accuracy,0.8333886712265091,True,,64,unprotected_max_risk,0.18424878405905776
main,adult,non-IID,FedDNA,F Flip,,123,aeod,0.03857822033060854,True,,64,unprotected_max_risk,0.18424878405905776
main,adult,non-IID,FedDNA,F Flip,,123,aspd,0.14567056372844922,True,,64,unprotected_max_risk,0.18424878405905776
main,adult,non-IID,FedDNA,F Flip,,456,accuracy,0.8337206985855634,True,,68,unprotected_max_risk,0.1754368131162446
main,adult,non-IID,FedDNA,F Flip,,456,aeod,0.030329288933088283,True,,68,unprotected_max_risk,0.1754368131162446
main,adult,non-IID,FedDNA,F Flip,,456,aspd,0.1451075241831563,True,,68,unprotected_max_risk,0.1754368131162446
main,adult,non-IID,FedDNA,F Flip,,789,accuracy,0.8373065940633508,True,,63,unprotected_max_risk,0.27681721921747005
main,adult,non-IID,FedDNA,F Flip,,789,aeod,0.0972118371965629,True,,63,unprotected_max_risk,0.27681721921747005
main,adult,non-IID,FedDNA,F Flip,,789,aspd,0.17960538202090714,True,,63,unprotected_max_risk,0.27681721921747005
main,adult,non-IID,FedDNA,F Flip,,1001,accuracy,0.8221661464904708,True,,64,unprotected_max_risk,0.14995153145950535
main,adult,non-IID,FedDNA,F Flip,,1001,aeod,0.04057519174295743,True,,64,unprotected_max_risk,0.14995153145950535
main,adult,non-IID,FedDNA,F Flip,,1001,aspd,0.10937633971654792,True,,64,unprotected_max_risk,0.14995153145950535
main,adult,non-IID,FedDNA,F Flip,,2024,accuracy,0.8280762334816388,True,,64,unprotected_max_risk,0.19642268639173271
main,adult,non-IID,FedDNA,F Flip,,2024,aeod,0.06050777682130826,True,,64,unprotected_max_risk,0.19642268639173271
main,adult,non-IID,FedDNA,F Flip,,2024,aspd,0.13591490957042446,True,,64,unprotected_max_risk,0.19642268639173271
main,adult,non-IID,FedDNA,F Flip,,3141,accuracy,0.8288066936715586,True,,66,unprotected_max_risk,0.4114029516842478
main,adult,non-IID,FedDNA,F Flip,,3141,aeod,0.2365874180519133,True,,66,unprotected_max_risk,0.4114029516842478
main,adult,non-IID,FedDNA,F Flip,,3141,aspd,0.17481553363233449,True,,66,unprotected_max_risk,0.4114029516842478
main,adult,non-IID,FedDNA,F Flip,,4242,accuracy,0.8315293180158045,True,,61,unprotected_max_risk,0.25416143672648667
main,adult,non-IID,FedDNA,F Flip,,4242,aeod,0.09814234818933065,True,,61,unprotected_max_risk,0.25416143672648667
main,adult,non-IID,FedDNA,F Flip,,4242,aspd,0.15601908853715601,True,,61,unprotected_max_risk,0.25416143672648667
main,adult,non-IID,FedDNA,F Flip,,5050,accuracy,0.8211700644133076,True,,68,unprotected_max_risk,0.20360379120991023
main,adult,non-IID,FedDNA,F Flip,,5050,aeod,0.05462367999104334,True,,68,unprotected_max_risk,0.20360379120991023
main,adult,non-IID,FedDNA,F Flip,,5050,aspd,0.1489801112188669,True,,68,unprotected_max_risk,0.20360379120991023
main,adult,non-IID,FedDNA,F Flip,,6060,accuracy,0.8292715319742346,True,,69,unprotected_max_risk,0.16125270595154545
main,adult,non-IID,FedDNA,F Flip,,6060,aeod,0.03030586907384747,True,,69,unprotected_max_risk,0.16125270595154545
main,adult,non-IID,FedDNA,F Flip,,6060,aspd,0.13094683687769798,True,,69,unprotected_max_risk,0.16125270595154545
main,adult,non-IID,FedDNA,F Flip,,7070,accuracy,0.8163224649711136,True,,61,unprotected_max_risk,0.36246257791308467
main,adult,non-IID,FedDNA,F Flip,,7070,aeod,0.19479553606058547,True,,61,unprotected_max_risk,0.36246257791308467
main,adult,non-IID,FedDNA,F Flip,,7070,aspd,0.1676670418524992,True,,61,unprotected_max_risk,0.36246257791308467
main,adult,non-IID,GuardFed,Benign,,123,accuracy,0.8120725147752175,True,,,,
main,adult,non-IID,GuardFed,Benign,,123,aeod,0.006766054456313675,True,,,,
main,adult,non-IID,GuardFed,Benign,,123,aspd,0.057535475644035904,True,,,,
main,adult,non-IID,GuardFed,Benign,,456,accuracy,0.8269473404608539,True,,,,
main,adult,non-IID,GuardFed,Benign,,456,aeod,0.02680431450928822,True,,,,
main,adult,non-IID,GuardFed,Benign,,456,aspd,0.10476020184684835,True,,,,
main,adult,non-IID,GuardFed,Benign,,789,accuracy,0.8394979746331098,True,,,,
main,adult,non-IID,GuardFed,Benign,,789,aeod,0.02005539653534605,True,,,,
main,adult,non-IID,GuardFed,Benign,,789,aspd,0.12914780255491481,True,,,,
main,adult,non-IID,GuardFed,Benign,,1001,accuracy,0.8367089448170529,True,,,,
main,adult,non-IID,GuardFed,Benign,,1001,aeod,0.002669863953466467,True,,,,
main,adult,non-IID,GuardFed,Benign,,1001,aspd,0.11748135275055431,True,,,,
main,adult,non-IID,GuardFed,Benign,,2024,accuracy,0.8240254997011753,True,,,,
main,adult,non-IID,GuardFed,Benign,,2024,aeod,0.10854704906917484,True,,,,
main,adult,non-IID,GuardFed,Benign,,2024,aspd,0.10801608544559427,True,,,,
main,adult,non-IID,GuardFed,Benign,,3141,accuracy,0.822630984793147,True,,,,
main,adult,non-IID,GuardFed,Benign,,3141,aeod,0.02451145316799297,True,,,,
main,adult,non-IID,GuardFed,Benign,,3141,aspd,0.08225693597273818,True,,,,
main,adult,non-IID,GuardFed,Benign,,4242,accuracy,0.835580051796268,True,,,,
main,adult,non-IID,GuardFed,Benign,,4242,aeod,0.03734953454457801,True,,,,
main,adult,non-IID,GuardFed,Benign,,4242,aspd,0.11169496087832081,True,,,,
main,adult,non-IID,GuardFed,Benign,,5050,accuracy,0.8105451889235673,True,,,,
main,adult,non-IID,GuardFed,Benign,,5050,aeod,0.08322846758148827,True,,,,
main,adult,non-IID,GuardFed,Benign,,5050,aspd,0.07617407868326183,True,,,,
main,adult,non-IID,GuardFed,Benign,,6060,accuracy,0.831794939903048,True,,,,
main,adult,non-IID,GuardFed,Benign,,6060,aeod,0.0027161324558693245,True,,,,
main,adult,non-IID,GuardFed,Benign,,6060,aspd,0.11776080621260555,True,,,,
main,adult,non-IID,GuardFed,Benign,,7070,accuracy,0.822630984793147,True,,,,
main,adult,non-IID,GuardFed,Benign,,7070,aeod,0.03830118053227061,True,,,,
main,adult,non-IID,GuardFed,Benign,,7070,aspd,0.08641007984023527,True,,,,
main,adult,non-IID,GuardFed,F Flip,,123,accuracy,0.8321933727339133,True,,64,fairness_defended_min_risk,0.15169122062618945
main,adult,non-IID,GuardFed,F Flip,,123,aeod,0.040211898316683314,True,,64,fairness_defended_min_risk,0.15169122062618945
main,adult,non-IID,GuardFed,F Flip,,123,aspd,0.11147932230950612,True,,64,fairness_defended_min_risk,0.15169122062618945
main,adult,non-IID,GuardFed,F Flip,,456,accuracy,0.8301348031077761,True,,67,fairness_defended_min_risk,0.11770629840256364
main,adult,non-IID,GuardFed,F Flip,,456,aeod,0.03039783486257397,True,,67,fairness_defended_min_risk,0.11770629840256364
main,adult,non-IID,GuardFed,F Flip,,456,aspd,0.08730846353998967,True,,67,fairness_defended_min_risk,0.11770629840256364
main,adult,non-IID,GuardFed,F Flip,,789,accuracy,0.8363769174579986,True,,64,fairness_defended_min_risk,0.11984542117385899
main,adult,non-IID,GuardFed,F Flip,,789,aeod,0.0042389945226090076,True,,64,fairness_defended_min_risk,0.11984542117385899
main,adult,non-IID,GuardFed,F Flip,,789,aspd,0.11560642665124998,True,,64,fairness_defended_min_risk,0.11984542117385899
main,adult,non-IID,GuardFed,F Flip,,1001,accuracy,0.8256192310246364,True,,68,fairness_defended_min_risk,0.08514961724859368
main,adult,non-IID,GuardFed,F Flip,,1001,aeod,0.002673291249940757,True,,68,fairness_defended_min_risk,0.08514961724859368
main,adult,non-IID,GuardFed,F Flip,,1001,aspd,0.08247632599865293,True,,68,fairness_defended_min_risk,0.08514961724859368
main,adult,non-IID,GuardFed,F Flip,,2024,accuracy,0.8122717311906501,True,,70,fairness_defended_min_risk,0.13199325548873156
main,adult,non-IID,GuardFed,F Flip,,2024,aeod,0.058184641027823364,True,,70,fairness_defended_min_risk,0.13199325548873156
main,adult,non-IID,GuardFed,F Flip,,2024,aspd,0.0738086144609082,True,,70,fairness_defended_min_risk,0.13199325548873156
main,adult,non-IID,GuardFed,F Flip,,3141,accuracy,0.804767912876021,True,,68,fairness_defended_min_risk,0.07394476532437144
main,adult,non-IID,GuardFed,F Flip,,3141,aeod,0.02286749329249521,True,,68,fairness_defended_min_risk,0.07394476532437144
main,adult,non-IID,GuardFed,F Flip,,3141,aspd,0.05107727203187623,True,,68,fairness_defended_min_risk,0.07394476532437144
main,adult,non-IID,GuardFed,F Flip,,4242,accuracy,0.8330566438674547,True,,70,fairness_defended_min_risk,0.11218267904289066
main,adult,non-IID,GuardFed,F Flip,,4242,aeod,0.0024876460242503895,True,,70,fairness_defended_min_risk,0.11218267904289066
main,adult,non-IID,GuardFed,F Flip,,4242,aspd,0.10969503301864027,True,,70,fairness_defended_min_risk,0.11218267904289066
main,adult,non-IID,GuardFed,F Flip,,5050,accuracy,0.7983265821103659,False,accuracy_not_above_majority_baseline,63,fairness_defended_min_risk,0.07332919732638955
main,adult,non-IID,GuardFed,F Flip,,5050,aeod,0.02616226763643925,False,accuracy_not_above_majority_baseline,63,fairness_defended_min_risk,0.07332919732638955
main,adult,non-IID,GuardFed,F Flip,,5050,aspd,0.0471669296899503,False,accuracy_not_above_majority_baseline,63,fairness_defended_min_risk,0.07332919732638955
main,adult,non-IID,GuardFed,F Flip,,6060,accuracy,0.8090178630719171,True,,64,fairness_defended_min_risk,0.07858065840122792
main,adult,non-IID,GuardFed,F Flip,,6060,aeod,0.02141374837132018,True,,64,fairness_defended_min_risk,0.07858065840122792
main,adult,non-IID,GuardFed,F Flip,,6060,aspd,0.057166910029907744,True,,64,fairness_defended_min_risk,0.07858065840122792
main,adult,non-IID,GuardFed,F Flip,,7070,accuracy,0.7943422538017133,True,,65,fairness_defended_min_risk,0.05579207627854352
main,adult,non-IID,GuardFed,F Flip,,7070,aeod,0.01734383380810911,True,,65,fairness_defended_min_risk,0.05579207627854352
main,adult,non-IID,GuardFed,F Flip,,7070,aspd,0.03844824247043441,True,,65,fairness_defended_min_risk,0.05579207627854352
main,adult,non-IID,GuardFed-AD2,Benign,,123,accuracy,0.8191779002589813,True,,,,
main,adult,non-IID,GuardFed-AD2,Benign,,123,aeod,0.02040041104709045,True,,,,
main,adult,non-IID,GuardFed-AD2,Benign,,123,aspd,0.0697702611684188,True,,,,
main,adult,non-IID,GuardFed-AD2,Benign,,456,accuracy,0.8115412710007305,True,,,,
main,adult,non-IID,GuardFed-AD2,Benign,,456,aeod,0.07042123187317179,True,,,,
main,adult,non-IID,GuardFed-AD2,Benign,,456,aspd,0.043162941349398715,True,,,,
main,adult,non-IID,GuardFed-AD2,Benign,,789,accuracy,0.8007835845673683,True,,,,
main,adult,non-IID,GuardFed-AD2,Benign,,789,aeod,0.016594398312399228,True,,,,
main,adult,non-IID,GuardFed-AD2,Benign,,789,aspd,0.04453976622764989,True,,,,
main,adult,non-IID,GuardFed-AD2,Benign,,1001,accuracy,0.828009828009828,True,,,,
main,adult,non-IID,GuardFed-AD2,Benign,,1001,aeod,0.007303568786697079,True,,,,
main,adult,non-IID,GuardFed-AD2,Benign,,1001,aspd,0.09215871640625334,True,,,,
main,adult,non-IID,GuardFed-AD2,Benign,,2024,accuracy,0.8021116940035858,True,,,,
main,adult,non-IID,GuardFed-AD2,Benign,,2024,aeod,0.0900899151230028,True,,,,
main,adult,non-IID,GuardFed-AD2,Benign,,2024,aspd,0.060804218515515124,True,,,,
main,adult,non-IID,GuardFed-AD2,Benign,,3141,accuracy,0.8029085596653164,True,,,,
main,adult,non-IID,GuardFed-AD2,Benign,,3141,aeod,0.026697497102506434,True,,,,
main,adult,non-IID,GuardFed-AD2,Benign,,3141,aspd,0.04116150889462454,True,,,,
main,adult,non-IID,GuardFed-AD2,Benign,,4242,accuracy,0.816123248555681,True,,,,
main,adult,non-IID,GuardFed-AD2,Benign,,4242,aeod,0.028209506063744283,True,,,,
main,adult,non-IID,GuardFed-AD2,Benign,,4242,aspd,0.06805582521243178,True,,,,
main,adult,non-IID,GuardFed-AD2,Benign,,5050,accuracy,0.8015804502290989,True,,,,
main,adult,non-IID,GuardFed-AD2,Benign,,5050,aeod,0.053332160436317666,True,,,,
main,adult,non-IID,GuardFed-AD2,Benign,,5050,aspd,0.037208496235844116,True,,,,
main,adult,non-IID,GuardFed-AD2,Benign,,6060,accuracy,0.8146623281758417,True,,,,
main,adult,non-IID,GuardFed-AD2,Benign,,6060,aeod,0.02614113264151452,True,,,,
main,adult,non-IID,GuardFed-AD2,Benign,,6060,aspd,0.06521454783767819,True,,,,
main,adult,non-IID,GuardFed-AD2,Benign,,7070,accuracy,0.8090842685437281,True,,,,
main,adult,non-IID,GuardFed-AD2,Benign,,7070,aeod,0.018436570167326333,True,,,,
main,adult,non-IID,GuardFed-AD2,Benign,,7070,aspd,0.056331217792386666,True,,,,
main,adult,non-IID,GuardFed-AD2,F Flip,,123,accuracy,0.8209044425260641,True,,61,fairness_defended_min_risk,0.07498729850007493
main,adult,non-IID,GuardFed-AD2,F Flip,,123,aeod,0.003378743107563975,True,,61,fairness_defended_min_risk,0.07498729850007493
main,adult,non-IID,GuardFed-AD2,F Flip,,123,aspd,0.07160855539251096,True,,61,fairness_defended_min_risk,0.07498729850007493
main,adult,non-IID,GuardFed-AD2,F Flip,,456,accuracy,0.8163224649711136,True,,69,fairness_defended_min_risk,0.0762029402130861
main,adult,non-IID,GuardFed-AD2,F Flip,,456,aeod,0.012265151649300754,True,,69,fairness_defended_min_risk,0.0762029402130861
main,adult,non-IID,GuardFed-AD2,F Flip,,456,aspd,0.06393778856378535,True,,69,fairness_defended_min_risk,0.0762029402130861
main,adult,non-IID,GuardFed-AD2,F Flip,,789,accuracy,0.8288066936715586,True,,65,fairness_defended_min_risk,0.08902393119977389
main,adult,non-IID,GuardFed-AD2,F Flip,,789,aeod,0.0005312309535138171,True,,65,fairness_defended_min_risk,0.08902393119977389
main,adult,non-IID,GuardFed-AD2,F Flip,,789,aspd,0.08849270024626008,True,,65,fairness_defended_min_risk,0.08902393119977389
main,adult,non-IID,GuardFed-AD2,F Flip,,1001,accuracy,0.8211036589414967,True,,62,fairness_defended_min_risk,0.07111356245478648
main,adult,non-IID,GuardFed-AD2,F Flip,,1001,aeod,0.00032559316505686997,True,,62,fairness_defended_min_risk,0.07111356245478648
main,adult,non-IID,GuardFed-AD2,F Flip,,1001,aspd,0.07078796928972961,True,,62,fairness_defended_min_risk,0.07111356245478648
main,adult,non-IID,GuardFed-AD2,F Flip,,2024,accuracy,0.7886977886977887,True,,62,fairness_defended_min_risk,0.05976006275464415
main,adult,non-IID,GuardFed-AD2,F Flip,,2024,aeod,0.026501569987393253,True,,62,fairness_defended_min_risk,0.05976006275464415
main,adult,non-IID,GuardFed-AD2,F Flip,,2024,aspd,0.033258492767250895,True,,62,fairness_defended_min_risk,0.05976006275464415
main,adult,non-IID,GuardFed-AD2,F Flip,,3141,accuracy,0.8028421541935056,True,,70,fairness_defended_min_risk,0.05534106273539389
main,adult,non-IID,GuardFed-AD2,F Flip,,3141,aeod,0.012334840010944509,True,,70,fairness_defended_min_risk,0.05534106273539389
main,adult,non-IID,GuardFed-AD2,F Flip,,3141,aspd,0.04300622272444938,True,,70,fairness_defended_min_risk,0.05534106273539389
main,adult,non-IID,GuardFed-AD2,F Flip,,4242,accuracy,0.795006308519822,True,,63,fairness_defended_min_risk,0.08008320102973654
main,adult,non-IID,GuardFed-AD2,F Flip,,4242,aeod,0.03668349659640899,True,,63,fairness_defended_min_risk,0.08008320102973654
main,adult,non-IID,GuardFed-AD2,F Flip,,4242,aspd,0.04339970443332756,True,,63,fairness_defended_min_risk,0.08008320102973654
main,adult,non-IID,GuardFed-AD2,F Flip,,5050,accuracy,0.7854439205790558,True,,65,fairness_defended_min_risk,0.04945631964413699
main,adult,non-IID,GuardFed-AD2,F Flip,,5050,aeod,0.028290618746969004,True,,65,fairness_defended_min_risk,0.04945631964413699
main,adult,non-IID,GuardFed-AD2,F Flip,,5050,aspd,0.021165700897167985,True,,65,fairness_defended_min_risk,0.04945631964413699
main,adult,non-IID,GuardFed-AD2,F Flip,,6060,accuracy,0.8114084600571088,True,,65,fairness_defended_min_risk,0.06240884481337733
main,adult,non-IID,GuardFed-AD2,F Flip,,6060,aeod,0.004414929074955554,True,,65,fairness_defended_min_risk,0.06240884481337733
main,adult,non-IID,GuardFed-AD2,F Flip,,6060,aspd,0.057993915738421775,True,,65,fairness_defended_min_risk,0.06240884481337733
main,adult,non-IID,GuardFed-AD2,F Flip,,7070,accuracy,0.8052327511786971,True,,62,fairness_defended_min_risk,0.05750965332038848
main,adult,non-IID,GuardFed-AD2,F Flip,,7070,aeod,0.0077325520620614985,True,,62,fairness_defended_min_risk,0.05750965332038848
main,adult,non-IID,GuardFed-AD2,F Flip,,7070,aspd,0.04977710125832698,True,,62,fairness_defended_min_risk,0.05750965332038848
main,adult,non-IID,GuardFed-AD2+,Benign,,123,accuracy,0.8206388206388207,True,,,,
main,adult,non-IID,GuardFed-AD2+,Benign,,123,aeod,0.01901406962324298,True,,,,
main,adult,non-IID,GuardFed-AD2+,Benign,,123,aspd,0.07097867170252639,True,,,,
main,adult,non-IID,GuardFed-AD2+,Benign,,456,accuracy,0.8114748655289196,True,,,,
main,adult,non-IID,GuardFed-AD2+,Benign,,456,aeod,0.016970258492412238,True,,,,
main,adult,non-IID,GuardFed-AD2+,Benign,,456,aspd,0.052099513999735746,True,,,,
main,adult,non-IID,GuardFed-AD2+,Benign,,789,accuracy,0.800982800982801,True,,,,
main,adult,non-IID,GuardFed-AD2+,Benign,,789,aeod,0.019457904516662655,True,,,,
main,adult,non-IID,GuardFed-AD2+,Benign,,789,aspd,0.04480977083251333,True,,,,
main,adult,non-IID,GuardFed-AD2+,Benign,,1001,accuracy,0.8257520419682581,True,,,,
main,adult,non-IID,GuardFed-AD2+,Benign,,1001,aeod,0.07129919098666726,True,,,,
main,adult,non-IID,GuardFed-AD2+,Benign,,1001,aspd,0.10100956725879104,True,,,,
main,adult,non-IID,GuardFed-AD2+,Benign,,2024,accuracy,0.8027093432498837,True,,,,
main,adult,non-IID,GuardFed-AD2+,Benign,,2024,aeod,0.11249757947186503,True,,,,
main,adult,non-IID,GuardFed-AD2+,Benign,,2024,aspd,0.06372668384151935,True,,,,
main,adult,non-IID,GuardFed-AD2+,Benign,,3141,accuracy,0.8078889700511322,True,,,,
main,adult,non-IID,GuardFed-AD2+,Benign,,3141,aeod,0.04430980246776772,True,,,,
main,adult,non-IID,GuardFed-AD2+,Benign,,3141,aspd,0.04018231840770988,True,,,,
main,adult,non-IID,GuardFed-AD2+,Benign,,4242,accuracy,0.8183810345972509,True,,,,
main,adult,non-IID,GuardFed-AD2+,Benign,,4242,aeod,0.02857337070609728,True,,,,
main,adult,non-IID,GuardFed-AD2+,Benign,,4242,aspd,0.07339095892419284,True,,,,
main,adult,non-IID,GuardFed-AD2+,Benign,,5050,accuracy,0.8134670296832459,True,,,,
main,adult,non-IID,GuardFed-AD2+,Benign,,5050,aeod,0.010311021442880375,True,,,,
main,adult,non-IID,GuardFed-AD2+,Benign,,5050,aspd,0.06283851132713353,True,,,,
main,adult,non-IID,GuardFed-AD2+,Benign,,6060,accuracy,0.8385682980277575,True,,,,
main,adult,non-IID,GuardFed-AD2+,Benign,,6060,aeod,0.043416420520137944,True,,,,
main,adult,non-IID,GuardFed-AD2+,Benign,,6060,aspd,0.11669210234825567,True,,,,
main,adult,non-IID,GuardFed-AD2+,Benign,,7070,accuracy,0.823162228567634,True,,,,
main,adult,non-IID,GuardFed-AD2+,Benign,,7070,aeod,0.04459541050729127,True,,,,
main,adult,non-IID,GuardFed-AD2+,Benign,,7070,aspd,0.08055154764858066,True,,,,
main,adult,non-IID,GuardFed-AD2+,F Flip,,123,accuracy,0.797728932864068,True,,65,fairness_defended_min_risk,0.059661111314298354
main,adult,non-IID,GuardFed-AD2+,F Flip,,123,aeod,0.01425355482046392,True,,65,fairness_defended_min_risk,0.059661111314298354
main,adult,non-IID,GuardFed-AD2+,F Flip,,123,aspd,0.04540755649383443,True,,65,fairness_defended_min_risk,0.059661111314298354
main,adult,non-IID,GuardFed-AD2+,F Flip,,456,accuracy,0.7883657613387343,True,,64,fairness_defended_min_risk,0.049213760693734857
main,adult,non-IID,GuardFed-AD2+,F Flip,,456,aeod,0.02581325461214143,True,,64,fairness_defended_min_risk,0.049213760693734857
main,adult,non-IID,GuardFed-AD2+,F Flip,,456,aspd,0.02340050608159343,True,,64,fairness_defended_min_risk,0.049213760693734857
main,adult,non-IID,GuardFed-AD2+,F Flip,,789,accuracy,0.8006507736237466,True,,70,fairness_defended_min_risk,0.04383637567193694
main,adult,non-IID,GuardFed-AD2+,F Flip,,789,aeod,0.0034724225445277035,True,,70,fairness_defended_min_risk,0.04383637567193694
main,adult,non-IID,GuardFed-AD2+,F Flip,,789,aspd,0.04036395312740924,True,,70,fairness_defended_min_risk,0.04383637567193694
main,adult,non-IID,GuardFed-AD2+,F Flip,,1001,accuracy,0.8187130619563052,True,,61,fairness_defended_min_risk,0.08137385086913712
main,adult,non-IID,GuardFed-AD2+,F Flip,,1001,aeod,0.010688595271130585,True,,61,fairness_defended_min_risk,0.08137385086913712
main,adult,non-IID,GuardFed-AD2+,F Flip,,1001,aspd,0.07068525559800654,True,,61,fairness_defended_min_risk,0.08137385086913712
main,adult,non-IID,GuardFed-AD2+,F Flip,,2024,accuracy,0.790158709077628,True,,70,fairness_defended_min_risk,0.03999320327333493
main,adult,non-IID,GuardFed-AD2+,F Flip,,2024,aeod,0.008980087978700507,True,,70,fairness_defended_min_risk,0.03999320327333493
main,adult,non-IID,GuardFed-AD2+,F Flip,,2024,aspd,0.031013115294634422,True,,70,fairness_defended_min_risk,0.03999320327333493
main,adult,non-IID,GuardFed-AD2+,F Flip,,3141,accuracy,0.8060296168404276,True,,64,fairness_defended_min_risk,0.06558038341004066
main,adult,non-IID,GuardFed-AD2+,F Flip,,3141,aeod,0.0225613214741259,True,,64,fairness_defended_min_risk,0.06558038341004066
main,adult,non-IID,GuardFed-AD2+,F Flip,,3141,aspd,0.04301906193591476,True,,64,fairness_defended_min_risk,0.06558038341004066
main,adult,non-IID,GuardFed-AD2+,F Flip,,4242,accuracy,0.7553622418487284,True,,63,fairness_defended_min_risk,0.010241561037305771
main,adult,non-IID,GuardFed-AD2+,F Flip,,4242,aeod,0.009703818750853254,True,,63,fairness_defended_min_risk,0.010241561037305771
main,adult,non-IID,GuardFed-AD2+,F Flip,,4242,aspd,0.0005377422864525175,True,,63,fairness_defended_min_risk,0.010241561037305771
main,adult,non-IID,GuardFed-AD2+,F Flip,,5050,accuracy,0.813400624211435,True,,62,fairness_defended_min_risk,0.07421421611661805
main,adult,non-IID,GuardFed-AD2+,F Flip,,5050,aeod,0.01337902300344268,True,,62,fairness_defended_min_risk,0.07421421611661805
main,adult,non-IID,GuardFed-AD2+,F Flip,,5050,aspd,0.06083519311317536,True,,62,fairness_defended_min_risk,0.07421421611661805
main,adult,non-IID,GuardFed-AD2+,F Flip,,6060,accuracy,0.7898930871903845,True,,61,fairness_defended_min_risk,0.033495085560156075
main,adult,non-IID,GuardFed-AD2+,F Flip,,6060,aeod,0.00348041956963438,True,,61,fairness_defended_min_risk,0.033495085560156075
main,adult,non-IID,GuardFed-AD2+,F Flip,,6060,aspd,0.030014665990521695,True,,61,fairness_defended_min_risk,0.033495085560156075
main,adult,non-IID,GuardFed-AD2+,F Flip,,7070,accuracy,0.8075569426920778,True,,64,fairness_defended_min_risk,0.05029596639149294
main,adult,non-IID,GuardFed-AD2+,F Flip,,7070,aeod,0.0029828903647843297,True,,64,fairness_defended_min_risk,0.05029596639149294
main,adult,non-IID,GuardFed-AD2+,F Flip,,7070,aspd,0.04731307602670861,True,,64,fairness_defended_min_risk,0.05029596639149294
main,adult,non-IID,Huber-BRFL,Benign,,123,accuracy,0.8372401885915399,True,,,,
main,adult,non-IID,Huber-BRFL,Benign,,123,aeod,0.010645754065202073,True,,,,
main,adult,non-IID,Huber-BRFL,Benign,,123,aspd,0.1323244240841299,True,,,,
main,adult,non-IID,Huber-BRFL,Benign,,456,accuracy,0.8367753502888639,True,,,,
main,adult,non-IID,Huber-BRFL,Benign,,456,aeod,0.013624645917432954,True,,,,
main,adult,non-IID,Huber-BRFL,Benign,,456,aspd,0.12629029561441826,True,,,,
main,adult,non-IID,Huber-BRFL,Benign,,789,accuracy,0.8371737831197291,True,,,,
main,adult,non-IID,Huber-BRFL,Benign,,789,aeod,0.07702791704343126,True,,,,
main,adult,non-IID,Huber-BRFL,Benign,,789,aspd,0.11144497741883623,True,,,,
main,adult,non-IID,Huber-BRFL,Benign,,1001,accuracy,0.8289395046151803,True,,,,
main,adult,non-IID,Huber-BRFL,Benign,,1001,aeod,0.04782449500214492,True,,,,
main,adult,non-IID,Huber-BRFL,Benign,,1001,aspd,0.11477340256236157,True,,,,
main,adult,non-IID,Huber-BRFL,Benign,,2024,accuracy,0.8346503751909158,True,,,,
main,adult,non-IID,Huber-BRFL,Benign,,2024,aeod,0.020669453820321648,True,,,,
main,adult,non-IID,Huber-BRFL,Benign,,2024,aspd,0.11041101967051453,True,,,,
main,adult,non-IID,Huber-BRFL,Benign,,3141,accuracy,0.8254864200810147,True,,,,
main,adult,non-IID,Huber-BRFL,Benign,,3141,aeod,0.13281973391612606,True,,,,
main,adult,non-IID,Huber-BRFL,Benign,,3141,aspd,0.12804399147171427,True,,,,
main,adult,non-IID,Huber-BRFL,Benign,,4242,accuracy,0.8353808353808354,True,,,,
main,adult,non-IID,Huber-BRFL,Benign,,4242,aeod,0.009442773002728722,True,,,,
main,adult,non-IID,Huber-BRFL,Benign,,4242,aspd,0.11305932770919698,True,,,,
main,adult,non-IID,Huber-BRFL,Benign,,5050,accuracy,0.8328574274520221,True,,,,
main,adult,non-IID,Huber-BRFL,Benign,,5050,aeod,0.06325589737760406,True,,,,
main,adult,non-IID,Huber-BRFL,Benign,,5050,aspd,0.11198310086937913,True,,,,
main,adult,non-IID,Huber-BRFL,Benign,,6060,accuracy,0.8268809349890431,True,,,,
main,adult,non-IID,Huber-BRFL,Benign,,6060,aeod,0.03357722355855053,True,,,,
main,adult,non-IID,Huber-BRFL,Benign,,6060,aspd,0.10065877592803525,True,,,,
main,adult,non-IID,Huber-BRFL,Benign,,7070,accuracy,0.8268809349890431,True,,,,
main,adult,non-IID,Huber-BRFL,Benign,,7070,aeod,0.105775508653638,True,,,,
main,adult,non-IID,Huber-BRFL,Benign,,7070,aspd,0.11858402034148369,True,,,,
main,adult,non-IID,Huber-BRFL,F Flip,,123,accuracy,0.833919915000996,True,,61,unprotected_max_risk,0.17292156572785075
main,adult,non-IID,Huber-BRFL,F Flip,,123,aeod,0.025352283236350415,True,,61,unprotected_max_risk,0.17292156572785075
main,adult,non-IID,Huber-BRFL,F Flip,,123,aspd,0.14756928249150034,True,,61,unprotected_max_risk,0.17292156572785075
main,adult,non-IID,Huber-BRFL,F Flip,,456,accuracy,0.8375058104787835,True,,63,unprotected_max_risk,0.22771705318152063
main,adult,non-IID,Huber-BRFL,F Flip,,456,aeod,0.07441688834610666,True,,63,unprotected_max_risk,0.22771705318152063
main,adult,non-IID,Huber-BRFL,F Flip,,456,aspd,0.15330016483541398,True,,63,unprotected_max_risk,0.22771705318152063
main,adult,non-IID,Huber-BRFL,F Flip,,789,accuracy,0.8385682980277575,True,,61,unprotected_max_risk,0.15968822241522174
main,adult,non-IID,Huber-BRFL,F Flip,,789,aeod,0.019329380898877146,True,,61,unprotected_max_risk,0.15968822241522174
main,adult,non-IID,Huber-BRFL,F Flip,,789,aspd,0.1403588415163446,True,,61,unprotected_max_risk,0.15968822241522174
main,adult,non-IID,Huber-BRFL,F Flip,,1001,accuracy,0.826349691214556,True,,70,unprotected_max_risk,0.22451938396171367
main,adult,non-IID,Huber-BRFL,F Flip,,1001,aeod,0.060033096259619945,True,,70,unprotected_max_risk,0.22451938396171367
main,adult,non-IID,Huber-BRFL,F Flip,,1001,aspd,0.16448628770209373,True,,70,unprotected_max_risk,0.22451938396171367
main,adult,non-IID,Huber-BRFL,F Flip,,2024,accuracy,0.8313965070721827,True,,70,unprotected_max_risk,0.1595995263650365
main,adult,non-IID,Huber-BRFL,F Flip,,2024,aeod,0.02837173143019367,True,,70,unprotected_max_risk,0.1595995263650365
main,adult,non-IID,Huber-BRFL,F Flip,,2024,aspd,0.13122779493484282,True,,70,unprotected_max_risk,0.1595995263650365
main,adult,non-IID,Huber-BRFL,F Flip,,3141,accuracy,0.8286738827279367,True,,65,unprotected_max_risk,0.32330084724261937
main,adult,non-IID,Huber-BRFL,F Flip,,3141,aeod,0.17261350206294684,True,,65,unprotected_max_risk,0.32330084724261937
main,adult,non-IID,Huber-BRFL,F Flip,,3141,aspd,0.15068734517967253,True,,65,unprotected_max_risk,0.32330084724261937
main,adult,non-IID,Huber-BRFL,F Flip,,4242,accuracy,0.8266817185736105,True,,62,unprotected_max_risk,0.18642882971783825
main,adult,non-IID,Huber-BRFL,F Flip,,4242,aeod,0.04216945581957798,True,,62,unprotected_max_risk,0.18642882971783825
main,adult,non-IID,Huber-BRFL,F Flip,,4242,aspd,0.14425937389826027,True,,62,unprotected_max_risk,0.18642882971783825
main,adult,non-IID,Huber-BRFL,F Flip,,5050,accuracy,0.830732452354074,True,,61,unprotected_max_risk,0.17929385871209516
main,adult,non-IID,Huber-BRFL,F Flip,,5050,aeod,0.025307157166105654,True,,61,unprotected_max_risk,0.17929385871209516
main,adult,non-IID,Huber-BRFL,F Flip,,5050,aspd,0.1539867015459895,True,,61,unprotected_max_risk,0.17929385871209516
main,adult,non-IID,Huber-BRFL,F Flip,,6060,accuracy,0.8291387210306129,True,,67,unprotected_max_risk,0.16600128543529308
main,adult,non-IID,Huber-BRFL,F Flip,,6060,aeod,0.04014563725151388,True,,67,unprotected_max_risk,0.16600128543529308
main,adult,non-IID,Huber-BRFL,F Flip,,6060,aspd,0.1258556481837792,True,,67,unprotected_max_risk,0.16600128543529308
main,adult,non-IID,Huber-BRFL,F Flip,,7070,accuracy,0.8219669300750382,True,,62,unprotected_max_risk,0.27712170803085195
main,adult,non-IID,Huber-BRFL,F Flip,,7070,aeod,0.13123061078421683,True,,62,unprotected_max_risk,0.27712170803085195
main,adult,non-IID,Huber-BRFL,F Flip,,7070,aspd,0.14589109724663513,True,,62,unprotected_max_risk,0.27712170803085195
main,adult,non-IID,LASA,Benign,,123,accuracy,0.8369745667042965,True,,,,
main,adult,non-IID,LASA,Benign,,123,aeod,0.03189442098967754,True,,,,
main,adult,non-IID,LASA,Benign,,123,aspd,0.1255988639544715,True,,,,
main,adult,non-IID,LASA,Benign,,456,accuracy,0.8360448900989441,True,,,,
main,adult,non-IID,LASA,Benign,,456,aeod,0.009148025505940405,True,,,,
main,adult,non-IID,LASA,Benign,,456,aspd,0.12722266310202007,True,,,,
main,adult,non-IID,LASA,Benign,,789,accuracy,0.8367753502888639,True,,,,
main,adult,non-IID,LASA,Benign,,789,aeod,0.07271009470191381,True,,,,
main,adult,non-IID,LASA,Benign,,789,aspd,0.11007796250059532,True,,,,
main,adult,non-IID,LASA,Benign,,1001,accuracy,0.8296699648050999,True,,,,
main,adult,non-IID,LASA,Benign,,1001,aeod,0.03696110761082594,True,,,,
main,adult,non-IID,LASA,Benign,,1001,aspd,0.1285783634651571,True,,,,
main,adult,non-IID,LASA,Benign,,2024,accuracy,0.8323925891493459,True,,,,
main,adult,non-IID,LASA,Benign,,2024,aeod,0.06741549286522563,True,,,,
main,adult,non-IID,LASA,Benign,,2024,aspd,0.10837863267934804,True,,,,
main,adult,non-IID,LASA,Benign,,3141,accuracy,0.8198419549770901,True,,,,
main,adult,non-IID,LASA,Benign,,3141,aeod,0.013780587907012865,True,,,,
main,adult,non-IID,LASA,Benign,,3141,aspd,0.0839252911963252,True,,,,
main,adult,non-IID,LASA,Benign,,4242,accuracy,0.8367089448170529,True,,,,
main,adult,non-IID,LASA,Benign,,4242,aeod,0.04212261610109613,True,,,,
main,adult,non-IID,LASA,Benign,,4242,aspd,0.10776271163183207,True,,,,
main,adult,non-IID,LASA,Benign,,5050,accuracy,0.8332558602828873,True,,,,
main,adult,non-IID,LASA,Benign,,5050,aeod,0.0657783875826764,True,,,,
main,adult,non-IID,LASA,Benign,,5050,aspd,0.11285089113556365,True,,,,
main,adult,non-IID,LASA,Benign,,6060,accuracy,0.8309316687695066,True,,,,
main,adult,non-IID,LASA,Benign,,6060,aeod,0.057644841833123794,True,,,,
main,adult,non-IID,LASA,Benign,,6060,aspd,0.09050622964558681,True,,,,
main,adult,non-IID,LASA,Benign,,7070,accuracy,0.8238262832857427,True,,,,
main,adult,non-IID,LASA,Benign,,7070,aeod,0.10204775252177617,True,,,,
main,adult,non-IID,LASA,Benign,,7070,aspd,0.10680578915230268,True,,,,
main,adult,non-IID,LASA,F Flip,,123,accuracy,0.8351152134935919,True,,62,unprotected_max_risk,0.17399603091990878
main,adult,non-IID,LASA,F Flip,,123,aeod,0.031715059140856705,True,,62,unprotected_max_risk,0.17399603091990878
main,adult,non-IID,LASA,F Flip,,123,aspd,0.14228097177905208,True,,62,unprotected_max_risk,0.17399603091990878
main,adult,non-IID,LASA,F Flip,,456,accuracy,0.8373729995351616,True,,69,unprotected_max_risk,0.2350666968770148
main,adult,non-IID,LASA,F Flip,,456,aeod,0.07534911298711167,True,,69,unprotected_max_risk,0.2350666968770148
main,adult,non-IID,LASA,F Flip,,456,aspd,0.15971758388990315,True,,69,unprotected_max_risk,0.2350666968770148
main,adult,non-IID,LASA,F Flip,,789,accuracy,0.8309980742413174,True,,70,unprotected_max_risk,0.1656170263659466
main,adult,non-IID,LASA,F Flip,,789,aeod,0.024348085369385486,True,,70,unprotected_max_risk,0.1656170263659466
main,adult,non-IID,LASA,F Flip,,789,aspd,0.14126894099656112,True,,70,unprotected_max_risk,0.1656170263659466
main,adult,non-IID,LASA,F Flip,,1001,accuracy,0.8272129623480975,True,,70,unprotected_max_risk,0.1681804752037176
main,adult,non-IID,LASA,F Flip,,1001,aeod,0.021807887465862708,True,,70,unprotected_max_risk,0.1681804752037176
main,adult,non-IID,LASA,F Flip,,1001,aspd,0.1463725877378549,True,,70,unprotected_max_risk,0.1681804752037176
main,adult,non-IID,LASA,F Flip,,2024,accuracy,0.831794939903048,True,,70,unprotected_max_risk,0.159409218776984
main,adult,non-IID,LASA,F Flip,,2024,aeod,0.04425782180457438,True,,70,unprotected_max_risk,0.159409218776984
main,adult,non-IID,LASA,F Flip,,2024,aspd,0.1151513969724096,True,,70,unprotected_max_risk,0.159409218776984
main,adult,non-IID,LASA,F Flip,,3141,accuracy,0.8308652632976957,True,,66,unprotected_max_risk,0.38926332368309124
main,adult,non-IID,LASA,F Flip,,3141,aeod,0.22045170625098892,True,,66,unprotected_max_risk,0.38926332368309124
main,adult,non-IID,LASA,F Flip,,3141,aspd,0.16881161743210232,True,,66,unprotected_max_risk,0.38926332368309124
main,adult,non-IID,LASA,F Flip,,4242,accuracy,0.8332558602828873,True,,70,unprotected_max_risk,0.16993944892231927
main,adult,non-IID,LASA,F Flip,,4242,aeod,0.02955643357813753,True,,70,unprotected_max_risk,0.16993944892231927
main,adult,non-IID,LASA,F Flip,,4242,aspd,0.14038301534418174,True,,70,unprotected_max_risk,0.16993944892231927
main,adult,non-IID,LASA,F Flip,,5050,accuracy,0.8294043429178565,True,,66,unprotected_max_risk,0.17224434776695013
main,adult,non-IID,LASA,F Flip,,5050,aeod,0.03873416232018834,True,,66,unprotected_max_risk,0.17224434776695013
main,adult,non-IID,LASA,F Flip,,5050,aspd,0.1335101854467618,True,,66,unprotected_max_risk,0.17224434776695013
main,adult,non-IID,LASA,F Flip,,6060,accuracy,0.8268809349890431,True,,65,unprotected_max_risk,0.16185058586189033
main,adult,non-IID,LASA,F Flip,,6060,aeod,0.03221487321002303,True,,65,unprotected_max_risk,0.16185058586189033
main,adult,non-IID,LASA,F Flip,,6060,aspd,0.1296357126518673,True,,65,unprotected_max_risk,0.16185058586189033
main,adult,non-IID,LASA,F Flip,,7070,accuracy,0.8264825021581779,True,,61,unprotected_max_risk,0.2589714356090233
main,adult,non-IID,LASA,F Flip,,7070,aeod,0.10905029043481546,True,,61,unprotected_max_risk,0.2589714356090233
main,adult,non-IID,LASA,F Flip,,7070,aspd,0.14992114517420785,True,,61,unprotected_max_risk,0.2589714356090233
main,adult,non-IID,LayerGuard,Benign,,123,accuracy,0.8363105119861877,True,,,,
main,adult,non-IID,LayerGuard,Benign,,123,aeod,0.027257860076051688,True,,,,
main,adult,non-IID,LayerGuard,Benign,,123,aspd,0.13227986800809144,True,,,,
main,adult,non-IID,LayerGuard,Benign,,456,accuracy,0.8363769174579986,True,,,,
main,adult,non-IID,LayerGuard,Benign,,456,aeod,0.02439663873610448,True,,,,
main,adult,non-IID,LayerGuard,Benign,,456,aspd,0.10473299876755607,True,,,,
main,adult,non-IID,LayerGuard,Benign,,789,accuracy,0.8374394050069726,True,,,,
main,adult,non-IID,LayerGuard,Benign,,789,aeod,0.09898146460945101,True,,,,
main,adult,non-IID,LayerGuard,Benign,,789,aspd,0.10439767467436249,True,,,,
main,adult,non-IID,LayerGuard,Benign,,1001,accuracy,0.8275449897071518,True,,,,
main,adult,non-IID,LayerGuard,Benign,,1001,aeod,0.06598174050681715,True,,,,
main,adult,non-IID,LayerGuard,Benign,,1001,aspd,0.12201594156618076,True,,,,
main,adult,non-IID,LayerGuard,Benign,,2024,accuracy,0.8321933727339133,True,,,,
main,adult,non-IID,LayerGuard,Benign,,2024,aeod,0.06857391907353327,True,,,,
main,adult,non-IID,LayerGuard,Benign,,2024,aspd,0.11551392414489549,True,,,,
main,adult,non-IID,LayerGuard,Benign,,3141,accuracy,0.8220333355468491,True,,,,
main,adult,non-IID,LayerGuard,Benign,,3141,aeod,0.007508064142995929,True,,,,
main,adult,non-IID,LayerGuard,Benign,,3141,aspd,0.08383503555197715,True,,,,
main,adult,non-IID,LayerGuard,Benign,,4242,accuracy,0.8377714323660269,True,,,,
main,adult,non-IID,LayerGuard,Benign,,4242,aeod,0.01128265999333955,True,,,,
main,adult,non-IID,LayerGuard,Benign,,4242,aspd,0.12217452588904619,True,,,,
main,adult,non-IID,LayerGuard,Benign,,5050,accuracy,0.833919915000996,True,,,,
main,adult,non-IID,LayerGuard,Benign,,5050,aeod,0.06048435696206722,True,,,,
main,adult,non-IID,LayerGuard,Benign,,5050,aspd,0.10285052963151582,True,,,,
main,adult,non-IID,LayerGuard,Benign,,6060,accuracy,0.8304004249950195,True,,,,
main,adult,non-IID,LayerGuard,Benign,,6060,aeod,0.04407788873967455,True,,,,
main,adult,non-IID,LayerGuard,Benign,,6060,aspd,0.09063235483696627,True,,,,
main,adult,non-IID,LayerGuard,Benign,,7070,accuracy,0.826349691214556,True,,,,
main,adult,non-IID,LayerGuard,Benign,,7070,aeod,0.05539196561736176,True,,,,
main,adult,non-IID,LayerGuard,Benign,,7070,aspd,0.10004397831152251,True,,,,
main,adult,non-IID,LayerGuard,F Flip,,123,accuracy,0.8315293180158045,True,,61,unprotected_max_risk,0.17698504420854755
main,adult,non-IID,LayerGuard,F Flip,,123,aeod,0.021376048110103074,True,,61,unprotected_max_risk,0.17698504420854755
main,adult,non-IID,LayerGuard,F Flip,,123,aspd,0.15560899609844447,True,,61,unprotected_max_risk,0.17698504420854755
main,adult,non-IID,LayerGuard,F Flip,,456,accuracy,0.8367089448170529,True,,66,unprotected_max_risk,0.18837772511795137
main,adult,non-IID,LayerGuard,F Flip,,456,aeod,0.053440120275257574,True,,66,unprotected_max_risk,0.18837772511795137
main,adult,non-IID,LayerGuard,F Flip,,456,aspd,0.1349376048426938,True,,66,unprotected_max_risk,0.18837772511795137
main,adult,non-IID,LayerGuard,F Flip,,789,accuracy,0.8256192310246364,True,,68,unprotected_max_risk,0.25947577139954137
main,adult,non-IID,LayerGuard,F Flip,,789,aeod,0.053580639430703236,True,,68,unprotected_max_risk,0.25947577139954137
main,adult,non-IID,LayerGuard,F Flip,,789,aspd,0.2058951319688381,True,,68,unprotected_max_risk,0.25947577139954137
main,adult,non-IID,LayerGuard,F Flip,,1001,accuracy,0.8084866192974302,True,,69,unprotected_max_risk,0.23304079312350506
main,adult,non-IID,LayerGuard,F Flip,,1001,aeod,0.048354012307421534,True,,69,unprotected_max_risk,0.23304079312350506
main,adult,non-IID,LayerGuard,F Flip,,1001,aspd,0.18468678081608353,True,,69,unprotected_max_risk,0.23304079312350506
main,adult,non-IID,LayerGuard,F Flip,,2024,accuracy,0.8192443057307922,True,,62,unprotected_max_risk,0.21409208591703405
main,adult,non-IID,LayerGuard,F Flip,,2024,aeod,0.06344097138721538,True,,62,unprotected_max_risk,0.21409208591703405
main,adult,non-IID,LayerGuard,F Flip,,2024,aspd,0.15065111452981866,True,,62,unprotected_max_risk,0.21409208591703405
main,adult,non-IID,LayerGuard,F Flip,,3141,accuracy,0.8283418553688824,True,,70,unprotected_max_risk,0.2213067200155926
main,adult,non-IID,LayerGuard,F Flip,,3141,aeod,0.08432463123717976,True,,70,unprotected_max_risk,0.2213067200155926
main,adult,non-IID,LayerGuard,F Flip,,3141,aspd,0.13698208877841284,True,,70,unprotected_max_risk,0.2213067200155926
main,adult,non-IID,LayerGuard,F Flip,,4242,accuracy,0.8291387210306129,True,,70,unprotected_max_risk,0.2401814801375738
main,adult,non-IID,LayerGuard,F Flip,,4242,aeod,0.0630559717499376,True,,70,unprotected_max_risk,0.2401814801375738
main,adult,non-IID,LayerGuard,F Flip,,4242,aspd,0.1771255083876362,True,,70,unprotected_max_risk,0.2401814801375738
main,adult,non-IID,LayerGuard,F Flip,,5050,accuracy,0.8283418553688824,True,,62,unprotected_max_risk,0.21113112891919855
main,adult,non-IID,LayerGuard,F Flip,,5050,aeod,0.060440373323980556,True,,62,unprotected_max_risk,0.21113112891919855
main,adult,non-IID,LayerGuard,F Flip,,5050,aspd,0.150690755595218,True,,62,unprotected_max_risk,0.21113112891919855
main,adult,non-IID,LayerGuard,F Flip,,6060,accuracy,0.8292715319742346,True,,70,unprotected_max_risk,0.22836547610528282
main,adult,non-IID,LayerGuard,F Flip,,6060,aeod,0.055010964492637315,True,,70,unprotected_max_risk,0.22836547610528282
main,adult,non-IID,LayerGuard,F Flip,,6060,aspd,0.1733545116126455,True,,70,unprotected_max_risk,0.22836547610528282
main,adult,non-IID,LayerGuard,F Flip,,7070,accuracy,0.817783385350953,True,,65,unprotected_max_risk,0.2587302672724314
main,adult,non-IID,LayerGuard,F Flip,,7070,aeod,0.09550789963276518,True,,65,unprotected_max_risk,0.2587302672724314
main,adult,non-IID,LayerGuard,F Flip,,7070,aspd,0.16322236763966624,True,,65,unprotected_max_risk,0.2587302672724314
main,adult,non-IID,LoGoFair,Benign,,123,accuracy,0.8226973902649578,True,,,,
main,adult,non-IID,LoGoFair,Benign,,123,aeod,0.03387654078397123,True,,,,
main,adult,non-IID,LoGoFair,Benign,,123,aspd,0.07291779385915763,True,,,,
main,adult,non-IID,LoGoFair,Benign,,456,accuracy,0.8338535095291852,True,,,,
main,adult,non-IID,LoGoFair,Benign,,456,aeod,0.04700936965734459,True,,,,
main,adult,non-IID,LoGoFair,Benign,,456,aspd,0.09325913713517632,True,,,,
main,adult,non-IID,LoGoFair,Benign,,789,accuracy,0.8029085596653164,True,,,,
main,adult,non-IID,LoGoFair,Benign,,789,aeod,0.004481761356204067,True,,,,
main,adult,non-IID,LoGoFair,Benign,,789,aspd,0.04405564771033326,True,,,,
main,adult,non-IID,LoGoFair,Benign,,1001,accuracy,0.8267481240454213,True,,,,
main,adult,non-IID,LoGoFair,Benign,,1001,aeod,0.013712041977527178,True,,,,
main,adult,non-IID,LoGoFair,Benign,,1001,aspd,0.0896410674054991,True,,,,
main,adult,non-IID,LoGoFair,Benign,,2024,accuracy,0.802576532306262,True,,,,
main,adult,non-IID,LoGoFair,Benign,,2024,aeod,0.09758941102481306,True,,,,
main,adult,non-IID,LoGoFair,Benign,,2024,aspd,0.06073133592918115,True,,,,
main,adult,non-IID,LoGoFair,Benign,,3141,accuracy,0.8153263828939504,True,,,,
main,adult,non-IID,LoGoFair,Benign,,3141,aeod,0.06569327638689837,True,,,,
main,adult,non-IID,LoGoFair,Benign,,3141,aspd,0.04692601392356311,True,,,,
main,adult,non-IID,LoGoFair,Benign,,4242,accuracy,0.8194435221462248,True,,,,
main,adult,non-IID,LoGoFair,Benign,,4242,aeod,0.03777737538778431,True,,,,
main,adult,non-IID,LoGoFair,Benign,,4242,aspd,0.07358808094272232,True,,,,
main,adult,non-IID,LoGoFair,Benign,,5050,accuracy,0.8151271664785178,True,,,,
main,adult,non-IID,LoGoFair,Benign,,5050,aeod,0.02644616202772565,True,,,,
main,adult,non-IID,LoGoFair,Benign,,5050,aspd,0.06125738249643943,True,,,,
main,adult,non-IID,LoGoFair,Benign,,6060,accuracy,0.8141310844013546,True,,,,
main,adult,non-IID,LoGoFair,Benign,,6060,aeod,0.025800116642323345,True,,,,
main,adult,non-IID,LoGoFair,Benign,,6060,aspd,0.06518660249147307,True,,,,
main,adult,non-IID,LoGoFair,Benign,,7070,accuracy,0.8076233481638887,True,,,,
main,adult,non-IID,LoGoFair,Benign,,7070,aeod,0.009209716842477428,True,,,,
main,adult,non-IID,LoGoFair,Benign,,7070,aspd,0.05217881619180241,True,,,,
main,adult,non-IID,LoGoFair,F Flip,,123,accuracy,0.8284082608406933,True,,63,unprotected_max_risk,0.1247140664077869
main,adult,non-IID,LoGoFair,F Flip,,123,aeod,0.02991572849185814,True,,63,unprotected_max_risk,0.1247140664077869
main,adult,non-IID,LoGoFair,F Flip,,123,aspd,0.09479833791592876,True,,63,unprotected_max_risk,0.1247140664077869
main,adult,non-IID,LoGoFair,F Flip,,456,accuracy,0.8244903380038515,True,,69,unprotected_max_risk,0.15480564687121287
main,adult,non-IID,LoGoFair,F Flip,,456,aeod,0.09662177098690716,True,,69,unprotected_max_risk,0.15480564687121287
main,adult,non-IID,LoGoFair,F Flip,,456,aspd,0.05818387588430571,True,,69,unprotected_max_risk,0.15480564687121287
main,adult,non-IID,LoGoFair,F Flip,,789,accuracy,0.8226973902649578,True,,64,unprotected_max_risk,0.1291369500149074
main,adult,non-IID,LoGoFair,F Flip,,789,aeod,0.06982888079919986,True,,64,unprotected_max_risk,0.1291369500149074
main,adult,non-IID,LoGoFair,F Flip,,789,aspd,0.05930806921570755,True,,64,unprotected_max_risk,0.1291369500149074
main,adult,non-IID,LoGoFair,F Flip,,1001,accuracy,0.8292051265024238,True,,63,unprotected_max_risk,0.1696422768624011
main,adult,non-IID,LoGoFair,F Flip,,1001,aeod,0.09650467169070254,True,,63,unprotected_max_risk,0.1696422768624011
main,adult,non-IID,LoGoFair,F Flip,,1001,aspd,0.07313760517169857,True,,63,unprotected_max_risk,0.1696422768624011
main,adult,non-IID,LoGoFair,F Flip,,2024,accuracy,0.8032405870243708,True,,61,unprotected_max_risk,0.1700761133385808
main,adult,non-IID,LoGoFair,F Flip,,2024,aeod,0.10502093221321668,True,,61,unprotected_max_risk,0.1700761133385808
main,adult,non-IID,LoGoFair,F Flip,,2024,aspd,0.06505518112536411,True,,61,unprotected_max_risk,0.1700761133385808
main,adult,non-IID,LoGoFair,F Flip,,3141,accuracy,0.8115412710007305,True,,61,unprotected_max_risk,0.1038026794322275
main,adult,non-IID,LoGoFair,F Flip,,3141,aeod,0.07089762608309713,True,,61,unprotected_max_risk,0.1038026794322275
main,adult,non-IID,LoGoFair,F Flip,,3141,aspd,0.03290505334913037,True,,61,unprotected_max_risk,0.1038026794322275
main,adult,non-IID,LoGoFair,F Flip,,4242,accuracy,0.8169865196892224,True,,70,unprotected_max_risk,0.14843580614722598
main,adult,non-IID,LoGoFair,F Flip,,4242,aeod,0.07072968855585723,True,,70,unprotected_max_risk,0.14843580614722598
main,adult,non-IID,LoGoFair,F Flip,,4242,aspd,0.07770611759136875,True,,70,unprotected_max_risk,0.14843580614722598
main,adult,non-IID,LoGoFair,F Flip,,5050,accuracy,0.8134670296832459,True,,62,unprotected_max_risk,0.1496740985088419
main,adult,non-IID,LoGoFair,F Flip,,5050,aeod,0.11294027193312661,True,,62,unprotected_max_risk,0.1496740985088419
main,adult,non-IID,LoGoFair,F Flip,,5050,aspd,0.03673382657571529,True,,62,unprotected_max_risk,0.1496740985088419
main,adult,non-IID,LoGoFair,F Flip,,6060,accuracy,0.813400624211435,True,,68,unprotected_max_risk,0.10759126297676078
main,adult,non-IID,LoGoFair,F Flip,,6060,aeod,0.042162601226629404,True,,68,unprotected_max_risk,0.10759126297676078
main,adult,non-IID,LoGoFair,F Flip,,6060,aspd,0.06542866175013137,True,,68,unprotected_max_risk,0.10759126297676078
main,adult,non-IID,LoGoFair,F Flip,,7070,accuracy,0.8116740819443522,True,,70,unprotected_max_risk,0.0654446344511181
main,adult,non-IID,LoGoFair,F Flip,,7070,aeod,0.011129574084154992,True,,70,unprotected_max_risk,0.0654446344511181
main,adult,non-IID,LoGoFair,F Flip,,7070,aspd,0.05431506036696311,True,,70,unprotected_max_risk,0.0654446344511181
main,adult,non-IID,Median,Benign,,123,accuracy,0.8326582110365894,True,,,,
main,adult,non-IID,Median,Benign,,123,aeod,0.07959724696698545,True,,,,
main,adult,non-IID,Median,Benign,,123,aspd,0.09439127472867236,True,,,,
main,adult,non-IID,Median,Benign,,456,accuracy,0.8371073776479182,True,,,,
main,adult,non-IID,Median,Benign,,456,aeod,0.021282368673139374,True,,,,
main,adult,non-IID,Median,Benign,,456,aspd,0.11565439314283393,True,,,,
main,adult,non-IID,Median,Benign,,789,accuracy,0.8367089448170529,True,,,,
main,adult,non-IID,Median,Benign,,789,aeod,0.08098244595867488,True,,,,
main,adult,non-IID,Median,Benign,,789,aspd,0.10656186419572833,True,,,,
main,adult,non-IID,Median,Benign,,1001,accuracy,0.8218341191314165,True,,,,
main,adult,non-IID,Median,Benign,,1001,aeod,0.07857305653725388,True,,,,
main,adult,non-IID,Median,Benign,,1001,aspd,0.0903585987750028,True,,,,
main,adult,non-IID,Median,Benign,,2024,accuracy,0.8333886712265091,True,,,,
main,adult,non-IID,Median,Benign,,2024,aeod,0.07266439741558994,True,,,,
main,adult,non-IID,Median,Benign,,2024,aspd,0.11422847834199559,True,,,,
main,adult,non-IID,Median,Benign,,3141,accuracy,0.8241583106447972,True,,,,
main,adult,non-IID,Median,Benign,,3141,aeod,0.04139602924854813,True,,,,
main,adult,non-IID,Median,Benign,,3141,aspd,0.0889723049782959,True,,,,
main,adult,non-IID,Median,Benign,,4242,accuracy,0.8288730991433694,True,,,,
main,adult,non-IID,Median,Benign,,4242,aeod,0.04939591043560365,True,,,,
main,adult,non-IID,Median,Benign,,4242,aspd,0.08517298169300971,True,,,,
main,adult,non-IID,Median,Benign,,5050,accuracy,0.8151271664785178,True,,,,
main,adult,non-IID,Median,Benign,,5050,aeod,0.1078455957241049,True,,,,
main,adult,non-IID,Median,Benign,,5050,aspd,0.059712163335312596,True,,,,
main,adult,non-IID,Median,Benign,,6060,accuracy,0.8230958230958231,True,,,,
main,adult,non-IID,Median,Benign,,6060,aeod,0.05871130225270493,True,,,,
main,adult,non-IID,Median,Benign,,6060,aspd,0.09292910921671221,True,,,,
main,adult,non-IID,Median,Benign,,7070,accuracy,0.8347167806627266,True,,,,
main,adult,non-IID,Median,Benign,,7070,aeod,0.007556046293635821,True,,,,
main,adult,non-IID,Median,Benign,,7070,aspd,0.12115870352691936,True,,,,
main,adult,non-IID,Median,F Flip,,123,accuracy,0.8316621289594263,True,,69,unprotected_max_risk,0.13019017359798796
main,adult,non-IID,Median,F Flip,,123,aeod,0.01580612012331417,True,,69,unprotected_max_risk,0.13019017359798796
main,adult,non-IID,Median,F Flip,,123,aspd,0.11438405347467379,True,,69,unprotected_max_risk,0.13019017359798796
main,adult,non-IID,Median,F Flip,,456,accuracy,0.8378378378378378,True,,64,unprotected_max_risk,0.20246402160812899
main,adult,non-IID,Median,F Flip,,456,aeod,0.05328189342136147,True,,64,unprotected_max_risk,0.20246402160812899
main,adult,non-IID,Median,F Flip,,456,aspd,0.14918212818676752,True,,64,unprotected_max_risk,0.20246402160812899
main,adult,non-IID,Median,F Flip,,789,accuracy,0.838302676140514,True,,61,unprotected_max_risk,0.19438204957703104
main,adult,non-IID,Median,F Flip,,789,aeod,0.046168539588987145,True,,61,unprotected_max_risk,0.19438204957703104
main,adult,non-IID,Median,F Flip,,789,aspd,0.1482135099880439,True,,61,unprotected_max_risk,0.19438204957703104
main,adult,non-IID,Median,F Flip,,1001,accuracy,0.8254200146092038,True,,69,unprotected_max_risk,0.16219620278981775
main,adult,non-IID,Median,F Flip,,1001,aeod,0.04600631422253776,True,,69,unprotected_max_risk,0.16219620278981775
main,adult,non-IID,Median,F Flip,,1001,aspd,0.11618988856727999,True,,69,unprotected_max_risk,0.16219620278981775
main,adult,non-IID,Median,F Flip,,2024,accuracy,0.8340527259446179,True,,70,unprotected_max_risk,0.16110452122547536
main,adult,non-IID,Median,F Flip,,2024,aeod,0.035280589906269255,True,,70,unprotected_max_risk,0.16110452122547536
main,adult,non-IID,Median,F Flip,,2024,aspd,0.1258239313192061,True,,70,unprotected_max_risk,0.16110452122547536
main,adult,non-IID,Median,F Flip,,3141,accuracy,0.8288066936715586,True,,67,unprotected_max_risk,0.23598135865128683
main,adult,non-IID,Median,F Flip,,3141,aeod,0.09605112612393901,True,,67,unprotected_max_risk,0.23598135865128683
main,adult,non-IID,Median,F Flip,,3141,aspd,0.13993023252734782,True,,67,unprotected_max_risk,0.23598135865128683
main,adult,non-IID,Median,F Flip,,4242,accuracy,0.8276113951789628,True,,65,unprotected_max_risk,0.3149550713405132
main,adult,non-IID,Median,F Flip,,4242,aeod,0.15254839485425709,True,,65,unprotected_max_risk,0.3149550713405132
main,adult,non-IID,Median,F Flip,,4242,aspd,0.16240667648625612,True,,65,unprotected_max_risk,0.3149550713405132
main,adult,non-IID,Median,F Flip,,5050,accuracy,0.8167208978019789,True,,69,unprotected_max_risk,0.11974267209170295
main,adult,non-IID,Median,F Flip,,5050,aeod,0.022804659523800064,True,,69,unprotected_max_risk,0.11974267209170295
main,adult,non-IID,Median,F Flip,,5050,aspd,0.09693801256790288,True,,69,unprotected_max_risk,0.11974267209170295
main,adult,non-IID,Median,F Flip,,6060,accuracy,0.8251543927219603,True,,68,unprotected_max_risk,0.13080825295465023
main,adult,non-IID,Median,F Flip,,6060,aeod,0.009534738791455277,True,,68,unprotected_max_risk,0.13080825295465023
main,adult,non-IID,Median,F Flip,,6060,aspd,0.12127351416319496,True,,68,unprotected_max_risk,0.13080825295465023
main,adult,non-IID,Median,F Flip,,7070,accuracy,0.8297363702769108,True,,61,unprotected_max_risk,0.23516604302882957
main,adult,non-IID,Median,F Flip,,7070,aeod,0.08396133781090581,True,,61,unprotected_max_risk,0.23516604302882957
main,adult,non-IID,Median,F Flip,,7070,aspd,0.15120470521792376,True,,61,unprotected_max_risk,0.23516604302882957
main,adult,non-IID,SmartFL,Benign,,123,accuracy,0.8373065940633508,True,,,,
main,adult,non-IID,SmartFL,Benign,,123,aeod,0.027530901361836335,True,,,,
main,adult,non-IID,SmartFL,Benign,,123,aspd,0.12831363497375525,True,,,,
main,adult,non-IID,SmartFL,Benign,,456,accuracy,0.8369745667042965,True,,,,
main,adult,non-IID,SmartFL,Benign,,456,aeod,0.02962383707546501,True,,,,
main,adult,non-IID,SmartFL,Benign,,456,aspd,0.13510074307337583,True,,,,
main,adult,non-IID,SmartFL,Benign,,789,accuracy,0.8319941563184806,True,,,,
main,adult,non-IID,SmartFL,Benign,,789,aeod,0.07559587833325998,True,,,,
main,adult,non-IID,SmartFL,Benign,,789,aspd,0.11045559580782091,True,,,,
main,adult,non-IID,SmartFL,Benign,,1001,accuracy,0.8296699648050999,True,,,,
main,adult,non-IID,SmartFL,Benign,,1001,aeod,0.047233286360331084,True,,,,
main,adult,non-IID,SmartFL,Benign,,1001,aspd,0.11728047927492483,True,,,,
main,adult,non-IID,SmartFL,Benign,,2024,accuracy,0.83345507669832,True,,,,
main,adult,non-IID,SmartFL,Benign,,2024,aeod,0.062052345099051776,True,,,,
main,adult,non-IID,SmartFL,Benign,,2024,aspd,0.10710149224136481,True,,,,
main,adult,non-IID,SmartFL,Benign,,3141,accuracy,0.8230294176240123,True,,,,
main,adult,non-IID,SmartFL,Benign,,3141,aeod,0.0452357437319032,True,,,,
main,adult,non-IID,SmartFL,Benign,,3141,aspd,0.11158809450413942,True,,,,
main,adult,non-IID,SmartFL,Benign,,4242,accuracy,0.8359120791553224,True,,,,
main,adult,non-IID,SmartFL,Benign,,4242,aeod,0.034463179697152624,True,,,,
main,adult,non-IID,SmartFL,Benign,,4242,aspd,0.11510607856819038,True,,,,
main,adult,non-IID,SmartFL,Benign,,5050,accuracy,0.8317285344312372,True,,,,
main,adult,non-IID,SmartFL,Benign,,5050,aeod,0.07639158233137266,True,,,,
main,adult,non-IID,SmartFL,Benign,,5050,aspd,0.10723291360747375,True,,,,
main,adult,non-IID,SmartFL,Benign,,6060,accuracy,0.8321933727339133,True,,,,
main,adult,non-IID,SmartFL,Benign,,6060,aeod,0.03939448810756685,True,,,,
main,adult,non-IID,SmartFL,Benign,,6060,aspd,0.10740170911570775,True,,,,
main,adult,non-IID,SmartFL,Benign,,7070,accuracy,0.8286738827279367,True,,,,
main,adult,non-IID,SmartFL,Benign,,7070,aeod,0.06716644265476107,True,,,,
main,adult,non-IID,SmartFL,Benign,,7070,aspd,0.1373397009402596,True,,,,
main,adult,non-IID,SmartFL,F Flip,,123,accuracy,0.8364433229298094,True,,68,unprotected_max_risk,0.1675099271676514
main,adult,non-IID,SmartFL,F Flip,,123,aeod,0.020716293538803554,True,,68,unprotected_max_risk,0.1675099271676514
main,adult,non-IID,SmartFL,F Flip,,123,aspd,0.14679363362884784,True,,68,unprotected_max_risk,0.1675099271676514
main,adult,non-IID,SmartFL,F Flip,,456,accuracy,0.8335214821701308,True,,70,unprotected_max_risk,0.24509516236291512
main,adult,non-IID,SmartFL,F Flip,,456,aeod,0.07471334949113217,True,,70,unprotected_max_risk,0.24509516236291512
main,adult,non-IID,SmartFL,F Flip,,456,aspd,0.17038181287178294,True,,70,unprotected_max_risk,0.24509516236291512
main,adult,non-IID,SmartFL,F Flip,,789,accuracy,0.8324589946211568,True,,61,unprotected_max_risk,0.18339069145553563
main,adult,non-IID,SmartFL,F Flip,,789,aeod,0.023944235601499164,True,,61,unprotected_max_risk,0.18339069145553563
main,adult,non-IID,SmartFL,F Flip,,789,aspd,0.15944645585403647,True,,61,unprotected_max_risk,0.18339069145553563
main,adult,non-IID,SmartFL,F Flip,,1001,accuracy,0.8146623281758417,True,,61,unprotected_max_risk,0.21734207817535042
main,adult,non-IID,SmartFL,F Flip,,1001,aeod,0.05371601764143741,True,,61,unprotected_max_risk,0.21734207817535042
main,adult,non-IID,SmartFL,F Flip,,1001,aspd,0.16362606053391301,True,,61,unprotected_max_risk,0.21734207817535042
main,adult,non-IID,SmartFL,F Flip,,2024,accuracy,0.8319277508466698,True,,70,unprotected_max_risk,0.16651207740567864
main,adult,non-IID,SmartFL,F Flip,,2024,aeod,0.03748434153923308,True,,70,unprotected_max_risk,0.16651207740567864
main,adult,non-IID,SmartFL,F Flip,,2024,aspd,0.12902773586644556,True,,70,unprotected_max_risk,0.16651207740567864
main,adult,non-IID,SmartFL,F Flip,,3141,accuracy,0.8295371538614782,True,,65,unprotected_max_risk,0.3570422445539745
main,adult,non-IID,SmartFL,F Flip,,3141,aeod,0.19436255427266774,True,,65,unprotected_max_risk,0.3570422445539745
main,adult,non-IID,SmartFL,F Flip,,3141,aspd,0.16267969028130672,True,,65,unprotected_max_risk,0.3570422445539745
main,adult,non-IID,SmartFL,F Flip,,4242,accuracy,0.8278770170662062,True,,70,unprotected_max_risk,0.2529109022376361
main,adult,non-IID,SmartFL,F Flip,,4242,aeod,0.08157708189696289,True,,70,unprotected_max_risk,0.2529109022376361
main,adult,non-IID,SmartFL,F Flip,,4242,aspd,0.1713338203406732,True,,70,unprotected_max_risk,0.2529109022376361
main,adult,non-IID,SmartFL,F Flip,,5050,accuracy,0.8344511587754831,True,,68,unprotected_max_risk,0.1649089882171228
main,adult,non-IID,SmartFL,F Flip,,5050,aeod,0.04021189831668326,True,,68,unprotected_max_risk,0.1649089882171228
main,adult,non-IID,SmartFL,F Flip,,5050,aspd,0.12469708990043954,True,,68,unprotected_max_risk,0.1649089882171228
main,adult,non-IID,SmartFL,F Flip,,6060,accuracy,0.8269473404608539,True,,68,unprotected_max_risk,0.2039440548347599
main,adult,non-IID,SmartFL,F Flip,,6060,aeod,0.04719273001871871,True,,68,unprotected_max_risk,0.2039440548347599
main,adult,non-IID,SmartFL,F Flip,,6060,aspd,0.1567513248160412,True,,68,unprotected_max_risk,0.2039440548347599
main,adult,non-IID,SmartFL,F Flip,,7070,accuracy,0.8292051265024238,True,,68,unprotected_max_risk,0.26859713630221665
main,adult,non-IID,SmartFL,F Flip,,7070,aeod,0.107846738156263,True,,68,unprotected_max_risk,0.26859713630221665
main,adult,non-IID,SmartFL,F Flip,,7070,aspd,0.16075039814595365,True,,68,unprotected_max_risk,0.26859713630221665
main,compas,IID,AdaAggRL,Benign,,123,accuracy,0.661987041036717,True,,,,
main,compas,IID,AdaAggRL,Benign,,123,aeod,0.19343389529724936,True,,,,
main,compas,IID,AdaAggRL,Benign,,123,aspd,0.22412100655152573,True,,,,
main,compas,IID,AdaAggRL,Benign,,456,accuracy,0.6684665226781857,True,,,,
main,compas,IID,AdaAggRL,Benign,,456,aeod,0.24520944741532974,True,,,,
main,compas,IID,AdaAggRL,Benign,,456,aspd,0.22938627155974867,True,,,,
main,compas,IID,AdaAggRL,Benign,,789,accuracy,0.6803455723542117,True,,,,
main,compas,IID,AdaAggRL,Benign,,789,aeod,0.24721106648817498,True,,,,
main,compas,IID,AdaAggRL,Benign,,789,aspd,0.2346958903853763,True,,,,
main,compas,IID,AdaAggRL,Benign,,1001,accuracy,0.6846652267818575,True,,,,
main,compas,IID,AdaAggRL,Benign,,1001,aeod,0.2746820796133907,True,,,,
main,compas,IID,AdaAggRL,Benign,,1001,aspd,0.2573210060846434,True,,,,
main,compas,IID,AdaAggRL,Benign,,2024,accuracy,0.7095032397408207,True,,,,
main,compas,IID,AdaAggRL,Benign,,2024,aeod,0.2707766541758636,True,,,,
main,compas,IID,AdaAggRL,Benign,,2024,aspd,0.21299403441155906,True,,,,
main,compas,IID,AdaAggRL,Benign,,3141,accuracy,0.6700863930885529,True,,,,
main,compas,IID,AdaAggRL,Benign,,3141,aeod,0.27972300120185434,True,,,,
main,compas,IID,AdaAggRL,Benign,,3141,aspd,0.24439186831118173,True,,,,
main,compas,IID,AdaAggRL,Benign,,4242,accuracy,0.6657667386609071,True,,,,
main,compas,IID,AdaAggRL,Benign,,4242,aeod,0.23692018711939028,True,,,,
main,compas,IID,AdaAggRL,Benign,,4242,aspd,0.2384297814874169,True,,,,
main,compas,IID,AdaAggRL,Benign,,5050,accuracy,0.6862850971922246,True,,,,
main,compas,IID,AdaAggRL,Benign,,5050,aeod,0.2606910830299136,True,,,,
main,compas,IID,AdaAggRL,Benign,,5050,aspd,0.2293232424508052,True,,,,
main,compas,IID,AdaAggRL,Benign,,6060,accuracy,0.6922246220302376,True,,,,
main,compas,IID,AdaAggRL,Benign,,6060,aeod,0.26827699146098954,True,,,,
main,compas,IID,AdaAggRL,Benign,,6060,aspd,0.25706888964886954,True,,,,
main,compas,IID,AdaAggRL,Benign,,7070,accuracy,0.6695464362850972,True,,,,
main,compas,IID,AdaAggRL,Benign,,7070,aeod,0.23124999999999996,True,,,,
main,compas,IID,AdaAggRL,Benign,,7070,aspd,0.18563006348431918,True,,,,
main,compas,IID,AdaAggRL,F Flip,,123,accuracy,0.6733261339092873,True,,64,unprotected_max_risk,0.4822708539113109
main,compas,IID,AdaAggRL,F Flip,,123,aeod,0.229547471162378,True,,64,unprotected_max_risk,0.4822708539113109
main,compas,IID,AdaAggRL,F Flip,,123,aspd,0.2527233827489329,True,,64,unprotected_max_risk,0.4822708539113109
main,compas,IID,AdaAggRL,F Flip,,456,accuracy,0.677645788336933,True,,61,unprotected_max_risk,0.4758926086379378
main,compas,IID,AdaAggRL,F Flip,,456,aeod,0.23977272727272725,True,,61,unprotected_max_risk,0.4758926086379378
main,compas,IID,AdaAggRL,F Flip,,456,aspd,0.23611988136521056,True,,61,unprotected_max_risk,0.4758926086379378
main,compas,IID,AdaAggRL,F Flip,,789,accuracy,0.6830453563714903,True,,66,unprotected_max_risk,0.49935537222842286
main,compas,IID,AdaAggRL,F Flip,,789,aeod,0.2572512271307453,True,,66,unprotected_max_risk,0.49935537222842286
main,compas,IID,AdaAggRL,F Flip,,789,aspd,0.24210414509767758,True,,66,unprotected_max_risk,0.49935537222842286
main,compas,IID,AdaAggRL,F Flip,,1001,accuracy,0.6803455723542117,True,,70,unprotected_max_risk,0.5605182227582566
main,compas,IID,AdaAggRL,F Flip,,1001,aeod,0.27866955564882984,True,,70,unprotected_max_risk,0.5605182227582566
main,compas,IID,AdaAggRL,F Flip,,1001,aspd,0.2818486671094267,True,,70,unprotected_max_risk,0.5605182227582566
main,compas,IID,AdaAggRL,F Flip,,2024,accuracy,0.703023758099352,True,,65,unprotected_max_risk,0.4982166761920155
main,compas,IID,AdaAggRL,F Flip,,2024,aeod,0.26944202043016274,True,,65,unprotected_max_risk,0.4982166761920155
main,compas,IID,AdaAggRL,F Flip,,2024,aspd,0.22877465576185274,True,,65,unprotected_max_risk,0.4982166761920155
main,compas,IID,AdaAggRL,F Flip,,3141,accuracy,0.6711663066954644,True,,65,unprotected_max_risk,0.5461551432018197
main,compas,IID,AdaAggRL,F Flip,,3141,aeod,0.2954043381216735,True,,65,unprotected_max_risk,0.5461551432018197
main,compas,IID,AdaAggRL,F Flip,,3141,aspd,0.25075080508014613,True,,65,unprotected_max_risk,0.5461551432018197
main,compas,IID,AdaAggRL,F Flip,,4242,accuracy,0.6614470842332614,True,,62,unprotected_max_risk,0.4822361450600549
main,compas,IID,AdaAggRL,F Flip,,4242,aeod,0.2468504360934639,True,,62,unprotected_max_risk,0.4822361450600549
main,compas,IID,AdaAggRL,F Flip,,4242,aspd,0.235385708966591,True,,62,unprotected_max_risk,0.4822361450600549
main,compas,IID,AdaAggRL,F Flip,,5050,accuracy,0.6830453563714903,True,,64,unprotected_max_risk,0.48239680624869063
main,compas,IID,AdaAggRL,F Flip,,5050,aeod,0.25173127721853356,True,,64,unprotected_max_risk,0.48239680624869063
main,compas,IID,AdaAggRL,F Flip,,5050,aspd,0.23066552903015708,True,,64,unprotected_max_risk,0.48239680624869063
main,compas,IID,AdaAggRL,F Flip,,6060,accuracy,0.6781857451403888,True,,61,unprotected_max_risk,0.5372824281301603
main,compas,IID,AdaAggRL,F Flip,,6060,aeod,0.26391000896791056,True,,61,unprotected_max_risk,0.5372824281301603
main,compas,IID,AdaAggRL,F Flip,,6060,aspd,0.27337241916224975,True,,61,unprotected_max_risk,0.5372824281301603
main,compas,IID,AdaAggRL,F Flip,,7070,accuracy,0.6598272138228942,True,,63,unprotected_max_risk,0.4212223961594545
main,compas,IID,AdaAggRL,F Flip,,7070,aeod,0.2242424242424242,True,,63,unprotected_max_risk,0.4212223961594545
main,compas,IID,AdaAggRL,F Flip,,7070,aspd,0.19697997191703032,True,,63,unprotected_max_risk,0.4212223961594545
main,compas,IID,FLAURA,Benign,,123,accuracy,0.6652267818574514,True,,,,
main,compas,IID,FLAURA,Benign,,123,aeod,0.20881396036675542,True,,,,
main,compas,IID,FLAURA,Benign,,123,aspd,0.23914527859449755,True,,,,
main,compas,IID,FLAURA,Benign,,456,accuracy,0.6727861771058316,True,,,,
main,compas,IID,FLAURA,Benign,,456,aeod,0.240051247771836,True,,,,
main,compas,IID,FLAURA,Benign,,456,aspd,0.23366524773357833,True,,,,
main,compas,IID,FLAURA,Benign,,789,accuracy,0.6868250539956804,True,,,,
main,compas,IID,FLAURA,Benign,,789,aeod,0.2265643771667868,True,,,,
main,compas,IID,FLAURA,Benign,,789,aspd,0.2355969732021238,True,,,,
main,compas,IID,FLAURA,Benign,,1001,accuracy,0.6846652267818575,True,,,,
main,compas,IID,FLAURA,Benign,,1001,aeod,0.28732515796757835,True,,,,
main,compas,IID,FLAURA,Benign,,1001,aspd,0.26571554963133803,True,,,,
main,compas,IID,FLAURA,Benign,,2024,accuracy,0.7003239740820735,True,,,,
main,compas,IID,FLAURA,Benign,,2024,aeod,0.27277860479441507,True,,,,
main,compas,IID,FLAURA,Benign,,2024,aspd,0.2130792404292049,True,,,,
main,compas,IID,FLAURA,Benign,,3141,accuracy,0.6700863930885529,True,,,,
main,compas,IID,FLAURA,Benign,,3141,aeod,0.2722314427974589,True,,,,
main,compas,IID,FLAURA,Benign,,3141,aspd,0.22842215963405765,True,,,,
main,compas,IID,FLAURA,Benign,,4242,accuracy,0.6673866090712743,True,,,,
main,compas,IID,FLAURA,Benign,,4242,aeod,0.22181544093894684,True,,,,
main,compas,IID,FLAURA,Benign,,4242,aspd,0.2318595804829197,True,,,,
main,compas,IID,FLAURA,Benign,,5050,accuracy,0.6825053995680346,True,,,,
main,compas,IID,FLAURA,Benign,,5050,aeod,0.2582815734989648,True,,,,
main,compas,IID,FLAURA,Benign,,5050,aspd,0.23196696340926787,True,,,,
main,compas,IID,FLAURA,Benign,,6060,accuracy,0.6911447084233261,True,,,,
main,compas,IID,FLAURA,Benign,,6060,aeod,0.26681483214411045,True,,,,
main,compas,IID,FLAURA,Benign,,6060,aspd,0.26821103546321146,True,,,,
main,compas,IID,FLAURA,Benign,,7070,accuracy,0.6630669546436285,True,,,,
main,compas,IID,FLAURA,Benign,,7070,aeod,0.2109848484848485,True,,,,
main,compas,IID,FLAURA,Benign,,7070,aspd,0.1952595106840176,True,,,,
main,compas,IID,FLAURA,F Flip,,123,accuracy,0.6711663066954644,True,,69,unprotected_max_risk,0.47897893411061454
main,compas,IID,FLAURA,F Flip,,123,aeod,0.22803904170363792,True,,69,unprotected_max_risk,0.47897893411061454
main,compas,IID,FLAURA,F Flip,,123,aspd,0.2509398924069766,True,,69,unprotected_max_risk,0.47897893411061454
main,compas,IID,FLAURA,F Flip,,456,accuracy,0.6749460043196545,True,,65,unprotected_max_risk,0.47971980656324015
main,compas,IID,FLAURA,F Flip,,456,aeod,0.2426136363636363,True,,65,unprotected_max_risk,0.47971980656324015
main,compas,IID,FLAURA,F Flip,,456,aspd,0.23710617019960384,True,,65,unprotected_max_risk,0.47971980656324015
main,compas,IID,FLAURA,F Flip,,789,accuracy,0.6830453563714903,True,,63,unprotected_max_risk,0.4935313083125302
main,compas,IID,FLAURA,F Flip,,789,aeod,0.25155322143273956,True,,63,unprotected_max_risk,0.4935313083125302
main,compas,IID,FLAURA,F Flip,,789,aspd,0.24197808687979067,True,,63,unprotected_max_risk,0.4935313083125302
main,compas,IID,FLAURA,F Flip,,1001,accuracy,0.6814254859611231,True,,70,unprotected_max_risk,0.5594246577529248
main,compas,IID,FLAURA,F Flip,,1001,aeod,0.2738199226327551,True,,70,unprotected_max_risk,0.5594246577529248
main,compas,IID,FLAURA,F Flip,,1001,aspd,0.2856047351201697,True,,70,unprotected_max_risk,0.5594246577529248
main,compas,IID,FLAURA,F Flip,,2024,accuracy,0.6970842332613391,True,,69,unprotected_max_risk,0.48683126226119067
main,compas,IID,FLAURA,F Flip,,2024,aeod,0.2584569580617012,True,,69,unprotected_max_risk,0.48683126226119067
main,compas,IID,FLAURA,F Flip,,2024,aspd,0.22837430419948945,True,,69,unprotected_max_risk,0.48683126226119067
main,compas,IID,FLAURA,F Flip,,3141,accuracy,0.6706263498920086,True,,67,unprotected_max_risk,0.5351228577318503
main,compas,IID,FLAURA,F Flip,,3141,aeod,0.28930349682367085,True,,67,unprotected_max_risk,0.5351228577318503
main,compas,IID,FLAURA,F Flip,,3141,aspd,0.24581936090817944,True,,67,unprotected_max_risk,0.5351228577318503
main,compas,IID,FLAURA,F Flip,,4242,accuracy,0.6598272138228942,True,,61,unprotected_max_risk,0.46460411114306227
main,compas,IID,FLAURA,F Flip,,4242,aeod,0.23192515224387733,True,,61,unprotected_max_risk,0.46460411114306227
main,compas,IID,FLAURA,F Flip,,4242,aspd,0.23267895889918494,True,,61,unprotected_max_risk,0.46460411114306227
main,compas,IID,FLAURA,F Flip,,5050,accuracy,0.6760259179265659,True,,65,unprotected_max_risk,0.49554465070451703
main,compas,IID,FLAURA,F Flip,,5050,aeod,0.25738916256157635,True,,65,unprotected_max_risk,0.49554465070451703
main,compas,IID,FLAURA,F Flip,,5050,aspd,0.23815548814294069,True,,65,unprotected_max_risk,0.49554465070451703
main,compas,IID,FLAURA,F Flip,,6060,accuracy,0.6749460043196545,True,,66,unprotected_max_risk,0.5494571967318843
main,compas,IID,FLAURA,F Flip,,6060,aeod,0.2682574960034312,True,,66,unprotected_max_risk,0.5494571967318843
main,compas,IID,FLAURA,F Flip,,6060,aspd,0.28119970072845313,True,,66,unprotected_max_risk,0.5494571967318843
main,compas,IID,FLAURA,F Flip,,7070,accuracy,0.6673866090712743,True,,63,unprotected_max_risk,0.4207631303304385
main,compas,IID,FLAURA,F Flip,,7070,aeod,0.22462121212121217,True,,63,unprotected_max_risk,0.4207631303304385
main,compas,IID,FLAURA,F Flip,,7070,aspd,0.19614191820922633,True,,63,unprotected_max_risk,0.4207631303304385
main,compas,IID,FLGMM,Benign,,123,accuracy,0.6609071274298056,True,,,,
main,compas,IID,FLGMM,Benign,,123,aeod,0.19139307897071872,True,,,,
main,compas,IID,FLGMM,Benign,,123,aspd,0.22412100655152573,True,,,,
main,compas,IID,FLGMM,Benign,,456,accuracy,0.6652267818574514,True,,,,
main,compas,IID,FLGMM,Benign,,456,aeod,0.24264705882352944,True,,,,
main,compas,IID,FLGMM,Benign,,456,aspd,0.2237206549891625,True,,,,
main,compas,IID,FLGMM,Benign,,789,accuracy,0.6787257019438445,True,,,,
main,compas,IID,FLGMM,Benign,,789,aeod,0.25594686438059927,True,,,,
main,compas,IID,FLGMM,Benign,,789,aspd,0.2366276158539219,True,,,,
main,compas,IID,FLGMM,Benign,,1001,accuracy,0.6889848812095032,True,,,,
main,compas,IID,FLGMM,Benign,,1001,aeod,0.28249254120770045,True,,,,
main,compas,IID,FLGMM,Benign,,1001,aspd,0.2643919383435249,True,,,,
main,compas,IID,FLGMM,Benign,,2024,accuracy,0.6997840172786177,True,,,,
main,compas,IID,FLGMM,Benign,,2024,aeod,0.2605102407473949,True,,,,
main,compas,IID,FLGMM,Benign,,2024,aspd,0.22350588913646624,True,,,,
main,compas,IID,FLGMM,Benign,,3141,accuracy,0.67170626349892,True,,,,
main,compas,IID,FLGMM,Benign,,3141,aeod,0.2820236936988497,True,,,,
main,compas,IID,FLGMM,Benign,,3141,aspd,0.24703558926964436,True,,,,
main,compas,IID,FLGMM,Benign,,4242,accuracy,0.6657667386609071,True,,,,
main,compas,IID,FLGMM,Benign,,4242,aeod,0.21685031645191005,True,,,,
main,compas,IID,FLGMM,Benign,,4242,aspd,0.23099934986641335,True,,,,
main,compas,IID,FLGMM,Benign,,5050,accuracy,0.6884449244060475,True,,,,
main,compas,IID,FLGMM,Benign,,5050,aeod,0.2494110087813236,True,,,,
main,compas,IID,FLGMM,Benign,,5050,aspd,0.2217480773203758,True,,,,
main,compas,IID,FLGMM,Benign,,6060,accuracy,0.6906047516198704,True,,,,
main,compas,IID,FLGMM,Benign,,6060,aeod,0.2640464771708192,True,,,,
main,compas,IID,FLGMM,Benign,,6060,aspd,0.25085818800649434,True,,,,
main,compas,IID,FLGMM,Benign,,7070,accuracy,0.658207343412527,True,,,,
main,compas,IID,FLGMM,Benign,,7070,aeod,0.22253787878787884,True,,,,
main,compas,IID,FLGMM,Benign,,7070,aspd,0.1972729405530454,True,,,,
main,compas,IID,FLGMM,F Flip,,123,accuracy,0.6690064794816415,True,,65,unprotected_max_risk,0.47766480152750546
main,compas,IID,FLGMM,F Flip,,123,aeod,0.22857142857142854,True,,65,unprotected_max_risk,0.47766480152750546
main,compas,IID,FLGMM,F Flip,,123,aspd,0.2490933729560769,True,,65,unprotected_max_risk,0.47766480152750546
main,compas,IID,FLGMM,F Flip,,456,accuracy,0.673866090712743,True,,65,unprotected_max_risk,0.48893109985564165
main,compas,IID,FLGMM,F Flip,,456,aeod,0.2456550802139038,True,,65,unprotected_max_risk,0.48893109985564165
main,compas,IID,FLGMM,F Flip,,456,aspd,0.24327601964173784,True,,65,unprotected_max_risk,0.48893109985564165
main,compas,IID,FLGMM,F Flip,,789,accuracy,0.6825053995680346,True,,63,unprotected_max_risk,0.4859120759877603
main,compas,IID,FLGMM,F Flip,,789,aeod,0.25090104005766656,True,,63,unprotected_max_risk,0.4859120759877603
main,compas,IID,FLGMM,F Flip,,789,aspd,0.23501103593009373,True,,63,unprotected_max_risk,0.4859120759877603
main,compas,IID,FLGMM,F Flip,,1001,accuracy,0.6916846652267818,True,,68,unprotected_max_risk,0.5551152223572957
main,compas,IID,FLGMM,F Flip,,1001,aeod,0.28541366518814304,True,,68,unprotected_max_risk,0.5551152223572957
main,compas,IID,FLGMM,F Flip,,1001,aspd,0.2697015571691527,True,,68,unprotected_max_risk,0.5551152223572957
main,compas,IID,FLGMM,F Flip,,2024,accuracy,0.6970842332613391,True,,63,unprotected_max_risk,0.49427882626050146
main,compas,IID,FLGMM,F Flip,,2024,aeod,0.2680218332392245,True,,63,unprotected_max_risk,0.49427882626050146
main,compas,IID,FLGMM,F Flip,,2024,aspd,0.22625699302127694,True,,63,unprotected_max_risk,0.49427882626050146
main,compas,IID,FLGMM,F Flip,,3141,accuracy,0.6744060475161987,True,,63,unprotected_max_risk,0.5398668267677813
main,compas,IID,FLGMM,F Flip,,3141,aeod,0.28330567160762316,True,,63,unprotected_max_risk,0.5398668267677813
main,compas,IID,FLGMM,F Flip,,3141,aspd,0.25656115516015815,True,,63,unprotected_max_risk,0.5398668267677813
main,compas,IID,FLGMM,F Flip,,4242,accuracy,0.6625269978401728,True,,62,unprotected_max_risk,0.4646844227601627
main,compas,IID,FLGMM,F Flip,,4242,aeod,0.22871277652154148,True,,62,unprotected_max_risk,0.4646844227601627
main,compas,IID,FLGMM,F Flip,,4242,aspd,0.2359716462386212,True,,62,unprotected_max_risk,0.4646844227601627
main,compas,IID,FLGMM,F Flip,,5050,accuracy,0.6754859611231101,True,,68,unprotected_max_risk,0.49274774970288754
main,compas,IID,FLGMM,F Flip,,5050,aeod,0.25933461840508315,True,,68,unprotected_max_risk,0.49274774970288754
main,compas,IID,FLGMM,F Flip,,5050,aspd,0.2334131312978044,True,,68,unprotected_max_risk,0.49274774970288754
main,compas,IID,FLGMM,F Flip,,6060,accuracy,0.677645788336933,True,,70,unprotected_max_risk,0.5586045722903978
main,compas,IID,FLGMM,F Flip,,6060,aeod,0.2776348110890163,True,,70,unprotected_max_risk,0.5586045722903978
main,compas,IID,FLGMM,F Flip,,6060,aspd,0.2809697612013815,True,,70,unprotected_max_risk,0.5586045722903978
main,compas,IID,FLGMM,F Flip,,7070,accuracy,0.6576673866090713,True,,61,unprotected_max_risk,0.4266511780678084
main,compas,IID,FLGMM,F Flip,,7070,aeod,0.22935606060606062,True,,61,unprotected_max_risk,0.4266511780678084
main,compas,IID,FLGMM,F Flip,,7070,aspd,0.19729511746174777,True,,61,unprotected_max_risk,0.4266511780678084
main,compas,IID,FLTG,Benign,,123,accuracy,0.6646868250539957,True,,,,
main,compas,IID,FLTG,Benign,,123,aeod,0.20721679976338359,True,,,,
main,compas,IID,FLTG,Benign,,123,aspd,0.24319431524125557,True,,,,
main,compas,IID,FLTG,Benign,,456,accuracy,0.677645788336933,True,,,,
main,compas,IID,FLTG,Benign,,456,aeod,0.23273172905525846,True,,,,
main,compas,IID,FLTG,Benign,,456,aspd,0.24591974060020055,True,,,,
main,compas,IID,FLTG,Benign,,789,accuracy,0.6781857451403888,True,,,,
main,compas,IID,FLTG,Benign,,789,aeod,0.24110115676380733,True,,,,
main,compas,IID,FLTG,Benign,,789,aspd,0.21820327354516558,True,,,,
main,compas,IID,FLTG,Benign,,1001,accuracy,0.6760259179265659,True,,,,
main,compas,IID,FLTG,Benign,,1001,aeod,0.24448389694955242,True,,,,
main,compas,IID,FLTG,Benign,,1001,aspd,0.2320556710440772,True,,,,
main,compas,IID,FLTG,Benign,,2024,accuracy,0.6819654427645788,True,,,,
main,compas,IID,FLTG,Benign,,2024,aeod,0.27811713977721886,True,,,,
main,compas,IID,FLTG,Benign,,2024,aspd,0.20573751644301058,True,,,,
main,compas,IID,FLTG,Benign,,3141,accuracy,0.6646868250539957,True,,,,
main,compas,IID,FLTG,Benign,,3141,aeod,0.26104847478967547,True,,,,
main,compas,IID,FLTG,Benign,,3141,aspd,0.21797333401809402,True,,,,
main,compas,IID,FLTG,Benign,,4242,accuracy,0.6657667386609071,True,,,,
main,compas,IID,FLTG,Benign,,4242,aeod,0.23689027673091412,True,,,,
main,compas,IID,FLTG,Benign,,4242,aspd,0.2359529709470824,True,,,,
main,compas,IID,FLTG,Benign,,5050,accuracy,0.6884449244060475,True,,,,
main,compas,IID,FLTG,Benign,,5050,aeod,0.22290640394088673,True,,,,
main,compas,IID,FLTG,Benign,,5050,aspd,0.22191148612134037,True,,,,
main,compas,IID,FLTG,Benign,,6060,accuracy,0.6852051835853131,True,,,,
main,compas,IID,FLTG,Benign,,6060,aeod,0.28611533512691545,True,,,,
main,compas,IID,FLTG,Benign,,6060,aspd,0.26850400409922653,True,,,,
main,compas,IID,FLTG,Benign,,7070,accuracy,0.6630669546436285,True,,,,
main,compas,IID,FLTG,Benign,,7070,aeod,0.20359848484848486,True,,,,
main,compas,IID,FLTG,Benign,,7070,aspd,0.19548594859392565,True,,,,
main,compas,IID,FLTG,F Flip,,123,accuracy,0.6533477321814255,True,,68,unprotected_max_risk,0.4832070566398059
main,compas,IID,FLTG,F Flip,,123,aeod,0.2225968648328897,True,,68,unprotected_max_risk,0.4832070566398059
main,compas,IID,FLTG,F Flip,,123,aspd,0.2606101918069162,True,,68,unprotected_max_risk,0.4832070566398059
main,compas,IID,FLTG,F Flip,,456,accuracy,0.6744060475161987,True,,65,unprotected_max_risk,0.5122141610195912
main,compas,IID,FLTG,F Flip,,456,aeod,0.2634581105169341,True,,65,unprotected_max_risk,0.5122141610195912
main,compas,IID,FLTG,F Flip,,456,aspd,0.24875605050265714,True,,65,unprotected_max_risk,0.5122141610195912
main,compas,IID,FLTG,F Flip,,789,accuracy,0.6814254859611231,True,,62,unprotected_max_risk,0.514652323448044
main,compas,IID,FLTG,F Flip,,789,aeod,0.27252600144166406,True,,62,unprotected_max_risk,0.514652323448044
main,compas,IID,FLTG,F Flip,,789,aspd,0.24212632200637998,True,,62,unprotected_max_risk,0.514652323448044
main,compas,IID,FLTG,F Flip,,1001,accuracy,0.6846652267818575,True,,66,unprotected_max_risk,0.5349209574088479
main,compas,IID,FLTG,F Flip,,1001,aeod,0.27371782509557463,True,,66,unprotected_max_risk,0.5349209574088479
main,compas,IID,FLTG,F Flip,,1001,aspd,0.2612031323132733,True,,66,unprotected_max_risk,0.5349209574088479
main,compas,IID,FLTG,F Flip,,2024,accuracy,0.6922246220302376,True,,62,unprotected_max_risk,0.4923302522114225
main,compas,IID,FLTG,F Flip,,2024,aeod,0.28025597590814977,True,,62,unprotected_max_risk,0.4923302522114225
main,compas,IID,FLTG,F Flip,,2024,aspd,0.21207427630327275,True,,62,unprotected_max_risk,0.4923302522114225
main,compas,IID,FLTG,F Flip,,3141,accuracy,0.6711663066954644,True,,68,unprotected_max_risk,0.5318222770142583
main,compas,IID,FLTG,F Flip,,3141,aeod,0.29112344760487613,True,,68,unprotected_max_risk,0.5318222770142583
main,compas,IID,FLTG,F Flip,,3141,aspd,0.24069882940938223,True,,68,unprotected_max_risk,0.5318222770142583
main,compas,IID,FLTG,F Flip,,4242,accuracy,0.6636069114470843,True,,62,unprotected_max_risk,0.49805582675297627
main,compas,IID,FLTG,F Flip,,4242,aeod,0.2569601473983944,True,,62,unprotected_max_risk,0.49805582675297627
main,compas,IID,FLTG,F Flip,,4242,aspd,0.24109567935458187,True,,62,unprotected_max_risk,0.49805582675297627
main,compas,IID,FLTG,F Flip,,5050,accuracy,0.6744060475161987,True,,61,unprotected_max_risk,0.4772018375945562
main,compas,IID,FLTG,F Flip,,5050,aeod,0.23900549725137432,True,,61,unprotected_max_risk,0.4772018375945562
main,compas,IID,FLTG,F Flip,,5050,aspd,0.23819634034318188,True,,61,unprotected_max_risk,0.4772018375945562
main,compas,IID,FLTG,F Flip,,6060,accuracy,0.6868250539956804,True,,67,unprotected_max_risk,0.5536769022747399
main,compas,IID,FLTG,F Flip,,6060,aeod,0.284438725776894,True,,67,unprotected_max_risk,0.5536769022747399
main,compas,IID,FLTG,F Flip,,6060,aspd,0.2692381764978459,True,,67,unprotected_max_risk,0.5536769022747399
main,compas,IID,FLTG,F Flip,,7070,accuracy,0.6641468682505399,True,,62,unprotected_max_risk,0.44945960430983284
main,compas,IID,FLTG,F Flip,,7070,aeod,0.23011363636363635,True,,62,unprotected_max_risk,0.44945960430983284
main,compas,IID,FLTG,F Flip,,7070,aspd,0.21934596794619649,True,,62,unprotected_max_risk,0.44945960430983284
main,compas,IID,FLTrust,Benign,,123,accuracy,0.6598272138228942,True,,,,
main,compas,IID,FLTrust,Benign,,123,aeod,0.21410825199645073,True,,,,
main,compas,IID,FLTrust,Benign,,123,aspd,0.25074730346298263,True,,,,
main,compas,IID,FLTrust,Benign,,456,accuracy,0.6760259179265659,True,,,,
main,compas,IID,FLTrust,Benign,,456,aeod,0.23077094474153298,True,,,,
main,compas,IID,FLTrust,Benign,,456,aspd,0.24480739354792025,True,,,,
main,compas,IID,FLTrust,Benign,,789,accuracy,0.6808855291576674,True,,,,
main,compas,IID,FLTrust,Benign,,789,aeod,0.268509937184636,True,,,,
main,compas,IID,FLTrust,Benign,,789,aspd,0.24330169816760375,True,,,,
main,compas,IID,FLTrust,Benign,,1001,accuracy,0.6841252699784017,True,,,,
main,compas,IID,FLTrust,Benign,,1001,aeod,0.25717802407233037,True,,,,
main,compas,IID,FLTrust,Benign,,1001,aspd,0.25646077546813706,True,,,,
main,compas,IID,FLTrust,Benign,,2024,accuracy,0.6922246220302376,True,,,,
main,compas,IID,FLTrust,Benign,,2024,aeod,0.26514723747925334,True,,,,
main,compas,IID,FLTrust,Benign,,2024,aspd,0.20197794681510411,True,,,,
main,compas,IID,FLTrust,Benign,,3141,accuracy,0.6695464362850972,True,,,,
main,compas,IID,FLTrust,Benign,,3141,aeod,0.2841126309162708,True,,,,
main,compas,IID,FLTrust,Benign,,3141,aspd,0.23990162790181935,True,,,,
main,compas,IID,FLTrust,Benign,,4242,accuracy,0.66792656587473,True,,,,
main,compas,IID,FLTrust,Benign,,4242,aeod,0.25208475407678593,True,,,,
main,compas,IID,FLTrust,Benign,,4242,aspd,0.23828504797799116,True,,,,
main,compas,IID,FLTrust,Benign,,5050,accuracy,0.6906047516198704,True,,,,
main,compas,IID,FLTrust,Benign,,5050,aeod,0.25414078674948243,True,,,,
main,compas,IID,FLTrust,Benign,,5050,aspd,0.2206765824683366,True,,,,
main,compas,IID,FLTrust,Benign,,6060,accuracy,0.6916846652267818,True,,,,
main,compas,IID,FLTrust,Benign,,6060,aeod,0.2740671423558311,True,,,,
main,compas,IID,FLTrust,Benign,,6060,aspd,0.26277535841969685,True,,,,
main,compas,IID,FLTrust,Benign,,7070,accuracy,0.6641468682505399,True,,,,
main,compas,IID,FLTrust,Benign,,7070,aeod,0.2054924242424243,True,,,,
main,compas,IID,FLTrust,Benign,,7070,aspd,0.19504474483132128,True,,,,
main,compas,IID,FLTrust,F Flip,,123,accuracy,0.6587473002159827,True,,65,unprotected_max_risk,0.48253840956852917
main,compas,IID,FLTrust,F Flip,,123,aeod,0.22173913043478255,True,,65,unprotected_max_risk,0.48253840956852917
main,compas,IID,FLTrust,F Flip,,123,aspd,0.2607992791337466,True,,65,unprotected_max_risk,0.48253840956852917
main,compas,IID,FLTrust,F Flip,,456,accuracy,0.67170626349892,True,,61,unprotected_max_risk,0.5012366659047789
main,compas,IID,FLTrust,F Flip,,456,aeod,0.2450980392156863,True,,61,unprotected_max_risk,0.5012366659047789
main,compas,IID,FLTrust,F Flip,,456,aspd,0.2561386266890926,True,,61,unprotected_max_risk,0.5012366659047789
main,compas,IID,FLTrust,F Flip,,789,accuracy,0.6803455723542117,True,,62,unprotected_max_risk,0.5046585624080202
main,compas,IID,FLTrust,F Flip,,789,aeod,0.26481996361514437,True,,62,unprotected_max_risk,0.5046585624080202
main,compas,IID,FLTrust,F Flip,,789,aspd,0.23983859879287583,True,,62,unprotected_max_risk,0.5046585624080202
main,compas,IID,FLTrust,F Flip,,1001,accuracy,0.6841252699784017,True,,69,unprotected_max_risk,0.5273746104461283
main,compas,IID,FLTrust,F Flip,,1001,aeod,0.2669056505314744,True,,69,unprotected_max_risk,0.5273746104461283
main,compas,IID,FLTrust,F Flip,,1001,aspd,0.2604689599146539,True,,69,unprotected_max_risk,0.5273746104461283
main,compas,IID,FLTrust,F Flip,,2024,accuracy,0.6916846652267818,True,,67,unprotected_max_risk,0.4982047844661397
main,compas,IID,FLTrust,F Flip,,2024,aeod,0.28508119021953016,True,,67,unprotected_max_risk,0.4982047844661397
main,compas,IID,FLTrust,F Flip,,2024,aspd,0.21312359424660954,True,,67,unprotected_max_risk,0.4982047844661397
main,compas,IID,FLTrust,F Flip,,3141,accuracy,0.6711663066954644,True,,64,unprotected_max_risk,0.532858310622748
main,compas,IID,FLTrust,F Flip,,3141,aeod,0.29203342299547874,True,,64,unprotected_max_risk,0.532858310622748
main,compas,IID,FLTrust,F Flip,,3141,aspd,0.24082488762726922,True,,64,unprotected_max_risk,0.532858310622748
main,compas,IID,FLTrust,F Flip,,4242,accuracy,0.6733261339092873,True,,65,unprotected_max_risk,0.5007952858814282
main,compas,IID,FLTrust,F Flip,,4242,aeod,0.2580608496943158,True,,65,unprotected_max_risk,0.5007952858814282
main,compas,IID,FLTrust,F Flip,,4242,aspd,0.2427344361871124,True,,65,unprotected_max_risk,0.5007952858814282
main,compas,IID,FLTrust,F Flip,,5050,accuracy,0.6906047516198704,True,,70,unprotected_max_risk,0.48825368506360023
main,compas,IID,FLTrust,F Flip,,5050,aeod,0.26115513671735563,True,,70,unprotected_max_risk,0.48825368506360023
main,compas,IID,FLTrust,F Flip,,5050,aspd,0.2270985483462446,True,,70,unprotected_max_risk,0.48825368506360023
main,compas,IID,FLTrust,F Flip,,6060,accuracy,0.6954643628509719,True,,64,unprotected_max_risk,0.5488491532970985
main,compas,IID,FLTrust,F Flip,,6060,aeod,0.28254766639373025,True,,64,unprotected_max_risk,0.5488491532970985
main,compas,IID,FLTrust,F Flip,,6060,aspd,0.2663014869033682,True,,64,unprotected_max_risk,0.5488491532970985
main,compas,IID,FLTrust,F Flip,,7070,accuracy,0.6609071274298056,True,,69,unprotected_max_risk,0.4472777101800605
main,compas,IID,FLTrust,F Flip,,7070,aeod,0.23636363636363633,True,,69,unprotected_max_risk,0.4472777101800605
main,compas,IID,FLTrust,F Flip,,7070,aspd,0.21091407381642419,True,,69,unprotected_max_risk,0.4472777101800605
main,compas,IID,FLTrust+FairGuard,Benign,,123,accuracy,0.66792656587473,True,,,,
main,compas,IID,FLTrust+FairGuard,Benign,,123,aeod,0.20934634723454598,True,,,,
main,compas,IID,FLTrust+FairGuard,Benign,,123,aspd,0.2343398926404178,True,,,,
main,compas,IID,FLTrust+FairGuard,Benign,,456,accuracy,0.6722462203023758,True,,,,
main,compas,IID,FLTrust+FairGuard,Benign,,456,aeod,0.2343360071301247,True,,,,
main,compas,IID,FLTrust+FairGuard,Benign,,456,aspd,0.2517300906802124,True,,,,
main,compas,IID,FLTrust+FairGuard,Benign,,789,accuracy,0.677645788336933,True,,,,
main,compas,IID,FLTrust+FairGuard,Benign,,789,aeod,0.261644870078605,True,,,,
main,compas,IID,FLTrust+FairGuard,Benign,,789,aspd,0.23669064496286535,True,,,,
main,compas,IID,FLTrust+FairGuard,Benign,,1001,accuracy,0.6814254859611231,True,,,,
main,compas,IID,FLTrust+FairGuard,Benign,,1001,aeod,0.25814795067554536,True,,,,
main,compas,IID,FLTrust+FairGuard,Benign,,1001,aspd,0.2488634334290053,True,,,,
main,compas,IID,FLTrust+FairGuard,Benign,,2024,accuracy,0.6960043196544277,True,,,,
main,compas,IID,FLTrust+FairGuard,Benign,,2024,aeod,0.2618277638040484,True,,,,
main,compas,IID,FLTrust+FairGuard,Benign,,2024,aspd,0.2216185174853253,True,,,,
main,compas,IID,FLTrust+FairGuard,Benign,,3141,accuracy,0.6700863930885529,True,,,,
main,compas,IID,FLTrust+FairGuard,Benign,,3141,aeod,0.2928918903451039,True,,,,
main,compas,IID,FLTrust+FairGuard,Benign,,3141,aspd,0.23425818823993547,True,,,,
main,compas,IID,FLTrust+FairGuard,Benign,,4242,accuracy,0.6630669546436285,True,,,,
main,compas,IID,FLTrust+FairGuard,Benign,,4242,aeod,0.2437277915365565,True,,,,
main,compas,IID,FLTrust+FairGuard,Benign,,4242,aspd,0.25036912880932183,True,,,,
main,compas,IID,FLTrust+FairGuard,Benign,,5050,accuracy,0.6803455723542117,True,,,,
main,compas,IID,FLTrust+FairGuard,Benign,,5050,aeod,0.2499107589062612,True,,,,
main,compas,IID,FLTrust+FairGuard,Benign,,5050,aspd,0.2366241142367584,True,,,,
main,compas,IID,FLTrust+FairGuard,Benign,,6060,accuracy,0.687365010799136,True,,,,
main,compas,IID,FLTrust+FairGuard,Benign,,6060,aeod,0.2553320076422193,True,,,,
main,compas,IID,FLTrust+FairGuard,Benign,,6060,aspd,0.24896731473818992,True,,,,
main,compas,IID,FLTrust+FairGuard,Benign,,7070,accuracy,0.6592872570194385,True,,,,
main,compas,IID,FLTrust+FairGuard,Benign,,7070,aeod,0.21609848484848487,True,,,,
main,compas,IID,FLTrust+FairGuard,Benign,,7070,aspd,0.19708385322621497,True,,,,
main,compas,IID,FLTrust+FairGuard,F Flip,,123,accuracy,0.6625269978401728,True,,61,fairness_defended_min_risk,0.437437732677485
main,compas,IID,FLTrust+FairGuard,F Flip,,123,aeod,0.20322389825495418,True,,61,fairness_defended_min_risk,0.437437732677485
main,compas,IID,FLTrust+FairGuard,F Flip,,123,aspd,0.2342138344225308,True,,61,fairness_defended_min_risk,0.437437732677485
main,compas,IID,FLTrust+FairGuard,F Flip,,456,accuracy,0.677645788336933,True,,67,fairness_defended_min_risk,0.46415169892815994
main,compas,IID,FLTrust+FairGuard,F Flip,,456,aeod,0.22413101604278074,True,,67,fairness_defended_min_risk,0.46415169892815994
main,compas,IID,FLTrust+FairGuard,F Flip,,456,aspd,0.2400206828853792,True,,67,fairness_defended_min_risk,0.46415169892815994
main,compas,IID,FLTrust+FairGuard,F Flip,,789,accuracy,0.673866090712743,True,,62,fairness_defended_min_risk,0.44184776031802714
main,compas,IID,FLTrust+FairGuard,F Flip,,789,aeod,0.2117529948855249,True,,62,fairness_defended_min_risk,0.44184776031802714
main,compas,IID,FLTrust+FairGuard,F Flip,,789,aspd,0.23009476543250224,True,,62,fairness_defended_min_risk,0.44184776031802714
main,compas,IID,FLTrust+FairGuard,F Flip,,1001,accuracy,0.6803455723542117,True,,63,fairness_defended_min_risk,0.5041488304253674
main,compas,IID,FLTrust+FairGuard,F Flip,,1001,aeod,0.24754682306496806,True,,63,fairness_defended_min_risk,0.5041488304253674
main,compas,IID,FLTrust+FairGuard,F Flip,,1001,aspd,0.25660200736039934,True,,63,fairness_defended_min_risk,0.5041488304253674
main,compas,IID,FLTrust+FairGuard,F Flip,,2024,accuracy,0.6987041036717062,True,,67,fairness_defended_min_risk,0.4522950214806816
main,compas,IID,FLTrust+FairGuard,F Flip,,2024,aeod,0.25482949198364224,True,,67,fairness_defended_min_risk,0.4522950214806816
main,compas,IID,FLTrust+FairGuard,F Flip,,2024,aspd,0.19746552949703938,True,,67,fairness_defended_min_risk,0.4522950214806816
main,compas,IID,FLTrust+FairGuard,F Flip,,3141,accuracy,0.6565874730021598,True,,70,fairness_defended_min_risk,0.4485652807910314
main,compas,IID,FLTrust+FairGuard,F Flip,,3141,aeod,0.24729582784868087,True,,70,fairness_defended_min_risk,0.4485652807910314
main,compas,IID,FLTrust+FairGuard,F Flip,,3141,aspd,0.20126945294235052,True,,70,fairness_defended_min_risk,0.4485652807910314
main,compas,IID,FLTrust+FairGuard,F Flip,,4242,accuracy,0.6630669546436285,True,,68,fairness_defended_min_risk,0.4738789011045893
main,compas,IID,FLTrust+FairGuard,F Flip,,4242,aeod,0.23891221899190024,True,,68,fairness_defended_min_risk,0.4738789011045893
main,compas,IID,FLTrust+FairGuard,F Flip,,4242,aspd,0.23496668211268906,True,,68,fairness_defended_min_risk,0.4738789011045893
main,compas,IID,FLTrust+FairGuard,F Flip,,5050,accuracy,0.6808855291576674,True,,64,fairness_defended_min_risk,0.45456780835843064
main,compas,IID,FLTrust+FairGuard,F Flip,,5050,aeod,0.23118797743985148,True,,64,fairness_defended_min_risk,0.45456780835843064
main,compas,IID,FLTrust+FairGuard,F Flip,,5050,aspd,0.22337983091857916,True,,64,fairness_defended_min_risk,0.45456780835843064
main,compas,IID,FLTrust+FairGuard,F Flip,,6060,accuracy,0.6814254859611231,True,,68,fairness_defended_min_risk,0.5128753592488556
main,compas,IID,FLTrust+FairGuard,F Flip,,6060,aeod,0.2501852068468047,True,,68,fairness_defended_min_risk,0.5128753592488556
main,compas,IID,FLTrust+FairGuard,F Flip,,6060,aspd,0.26269015240205096,True,,68,fairness_defended_min_risk,0.5128753592488556
main,compas,IID,FLTrust+FairGuard,F Flip,,7070,accuracy,0.6668466522678186,True,,70,fairness_defended_min_risk,0.413724555534251
main,compas,IID,FLTrust+FairGuard,F Flip,,7070,aeod,0.20928030303030298,True,,70,fairness_defended_min_risk,0.413724555534251
main,compas,IID,FLTrust+FairGuard,F Flip,,7070,aspd,0.20444425250394804,True,,70,fairness_defended_min_risk,0.413724555534251
main,compas,IID,FairFed,Benign,,123,accuracy,0.6652267818574514,True,,,,
main,compas,IID,FairFed,Benign,,123,aeod,0.20192250813368823,True,,,,
main,compas,IID,FairFed,Benign,,123,aspd,0.23022782688471624,True,,,,
main,compas,IID,FairFed,Benign,,456,accuracy,0.6657667386609071,True,,,,
main,compas,IID,FairFed,Benign,,456,aeod,0.23992869875222816,True,,,,
main,compas,IID,FairFed,Benign,,456,aspd,0.22739151698225962,True,,,,
main,compas,IID,FairFed,Benign,,789,accuracy,0.6808855291576674,True,,,,
main,compas,IID,FairFed,Benign,,789,aeod,0.24772594652112728,True,,,,
main,compas,IID,FairFed,Benign,,789,aspd,0.23192611120902673,True,,,,
main,compas,IID,FairFed,Benign,,1001,accuracy,0.6889848812095032,True,,,,
main,compas,IID,FairFed,Benign,,1001,aeod,0.275691710814398,True,,,,
main,compas,IID,FairFed,Benign,,1001,aspd,0.2706248168946025,True,,,,
main,compas,IID,FairFed,Benign,,2024,accuracy,0.7035637149028078,True,,,,
main,compas,IID,FairFed,Benign,,2024,aeod,0.2755505364201016,True,,,,
main,compas,IID,FairFed,Benign,,2024,aspd,0.21505181809799162,True,,,,
main,compas,IID,FairFed,Benign,,3141,accuracy,0.67170626349892,True,,,,
main,compas,IID,FairFed,Benign,,3141,aeod,0.2864133234132662,True,,,,
main,compas,IID,FairFed,Benign,,3141,aspd,0.24149603091694516,True,,,,
main,compas,IID,FairFed,Benign,,4242,accuracy,0.6630669546436285,True,,,,
main,compas,IID,FairFed,Benign,,4242,aeod,0.24292619312539626,True,,,,
main,compas,IID,FairFed,Benign,,4242,aspd,0.23947909943075374,True,,,,
main,compas,IID,FairFed,Benign,,5050,accuracy,0.6852051835853131,True,,,,
main,compas,IID,FairFed,Benign,,5050,aeod,0.25240950953094876,True,,,,
main,compas,IID,FairFed,Benign,,5050,aspd,0.23167399477325282,True,,,,
main,compas,IID,FairFed,Benign,,6060,accuracy,0.6900647948164147,True,,,,
main,compas,IID,FairFed,Benign,,6060,aeod,0.2645923499824541,True,,,,
main,compas,IID,FairFed,Benign,,6060,aspd,0.26088798676855596,True,,,,
main,compas,IID,FairFed,Benign,,7070,accuracy,0.6700863930885529,True,,,,
main,compas,IID,FairFed,Benign,,7070,aeod,0.22007575757575754,True,,,,
main,compas,IID,FairFed,Benign,,7070,aspd,0.18961607102213374,True,,,,
main,compas,IID,FairFed,F Flip,,123,accuracy,0.6711663066954644,True,,70,fairness_defended_min_risk,0.46736049230896576
main,compas,IID,FairFed,F Flip,,123,aeod,0.2248151434486838,True,,70,fairness_defended_min_risk,0.46736049230896576
main,compas,IID,FairFed,F Flip,,123,aspd,0.24254534886028195,True,,70,fairness_defended_min_risk,0.46736049230896576
main,compas,IID,FairFed,F Flip,,456,accuracy,0.6727861771058316,True,,61,fairness_defended_min_risk,0.4699209850958503
main,compas,IID,FairFed,F Flip,,456,aeod,0.23612967914438504,True,,61,fairness_defended_min_risk,0.4699209850958503
main,compas,IID,FairFed,F Flip,,456,aspd,0.23379130595146524,True,,61,fairness_defended_min_risk,0.4699209850958503
main,compas,IID,FairFed,F Flip,,789,accuracy,0.6841252699784017,True,,70,fairness_defended_min_risk,0.48077346381808506
main,compas,IID,FairFed,F Flip,,789,aeod,0.2416503621322898,True,,70,fairness_defended_min_risk,0.48077346381808506
main,compas,IID,FairFed,F Flip,,789,aspd,0.23912310168579526,True,,70,fairness_defended_min_risk,0.48077346381808506
main,compas,IID,FairFed,F Flip,,1001,accuracy,0.677645788336933,True,,65,fairness_defended_min_risk,0.5533531601267014
main,compas,IID,FairFed,F Flip,,1001,aeod,0.27477850506517226,True,,65,fairness_defended_min_risk,0.5533531601267014
main,compas,IID,FairFed,F Flip,,1001,aspd,0.27857465506152923,True,,65,fairness_defended_min_risk,0.5533531601267014
main,compas,IID,FairFed,F Flip,,2024,accuracy,0.7057235421166307,True,,70,fairness_defended_min_risk,0.4780692417190609
main,compas,IID,FairFed,F Flip,,2024,aeod,0.2604589086802525,True,,70,fairness_defended_min_risk,0.4780692417190609
main,compas,IID,FairFed,F Flip,,2024,aspd,0.2176103330388084,True,,70,fairness_defended_min_risk,0.4780692417190609
main,compas,IID,FairFed,F Flip,,3141,accuracy,0.6727861771058316,True,,69,fairness_defended_min_risk,0.5208993437370034
main,compas,IID,FairFed,F Flip,,3141,aeod,0.2764035941166371,True,,69,fairness_defended_min_risk,0.5208993437370034
main,compas,IID,FairFed,F Flip,,3141,aspd,0.2444957496203663,True,,69,fairness_defended_min_risk,0.5208993437370034
main,compas,IID,FairFed,F Flip,,4242,accuracy,0.6587473002159827,True,,61,fairness_defended_min_risk,0.47634776084756836
main,compas,IID,FairFed,F Flip,,4242,aeod,0.24188531160642712,True,,61,fairness_defended_min_risk,0.47634776084756836
main,compas,IID,FairFed,F Flip,,4242,aspd,0.23446244924114124,True,,61,fairness_defended_min_risk,0.47634776084756836
main,compas,IID,FairFed,F Flip,,5050,accuracy,0.6830453563714903,True,,65,fairness_defended_min_risk,0.4776017577982833
main,compas,IID,FairFed,F Flip,,5050,aeod,0.2472513743128436,True,,65,fairness_defended_min_risk,0.4776017577982833
main,compas,IID,FairFed,F Flip,,5050,aspd,0.23035038348543968,True,,65,fairness_defended_min_risk,0.4776017577982833
main,compas,IID,FairFed,F Flip,,6060,accuracy,0.6889848812095032,True,,64,fairness_defended_min_risk,0.5151300103820566
main,compas,IID,FairFed,F Flip,,6060,aeod,0.25722306702538306,True,,64,fairness_defended_min_risk,0.5151300103820566
main,compas,IID,FairFed,F Flip,,6060,aspd,0.25790694335667363,True,,64,fairness_defended_min_risk,0.5151300103820566
main,compas,IID,FairFed,F Flip,,7070,accuracy,0.6630669546436285,True,,69,fairness_defended_min_risk,0.41028496761764577
main,compas,IID,FairFed,F Flip,,7070,aeod,0.21515151515151515,True,,69,fairness_defended_min_risk,0.41028496761764577
main,compas,IID,FairFed,F Flip,,7070,aspd,0.19513345246613062,True,,69,fairness_defended_min_risk,0.41028496761764577
main,compas,IID,FairGuard,Benign,,123,accuracy,0.6430885529157667,True,,,,
main,compas,IID,FairGuard,Benign,,123,aeod,0.20831115054717542,True,,,,
main,compas,IID,FairGuard,Benign,,123,aspd,0.19640103787932728,True,,,,
main,compas,IID,FairGuard,Benign,,456,accuracy,0.6625269978401728,True,,,,
main,compas,IID,FairGuard,Benign,,456,aeod,0.25360962566844913,True,,,,
main,compas,IID,FairGuard,Benign,,456,aspd,0.23849631221352394,True,,,,
main,compas,IID,FairGuard,Benign,,789,accuracy,0.6668466522678186,True,,,,
main,compas,IID,FairGuard,Benign,,789,aeod,0.2090756187141729,True,,,,
main,compas,IID,FairGuard,Benign,,789,aspd,0.18005315454854232,True,,,,
main,compas,IID,FairGuard,Benign,,1001,accuracy,0.6911447084233261,True,,,,
main,compas,IID,FairGuard,Benign,,1001,aeod,0.27668432575920865,True,,,,
main,compas,IID,FairGuard,Benign,,1001,aspd,0.2761013461383582,True,,,,
main,compas,IID,FairGuard,Benign,,2024,accuracy,0.6787257019438445,True,,,,
main,compas,IID,FairGuard,Benign,,2024,aeod,0.23877966565713604,True,,,,
main,compas,IID,FairGuard,Benign,,2024,aspd,0.16999767726061488,True,,,,
main,compas,IID,FairGuard,Benign,,3141,accuracy,0.6533477321814255,True,,,,
main,compas,IID,FairGuard,Benign,,3141,aeod,0.25350540834430263,True,,,,
main,compas,IID,FairGuard,Benign,,3141,aspd,0.20011625368982908,True,,,,
main,compas,IID,FairGuard,Benign,,4242,accuracy,0.673866090712743,True,,,,
main,compas,IID,FairGuard,Benign,,4242,aeod,0.2332651376476078,True,,,,
main,compas,IID,FairGuard,Benign,,4242,aspd,0.22628267154714288,True,,,,
main,compas,IID,FairGuard,Benign,,5050,accuracy,0.683585313174946,True,,,,
main,compas,IID,FairGuard,Benign,,5050,aeod,0.22444135075319482,True,,,,
main,compas,IID,FairGuard,Benign,,5050,aspd,0.20244132748641078,True,,,,
main,compas,IID,FairGuard,Benign,,6060,accuracy,0.6760259179265659,True,,,,
main,compas,IID,FairGuard,Benign,,6060,aeod,0.2651187273365306,True,,,,
main,compas,IID,FairGuard,Benign,,6060,aspd,0.2833800410156091,True,,,,
main,compas,IID,FairGuard,Benign,,7070,accuracy,0.656047516198704,True,,,,
main,compas,IID,FairGuard,Benign,,7070,aeod,0.187689393939394,True,,,,
main,compas,IID,FairGuard,Benign,,7070,aspd,0.1612249590602593,True,,,,
main,compas,IID,FairGuard,F Flip,,123,accuracy,0.6528077753779697,True,,69,fairness_defended_min_risk,0.36047155421147536
main,compas,IID,FairGuard,F Flip,,123,aeod,0.13916001183081927,True,,69,fairness_defended_min_risk,0.36047155421147536
main,compas,IID,FairGuard,F Flip,,123,aspd,0.2213115423806561,True,,69,fairness_defended_min_risk,0.36047155421147536
main,compas,IID,FairGuard,F Flip,,456,accuracy,0.6787257019438445,True,,65,fairness_defended_min_risk,0.47563594748591237
main,compas,IID,FairGuard,F Flip,,456,aeod,0.2343360071301247,True,,65,fairness_defended_min_risk,0.47563594748591237
main,compas,IID,FairGuard,F Flip,,456,aspd,0.24129994035578767,True,,65,fairness_defended_min_risk,0.47563594748591237
main,compas,IID,FairGuard,F Flip,,789,accuracy,0.6565874730021598,True,,68,fairness_defended_min_risk,0.34808675673704625
main,compas,IID,FairGuard,F Flip,,789,aeod,0.1511172896715065,True,,68,fairness_defended_min_risk,0.34808675673704625
main,compas,IID,FairGuard,F Flip,,789,aspd,0.19696946706553975,True,,68,fairness_defended_min_risk,0.34808675673704625
main,compas,IID,FairGuard,F Flip,,1001,accuracy,0.6711663066954644,True,,64,fairness_defended_min_risk,0.4643108194539286
main,compas,IID,FairGuard,F Flip,,1001,aeod,0.24056448593890029,True,,64,fairness_defended_min_risk,0.4643108194539286
main,compas,IID,FairGuard,F Flip,,1001,aspd,0.22374633351502834,True,,64,fairness_defended_min_risk,0.4643108194539286
main,compas,IID,FairGuard,F Flip,,2024,accuracy,0.6922246220302376,True,,64,fairness_defended_min_risk,0.501523322387587
main,compas,IID,FairGuard,F Flip,,2024,aeod,0.26874048217921737,True,,64,fairness_defended_min_risk,0.501523322387587
main,compas,IID,FairGuard,F Flip,,2024,aspd,0.2327828402083696,True,,64,fairness_defended_min_risk,0.501523322387587
main,compas,IID,FairGuard,F Flip,,3141,accuracy,0.6447084233261339,True,,67,fairness_defended_min_risk,0.41254928893143095
main,compas,IID,FairGuard,F Flip,,3141,aeod,0.23520288445029472,True,,67,fairness_defended_min_risk,0.41254928893143095
main,compas,IID,FairGuard,F Flip,,3141,aspd,0.1773464044811362,True,,67,fairness_defended_min_risk,0.41254928893143095
main,compas,IID,FairGuard,F Flip,,4242,accuracy,0.6641468682505399,True,,67,fairness_defended_min_risk,0.4793390966390864
main,compas,IID,FairGuard,F Flip,,4242,aeod,0.23331897634686471,True,,67,fairness_defended_min_risk,0.4793390966390864
main,compas,IID,FairGuard,F Flip,,4242,aspd,0.2460201202922217,True,,67,fairness_defended_min_risk,0.4793390966390864
main,compas,IID,FairGuard,F Flip,,5050,accuracy,0.6808855291576674,True,,65,fairness_defended_min_risk,0.4791852475607449
main,compas,IID,FairGuard,F Flip,,5050,aeod,0.24839366031270083,True,,65,fairness_defended_min_risk,0.4791852475607449
main,compas,IID,FairGuard,F Flip,,5050,aspd,0.23079158724804405,True,,65,fairness_defended_min_risk,0.4791852475607449
main,compas,IID,FairGuard,F Flip,,6060,accuracy,0.67170626349892,True,,69,fairness_defended_min_risk,0.5736502010760525
main,compas,IID,FairGuard,F Flip,,6060,aeod,0.2776153156314579,True,,69,fairness_defended_min_risk,0.5736502010760525
main,compas,IID,FairGuard,F Flip,,6060,aspd,0.2960348854445945,True,,69,fairness_defended_min_risk,0.5736502010760525
main,compas,IID,FairGuard,F Flip,,7070,accuracy,0.661987041036717,True,,61,fairness_defended_min_risk,0.32566126293745856
main,compas,IID,FairGuard,F Flip,,7070,aeod,0.1725378787878788,True,,61,fairness_defended_min_risk,0.32566126293745856
main,compas,IID,FairGuard,F Flip,,7070,aspd,0.15312338414957974,True,,61,fairness_defended_min_risk,0.32566126293745856
main,compas,IID,Fed-NGA,Benign,,123,accuracy,0.658207343412527,True,,,,
main,compas,IID,Fed-NGA,Benign,,123,aeod,0.1825791186039633,True,,,,
main,compas,IID,Fed-NGA,Benign,,123,aspd,0.20863335383724715,True,,,,
main,compas,IID,Fed-NGA,Benign,,456,accuracy,0.6684665226781857,True,,,,
main,compas,IID,Fed-NGA,Benign,,456,aeod,0.2725378787878788,True,,,,
main,compas,IID,Fed-NGA,Benign,,456,aspd,0.24966063493656818,True,,,,
main,compas,IID,Fed-NGA,Benign,,789,accuracy,0.687365010799136,True,,,,
main,compas,IID,Fed-NGA,Benign,,789,aeod,0.24721106648817498,True,,,,
main,compas,IID,Fed-NGA,Benign,,789,aspd,0.23618641209131752,True,,,,
main,compas,IID,Fed-NGA,Benign,,1001,accuracy,0.687365010799136,True,,,,
main,compas,IID,Fed-NGA,Benign,,1001,aeod,0.2863552313643634,True,,,,
main,compas,IID,Fed-NGA,Benign,,1001,aspd,0.25818123670114984,True,,,,
main,compas,IID,Fed-NGA,Benign,,2024,accuracy,0.699244060475162,True,,,,
main,compas,IID,Fed-NGA,Benign,,2024,aeod,0.26656742467019146,True,,,,
main,compas,IID,Fed-NGA,Benign,,2024,aspd,0.21969029363394327,True,,,,
main,compas,IID,Fed-NGA,Benign,,3141,accuracy,0.6625269978401728,True,,,,
main,compas,IID,Fed-NGA,Benign,,3141,aeod,0.24001030160819553,True,,,,
main,compas,IID,Fed-NGA,Benign,,3141,aspd,0.228377805816653,True,,,,
main,compas,IID,Fed-NGA,Benign,,4242,accuracy,0.6690064794816415,True,,,,
main,compas,IID,Fed-NGA,Benign,,4242,aeod,0.24869291602359334,True,,,,
main,compas,IID,Fed-NGA,Benign,,4242,aspd,0.26661313083092214,True,,,,
main,compas,IID,Fed-NGA,Benign,,5050,accuracy,0.6884449244060475,True,,,,
main,compas,IID,Fed-NGA,Benign,,5050,aeod,0.24480616834439922,True,,,,
main,compas,IID,Fed-NGA,Benign,,5050,aspd,0.21570428609612874,True,,,,
main,compas,IID,Fed-NGA,Benign,,6060,accuracy,0.6949244060475162,True,,,,
main,compas,IID,Fed-NGA,Benign,,6060,aeod,0.2818653253791867,True,,,,
main,compas,IID,Fed-NGA,Benign,,6060,aspd,0.2848518874300115,True,,,,
main,compas,IID,Fed-NGA,Benign,,7070,accuracy,0.6733261339092873,True,,,,
main,compas,IID,Fed-NGA,Benign,,7070,aeod,0.21647727272727268,True,,,,
main,compas,IID,Fed-NGA,Benign,,7070,aspd,0.17828483788096136,True,,,,
main,compas,IID,Fed-NGA,F Flip,,123,accuracy,0.6765658747300216,True,,62,unprotected_max_risk,0.44363245578792243
main,compas,IID,Fed-NGA,F Flip,,123,aeod,0.19724933451641524,True,,62,unprotected_max_risk,0.44363245578792243
main,compas,IID,Fed-NGA,F Flip,,123,aspd,0.2463831212715072,True,,62,unprotected_max_risk,0.44363245578792243
main,compas,IID,Fed-NGA,F Flip,,456,accuracy,0.66792656587473,True,,61,unprotected_max_risk,0.4824138619680657
main,compas,IID,Fed-NGA,F Flip,,456,aeod,0.248852495543672,True,,61,unprotected_max_risk,0.4824138619680657
main,compas,IID,Fed-NGA,F Flip,,456,aspd,0.23356136642439368,True,,61,unprotected_max_risk,0.4824138619680657
main,compas,IID,Fed-NGA,F Flip,,789,accuracy,0.687365010799136,True,,68,unprotected_max_risk,0.49067662109994936
main,compas,IID,Fed-NGA,F Flip,,789,aeod,0.2513644320873237,True,,68,unprotected_max_risk,0.49067662109994936
main,compas,IID,Fed-NGA,F Flip,,789,aspd,0.2393121890126257,True,,68,unprotected_max_risk,0.49067662109994936
main,compas,IID,Fed-NGA,F Flip,,1001,accuracy,0.6884449244060475,True,,63,unprotected_max_risk,0.5440268961126196
main,compas,IID,Fed-NGA,F Flip,,1001,aeod,0.2795941055688534,True,,63,unprotected_max_risk,0.5440268961126196
main,compas,IID,Fed-NGA,F Flip,,1001,aspd,0.26443279054376617,True,,63,unprotected_max_risk,0.5440268961126196
main,compas,IID,Fed-NGA,F Flip,,2024,accuracy,0.7035637149028078,True,,63,unprotected_max_risk,0.46420373436073253
main,compas,IID,Fed-NGA,F Flip,,2024,aeod,0.24262957069281188,True,,63,unprotected_max_risk,0.46420373436073253
main,compas,IID,Fed-NGA,F Flip,,2024,aspd,0.22157416366792065,True,,63,unprotected_max_risk,0.46420373436073253
main,compas,IID,Fed-NGA,F Flip,,3141,accuracy,0.6727861771058316,True,,67,unprotected_max_risk,0.4933744252009737
main,compas,IID,Fed-NGA,F Flip,,3141,aeod,0.2427345046643392,True,,67,unprotected_max_risk,0.4933744252009737
main,compas,IID,Fed-NGA,F Flip,,3141,aspd,0.2506399205366345,True,,67,unprotected_max_risk,0.4933744252009737
main,compas,IID,Fed-NGA,F Flip,,4242,accuracy,0.673866090712743,True,,68,unprotected_max_risk,0.5183484438919772
main,compas,IID,Fed-NGA,F Flip,,4242,aeod,0.257612193867174,True,,68,unprotected_max_risk,0.5183484438919772
main,compas,IID,Fed-NGA,F Flip,,4242,aspd,0.26073625002480316,True,,68,unprotected_max_risk,0.5183484438919772
main,compas,IID,Fed-NGA,F Flip,,5050,accuracy,0.6949244060475162,True,,64,unprotected_max_risk,0.45352873065162297
main,compas,IID,Fed-NGA,F Flip,,5050,aeod,0.22958163775255236,True,,64,unprotected_max_risk,0.45352873065162297
main,compas,IID,Fed-NGA,F Flip,,5050,aspd,0.2239470928990706,True,,64,unprotected_max_risk,0.45352873065162297
main,compas,IID,Fed-NGA,F Flip,,6060,accuracy,0.687365010799136,True,,70,unprotected_max_risk,0.5800818407851964
main,compas,IID,Fed-NGA,F Flip,,6060,aeod,0.28408780754084306,True,,70,unprotected_max_risk,0.5800818407851964
main,compas,IID,Fed-NGA,F Flip,,6060,aspd,0.2959940332443533,True,,70,unprotected_max_risk,0.5800818407851964
main,compas,IID,Fed-NGA,F Flip,,7070,accuracy,0.6749460043196545,True,,70,unprotected_max_risk,0.3978483033391527
main,compas,IID,Fed-NGA,F Flip,,7070,aeod,0.20284090909090907,True,,70,unprotected_max_risk,0.3978483033391527
main,compas,IID,Fed-NGA,F Flip,,7070,aspd,0.19500739424824365,True,,70,unprotected_max_risk,0.3978483033391527
main,compas,IID,FedAA,Benign,,123,accuracy,0.6625269978401728,True,,,,
main,compas,IID,FedAA,Benign,,123,aeod,0.19636202307009765,True,,,,
main,compas,IID,FedAA,Benign,,123,aspd,0.24401369365752085,True,,,,
main,compas,IID,FedAA,Benign,,456,accuracy,0.6841252699784017,True,,,,
main,compas,IID,FedAA,Benign,,456,aeod,0.22933377896613194,True,,,,
main,compas,IID,FedAA,Benign,,456,aspd,0.2419302314452224,True,,,,
main,compas,IID,FedAA,Benign,,789,accuracy,0.6852051835853131,True,,,,
main,compas,IID,FedAA,Benign,,789,aeod,0.2468849758006384,True,,,,
main,compas,IID,FedAA,Benign,,789,aspd,0.22556717444006222,True,,,,
main,compas,IID,FedAA,Benign,,1001,accuracy,0.6830453563714903,True,,,,
main,compas,IID,FedAA,Benign,,1001,aeod,0.2591575818765528,True,,,,
main,compas,IID,FedAA,Benign,,1001,aspd,0.25876717397317994,True,,,,
main,compas,IID,FedAA,Benign,,2024,accuracy,0.6943844492440605,True,,,,
main,compas,IID,FedAA,Benign,,2024,aeod,0.2755334257310542,True,,,,
main,compas,IID,FedAA,Benign,,2024,aspd,0.22036143692361926,True,,,,
main,compas,IID,FedAA,Benign,,3141,accuracy,0.6598272138228942,True,,,,
main,compas,IID,FedAA,Benign,,3141,aeod,0.25109597664968814,True,,,,
main,compas,IID,FedAA,Benign,,3141,aspd,0.19732429760477715,True,,,,
main,compas,IID,FedAA,Benign,,4242,accuracy,0.6690064794816415,True,,,,
main,compas,IID,FedAA,Benign,,4242,aeod,0.23210461457473408,True,,,,
main,compas,IID,FedAA,Benign,,4242,aspd,0.2318630821000832,True,,,,
main,compas,IID,FedAA,Benign,,5050,accuracy,0.6846652267818575,True,,,,
main,compas,IID,FedAA,Benign,,5050,aeod,0.2592096808738488,True,,,,
main,compas,IID,FedAA,Benign,,5050,aspd,0.23146273053771999,True,,,,
main,compas,IID,FedAA,Benign,,6060,accuracy,0.6706263498920086,True,,,,
main,compas,IID,FedAA,Benign,,6060,aeod,0.2576519670916677,True,,,,
main,compas,IID,FedAA,Benign,,6060,aspd,0.28228987087203106,True,,,,
main,compas,IID,FedAA,Benign,,7070,accuracy,0.6636069114470843,True,,,,
main,compas,IID,FedAA,Benign,,7070,aeod,0.22045454545454551,True,,,,
main,compas,IID,FedAA,Benign,,7070,aspd,0.19280487705238536,True,,,,
main,compas,IID,FedAA,F Flip,,123,accuracy,0.6603671706263499,True,,67,unprotected_max_risk,0.47167338663179925
main,compas,IID,FedAA,F Flip,,123,aeod,0.21186039633244602,True,,67,unprotected_max_risk,0.47167338663179925
main,compas,IID,FedAA,F Flip,,123,aspd,0.25981299029935323,True,,67,unprotected_max_risk,0.47167338663179925
main,compas,IID,FedAA,F Flip,,456,accuracy,0.6803455723542117,True,,64,unprotected_max_risk,0.4797405759201503
main,compas,IID,FedAA,F Flip,,456,aeod,0.23449197860962567,True,,64,unprotected_max_risk,0.4797405759201503
main,compas,IID,FedAA,F Flip,,456,aspd,0.24524859731052462,True,,64,unprotected_max_risk,0.4797405759201503
main,compas,IID,FedAA,F Flip,,789,accuracy,0.683585313174946,True,,63,unprotected_max_risk,0.504630987758804
main,compas,IID,FedAA,F Flip,,789,aeod,0.26682799574365834,True,,63,unprotected_max_risk,0.504630987758804
main,compas,IID,FedAA,F Flip,,789,aspd,0.23780299201514565,True,,63,unprotected_max_risk,0.504630987758804
main,compas,IID,FedAA,F Flip,,1001,accuracy,0.6879049676025918,True,,69,unprotected_max_risk,0.5293972976742369
main,compas,IID,FedAA,F Flip,,1001,aeod,0.2640412474050209,True,,69,unprotected_max_risk,0.5293972976742369
main,compas,IID,FedAA,F Flip,,1001,aspd,0.265356050269216,True,,69,unprotected_max_risk,0.5293972976742369
main,compas,IID,FedAA,F Flip,,2024,accuracy,0.6927645788336934,True,,65,unprotected_max_risk,0.49699775185155726
main,compas,IID,FedAA,F Flip,,2024,aeod,0.2741816812963058,True,,65,unprotected_max_risk,0.49699775185155726
main,compas,IID,FedAA,F Flip,,2024,aspd,0.22281607055525143,True,,65,unprotected_max_risk,0.49699775185155726
main,compas,IID,FedAA,F Flip,,3141,accuracy,0.6652267818574514,True,,64,unprotected_max_risk,0.47651276561390854
main,compas,IID,FedAA,F Flip,,3141,aeod,0.26575859898128534,True,,64,unprotected_max_risk,0.47651276561390854
main,compas,IID,FedAA,F Flip,,3141,aspd,0.21075416663262317,True,,64,unprotected_max_risk,0.47651276561390854
main,compas,IID,FedAA,F Flip,,4242,accuracy,0.6603671706263499,True,,63,unprotected_max_risk,0.4811668872859828
main,compas,IID,FedAA,F Flip,,4242,aeod,0.24292619312539626,True,,63,unprotected_max_risk,0.4811668872859828
main,compas,IID,FedAA,F Flip,,4242,aspd,0.23824069416058652,True,,63,unprotected_max_risk,0.4811668872859828
main,compas,IID,FedAA,F Flip,,5050,accuracy,0.6884449244060475,True,,62,unprotected_max_risk,0.49461262183256466
main,compas,IID,FedAA,F Flip,,5050,aeod,0.26115513671735563,True,,62,unprotected_max_risk,0.49461262183256466
main,compas,IID,FedAA,F Flip,,5050,aspd,0.23345748511520903,True,,62,unprotected_max_risk,0.49461262183256466
main,compas,IID,FedAA,F Flip,,6060,accuracy,0.6722462203023758,True,,69,unprotected_max_risk,0.5491138881792514
main,compas,IID,FedAA,F Flip,,6060,aeod,0.26367606347720984,True,,69,unprotected_max_risk,0.5491138881792514
main,compas,IID,FedAA,F Flip,,6060,aspd,0.2854378247020416,True,,69,unprotected_max_risk,0.5491138881792514
main,compas,IID,FedAA,F Flip,,7070,accuracy,0.6603671706263499,True,,63,unprotected_max_risk,0.432453099949842
main,compas,IID,FedAA,F Flip,,7070,aeod,0.23352272727272727,True,,63,unprotected_max_risk,0.432453099949842
main,compas,IID,FedAA,F Flip,,7070,aspd,0.19893037267711472,True,,63,unprotected_max_risk,0.432453099949842
main,compas,IID,FedAMM,Benign,,123,accuracy,0.6646868250539957,True,,,,
main,compas,IID,FedAMM,Benign,,123,aeod,0.18881987577639747,True,,,,
main,compas,IID,FedAMM,Benign,,123,aspd,0.22288260128135842,True,,,,
main,compas,IID,FedAMM,Benign,,456,accuracy,0.66792656587473,True,,,,
main,compas,IID,FedAMM,Benign,,456,aeod,0.23952762923351156,True,,,,
main,compas,IID,FedAMM,Benign,,456,aspd,0.22814786628958145,True,,,,
main,compas,IID,FedAMM,Benign,,789,accuracy,0.6803455723542117,True,,,,
main,compas,IID,FedAMM,Benign,,789,aeod,0.24319500223114682,True,,,,
main,compas,IID,FedAMM,Benign,,789,aspd,0.23049861861202897,True,,,,
main,compas,IID,FedAMM,Benign,,1001,accuracy,0.6868250539956804,True,,,,
main,compas,IID,FedAMM,Benign,,1001,aeod,0.28344545155471856,True,,,,
main,compas,IID,FedAMM,Benign,,1001,aspd,0.2631757099820601,True,,,,
main,compas,IID,FedAMM,Benign,,2024,accuracy,0.7057235421166307,True,,,,
main,compas,IID,FedAMM,Benign,,2024,aeod,0.2810943996714747,True,,,,
main,compas,IID,FedAMM,Benign,,2024,aspd,0.21874485699979107,True,,,,
main,compas,IID,FedAMM,Benign,,3141,accuracy,0.6706263498920086,True,,,,
main,compas,IID,FedAMM,Benign,,3141,aeod,0.2750128770102444,True,,,,
main,compas,IID,FedAMM,Benign,,3141,aspd,0.24735073481436176,True,,,,
main,compas,IID,FedAMM,Benign,,4242,accuracy,0.6641468682505399,True,,,,
main,compas,IID,FedAMM,Benign,,4242,aeod,0.2279410884988574,True,,,,
main,compas,IID,FedAMM,Benign,,4242,aspd,0.23305713355284585,True,,,,
main,compas,IID,FedAMM,Benign,,5050,accuracy,0.6846652267818575,True,,,,
main,compas,IID,FedAMM,Benign,,5050,aeod,0.24953594631255793,True,,,,
main,compas,IID,FedAMM,Benign,,5050,aspd,0.22617528862079472,True,,,,
main,compas,IID,FedAMM,Benign,,6060,accuracy,0.6895248380129589,True,,,,
main,compas,IID,FedAMM,Benign,,6060,aeod,0.2734042967988458,True,,,,
main,compas,IID,FedAMM,Benign,,6060,aspd,0.26581943094052274,True,,,,
main,compas,IID,FedAMM,Benign,,7070,accuracy,0.6690064794816415,True,,,,
main,compas,IID,FedAMM,Benign,,7070,aeod,0.22007575757575754,True,,,,
main,compas,IID,FedAMM,Benign,,7070,aspd,0.18955304191319022,True,,,,
main,compas,IID,FedAMM,F Flip,,123,accuracy,0.6744060475161987,True,,62,unprotected_max_risk,0.48845112245104577
main,compas,IID,FedAMM,F Flip,,123,aeod,0.23362910381543928,True,,62,unprotected_max_risk,0.48845112245104577
main,compas,IID,FedAMM,F Flip,,123,aspd,0.2548220186356065,True,,62,unprotected_max_risk,0.48845112245104577
main,compas,IID,FedAMM,F Flip,,456,accuracy,0.673866090712743,True,,69,unprotected_max_risk,0.46569537243367637
main,compas,IID,FedAMM,F Flip,,456,aeod,0.2345699643493761,True,,69,unprotected_max_risk,0.46569537243367637
main,compas,IID,FedAMM,F Flip,,456,aspd,0.23112540808430027,True,,69,unprotected_max_risk,0.46569537243367637
main,compas,IID,FedAMM,F Flip,,789,accuracy,0.6819654427645788,True,,66,unprotected_max_risk,0.4874275533116474
main,compas,IID,FedAMM,F Flip,,789,aeod,0.24786324786324782,True,,66,unprotected_max_risk,0.4874275533116474
main,compas,IID,FedAMM,F Flip,,789,aspd,0.23956430544839957,True,,66,unprotected_max_risk,0.4874275533116474
main,compas,IID,FedAMM,F Flip,,1001,accuracy,0.6787257019438445,True,,63,unprotected_max_risk,0.5590333731377142
main,compas,IID,FedAMM,F Flip,,1001,aeod,0.27867522773422876,True,,63,unprotected_max_risk,0.5590333731377142
main,compas,IID,FedAMM,F Flip,,1001,aspd,0.28035814540348547,True,,63,unprotected_max_risk,0.5590333731377142
main,compas,IID,FedAMM,F Flip,,2024,accuracy,0.7019438444924406,True,,62,unprotected_max_risk,0.49533579703748937
main,compas,IID,FedAMM,F Flip,,2024,aeod,0.26668719949352365,True,,62,unprotected_max_risk,0.49533579703748937
main,compas,IID,FedAMM,F Flip,,2024,aspd,0.22864859754396571,True,,62,unprotected_max_risk,0.49533579703748937
main,compas,IID,FedAMM,F Flip,,3141,accuracy,0.6711663066954644,True,,66,unprotected_max_risk,0.5391474040271511
main,compas,IID,FedAMM,F Flip,,3141,aeod,0.287054312367653,True,,66,unprotected_max_risk,0.5391474040271511
main,compas,IID,FedAMM,F Flip,,3141,aspd,0.25209309165949806,True,,66,unprotected_max_risk,0.5391474040271511
main,compas,IID,FedAMM,F Flip,,4242,accuracy,0.6609071274298056,True,,64,unprotected_max_risk,0.4707992044758987
main,compas,IID,FedAMM,F Flip,,4242,aeod,0.2379311582498833,True,,64,unprotected_max_risk,0.4707992044758987
main,compas,IID,FedAMM,F Flip,,4242,aspd,0.23286804622601537,True,,64,unprotected_max_risk,0.4707992044758987
main,compas,IID,FedAMM,F Flip,,5050,accuracy,0.683585313174946,True,,70,unprotected_max_risk,0.4898344549709083
main,compas,IID,FedAMM,F Flip,,5050,aeod,0.25633611765545805,True,,70,unprotected_max_risk,0.4898344549709083
main,compas,IID,FedAMM,F Flip,,5050,aspd,0.23349833731545022,True,,70,unprotected_max_risk,0.4898344549709083
main,compas,IID,FedAMM,F Flip,,6060,accuracy,0.677645788336933,True,,66,unprotected_max_risk,0.5408236281855815
main,compas,IID,FedAMM,F Flip,,6060,aeod,0.26837446874878157,True,,66,unprotected_max_risk,0.5408236281855815
main,compas,IID,FedAMM,F Flip,,6060,aspd,0.2724491594367999,True,,66,unprotected_max_risk,0.5408236281855815
main,compas,IID,FedAMM,F Flip,,7070,accuracy,0.6571274298056156,True,,66,unprotected_max_risk,0.4127567226982004
main,compas,IID,FedAMM,F Flip,,7070,aeod,0.22140151515151513,True,,66,unprotected_max_risk,0.4127567226982004
main,compas,IID,FedAMM,F Flip,,7070,aspd,0.19135520754668528,True,,66,unprotected_max_risk,0.4127567226982004
main,compas,IID,FedAvg,Benign,,123,accuracy,0.6646868250539957,True,,,,
main,compas,IID,FedAvg,Benign,,123,aeod,0.1998816918071576,True,,,,
main,compas,IID,FedAvg,Benign,,123,aspd,0.2291785089413794,True,,,,
main,compas,IID,FedAvg,Benign,,456,accuracy,0.6668466522678186,True,,,,
main,compas,IID,FedAvg,Benign,,456,aeod,0.23992869875222816,True,,,,
main,compas,IID,FedAvg,Benign,,456,aspd,0.22529288109558598,True,,,,
main,compas,IID,FedAvg,Benign,,789,accuracy,0.6819654427645788,True,,,,
main,compas,IID,FedAvg,Benign,,789,aeod,0.24118697010263274,True,,,,
main,compas,IID,FedAvg,Benign,,789,aspd,0.22957535888657912,True,,,,
main,compas,IID,FedAvg,Benign,,1001,accuracy,0.6889848812095032,True,,,,
main,compas,IID,FedAvg,Benign,,1001,aeod,0.28734217422377517,True,,,,
main,compas,IID,FedAvg,Benign,,1001,aspd,0.2650222294329598,True,,,,
main,compas,IID,FedAvg,Benign,,2024,accuracy,0.7035637149028078,True,,,,
main,compas,IID,FedAvg,Benign,,2024,aeod,0.2755505364201016,True,,,,
main,compas,IID,FedAvg,Benign,,2024,aspd,0.21505181809799162,True,,,,
main,compas,IID,FedAvg,Benign,,3141,accuracy,0.6706263498920086,True,,,,
main,compas,IID,FedAvg,Benign,,3141,aeod,0.2835231500028616,True,,,,
main,compas,IID,FedAvg,Benign,,3141,aspd,0.2413699726990582,True,,,,
main,compas,IID,FedAvg,Benign,,4242,accuracy,0.661987041036717,True,,,,
main,compas,IID,FedAvg,Benign,,4242,aeod,0.24292619312539626,True,,,,
main,compas,IID,FedAvg,Benign,,4242,aspd,0.23725440532619313,True,,,,
main,compas,IID,FedAvg,Benign,,5050,accuracy,0.6857451403887689,True,,,,
main,compas,IID,FedAvg,Benign,,5050,aeod,0.25447990290569,True,,,,
main,compas,IID,FedAvg,Benign,,5050,aspd,0.2327233127165896,True,,,,
main,compas,IID,FedAvg,Benign,,6060,accuracy,0.6906047516198704,True,,,,
main,compas,IID,FedAvg,Benign,,6060,aeod,0.2645923499824541,True,,,,
main,compas,IID,FedAvg,Benign,,6060,aspd,0.2598386688252191,True,,,,
main,compas,IID,FedAvg,Benign,,7070,accuracy,0.6706263498920086,True,,,,
main,compas,IID,FedAvg,Benign,,7070,aeod,0.21590909090909088,True,,,,
main,compas,IID,FedAvg,Benign,,7070,aspd,0.18436948130544956,True,,,,
main,compas,IID,FedAvg,F Flip,,123,accuracy,0.6711663066954644,True,,61,unprotected_max_risk,0.48254634901853066
main,compas,IID,FedAvg,F Flip,,123,aeod,0.2355516119491275,True,,61,unprotected_max_risk,0.48254634901853066
main,compas,IID,FedAvg,F Flip,,123,aspd,0.2469947370694032,True,,61,unprotected_max_risk,0.48254634901853066
main,compas,IID,FedAvg,F Flip,,456,accuracy,0.6722462203023758,True,,67,unprotected_max_risk,0.4798314166442208
main,compas,IID,FedAvg,F Flip,,456,aeod,0.24289215686274512,True,,67,unprotected_max_risk,0.4798314166442208
main,compas,IID,FedAvg,F Flip,,456,aspd,0.23693925978147568,True,,67,unprotected_max_risk,0.4798314166442208
main,compas,IID,FedAvg,F Flip,,789,accuracy,0.6814254859611231,True,,64,unprotected_max_risk,0.4904218742745548
main,compas,IID,FedAvg,F Flip,,789,aeod,0.2498712799917619,True,,64,unprotected_max_risk,0.4904218742745548
main,compas,IID,FedAvg,F Flip,,789,aspd,0.2405505942827929,True,,64,unprotected_max_risk,0.4904218742745548
main,compas,IID,FedAvg,F Flip,,1001,accuracy,0.6771058315334774,True,,63,unprotected_max_risk,0.5573809590740255
main,compas,IID,FedAvg,F Flip,,1001,aeod,0.277693956960216,True,,63,unprotected_max_risk,0.5573809590740255
main,compas,IID,FedAvg,F Flip,,1001,aspd,0.27968700211380954,True,,63,unprotected_max_risk,0.5573809590740255
main,compas,IID,FedAvg,F Flip,,2024,accuracy,0.7035637149028078,True,,61,unprotected_max_risk,0.49017937019310875
main,compas,IID,FedAvg,F Flip,,2024,aeod,0.27009222661396576,True,,61,unprotected_max_risk,0.49017937019310875
main,compas,IID,FedAvg,F Flip,,2024,aspd,0.220087143579143,True,,61,unprotected_max_risk,0.49017937019310875
main,compas,IID,FedAvg,F Flip,,3141,accuracy,0.6722462203023758,True,,70,unprotected_max_risk,0.5339406673150086
main,compas,IID,FedAvg,F Flip,,3141,aeod,0.28432438619584505,True,,70,unprotected_max_risk,0.5339406673150086
main,compas,IID,FedAvg,F Flip,,3141,aspd,0.2496162811191635,True,,70,unprotected_max_risk,0.5339406673150086
main,compas,IID,FedAvg,F Flip,,4242,accuracy,0.6592872570194385,True,,70,unprotected_max_risk,0.48620075460135165
main,compas,IID,FedAvg,F Flip,,4242,aeod,0.24884246796597387,True,,70,unprotected_max_risk,0.48620075460135165
main,compas,IID,FedAvg,F Flip,,4242,aspd,0.23735828663537778,True,,70,unprotected_max_risk,0.48620075460135165
main,compas,IID,FedAvg,F Flip,,5050,accuracy,0.6830453563714903,True,,61,unprotected_max_risk,0.4827000151212347
main,compas,IID,FedAvg,F Flip,,5050,aeod,0.25012493753123444,True,,61,unprotected_max_risk,0.4827000151212347
main,compas,IID,FedAvg,F Flip,,5050,aspd,0.2325750775900003,True,,61,unprotected_max_risk,0.4827000151212347
main,compas,IID,FedAvg,F Flip,,6060,accuracy,0.6830453563714903,True,,69,unprotected_max_risk,0.5298686759867719
main,compas,IID,FedAvg,F Flip,,6060,aeod,0.2689398370179748,True,,69,unprotected_max_risk,0.5298686759867719
main,compas,IID,FedAvg,F Flip,,6060,aspd,0.2609288389687971,True,,69,unprotected_max_risk,0.5298686759867719
main,compas,IID,FedAvg,F Flip,,7070,accuracy,0.6630669546436285,True,,62,unprotected_max_risk,0.4173708750375053
main,compas,IID,FedAvg,F Flip,,7070,aeod,0.22007575757575754,True,,62,unprotected_max_risk,0.4173708750375053
main,compas,IID,FedAvg,F Flip,,7070,aspd,0.19729511746174777,True,,62,unprotected_max_risk,0.4173708750375053
main,compas,IID,FedDNA,Benign,,123,accuracy,0.6749460043196545,True,,,,
main,compas,IID,FedDNA,Benign,,123,aeod,0.2261165335699497,True,,,,
main,compas,IID,FedDNA,Benign,,123,aspd,0.2533945260386088,True,,,,
main,compas,IID,FedDNA,Benign,,456,accuracy,0.6706263498920086,True,,,,
main,compas,IID,FedDNA,Benign,,456,aeod,0.25041221033868094,True,,,,
main,compas,IID,FedDNA,Benign,,456,aspd,0.23536703367505224,True,,,,
main,compas,IID,FedDNA,Benign,,789,accuracy,0.6830453563714903,True,,,,
main,compas,IID,FedDNA,Benign,,789,aeod,0.25543198434764697,True,,,,
main,compas,IID,FedDNA,Benign,,789,aspd,0.23211519853585716,True,,,,
main,compas,IID,FedDNA,Benign,,1001,accuracy,0.6792656587473002,True,,,,
main,compas,IID,FedDNA,Benign,,1001,aeod,0.27662193281982056,True,,,,
main,compas,IID,FedDNA,Benign,,1001,aspd,0.2550963119800828,True,,,,
main,compas,IID,FedDNA,Benign,,2024,accuracy,0.7024838012958964,True,,,,
main,compas,IID,FedDNA,Benign,,2024,aeod,0.27483188748010884,True,,,,
main,compas,IID,FedDNA,Benign,,2024,aspd,0.21142180830513563,True,,,,
main,compas,IID,FedDNA,Benign,,3141,accuracy,0.6657667386609071,True,,,,
main,compas,IID,FedDNA,Benign,,3141,aeod,0.27876151777027414,True,,,,
main,compas,IID,FedDNA,Benign,,3141,aspd,0.2308989701743922,True,,,,
main,compas,IID,FedDNA,Benign,,4242,accuracy,0.6636069114470843,True,,,,
main,compas,IID,FedDNA,Benign,,4242,aeod,0.23894212938037634,True,,,,
main,compas,IID,FedDNA,Benign,,4242,aspd,0.23639417470968677,True,,,,
main,compas,IID,FedDNA,Benign,,5050,accuracy,0.6884449244060475,True,,,,
main,compas,IID,FedDNA,Benign,,5050,aeod,0.25794245734275717,True,,,,
main,compas,IID,FedDNA,Benign,,5050,aspd,0.23511491723927835,True,,,,
main,compas,IID,FedDNA,Benign,,6060,accuracy,0.6922246220302376,True,,,,
main,compas,IID,FedDNA,Benign,,6060,aeod,0.25377237103754824,True,,,,
main,compas,IID,FedDNA,Benign,,6060,aspd,0.25070995287990505,True,,,,
main,compas,IID,FedDNA,Benign,,7070,accuracy,0.6700863930885529,True,,,,
main,compas,IID,FedDNA,Benign,,7070,aeod,0.23049242424242417,True,,,,
main,compas,IID,FedDNA,Benign,,7070,aspd,0.19362425546865064,True,,,,
main,compas,IID,FedDNA,F Flip,,123,accuracy,0.6722462203023758,True,,66,unprotected_max_risk,0.4786538036922999
main,compas,IID,FedDNA,F Flip,,123,aeod,0.23146997929606622,True,,66,unprotected_max_risk,0.4786538036922999
main,compas,IID,FedDNA,F Flip,,123,aspd,0.24718382439623365,True,,66,unprotected_max_risk,0.4786538036922999
main,compas,IID,FedDNA,F Flip,,456,accuracy,0.6798056155507559,True,,61,unprotected_max_risk,0.47783649949536455
main,compas,IID,FedDNA,F Flip,,456,aeod,0.24037433155080212,True,,61,unprotected_max_risk,0.47783649949536455
main,compas,IID,FedDNA,F Flip,,456,aspd,0.23746216794456243,True,,61,unprotected_max_risk,0.47783649949536455
main,compas,IID,FedDNA,F Flip,,789,accuracy,0.683585313174946,True,,61,unprotected_max_risk,0.4772608995085029
main,compas,IID,FedDNA,F Flip,,789,aeod,0.243006212885731,True,,61,unprotected_max_risk,0.4772608995085029
main,compas,IID,FedDNA,F Flip,,789,aspd,0.23425468662277193,True,,61,unprotected_max_risk,0.4772608995085029
main,compas,IID,FedDNA,F Flip,,1001,accuracy,0.6749460043196545,True,,62,unprotected_max_risk,0.5286106437203285
main,compas,IID,FedDNA,F Flip,,1001,aeod,0.262101394198591,True,,62,unprotected_max_risk,0.5286106437203285
main,compas,IID,FedDNA,F Flip,,1001,aspd,0.2665092495217375,True,,62,unprotected_max_risk,0.5286106437203285
main,compas,IID,FedDNA,F Flip,,2024,accuracy,0.7035637149028078,True,,62,unprotected_max_risk,0.5005236842331637
main,compas,IID,FedDNA,F Flip,,2024,aeod,0.2817788272333727,True,,62,unprotected_max_risk,0.5005236842331637
main,compas,IID,FedDNA,F Flip,,2024,aspd,0.21874485699979107,True,,62,unprotected_max_risk,0.5005236842331637
main,compas,IID,FedDNA,F Flip,,3141,accuracy,0.6695464362850972,True,,68,unprotected_max_risk,0.5278075933634796
main,compas,IID,FedDNA,F Flip,,3141,aeod,0.28293366908945233,True,,68,unprotected_max_risk,0.5278075933634796
main,compas,IID,FedDNA,F Flip,,3141,aspd,0.2448739242740272,True,,68,unprotected_max_risk,0.5278075933634796
main,compas,IID,FedDNA,F Flip,,4242,accuracy,0.6668466522678186,True,,70,unprotected_max_risk,0.47791971864456134
main,compas,IID,FedDNA,F Flip,,4242,aeod,0.2369500975078664,True,,70,unprotected_max_risk,0.47791971864456134
main,compas,IID,FedDNA,F Flip,,4242,aspd,0.24096962113669496,True,,70,unprotected_max_risk,0.47791971864456134
main,compas,IID,FedDNA,F Flip,,5050,accuracy,0.6862850971922246,True,,62,unprotected_max_risk,0.4971003456255635
main,compas,IID,FedDNA,F Flip,,5050,aeod,0.2600128507174984,True,,62,unprotected_max_risk,0.4971003456255635
main,compas,IID,FedDNA,F Flip,,5050,aspd,0.23708749490806508,True,,62,unprotected_max_risk,0.4971003456255635
main,compas,IID,FedDNA,F Flip,,6060,accuracy,0.6814254859611231,True,,61,unprotected_max_risk,0.5211145466536691
main,compas,IID,FedDNA,F Flip,,6060,aeod,0.2640269817132608,True,,61,unprotected_max_risk,0.5211145466536691
main,compas,IID,FedDNA,F Flip,,6060,aspd,0.25708756494040835,True,,61,unprotected_max_risk,0.5211145466536691
main,compas,IID,FedDNA,F Flip,,7070,accuracy,0.658207343412527,True,,68,unprotected_max_risk,0.4325929276582517
main,compas,IID,FedDNA,F Flip,,7070,aeod,0.23049242424242417,True,,68,unprotected_max_risk,0.4325929276582517
main,compas,IID,FedDNA,F Flip,,7070,aspd,0.20210050341582753,True,,68,unprotected_max_risk,0.4325929276582517
main,compas,IID,GuardFed,Benign,,123,accuracy,0.6571274298056156,True,,,,
main,compas,IID,GuardFed,Benign,,123,aeod,0.19650990831115056,True,,,,
main,compas,IID,GuardFed,Benign,,123,aspd,0.24405104424059848,True,,,,
main,compas,IID,GuardFed,Benign,,456,accuracy,0.6814254859611231,True,,,,
main,compas,IID,GuardFed,Benign,,456,aeod,0.23097147950089125,True,,,,
main,compas,IID,GuardFed,Benign,,456,aspd,0.24480739354792025,True,,,,
main,compas,IID,GuardFed,Benign,,789,accuracy,0.6852051835853131,True,,,,
main,compas,IID,GuardFed,Benign,,789,aeod,0.26066659801599557,True,,,,
main,compas,IID,GuardFed,Benign,,789,aspd,0.2272689603815362,True,,,,
main,compas,IID,GuardFed,Benign,,1001,accuracy,0.6846652267818575,True,,,,
main,compas,IID,GuardFed,Benign,,1001,aeod,0.2552268266951027,True,,,,
main,compas,IID,GuardFed,Benign,,1001,aspd,0.2536279671828439,True,,,,
main,compas,IID,GuardFed,Benign,,2024,accuracy,0.6884449244060475,True,,,,
main,compas,IID,GuardFed,Benign,,2024,aeod,0.26098934004072344,True,,,,
main,compas,IID,GuardFed,Benign,,2024,aspd,0.20556710440771894,True,,,,
main,compas,IID,GuardFed,Benign,,3141,accuracy,0.66792656587473,True,,,,
main,compas,IID,GuardFed,Benign,,3141,aeod,0.27967149316087675,True,,,,
main,compas,IID,GuardFed,Benign,,3141,aspd,0.23115108661016612,True,,,,
main,compas,IID,GuardFed,Benign,,4242,accuracy,0.6565874730021598,True,,,,
main,compas,IID,GuardFed,Benign,,4242,aeod,0.24013256284172618,True,,,,
main,compas,IID,GuardFed,Benign,,4242,aspd,0.2239505945162341,True,,,,
main,compas,IID,GuardFed,Benign,,5050,accuracy,0.6906047516198704,True,,,,
main,compas,IID,GuardFed,Benign,,5050,aeod,0.2626365388734204,True,,,,
main,compas,IID,GuardFed,Benign,,5050,aspd,0.22810701408934028,True,,,,
main,compas,IID,GuardFed,Benign,,6060,accuracy,0.6857451403887689,True,,,,
main,compas,IID,GuardFed,Benign,,6060,aeod,0.2643584044917534,True,,,,
main,compas,IID,GuardFed,Benign,,6060,aspd,0.265482108487103,True,,,,
main,compas,IID,GuardFed,Benign,,7070,accuracy,0.6636069114470843,True,,,,
main,compas,IID,GuardFed,Benign,,7070,aeod,0.2261363636363637,True,,,,
main,compas,IID,GuardFed,Benign,,7070,aspd,0.2101542228919389,True,,,,
main,compas,IID,GuardFed,F Flip,,123,accuracy,0.661987041036717,True,,61,fairness_defended_min_risk,0.46534235906003085
main,compas,IID,GuardFed,F Flip,,123,aeod,0.21881100266193432,True,,61,fairness_defended_min_risk,0.46534235906003085
main,compas,IID,GuardFed,F Flip,,123,aspd,0.24653135639809654,True,,61,fairness_defended_min_risk,0.46534235906003085
main,compas,IID,GuardFed,F Flip,,456,accuracy,0.6744060475161987,True,,66,fairness_defended_min_risk,0.48342392086374747
main,compas,IID,GuardFed,F Flip,,456,aeod,0.24025178253119428,True,,66,fairness_defended_min_risk,0.48342392086374747
main,compas,IID,GuardFed,F Flip,,456,aspd,0.2431721383325532,True,,66,fairness_defended_min_risk,0.48342392086374747
main,compas,IID,GuardFed,F Flip,,789,accuracy,0.6744060475161987,True,,69,fairness_defended_min_risk,0.45679741472980173
main,compas,IID,GuardFed,F Flip,,789,aeod,0.24161603679675964,True,,69,fairness_defended_min_risk,0.45679741472980173
main,compas,IID,GuardFed,F Flip,,789,aspd,0.2151813779330421,True,,69,fairness_defended_min_risk,0.45679741472980173
main,compas,IID,GuardFed,F Flip,,1001,accuracy,0.6765658747300216,True,,61,fairness_defended_min_risk,0.4353581117245868
main,compas,IID,GuardFed,F Flip,,1001,aeod,0.22502297194586568,True,,61,fairness_defended_min_risk,0.4353581117245868
main,compas,IID,GuardFed,F Flip,,1001,aspd,0.21033513977872112,True,,61,fairness_defended_min_risk,0.4353581117245868
main,compas,IID,GuardFed,F Flip,,2024,accuracy,0.6970842332613391,True,,69,fairness_defended_min_risk,0.4649779123195346
main,compas,IID,GuardFed,F Flip,,2024,aeod,0.26035624454596784,True,,69,fairness_defended_min_risk,0.4649779123195346
main,compas,IID,GuardFed,F Flip,,2024,aspd,0.20462166777356677,True,,69,fairness_defended_min_risk,0.4649779123195346
main,compas,IID,GuardFed,F Flip,,3141,accuracy,0.6571274298056156,True,,69,fairness_defended_min_risk,0.47871120610013074
main,compas,IID,GuardFed,F Flip,,3141,aeod,0.26436788187489274,True,,69,fairness_defended_min_risk,0.47871120610013074
main,compas,IID,GuardFed,F Flip,,3141,aspd,0.21434332422523802,True,,69,fairness_defended_min_risk,0.47871120610013074
main,compas,IID,GuardFed,F Flip,,4242,accuracy,0.6614470842332614,True,,64,fairness_defended_min_risk,0.46862073201394683
main,compas,IID,GuardFed,F Flip,,4242,aeod,0.23088427072490814,True,,64,fairness_defended_min_risk,0.46862073201394683
main,compas,IID,GuardFed,F Flip,,4242,aspd,0.2377364612890387,True,,64,fairness_defended_min_risk,0.46862073201394683
main,compas,IID,GuardFed,F Flip,,5050,accuracy,0.6814254859611231,True,,65,fairness_defended_min_risk,0.4643518094241789
main,compas,IID,GuardFed,F Flip,,5050,aeod,0.2342757192832155,True,,65,fairness_defended_min_risk,0.4643518094241789
main,compas,IID,GuardFed,F Flip,,5050,aspd,0.23007609014096342,True,,65,fairness_defended_min_risk,0.4643518094241789
main,compas,IID,GuardFed,F Flip,,6060,accuracy,0.6889848812095032,True,,63,fairness_defended_min_risk,0.4804606214510482
main,compas,IID,GuardFed,F Flip,,6060,aeod,0.24049596444028537,True,,63,fairness_defended_min_risk,0.4804606214510482
main,compas,IID,GuardFed,F Flip,,6060,aspd,0.2399646570107628,True,,63,fairness_defended_min_risk,0.4804606214510482
main,compas,IID,GuardFed,F Flip,,7070,accuracy,0.6684665226781857,True,,61,fairness_defended_min_risk,0.44448393519942647
main,compas,IID,GuardFed,F Flip,,7070,aeod,0.22803030303030303,True,,61,fairness_defended_min_risk,0.44448393519942647
main,compas,IID,GuardFed,F Flip,,7070,aspd,0.21645363216912344,True,,61,fairness_defended_min_risk,0.44448393519942647
main,compas,IID,GuardFed-AD2,Benign,,123,accuracy,0.6420086393088553,True,,,,
main,compas,IID,GuardFed-AD2,Benign,,123,aeod,0.07607216799763383,True,,,,
main,compas,IID,GuardFed-AD2,Benign,,123,aspd,0.025407734138549687,True,,,,
main,compas,IID,GuardFed-AD2,Benign,,456,accuracy,0.6495680345572354,True,,,,
main,compas,IID,GuardFed-AD2,Benign,,456,aeod,0.03439171122994644,True,,,,
main,compas,IID,GuardFed-AD2,Benign,,456,aspd,0.03107685232629931,True,,,,
main,compas,IID,GuardFed-AD2,Benign,,789,accuracy,0.6592872570194385,True,,,,
main,compas,IID,GuardFed-AD2,Benign,,789,aeod,0.052792366045378125,True,,,,
main,compas,IID,GuardFed-AD2,Benign,,789,aspd,0.0073440583976366325,True,,,,
main,compas,IID,GuardFed-AD2,Benign,,1001,accuracy,0.658207343412527,True,,,,
main,compas,IID,GuardFed-AD2,Benign,,1001,aeod,0.012348129913444028,True,,,,
main,compas,IID,GuardFed-AD2,Benign,,1001,aspd,0.03186705059953521,True,,,,
main,compas,IID,GuardFed-AD2,Benign,,2024,accuracy,0.6895248380129589,True,,,,
main,compas,IID,GuardFed-AD2,Benign,,2024,aeod,0.009821535513235058,True,,,,
main,compas,IID,GuardFed-AD2,Benign,,2024,aspd,0.0020601180978748745,True,,,,
main,compas,IID,GuardFed-AD2,Benign,,3141,accuracy,0.6544276457883369,True,,,,
main,compas,IID,GuardFed-AD2,Benign,,3141,aeod,0.02143306816230761,True,,,,
main,compas,IID,GuardFed-AD2,Benign,,3141,aspd,0.0015558852263269918,True,,,,
main,compas,IID,GuardFed-AD2,Benign,,4242,accuracy,0.656047516198704,True,,,,
main,compas,IID,GuardFed-AD2,Benign,,4242,aeod,0.03596425110369328,True,,,,
main,compas,IID,GuardFed-AD2,Benign,,4242,aspd,0.0015593868434905511,True,,,,
main,compas,IID,GuardFed-AD2,Benign,,5050,accuracy,0.67170626349892,True,,,,
main,compas,IID,GuardFed-AD2,Benign,,5050,aeod,0.01733062040408373,True,,,,
main,compas,IID,GuardFed-AD2,Benign,,5050,aspd,0.001462508768632964,True,,,,
main,compas,IID,GuardFed-AD2,Benign,,6060,accuracy,0.6684665226781857,True,,,,
main,compas,IID,GuardFed-AD2,Benign,,6060,aeod,0.006316528248918041,True,,,,
main,compas,IID,GuardFed-AD2,Benign,,6060,aspd,0.016619842263818796,True,,,,
main,compas,IID,GuardFed-AD2,Benign,,7070,accuracy,0.6517278617710583,True,,,,
main,compas,IID,GuardFed-AD2,Benign,,7070,aeod,0.06761363636363638,True,,,,
main,compas,IID,GuardFed-AD2,Benign,,7070,aspd,0.055137631062612436,True,,,,
main,compas,IID,GuardFed-AD2,F Flip,,123,accuracy,0.6339092872570194,True,,67,fairness_defended_min_risk,0.04660634593069335
main,compas,IID,GuardFed-AD2,F Flip,,123,aeod,0.04191067731440401,True,,67,fairness_defended_min_risk,0.04660634593069335
main,compas,IID,GuardFed-AD2,F Flip,,123,aspd,0.004695668616289339,True,,67,fairness_defended_min_risk,0.04660634593069335
main,compas,IID,GuardFed-AD2,F Flip,,456,accuracy,0.6592872570194385,True,,65,fairness_defended_min_risk,0.0436385707474814
main,compas,IID,GuardFed-AD2,F Flip,,456,aeod,0.023395721925133617,True,,65,fairness_defended_min_risk,0.0436385707474814
main,compas,IID,GuardFed-AD2,F Flip,,456,aspd,0.02024284882234778,True,,65,fairness_defended_min_risk,0.0436385707474814
main,compas,IID,GuardFed-AD2,F Flip,,789,accuracy,0.6592872570194385,True,,66,fairness_defended_min_risk,0.09054577073593834
main,compas,IID,GuardFed-AD2,F Flip,,789,aeod,0.06890811107678574,True,,66,fairness_defended_min_risk,0.09054577073593834
main,compas,IID,GuardFed-AD2,F Flip,,789,aspd,0.021637659659152597,True,,66,fairness_defended_min_risk,0.09054577073593834
main,compas,IID,GuardFed-AD2,F Flip,,1001,accuracy,0.658207343412527,True,,67,fairness_defended_min_risk,0.053369183044499446
main,compas,IID,GuardFed-AD2,F Flip,,1001,aeod,0.01526925389388667,True,,67,fairness_defended_min_risk,0.053369183044499446
main,compas,IID,GuardFed-AD2,F Flip,,1001,aspd,0.03809992915061278,True,,67,fairness_defended_min_risk,0.053369183044499446
main,compas,IID,GuardFed-AD2,F Flip,,2024,accuracy,0.6895248380129589,True,,70,fairness_defended_min_risk,0.008519610868976402
main,compas,IID,GuardFed-AD2,F Flip,,2024,aeod,0.007631367315161786,True,,70,fairness_defended_min_risk,0.008519610868976402
main,compas,IID,GuardFed-AD2,F Flip,,2024,aspd,0.0008882435538146161,True,,70,fairness_defended_min_risk,0.008519610868976402
main,compas,IID,GuardFed-AD2,F Flip,,3141,accuracy,0.6495680345572354,True,,64,fairness_defended_min_risk,0.006589671950510079
main,compas,IID,GuardFed-AD2,F Flip,,3141,aeod,0.0006696045327075906,True,,64,fairness_defended_min_risk,0.006589671950510079
main,compas,IID,GuardFed-AD2,F Flip,,3141,aspd,0.005920067417802488,True,,64,fairness_defended_min_risk,0.006589671950510079
main,compas,IID,GuardFed-AD2,F Flip,,4242,accuracy,0.6479481641468683,True,,66,fairness_defended_min_risk,0.024063425375949132
main,compas,IID,GuardFed-AD2,F Flip,,4242,aeod,0.006705909096347329,True,,66,fairness_defended_min_risk,0.024063425375949132
main,compas,IID,GuardFed-AD2,F Flip,,4242,aspd,0.017357516279601803,True,,66,fairness_defended_min_risk,0.024063425375949132
main,compas,IID,GuardFed-AD2,F Flip,,5050,accuracy,0.6587473002159827,True,,64,fairness_defended_min_risk,0.008457604675256802
main,compas,IID,GuardFed-AD2,F Flip,,5050,aeod,0.0009816520311273225,True,,64,fairness_defended_min_risk,0.008457604675256802
main,compas,IID,GuardFed-AD2,F Flip,,5050,aspd,0.00747595264412948,True,,64,fairness_defended_min_risk,0.008457604675256802
main,compas,IID,GuardFed-AD2,F Flip,,6060,accuracy,0.6727861771058316,True,,63,fairness_defended_min_risk,0.04240706592030563
main,compas,IID,GuardFed-AD2,F Flip,,6060,aeod,0.0060240963855421326,True,,63,fairness_defended_min_risk,0.04240706592030563
main,compas,IID,GuardFed-AD2,F Flip,,6060,aspd,0.0363829695347635,True,,63,fairness_defended_min_risk,0.04240706592030563
main,compas,IID,GuardFed-AD2,F Flip,,7070,accuracy,0.6598272138228942,True,,66,fairness_defended_min_risk,0.1029347864743918
main,compas,IID,GuardFed-AD2,F Flip,,7070,aeod,0.05700757575757576,True,,66,fairness_defended_min_risk,0.1029347864743918
main,compas,IID,GuardFed-AD2,F Flip,,7070,aspd,0.04592721071681605,True,,66,fairness_defended_min_risk,0.1029347864743918
main,compas,IID,GuardFed-AD2+,Benign,,123,accuracy,0.6517278617710583,True,,,,
main,compas,IID,GuardFed-AD2+,Benign,,123,aeod,0.10556048506359061,True,,,,
main,compas,IID,GuardFed-AD2+,Benign,,123,aspd,0.020447109823553467,True,,,,
main,compas,IID,GuardFed-AD2+,Benign,,456,accuracy,0.6409287257019438,True,,,,
main,compas,IID,GuardFed-AD2+,Benign,,456,aeod,0.03399064171123001,True,,,,
main,compas,IID,GuardFed-AD2+,Benign,,456,aspd,0.043019701265367694,True,,,,
main,compas,IID,GuardFed-AD2+,Benign,,789,accuracy,0.658207343412527,True,,,,
main,compas,IID,GuardFed-AD2+,Benign,,789,aeod,0.12472110664881747,True,,,,
main,compas,IID,GuardFed-AD2+,Benign,,789,aspd,0.08151531315545896,True,,,,
main,compas,IID,GuardFed-AD2+,Benign,,1001,accuracy,0.6571274298056156,True,,,,
main,compas,IID,GuardFed-AD2+,Benign,,1001,aeod,0.04639765856314737,True,,,,
main,compas,IID,GuardFed-AD2+,Benign,,1001,aspd,0.05648341925912781,True,,,,
main,compas,IID,GuardFed-AD2+,Benign,,2024,accuracy,0.6663066954643628,True,,,,
main,compas,IID,GuardFed-AD2+,Benign,,2024,aeod,0.010112417227041703,True,,,,
main,compas,IID,GuardFed-AD2+,Benign,,2024,aspd,0.007327717517540189,True,,,,
main,compas,IID,GuardFed-AD2+,Benign,,3141,accuracy,0.6538876889848813,True,,,,
main,compas,IID,GuardFed-AD2+,Benign,,3141,aeod,0.004898987008527478,True,,,,
main,compas,IID,GuardFed-AD2+,Benign,,3141,aspd,0.01840683422293865,True,,,,
main,compas,IID,GuardFed-AD2+,Benign,,4242,accuracy,0.6598272138228942,True,,,,
main,compas,IID,GuardFed-AD2+,Benign,,4242,aeod,0.08707512293169661,True,,,,
main,compas,IID,GuardFed-AD2+,Benign,,4242,aspd,0.0322230483444938,True,,,,
main,compas,IID,GuardFed-AD2+,Benign,,5050,accuracy,0.673866090712743,True,,,,
main,compas,IID,GuardFed-AD2+,Benign,,5050,aeod,0.046476761619190454,True,,,,
main,compas,IID,GuardFed-AD2+,Benign,,5050,aspd,0.05344284835546548,True,,,,
main,compas,IID,GuardFed-AD2+,Benign,,6060,accuracy,0.6765658747300216,True,,,,
main,compas,IID,GuardFed-AD2+,Benign,,6060,aeod,0.0025539049401489544,True,,,,
main,compas,IID,GuardFed-AD2+,Benign,,6060,aspd,0.04154785485096535,True,,,,
main,compas,IID,GuardFed-AD2+,Benign,,7070,accuracy,0.6495680345572354,True,,,,
main,compas,IID,GuardFed-AD2+,Benign,,7070,aeod,0.05094696969696971,True,,,,
main,compas,IID,GuardFed-AD2+,Benign,,7070,aspd,0.04816707849575197,True,,,,
main,compas,IID,GuardFed-AD2+,F Flip,,123,accuracy,0.6501079913606912,True,,62,fairness_defended_min_risk,0.06764089354673453
main,compas,IID,GuardFed-AD2+,F Flip,,123,aeod,0.03288967761017447,True,,62,fairness_defended_min_risk,0.06764089354673453
main,compas,IID,GuardFed-AD2+,F Flip,,123,aspd,0.034751215936560054,True,,62,fairness_defended_min_risk,0.06764089354673453
main,compas,IID,GuardFed-AD2+,F Flip,,456,accuracy,0.6609071274298056,True,,68,fairness_defended_min_risk,0.030280361193974148
main,compas,IID,GuardFed-AD2+,F Flip,,456,aeod,0.0005236185383243885,True,,68,fairness_defended_min_risk,0.030280361193974148
main,compas,IID,GuardFed-AD2+,F Flip,,456,aspd,0.02975674265564976,True,,68,fairness_defended_min_risk,0.030280361193974148
main,compas,IID,GuardFed-AD2+,F Flip,,789,accuracy,0.6625269978401728,True,,70,fairness_defended_min_risk,0.06767074873155338
main,compas,IID,GuardFed-AD2+,F Flip,,789,aeod,0.05325575807503519,True,,70,fairness_defended_min_risk,0.06767074873155338
main,compas,IID,GuardFed-AD2+,F Flip,,789,aspd,0.01441499065651819,True,,70,fairness_defended_min_risk,0.06767074873155338
main,compas,IID,GuardFed-AD2+,F Flip,,1001,accuracy,0.6663066954643628,True,,68,fairness_defended_min_risk,0.034504058877138644
main,compas,IID,GuardFed-AD2+,F Flip,,1001,aeod,0.0026148313689010605,True,,68,fairness_defended_min_risk,0.034504058877138644
main,compas,IID,GuardFed-AD2+,F Flip,,1001,aspd,0.03188922750823758,True,,68,fairness_defended_min_risk,0.034504058877138644
main,compas,IID,GuardFed-AD2+,F Flip,,2024,accuracy,0.6814254859611231,True,,67,fairness_defended_min_risk,0.00898599582231896
main,compas,IID,GuardFed-AD2+,F Flip,,2024,aeod,0.007853806272778652,True,,67,fairness_defended_min_risk,0.00898599582231896
main,compas,IID,GuardFed-AD2+,F Flip,,2024,aspd,0.0011321895495403078,True,,67,fairness_defended_min_risk,0.00898599582231896
main,compas,IID,GuardFed-AD2+,F Flip,,3141,accuracy,0.652267818574514,True,,65,fairness_defended_min_risk,0.011739412630528467
main,compas,IID,GuardFed-AD2+,F Flip,,3141,aeod,0.009660619241114832,True,,65,fairness_defended_min_risk,0.011739412630528467
main,compas,IID,GuardFed-AD2+,F Flip,,3141,aspd,0.0020787933894136357,True,,65,fairness_defended_min_risk,0.011739412630528467
main,compas,IID,GuardFed-AD2+,F Flip,,4242,accuracy,0.6544276457883369,True,,67,fairness_defended_min_risk,0.03330739779263031
main,compas,IID,GuardFed-AD2+,F Flip,,4242,aeod,0.012382900829115973,True,,67,fairness_defended_min_risk,0.03330739779263031
main,compas,IID,GuardFed-AD2+,F Flip,,4242,aspd,0.02092449696351434,True,,67,fairness_defended_min_risk,0.03330739779263031
main,compas,IID,GuardFed-AD2+,F Flip,,5050,accuracy,0.6771058315334774,True,,64,fairness_defended_min_risk,0.050761746002594144
main,compas,IID,GuardFed-AD2+,F Flip,,5050,aeod,0.027682587277789716,True,,64,fairness_defended_min_risk,0.050761746002594144
main,compas,IID,GuardFed-AD2+,F Flip,,5050,aspd,0.023079158724804427,True,,64,fairness_defended_min_risk,0.050761746002594144
main,compas,IID,GuardFed-AD2+,F Flip,,6060,accuracy,0.6652267818574514,True,,64,fairness_defended_min_risk,0.019694640393244423
main,compas,IID,GuardFed-AD2+,F Flip,,6060,aeod,0.0001754591180254672,True,,64,fairness_defended_min_risk,0.019694640393244423
main,compas,IID,GuardFed-AD2+,F Flip,,6060,aspd,0.019519181275218955,True,,64,fairness_defended_min_risk,0.019694640393244423
main,compas,IID,GuardFed-AD2+,F Flip,,7070,accuracy,0.6479481641468683,True,,62,fairness_defended_min_risk,0.09258975484824539
main,compas,IID,GuardFed-AD2+,F Flip,,7070,aeod,0.04469696969696968,True,,62,fairness_defended_min_risk,0.09258975484824539
main,compas,IID,GuardFed-AD2+,F Flip,,7070,aspd,0.04789278515127571,True,,62,fairness_defended_min_risk,0.09258975484824539
main,compas,IID,Huber-BRFL,Benign,,123,accuracy,0.6646868250539957,True,,,,
main,compas,IID,Huber-BRFL,Benign,,123,aeod,0.1998816918071576,True,,,,
main,compas,IID,Huber-BRFL,Benign,,123,aspd,0.2291785089413794,True,,,,
main,compas,IID,Huber-BRFL,Benign,,456,accuracy,0.6668466522678186,True,,,,
main,compas,IID,Huber-BRFL,Benign,,456,aeod,0.23992869875222816,True,,,,
main,compas,IID,Huber-BRFL,Benign,,456,aspd,0.22745454609120308,True,,,,
main,compas,IID,Huber-BRFL,Benign,,789,accuracy,0.6819654427645788,True,,,,
main,compas,IID,Huber-BRFL,Benign,,789,aeod,0.24118697010263274,True,,,,
main,compas,IID,Huber-BRFL,Benign,,789,aspd,0.22957535888657912,True,,,,
main,compas,IID,Huber-BRFL,Benign,,1001,accuracy,0.6895248380129589,True,,,,
main,compas,IID,Huber-BRFL,Benign,,1001,aeod,0.2776372361062268,True,,,,
main,compas,IID,Huber-BRFL,Benign,,1001,aspd,0.27167413483793934,True,,,,
main,compas,IID,Huber-BRFL,Benign,,2024,accuracy,0.7035637149028078,True,,,,
main,compas,IID,Huber-BRFL,Benign,,2024,aeod,0.28037575073148197,True,,,,
main,compas,IID,Huber-BRFL,Benign,,2024,aspd,0.21721348309360877,True,,,,
main,compas,IID,Huber-BRFL,Benign,,3141,accuracy,0.6706263498920086,True,,,,
main,compas,IID,Huber-BRFL,Benign,,3141,aeod,0.2835231500028616,True,,,,
main,compas,IID,Huber-BRFL,Benign,,3141,aspd,0.2413699726990582,True,,,,
main,compas,IID,Huber-BRFL,Benign,,4242,accuracy,0.6636069114470843,True,,,,
main,compas,IID,Huber-BRFL,Benign,,4242,aeod,0.24292619312539626,True,,,,
main,compas,IID,Huber-BRFL,Benign,,4242,aspd,0.23626811649179974,True,,,,
main,compas,IID,Huber-BRFL,Benign,,5050,accuracy,0.6862850971922246,True,,,,
main,compas,IID,Huber-BRFL,Benign,,5050,aeod,0.25447990290569,True,,,,
main,compas,IID,Huber-BRFL,Benign,,5050,aspd,0.2338356597688699,True,,,,
main,compas,IID,Huber-BRFL,Benign,,6060,accuracy,0.6906047516198704,True,,,,
main,compas,IID,Huber-BRFL,Benign,,6060,aeod,0.2645923499824541,True,,,,
main,compas,IID,Huber-BRFL,Benign,,6060,aspd,0.2598386688252191,True,,,,
main,compas,IID,Huber-BRFL,Benign,,7070,accuracy,0.6711663066954644,True,,,,
main,compas,IID,Huber-BRFL,Benign,,7070,aeod,0.2179924242424242,True,,,,
main,compas,IID,Huber-BRFL,Benign,,7070,aspd,0.1854187992487864,True,,,,
main,compas,IID,Huber-BRFL,F Flip,,123,accuracy,0.6711663066954644,True,,63,unprotected_max_risk,0.4774231041893324
main,compas,IID,Huber-BRFL,F Flip,,123,aeod,0.2326530612244898,True,,63,unprotected_max_risk,0.4774231041893324
main,compas,IID,Huber-BRFL,F Flip,,123,aspd,0.2447700429648426,True,,63,unprotected_max_risk,0.4774231041893324
main,compas,IID,Huber-BRFL,F Flip,,456,accuracy,0.6722462203023758,True,,67,unprotected_max_risk,0.4798314166442208
main,compas,IID,Huber-BRFL,F Flip,,456,aeod,0.24289215686274512,True,,67,unprotected_max_risk,0.4798314166442208
main,compas,IID,Huber-BRFL,F Flip,,456,aspd,0.23693925978147568,True,,67,unprotected_max_risk,0.4798314166442208
main,compas,IID,Huber-BRFL,F Flip,,789,accuracy,0.6814254859611231,True,,64,unprotected_max_risk,0.4904218742745548
main,compas,IID,Huber-BRFL,F Flip,,789,aeod,0.2498712799917619,True,,64,unprotected_max_risk,0.4904218742745548
main,compas,IID,Huber-BRFL,F Flip,,789,aspd,0.2405505942827929,True,,64,unprotected_max_risk,0.4904218742745548
main,compas,IID,Huber-BRFL,F Flip,,1001,accuracy,0.6771058315334774,True,,65,unprotected_max_risk,0.5573809590740255
main,compas,IID,Huber-BRFL,F Flip,,1001,aeod,0.277693956960216,True,,65,unprotected_max_risk,0.5573809590740255
main,compas,IID,Huber-BRFL,F Flip,,1001,aspd,0.27968700211380954,True,,65,unprotected_max_risk,0.5573809590740255
main,compas,IID,Huber-BRFL,F Flip,,2024,accuracy,0.7046436285097192,True,,61,unprotected_max_risk,0.4824450342152699
main,compas,IID,Huber-BRFL,F Flip,,2024,aeod,0.2645825847406875,True,,61,unprotected_max_risk,0.4824450342152699
main,compas,IID,Huber-BRFL,F Flip,,2024,aspd,0.2178624494745824,True,,61,unprotected_max_risk,0.4824450342152699
main,compas,IID,Huber-BRFL,F Flip,,3141,accuracy,0.6744060475161987,True,,67,unprotected_max_risk,0.5379010633546125
main,compas,IID,Huber-BRFL,F Flip,,3141,aeod,0.288284782235449,True,,67,unprotected_max_risk,0.5379010633546125
main,compas,IID,Huber-BRFL,F Flip,,3141,aspd,0.2496162811191635,True,,67,unprotected_max_risk,0.5379010633546125
main,compas,IID,Huber-BRFL,F Flip,,4242,accuracy,0.658207343412527,True,,69,unprotected_max_risk,0.49022839325159173
main,compas,IID,Huber-BRFL,F Flip,,4242,aeod,0.2508344998384838,True,,69,unprotected_max_risk,0.49022839325159173
main,compas,IID,Huber-BRFL,F Flip,,4242,aspd,0.2393938934131079,True,,69,unprotected_max_risk,0.49022839325159173
main,compas,IID,Huber-BRFL,F Flip,,5050,accuracy,0.6830453563714903,True,,61,unprotected_max_risk,0.4827000151212347
main,compas,IID,Huber-BRFL,F Flip,,5050,aeod,0.25012493753123444,True,,61,unprotected_max_risk,0.4827000151212347
main,compas,IID,Huber-BRFL,F Flip,,5050,aspd,0.2325750775900003,True,,61,unprotected_max_risk,0.4827000151212347
main,compas,IID,Huber-BRFL,F Flip,,6060,accuracy,0.6852051835853131,True,,67,unprotected_max_risk,0.5212783709647609
main,compas,IID,Huber-BRFL,F Flip,,6060,aeod,0.2607907357585682,True,,67,unprotected_max_risk,0.5212783709647609
main,compas,IID,Huber-BRFL,F Flip,,6060,aspd,0.2604876352061927,True,,67,unprotected_max_risk,0.5212783709647609
main,compas,IID,Huber-BRFL,F Flip,,7070,accuracy,0.6576673866090713,True,,61,unprotected_max_risk,0.4200713431948776
main,compas,IID,Huber-BRFL,F Flip,,7070,aeod,0.22556818181818178,True,,61,unprotected_max_risk,0.4200713431948776
main,compas,IID,Huber-BRFL,F Flip,,7070,aspd,0.19450316137669582,True,,61,unprotected_max_risk,0.4200713431948776
main,compas,IID,LASA,Benign,,123,accuracy,0.6625269978401728,True,,,,
main,compas,IID,LASA,Benign,,123,aeod,0.19804791481810113,True,,,,
main,compas,IID,LASA,Benign,,123,aspd,0.2255484991485234,True,,,,
main,compas,IID,LASA,Benign,,456,accuracy,0.6657667386609071,True,,,,
main,compas,IID,LASA,Benign,,456,aeod,0.23952762923351156,True,,,,
main,compas,IID,LASA,Benign,,456,aspd,0.22153681308484302,True,,,,
main,compas,IID,LASA,Benign,,789,accuracy,0.6798056155507559,True,,,,
main,compas,IID,LASA,Benign,,789,aeod,0.24772594652112728,True,,,,
main,compas,IID,LASA,Benign,,789,aspd,0.23402474709570037,True,,,,
main,compas,IID,LASA,Benign,,1001,accuracy,0.6895248380129589,True,,,,
main,compas,IID,LASA,Benign,,1001,aeod,0.26791528173248175,True,,,,
main,compas,IID,LASA,Benign,,1001,aspd,0.26518913985108783,True,,,,
main,compas,IID,LASA,Benign,,2024,accuracy,0.7068034557235421,True,,,,
main,compas,IID,LASA,Benign,,2024,aeod,0.2693906883630204,True,,,,
main,compas,IID,LASA,Benign,,2024,aspd,0.21194471646822227,True,,,,
main,compas,IID,LASA,Benign,,3141,accuracy,0.6700863930885529,True,,,,
main,compas,IID,LASA,Benign,,3141,aeod,0.2845933726320609,True,,,,
main,compas,IID,LASA,Benign,,3141,aspd,0.24655353330679883,True,,,,
main,compas,IID,LASA,Benign,,4242,accuracy,0.6641468682505399,True,,,,
main,compas,IID,LASA,Benign,,4242,aeod,0.22996303075984348,True,,,,
main,compas,IID,LASA,Benign,,4242,aspd,0.23114758499300253,True,,,,
main,compas,IID,LASA,Benign,,5050,accuracy,0.683585313174946,True,,,,
main,compas,IID,LASA,Benign,,5050,aeod,0.24552009709431005,True,,,,
main,compas,IID,LASA,Benign,,5050,aspd,0.22980529841365072,True,,,,
main,compas,IID,LASA,Benign,,6060,accuracy,0.6808855291576674,True,,,,
main,compas,IID,LASA,Benign,,6060,aeod,0.2715132374156821,True,,,,
main,compas,IID,LASA,Benign,,6060,aspd,0.25971261060733214,True,,,,
main,compas,IID,LASA,Benign,,7070,accuracy,0.6695464362850972,True,,,,
main,compas,IID,LASA,Benign,,7070,aeod,0.22159090909090912,True,,,,
main,compas,IID,LASA,Benign,,7070,aspd,0.18875584040562737,True,,,,
main,compas,IID,LASA,F Flip,,123,accuracy,0.6706263498920086,True,,64,unprotected_max_risk,0.45970894852958916
main,compas,IID,LASA,F Flip,,123,aeod,0.21407867494824018,True,,64,unprotected_max_risk,0.45970894852958916
main,compas,IID,LASA,F Flip,,123,aspd,0.24563027358134898,True,,64,unprotected_max_risk,0.45970894852958916
main,compas,IID,LASA,F Flip,,456,accuracy,0.6700863930885529,True,,69,unprotected_max_risk,0.4782512784148352
main,compas,IID,LASA,F Flip,,456,aeod,0.24729278074866307,True,,69,unprotected_max_risk,0.4782512784148352
main,compas,IID,LASA,F Flip,,456,aspd,0.23095849766617216,True,,69,unprotected_max_risk,0.4782512784148352
main,compas,IID,LASA,F Flip,,789,accuracy,0.6798056155507559,True,,61,unprotected_max_risk,0.48221685299737793
main,compas,IID,LASA,F Flip,,789,aeod,0.24468815432670854,True,,61,unprotected_max_risk,0.48221685299737793
main,compas,IID,LASA,F Flip,,789,aspd,0.2375286986706694,True,,61,unprotected_max_risk,0.48221685299737793
main,compas,IID,LASA,F Flip,,1001,accuracy,0.6787257019438445,True,,68,unprotected_max_risk,0.5521526399713965
main,compas,IID,LASA,F Flip,,1001,aeod,0.2728216356025456,True,,68,unprotected_max_risk,0.5521526399713965
main,compas,IID,LASA,F Flip,,1001,aspd,0.279331004368851,True,,68,unprotected_max_risk,0.5521526399713965
main,compas,IID,LASA,F Flip,,2024,accuracy,0.7051835853131749,True,,63,unprotected_max_risk,0.5003489899271276
main,compas,IID,LASA,F Flip,,2024,aeod,0.2769878343000872,True,,63,unprotected_max_risk,0.5003489899271276
main,compas,IID,LASA,F Flip,,2024,aspd,0.22336115562704034,True,,63,unprotected_max_risk,0.5003489899271276
main,compas,IID,LASA,F Flip,,3141,accuracy,0.6727861771058316,True,,68,unprotected_max_risk,0.5350530143672889
main,compas,IID,LASA,F Flip,,3141,aeod,0.28432438619584505,True,,68,unprotected_max_risk,0.5350530143672889
main,compas,IID,LASA,F Flip,,3141,aspd,0.2507286281714438,True,,68,unprotected_max_risk,0.5350530143672889
main,compas,IID,LASA,F Flip,,4242,accuracy,0.6614470842332614,True,,64,unprotected_max_risk,0.4751997137198327
main,compas,IID,LASA,F Flip,,4242,aeod,0.23784142708445494,True,,64,unprotected_max_risk,0.4751997137198327
main,compas,IID,LASA,F Flip,,4242,aspd,0.23735828663537778,True,,64,unprotected_max_risk,0.4751997137198327
main,compas,IID,LASA,F Flip,,5050,accuracy,0.6808855291576674,True,,63,unprotected_max_risk,0.47115039791045915
main,compas,IID,LASA,F Flip,,5050,aeod,0.24264653387591922,True,,63,unprotected_max_risk,0.47115039791045915
main,compas,IID,LASA,F Flip,,5050,aspd,0.22850386403453993,True,,63,unprotected_max_risk,0.47115039791045915
main,compas,IID,LASA,F Flip,,6060,accuracy,0.6808855291576674,True,,62,unprotected_max_risk,0.5352474097111293
main,compas,IID,LASA,F Flip,,6060,aeod,0.27049947362264587,True,,62,unprotected_max_risk,0.5352474097111293
main,compas,IID,LASA,F Flip,,6060,aspd,0.26474793608848346,True,,62,unprotected_max_risk,0.5352474097111293
main,compas,IID,LASA,F Flip,,7070,accuracy,0.6555075593952484,True,,63,unprotected_max_risk,0.4258945221479231
main,compas,IID,LASA,F Flip,,7070,aeod,0.22916666666666663,True,,63,unprotected_max_risk,0.4258945221479231
main,compas,IID,LASA,F Flip,,7070,aspd,0.1967278554812565,True,,63,unprotected_max_risk,0.4258945221479231
main,compas,IID,LayerGuard,Benign,,123,accuracy,0.6690064794816415,True,,,,
main,compas,IID,LayerGuard,Benign,,123,aeod,0.20343093759242825,True,,,,
main,compas,IID,LayerGuard,Benign,,123,aspd,0.23318669338789627,True,,,,
main,compas,IID,LayerGuard,Benign,,456,accuracy,0.6663066954643628,True,,,,
main,compas,IID,LayerGuard,Benign,,456,aeod,0.2370877896613191,True,,,,
main,compas,IID,LayerGuard,Benign,,456,aspd,0.22627916992997932,True,,,,
main,compas,IID,LayerGuard,Benign,,789,accuracy,0.6808855291576674,True,,,,
main,compas,IID,LayerGuard,Benign,,789,aeod,0.24655888511310198,True,,,,
main,compas,IID,LayerGuard,Benign,,789,aspd,0.23211519853585716,True,,,,
main,compas,IID,LayerGuard,Benign,,1001,accuracy,0.6857451403887689,True,,,,
main,compas,IID,LayerGuard,Benign,,1001,aeod,0.2775975315084344,True,,,,
main,compas,IID,LayerGuard,Benign,,1001,aspd,0.26393205928938185,True,,,,
main,compas,IID,LayerGuard,Benign,,2024,accuracy,0.7073434125269978,True,,,,
main,compas,IID,LayerGuard,Benign,,2024,aeod,0.27010933730301323,True,,,,
main,compas,IID,LayerGuard,Benign,,2024,aspd,0.2231090391912665,True,,,,
main,compas,IID,LayerGuard,Benign,,3141,accuracy,0.6706263498920086,True,,,,
main,compas,IID,LayerGuard,Benign,,3141,aeod,0.28111371830824705,True,,,,
main,compas,IID,LayerGuard,Benign,,3141,aspd,0.2511698319340481,True,,,,
main,compas,IID,LayerGuard,Benign,,4242,accuracy,0.6614470842332614,True,,,,
main,compas,IID,LayerGuard,Benign,,4242,aeod,0.2329062129858942,True,,,,
main,compas,IID,LayerGuard,Benign,,4242,aspd,0.23150358273796118,True,,,,
main,compas,IID,LayerGuard,Benign,,5050,accuracy,0.683585313174946,True,,,,
main,compas,IID,LayerGuard,Benign,,5050,aeod,0.25506889412436634,True,,,,
main,compas,IID,LayerGuard,Benign,,5050,aspd,0.2315257596466635,True,,,,
main,compas,IID,LayerGuard,Benign,,6060,accuracy,0.6927645788336934,True,,,,
main,compas,IID,LayerGuard,Benign,,6060,aeod,0.2707334191133466,True,,,,
main,compas,IID,LayerGuard,Benign,,6060,aspd,0.2562716881413066,True,,,,
main,compas,IID,LayerGuard,Benign,,7070,accuracy,0.6684665226781857,True,,,,
main,compas,IID,LayerGuard,Benign,,7070,aeod,0.22045454545454551,True,,,,
main,compas,IID,LayerGuard,Benign,,7070,aspd,0.19200767554482245,True,,,,
main,compas,IID,LayerGuard,F Flip,,123,accuracy,0.67170626349892,True,,61,unprotected_max_risk,0.4771603072861109
main,compas,IID,LayerGuard,F Flip,,123,aeod,0.2261165335699497,True,,61,unprotected_max_risk,0.4771603072861109
main,compas,IID,LayerGuard,F Flip,,123,aspd,0.2510437737161612,True,,61,unprotected_max_risk,0.4771603072861109
main,compas,IID,LayerGuard,F Flip,,456,accuracy,0.6754859611231101,True,,62,unprotected_max_risk,0.4825806098148265
main,compas,IID,LayerGuard,F Flip,,456,aeod,0.246334670231729,True,,62,unprotected_max_risk,0.4825806098148265
main,compas,IID,LayerGuard,F Flip,,456,aspd,0.23624593958309748,True,,62,unprotected_max_risk,0.4825806098148265
main,compas,IID,LayerGuard,F Flip,,789,accuracy,0.6825053995680346,True,,65,unprotected_max_risk,0.49025729626463277
main,compas,IID,LayerGuard,F Flip,,789,aeod,0.25155322143273956,True,,65,unprotected_max_risk,0.49025729626463277
main,compas,IID,LayerGuard,F Flip,,789,aspd,0.2387040748318932,True,,65,unprotected_max_risk,0.49025729626463277
main,compas,IID,LayerGuard,F Flip,,1001,accuracy,0.6868250539956804,True,,67,unprotected_max_risk,0.5553908178794336
main,compas,IID,LayerGuard,F Flip,,1001,aeod,0.27184036482853285,True,,67,unprotected_max_risk,0.5553908178794336
main,compas,IID,LayerGuard,F Flip,,1001,aspd,0.28355045305090065,True,,67,unprotected_max_risk,0.5553908178794336
main,compas,IID,LayerGuard,F Flip,,2024,accuracy,0.7084233261339092,True,,62,unprotected_max_risk,0.5068299623950887
main,compas,IID,LayerGuard,F Flip,,2024,aeod,0.2852522971100046,True,,62,unprotected_max_risk,0.5068299623950887
main,compas,IID,LayerGuard,F Flip,,2024,aspd,0.22157766528508416,True,,62,unprotected_max_risk,0.5068299623950887
main,compas,IID,LayerGuard,F Flip,,3141,accuracy,0.6690064794816415,True,,70,unprotected_max_risk,0.531238775136037
main,compas,IID,LayerGuard,F Flip,,3141,aeod,0.2844331253934642,True,,70,unprotected_max_risk,0.531238775136037
main,compas,IID,LayerGuard,F Flip,,3141,aspd,0.24680564974257274,True,,70,unprotected_max_risk,0.531238775136037
main,compas,IID,LayerGuard,F Flip,,4242,accuracy,0.6609071274298056,True,,70,unprotected_max_risk,0.4760269015834623
main,compas,IID,LayerGuard,F Flip,,4242,aeod,0.2409341612528863,True,,70,unprotected_max_risk,0.4760269015834623
main,compas,IID,LayerGuard,F Flip,,4242,aspd,0.23509274033057598,True,,70,unprotected_max_risk,0.4760269015834623
main,compas,IID,LayerGuard,F Flip,,5050,accuracy,0.6803455723542117,True,,67,unprotected_max_risk,0.47141939593498394
main,compas,IID,LayerGuard,F Flip,,5050,aeod,0.24230741771971154,True,,67,unprotected_max_risk,0.47141939593498394
main,compas,IID,LayerGuard,F Flip,,5050,aspd,0.2291119782152724,True,,67,unprotected_max_risk,0.47141939593498394
main,compas,IID,LayerGuard,F Flip,,6060,accuracy,0.6803455723542117,True,,69,unprotected_max_risk,0.5454051604023762
main,compas,IID,LayerGuard,F Flip,,6060,aeod,0.2699341053534527,True,,69,unprotected_max_risk,0.5454051604023762
main,compas,IID,LayerGuard,F Flip,,6060,aspd,0.27547105504892344,True,,69,unprotected_max_risk,0.5454051604023762
main,compas,IID,LayerGuard,F Flip,,7070,accuracy,0.6603671706263499,True,,61,unprotected_max_risk,0.4074038195516226
main,compas,IID,LayerGuard,F Flip,,7070,aeod,0.212689393939394,True,,61,unprotected_max_risk,0.4074038195516226
main,compas,IID,LayerGuard,F Flip,,7070,aspd,0.19471442561222857,True,,61,unprotected_max_risk,0.4074038195516226
main,compas,IID,LoGoFair,Benign,,123,accuracy,0.6452483801295896,True,,,,
main,compas,IID,LoGoFair,Benign,,123,aeod,0.07468204673173617,True,,,,
main,compas,IID,LoGoFair,Benign,,123,aspd,0.03329804481369647,True,,,,
main,compas,IID,LoGoFair,Benign,,456,accuracy,0.6490280777537797,True,,,,
main,compas,IID,LoGoFair,Benign,,456,aeod,0.08341131907308375,True,,,,
main,compas,IID,LoGoFair,Benign,,456,aspd,0.06303844658924973,True,,,,
main,compas,IID,LoGoFair,Benign,,789,accuracy,0.6609071274298056,True,,,,
main,compas,IID,LoGoFair,Benign,,789,aeod,0.09614526481996355,True,,,,
main,compas,IID,LoGoFair,Benign,,789,aspd,0.07389929582478838,True,,,,
main,compas,IID,LoGoFair,Benign,,1001,accuracy,0.6652267818574514,True,,,,
main,compas,IID,LoGoFair,Benign,,1001,aeod,0.030498803189980772,True,,,,
main,compas,IID,LoGoFair,Benign,,1001,aspd,0.008129587847987785,True,,,,
main,compas,IID,LoGoFair,Benign,,2024,accuracy,0.6900647948164147,True,,,,
main,compas,IID,LoGoFair,Benign,,2024,aeod,0.008435569700391832,True,,,,
main,compas,IID,LoGoFair,Benign,,2024,aspd,0.00329852336804215,True,,,,
main,compas,IID,LoGoFair,Benign,,3141,accuracy,0.6576673866090713,True,,,,
main,compas,IID,LoGoFair,Benign,,3141,aeod,0.018823327419447144,True,,,,
main,compas,IID,LoGoFair,Benign,,3141,aspd,0.016801926356322272,True,,,,
main,compas,IID,LoGoFair,Benign,,4242,accuracy,0.661987041036717,True,,,,
main,compas,IID,LoGoFair,Benign,,4242,aeod,0.016869459100534834,True,,,,
main,compas,IID,LoGoFair,Benign,,4242,aspd,0.04838884758277534,True,,,,
main,compas,IID,LoGoFair,Benign,,5050,accuracy,0.6646868250539957,True,,,,
main,compas,IID,LoGoFair,Benign,,5050,aeod,0.044620546869422406,True,,,,
main,compas,IID,LoGoFair,Benign,,5050,aspd,0.044440190628038334,True,,,,
main,compas,IID,LoGoFair,Benign,,6060,accuracy,0.6690064794816415,True,,,,
main,compas,IID,LoGoFair,Benign,,6060,aeod,0.007252310211720681,True,,,,
main,compas,IID,LoGoFair,Benign,,6060,aspd,0.02847048195091434,True,,,,
main,compas,IID,LoGoFair,Benign,,7070,accuracy,0.6490280777537797,True,,,,
main,compas,IID,LoGoFair,Benign,,7070,aeod,0.090719696969697,True,,,,
main,compas,IID,LoGoFair,Benign,,7070,aspd,0.05985430938188285,True,,,,
main,compas,IID,LoGoFair,F Flip,,123,accuracy,0.6555075593952484,True,,70,unprotected_max_risk,0.1091393964818067
main,compas,IID,LoGoFair,F Flip,,123,aeod,0.08157349896480337,True,,70,unprotected_max_risk,0.1091393964818067
main,compas,IID,LoGoFair,F Flip,,123,aspd,0.027565897517003335,True,,70,unprotected_max_risk,0.1091393964818067
main,compas,IID,LoGoFair,F Flip,,456,accuracy,0.6393088552915767,True,,66,unprotected_max_risk,0.08973631732014264
main,compas,IID,LoGoFair,F Flip,,456,aeod,0.03683155080213907,True,,66,unprotected_max_risk,0.08973631732014264
main,compas,IID,LoGoFair,F Flip,,456,aspd,0.052904766518003576,True,,66,unprotected_max_risk,0.08973631732014264
main,compas,IID,LoGoFair,F Flip,,789,accuracy,0.6328293736501079,True,,61,unprotected_max_risk,0.20775938005747918
main,compas,IID,LoGoFair,F Flip,,789,aeod,0.09892561699790614,True,,61,unprotected_max_risk,0.20775938005747918
main,compas,IID,LoGoFair,F Flip,,789,aspd,0.10883376305957304,True,,61,unprotected_max_risk,0.20775938005747918
main,compas,IID,LoGoFair,F Flip,,1001,accuracy,0.6511879049676026,True,,67,unprotected_max_risk,0.10456644347748928
main,compas,IID,LoGoFair,F Flip,,1001,aeod,0.06953976699073183,True,,67,unprotected_max_risk,0.10456644347748928
main,compas,IID,LoGoFair,F Flip,,1001,aspd,0.035026676486757446,True,,67,unprotected_max_risk,0.10456644347748928
main,compas,IID,LoGoFair,F Flip,,2024,accuracy,0.6819654427645788,True,,63,unprotected_max_risk,0.0725975819218464
main,compas,IID,LoGoFair,F Flip,,2024,aeod,0.044539123590507046,True,,63,unprotected_max_risk,0.0725975819218464
main,compas,IID,LoGoFair,F Flip,,2024,aspd,0.028058458331339353,True,,63,unprotected_max_risk,0.0725975819218464
main,compas,IID,LoGoFair,F Flip,,3141,accuracy,0.6398488120950324,True,,61,unprotected_max_risk,0.11266084645691693
main,compas,IID,LoGoFair,F Flip,,3141,aeod,0.056389858639043056,True,,61,unprotected_max_risk,0.11266084645691693
main,compas,IID,LoGoFair,F Flip,,3141,aspd,0.056270987817873874,True,,61,unprotected_max_risk,0.11266084645691693
main,compas,IID,LoGoFair,F Flip,,4242,accuracy,0.6609071274298056,True,,70,unprotected_max_risk,0.06760279427695642
main,compas,IID,LoGoFair,F Flip,,4242,aeod,0.02311474821434989,True,,70,unprotected_max_risk,0.06760279427695642
main,compas,IID,LoGoFair,F Flip,,4242,aspd,0.044488046062606534,True,,70,unprotected_max_risk,0.06760279427695642
main,compas,IID,LoGoFair,F Flip,,5050,accuracy,0.6657667386609071,True,,70,unprotected_max_risk,0.059617751460051716
main,compas,IID,LoGoFair,F Flip,,5050,aeod,0.026111944027986,True,,70,unprotected_max_risk,0.059617751460051716
main,compas,IID,LoGoFair,F Flip,,5050,aspd,0.033505807432065715,True,,70,unprotected_max_risk,0.059617751460051716
main,compas,IID,LoGoFair,F Flip,,6060,accuracy,0.6673866090712743,True,,70,unprotected_max_risk,0.03507134371166398
main,compas,IID,LoGoFair,F Flip,,6060,aeod,0.001228213826178548,True,,70,unprotected_max_risk,0.03507134371166398
main,compas,IID,LoGoFair,F Flip,,6060,aspd,0.033843129885485435,True,,70,unprotected_max_risk,0.03507134371166398
main,compas,IID,LoGoFair,F Flip,,7070,accuracy,0.6490280777537797,True,,61,unprotected_max_risk,0.14969037237611715
main,compas,IID,LoGoFair,F Flip,,7070,aeod,0.08996212121212127,True,,61,unprotected_max_risk,0.14969037237611715
main,compas,IID,LoGoFair,F Flip,,7070,aspd,0.05972825116399588,True,,61,unprotected_max_risk,0.14969037237611715
main,compas,IID,Median,Benign,,123,accuracy,0.6587473002159827,True,,,,
main,compas,IID,Median,Benign,,123,aeod,0.19225081336882577,True,,,,
main,compas,IID,Median,Benign,,123,aspd,0.21547434656905715,True,,,,
main,compas,IID,Median,Benign,,456,accuracy,0.67170626349892,True,,,,
main,compas,IID,Median,Benign,,456,aeod,0.25325311942959006,True,,,,
main,compas,IID,Median,Benign,,456,aspd,0.23981642188417351,True,,,,
main,compas,IID,Median,Benign,,789,accuracy,0.6798056155507559,True,,,,
main,compas,IID,Median,Benign,,789,aeod,0.24674767445851786,True,,,,
main,compas,IID,Median,Benign,,789,aspd,0.22416185875176686,True,,,,
main,compas,IID,Median,Benign,,1001,accuracy,0.6900647948164147,True,,,,
main,compas,IID,Median,Benign,,1001,aeod,0.24755816723576596,True,,,,
main,compas,IID,Median,Benign,,1001,aspd,0.2651856382339244,True,,,,
main,compas,IID,Median,Benign,,2024,accuracy,0.6981641468682506,True,,,,
main,compas,IID,Median,Benign,,2024,aeod,0.27344592166726556,True,,,,
main,compas,IID,Median,Benign,,2024,aspd,0.21352044419180927,True,,,,
main,compas,IID,Median,Benign,,3141,accuracy,0.6711663066954644,True,,,,
main,compas,IID,Median,Benign,,3141,aeod,0.2636124306072226,True,,,,
main,compas,IID,Median,Benign,,3141,aspd,0.24573415489053363,True,,,,
main,compas,IID,Median,Benign,,4242,accuracy,0.6733261339092873,True,,,,
main,compas,IID,Median,Benign,,4242,aeod,0.23995310051086943,True,,,,
main,compas,IID,Median,Benign,,4242,aspd,0.24573415489053363,True,,,,
main,compas,IID,Median,Benign,,5050,accuracy,0.687365010799136,True,,,,
main,compas,IID,Median,Benign,,5050,aeod,0.2658492182480189,True,,,,
main,compas,IID,Median,Benign,,5050,aspd,0.23274548962529193,True,,,,
main,compas,IID,Median,Benign,,6060,accuracy,0.6895248380129589,True,,,,
main,compas,IID,Median,Benign,,6060,aeod,0.29034584941708574,True,,,,
main,compas,IID,Median,Benign,,6060,aspd,0.2954080959723232,True,,,,
main,compas,IID,Median,Benign,,7070,accuracy,0.6668466522678186,True,,,,
main,compas,IID,Median,Benign,,7070,aeod,0.22992424242424242,True,,,,
main,compas,IID,Median,Benign,,7070,aspd,0.20508154682770996,True,,,,
main,compas,IID,Median,F Flip,,123,accuracy,0.6657667386609071,True,,61,unprotected_max_risk,0.4205071758318092
main,compas,IID,Median,F Flip,,123,aeod,0.200857734398107,True,,61,unprotected_max_risk,0.4205071758318092
main,compas,IID,Median,F Flip,,123,aspd,0.21964944143370216,True,,61,unprotected_max_risk,0.4205071758318092
main,compas,IID,Median,F Flip,,456,accuracy,0.6700863930885529,True,,66,unprotected_max_risk,0.4988922117729084
main,compas,IID,Median,F Flip,,456,aeod,0.25649509803921566,True,,66,unprotected_max_risk,0.4988922117729084
main,compas,IID,Median,F Flip,,456,aspd,0.24239711373369272,True,,66,unprotected_max_risk,0.4988922117729084
main,compas,IID,Median,F Flip,,789,accuracy,0.6852051835853131,True,,67,unprotected_max_risk,0.49679700560722906
main,compas,IID,Median,F Flip,,789,aeod,0.25272028284076475,True,,67,unprotected_max_risk,0.49679700560722906
main,compas,IID,Median,F Flip,,789,aspd,0.2440767227664643,True,,67,unprotected_max_risk,0.49679700560722906
main,compas,IID,Median,F Flip,,1001,accuracy,0.6889848812095032,True,,65,unprotected_max_risk,0.5402782659780274
main,compas,IID,Median,F Flip,,1001,aeod,0.2747331283819809,True,,65,unprotected_max_risk,0.5402782659780274
main,compas,IID,Median,F Flip,,1001,aspd,0.2655451375960465,True,,65,unprotected_max_risk,0.5402782659780274
main,compas,IID,Median,F Flip,,2024,accuracy,0.6960043196544277,True,,63,unprotected_max_risk,0.47966475348275917
main,compas,IID,Median,F Flip,,2024,aeod,0.25498348818506916,True,,63,unprotected_max_risk,0.47966475348275917
main,compas,IID,Median,F Flip,,2024,aspd,0.22468126529769,True,,63,unprotected_max_risk,0.47966475348275917
main,compas,IID,Median,F Flip,,3141,accuracy,0.6695464362850972,True,,70,unprotected_max_risk,0.5067114840860083
main,compas,IID,Median,F Flip,,3141,aeod,0.2683225547988325,True,,70,unprotected_max_risk,0.5067114840860083
main,compas,IID,Median,F Flip,,3141,aspd,0.2383889292871758,True,,70,unprotected_max_risk,0.5067114840860083
main,compas,IID,Median,F Flip,,4242,accuracy,0.6787257019438445,True,,70,unprotected_max_risk,0.5007705930001385
main,compas,IID,Median,F Flip,,4242,aeod,0.24485840422095395,True,,70,unprotected_max_risk,0.5007705930001385
main,compas,IID,Median,F Flip,,4242,aspd,0.2559121887791846,True,,70,unprotected_max_risk,0.5007705930001385
main,compas,IID,Median,F Flip,,5050,accuracy,0.6862850971922246,True,,64,unprotected_max_risk,0.46663471579958005
main,compas,IID,Median,F Flip,,5050,aeod,0.24014778325123154,True,,64,unprotected_max_risk,0.46663471579958005
main,compas,IID,Median,F Flip,,5050,aspd,0.2264869325483485,True,,64,unprotected_max_risk,0.46663471579958005
main,compas,IID,Median,F Flip,,6060,accuracy,0.6879049676025918,True,,69,unprotected_max_risk,0.5904574301698884
main,compas,IID,Median,F Flip,,6060,aeod,0.29469333645260654,True,,69,unprotected_max_risk,0.5904574301698884
main,compas,IID,Median,F Flip,,6060,aspd,0.2957640937172818,True,,69,unprotected_max_risk,0.5904574301698884
main,compas,IID,Median,F Flip,,7070,accuracy,0.6727861771058316,True,,70,unprotected_max_risk,0.4257999888744072
main,compas,IID,Median,F Flip,,7070,aeod,0.22556818181818178,True,,70,unprotected_max_risk,0.4257999888744072
main,compas,IID,Median,F Flip,,7070,aspd,0.2002318070562254,True,,70,unprotected_max_risk,0.4257999888744072
main,compas,IID,SmartFL,Benign,,123,accuracy,0.6625269978401728,True,,,,
main,compas,IID,SmartFL,Benign,,123,aeod,0.1942916296953564,True,,,,
main,compas,IID,SmartFL,Benign,,123,aspd,0.22535941182169297,True,,,,
main,compas,IID,SmartFL,Benign,,456,accuracy,0.6641468682505399,True,,,,
main,compas,IID,SmartFL,Benign,,456,aeod,0.24352718360071307,True,,,,
main,compas,IID,SmartFL,Benign,,456,aspd,0.22594534909372313,True,,,,
main,compas,IID,SmartFL,Benign,,789,accuracy,0.6846652267818575,True,,,,
main,compas,IID,SmartFL,Benign,,789,aeod,0.2404833007242646,True,,,,
main,compas,IID,SmartFL,Benign,,789,aspd,0.23826287106928884,True,,,,
main,compas,IID,SmartFL,Benign,,1001,accuracy,0.6846652267818575,True,,,,
main,compas,IID,SmartFL,Benign,,1001,aeod,0.2834284352985219,True,,,,
main,compas,IID,SmartFL,Benign,,1001,aspd,0.26615675339394246,True,,,,
main,compas,IID,SmartFL,Benign,,2024,accuracy,0.7003239740820735,True,,,,
main,compas,IID,SmartFL,Benign,,2024,aeod,0.28379788854097154,True,,,,
main,compas,IID,SmartFL,Benign,,2024,aspd,0.21981635185183024,True,,,,
main,compas,IID,SmartFL,Benign,,3141,accuracy,0.6673866090712743,True,,,,
main,compas,IID,SmartFL,Benign,,3141,aeod,0.2719624563612431,True,,,,
main,compas,IID,SmartFL,Benign,,3141,aspd,0.24092876893645382,True,,,,
main,compas,IID,SmartFL,Benign,,4242,accuracy,0.6646868250539957,True,,,,
main,compas,IID,SmartFL,Benign,,4242,aeod,0.23296603376284647,True,,,,
main,compas,IID,SmartFL,Benign,,4242,aspd,0.2344846261498435,True,,,,
main,compas,IID,SmartFL,Benign,,5050,accuracy,0.6862850971922246,True,,,,
main,compas,IID,SmartFL,Benign,,5050,aeod,0.25608624259298923,True,,,,
main,compas,IID,SmartFL,Benign,,5050,aspd,0.22976444621340955,True,,,,
main,compas,IID,SmartFL,Benign,,6060,accuracy,0.693304535637149,True,,,,
main,compas,IID,SmartFL,Benign,,6060,aeod,0.2642609272039615,True,,,,
main,compas,IID,SmartFL,Benign,,6060,aspd,0.25725797697569996,True,,,,
main,compas,IID,SmartFL,Benign,,7070,accuracy,0.6700863930885529,True,,,,
main,compas,IID,SmartFL,Benign,,7070,aeod,0.21647727272727268,True,,,,
main,compas,IID,SmartFL,Benign,,7070,aspd,0.18726531869968616,True,,,,
main,compas,IID,SmartFL,F Flip,,123,accuracy,0.6690064794816415,True,,61,unprotected_max_risk,0.4824100888150446
main,compas,IID,SmartFL,F Flip,,123,aeod,0.23522626441881095,True,,61,unprotected_max_risk,0.4824100888150446
main,compas,IID,SmartFL,F Flip,,123,aspd,0.24718382439623365,True,,61,unprotected_max_risk,0.4824100888150446
main,compas,IID,SmartFL,F Flip,,456,accuracy,0.6771058315334774,True,,62,unprotected_max_risk,0.4908686433817781
main,compas,IID,SmartFL,F Flip,,456,aeod,0.2493761140819965,True,,62,unprotected_max_risk,0.4908686433817781
main,compas,IID,SmartFL,F Flip,,456,aspd,0.2414925292997816,True,,62,unprotected_max_risk,0.4908686433817781
main,compas,IID,SmartFL,F Flip,,789,accuracy,0.6819654427645788,True,,64,unprotected_max_risk,0.4973473400999088
main,compas,IID,SmartFL,F Flip,,789,aeod,0.2552431950022312,True,,64,unprotected_max_risk,0.4973473400999088
main,compas,IID,SmartFL,F Flip,,789,aspd,0.24210414509767758,True,,64,unprotected_max_risk,0.4973473400999088
main,compas,IID,SmartFL,F Flip,,1001,accuracy,0.6916846652267818,True,,65,unprotected_max_risk,0.5722666333060609
main,compas,IID,SmartFL,F Flip,,1001,aeod,0.2864062801329537,True,,65,unprotected_max_risk,0.5722666333060609
main,compas,IID,SmartFL,F Flip,,1001,aspd,0.28586035317310715,True,,65,unprotected_max_risk,0.5722666333060609
main,compas,IID,SmartFL,F Flip,,2024,accuracy,0.7051835853131749,True,,65,unprotected_max_risk,0.5045180191885426
main,compas,IID,SmartFL,F Flip,,2024,aeod,0.27905822767482846,True,,65,unprotected_max_risk,0.5045180191885426
main,compas,IID,SmartFL,F Flip,,2024,aspd,0.22545979151371404,True,,65,unprotected_max_risk,0.5045180191885426
main,compas,IID,SmartFL,F Flip,,3141,accuracy,0.673866090712743,True,,61,unprotected_max_risk,0.5432084107617008
main,compas,IID,SmartFL,F Flip,,3141,aeod,0.2866250786928403,True,,61,unprotected_max_risk,0.5432084107617008
main,compas,IID,SmartFL,F Flip,,3141,aspd,0.2565833320688605,True,,61,unprotected_max_risk,0.5432084107617008
main,compas,IID,SmartFL,F Flip,,4242,accuracy,0.6636069114470843,True,,70,unprotected_max_risk,0.4774769047809934
main,compas,IID,SmartFL,F Flip,,4242,aeod,0.23674072478853359,True,,70,unprotected_max_risk,0.4774769047809934
main,compas,IID,SmartFL,F Flip,,4242,aspd,0.24073617999245983,True,,70,unprotected_max_risk,0.4774769047809934
main,compas,IID,SmartFL,F Flip,,5050,accuracy,0.6841252699784017,True,,70,unprotected_max_risk,0.492353141130993
main,compas,IID,SmartFL,F Flip,,5050,aeod,0.2590847433426144,True,,70,unprotected_max_risk,0.492353141130993
main,compas,IID,SmartFL,F Flip,,5050,aspd,0.2332683977883786,True,,70,unprotected_max_risk,0.492353141130993
main,compas,IID,SmartFL,F Flip,,6060,accuracy,0.6781857451403888,True,,62,unprotected_max_risk,0.5372824281301603
main,compas,IID,SmartFL,F Flip,,6060,aeod,0.26391000896791056,True,,62,unprotected_max_risk,0.5372824281301603
main,compas,IID,SmartFL,F Flip,,6060,aspd,0.27337241916224975,True,,62,unprotected_max_risk,0.5372824281301603
main,compas,IID,SmartFL,F Flip,,7070,accuracy,0.6576673866090713,True,,67,unprotected_max_risk,0.4166613324480963
main,compas,IID,SmartFL,F Flip,,7070,aeod,0.22159090909090912,True,,67,unprotected_max_risk,0.4166613324480963
main,compas,IID,SmartFL,F Flip,,7070,aspd,0.19507042335718716,True,,67,unprotected_max_risk,0.4166613324480963
main,compas,non-IID,AdaAggRL,Benign,,123,accuracy,0.6733261339092873,True,,,,
main,compas,non-IID,AdaAggRL,Benign,,123,aeod,0.21407867494824018,True,,,,
main,compas,non-IID,AdaAggRL,Benign,,123,aspd,0.24038368386466485,True,,,,
main,compas,non-IID,AdaAggRL,Benign,,456,accuracy,0.6706263498920086,True,,,,
main,compas,non-IID,AdaAggRL,Benign,,456,aeod,0.2626559714795009,True,,,,
main,compas,non-IID,AdaAggRL,Benign,,456,aspd,0.24006853831994743,True,,,,
main,compas,non-IID,AdaAggRL,Benign,,789,accuracy,0.6825053995680346,True,,,,
main,compas,non-IID,AdaAggRL,Benign,,789,aeod,0.22203343287680638,True,,,,
main,compas,non-IID,AdaAggRL,Benign,,789,aspd,0.23286804622601537,True,,,,
main,compas,non-IID,AdaAggRL,Benign,,1001,accuracy,0.6857451403887689,True,,,,
main,compas,non-IID,AdaAggRL,Benign,,1001,aeod,0.2737291692663724,True,,,,
main,compas,non-IID,AdaAggRL,Benign,,1001,aspd,0.260635870332782,True,,,,
main,compas,non-IID,AdaAggRL,Benign,,3141,accuracy,0.6684665226781857,True,,,,
main,compas,non-IID,AdaAggRL,Benign,,3141,aeod,0.2850226063068735,True,,,,
main,compas,non-IID,AdaAggRL,Benign,,3141,aspd,0.2356413270195285,True,,,,
main,compas,non-IID,AdaAggRL,Benign,,4242,accuracy,0.6754859611231101,True,,,,
main,compas,non-IID,AdaAggRL,Benign,,4242,aeod,0.2360587679312779,True,,,,
main,compas,non-IID,AdaAggRL,Benign,,4242,aspd,0.23396171798675688,True,,,,
main,compas,non-IID,AdaAggRL,Benign,,2024,accuracy,0.7095032397408207,True,,,,
main,compas,non-IID,AdaAggRL,Benign,,2024,aeod,0.2611433362421505,True,,,,
main,compas,non-IID,AdaAggRL,Benign,,2024,aspd,0.21471449564457185,True,,,,
main,compas,non-IID,AdaAggRL,Benign,,5050,accuracy,0.6857451403887689,True,,,,
main,compas,non-IID,AdaAggRL,Benign,,5050,aeod,0.25240950953094876,True,,,,
main,compas,non-IID,AdaAggRL,Benign,,5050,aspd,0.22630134683868164,True,,,,
main,compas,non-IID,AdaAggRL,Benign,,6060,accuracy,0.6922246220302376,True,,,,
main,compas,non-IID,AdaAggRL,Benign,,6060,aeod,0.27808320661285924,True,,,,
main,compas,non-IID,AdaAggRL,Benign,,6060,aspd,0.2659233122497074,True,,,,
main,compas,non-IID,AdaAggRL,Benign,,7070,accuracy,0.6700863930885529,True,,,,
main,compas,non-IID,AdaAggRL,Benign,,7070,aeod,0.21875,True,,,,
main,compas,non-IID,AdaAggRL,Benign,,7070,aspd,0.18548182835772986,True,,,,
main,compas,non-IID,AdaAggRL,F Flip,,123,accuracy,0.6690064794816415,True,,61,unprotected_max_risk,0.45735569998874226
main,compas,non-IID,AdaAggRL,F Flip,,123,aeod,0.21493640934634722,True,,61,unprotected_max_risk,0.45735569998874226
main,compas,non-IID,AdaAggRL,F Flip,,123,aspd,0.24241929064239504,True,,61,unprotected_max_risk,0.45735569998874226
main,compas,non-IID,AdaAggRL,F Flip,,456,accuracy,0.6760259179265659,True,,66,unprotected_max_risk,0.47989744645754273
main,compas,non-IID,AdaAggRL,F Flip,,456,aeod,0.24241310160427804,True,,66,unprotected_max_risk,0.47989744645754273
main,compas,non-IID,AdaAggRL,F Flip,,456,aspd,0.2374843448532647,True,,66,unprotected_max_risk,0.47989744645754273
main,compas,non-IID,AdaAggRL,F Flip,,789,accuracy,0.6787257019438445,True,,64,unprotected_max_risk,0.46541917921144876
main,compas,non-IID,AdaAggRL,F Flip,,789,aeod,0.224178766347441,True,,64,unprotected_max_risk,0.46541917921144876
main,compas,non-IID,AdaAggRL,F Flip,,789,aspd,0.24124041286400777,True,,64,unprotected_max_risk,0.46541917921144876
main,compas,non-IID,AdaAggRL,F Flip,,1001,accuracy,0.6868250539956804,True,,69,unprotected_max_risk,0.5591700736815777
main,compas,non-IID,AdaAggRL,F Flip,,1001,aeod,0.286383591791358,True,,69,unprotected_max_risk,0.5591700736815777
main,compas,non-IID,AdaAggRL,F Flip,,1001,aspd,0.2727864818902196,True,,69,unprotected_max_risk,0.5591700736815777
main,compas,non-IID,AdaAggRL,F Flip,,3141,accuracy,0.6706263498920086,True,,68,unprotected_max_risk,0.5360935908128571
main,compas,non-IID,AdaAggRL,F Flip,,3141,aeod,0.2885537686716649,True,,68,unprotected_max_risk,0.5360935908128571
main,compas,non-IID,AdaAggRL,F Flip,,3141,aspd,0.24753982214119222,True,,68,unprotected_max_risk,0.5360935908128571
main,compas,non-IID,AdaAggRL,F Flip,,4242,accuracy,0.6700863930885529,True,,62,unprotected_max_risk,0.47243419138183523
main,compas,non-IID,AdaAggRL,F Flip,,4242,aeod,0.23299594415132263,True,,62,unprotected_max_risk,0.47243419138183523
main,compas,non-IID,AdaAggRL,F Flip,,4242,aspd,0.2394382472305126,True,,62,unprotected_max_risk,0.47243419138183523
main,compas,non-IID,AdaAggRL,F Flip,,2024,accuracy,0.7078833693304536,True,,62,unprotected_max_risk,0.4954121104186547
main,compas,non-IID,AdaAggRL,F Flip,,2024,aeod,0.2673716270554215,True,,62,unprotected_max_risk,0.4954121104186547
main,compas,non-IID,AdaAggRL,F Flip,,2024,aspd,0.22804048336323318,True,,62,unprotected_max_risk,0.4954121104186547
main,compas,non-IID,AdaAggRL,F Flip,,5050,accuracy,0.6765658747300216,True,,66,unprotected_max_risk,0.48864174955041606
main,compas,non-IID,AdaAggRL,F Flip,,5050,aeod,0.2572642250303419,True,,66,unprotected_max_risk,0.48864174955041606
main,compas,non-IID,AdaAggRL,F Flip,,5050,aspd,0.23137752452007415,True,,66,unprotected_max_risk,0.48864174955041606
main,compas,non-IID,AdaAggRL,F Flip,,6060,accuracy,0.6803455723542117,True,,68,unprotected_max_risk,0.5333456702158508
main,compas,non-IID,AdaAggRL,F Flip,,6060,aeod,0.26022536748937497,True,,68,unprotected_max_risk,0.5333456702158508
main,compas,non-IID,AdaAggRL,F Flip,,6060,aspd,0.27312030272647586,True,,68,unprotected_max_risk,0.5333456702158508
main,compas,non-IID,AdaAggRL,F Flip,,7070,accuracy,0.6646868250539957,True,,63,unprotected_max_risk,0.43675867448722794
main,compas,non-IID,AdaAggRL,F Flip,,7070,aeod,0.23409090909090907,True,,63,unprotected_max_risk,0.43675867448722794
main,compas,non-IID,AdaAggRL,F Flip,,7070,aspd,0.20266776539631887,True,,63,unprotected_max_risk,0.43675867448722794
main,compas,non-IID,FLAURA,Benign,,123,accuracy,0.6657667386609071,True,,,,
main,compas,non-IID,FLAURA,Benign,,123,aeod,0.20807453416149074,True,,,,
main,compas,non-IID,FLAURA,Benign,,123,aspd,0.24554506756370315,True,,,,
main,compas,non-IID,FLAURA,Benign,,456,accuracy,0.6684665226781857,True,,,,
main,compas,non-IID,FLAURA,Benign,,456,aeod,0.26793672014260245,True,,,,
main,compas,non-IID,FLAURA,Benign,,456,aspd,0.24502215940061656,True,,,,
main,compas,non-IID,FLAURA,Benign,,789,accuracy,0.6825053995680346,True,,,,
main,compas,non-IID,FLAURA,Benign,,789,aeod,0.21161569354340443,True,,,,
main,compas,non-IID,FLAURA,Benign,,789,aspd,0.23167049315608929,True,,,,
main,compas,non-IID,FLAURA,Benign,,1001,accuracy,0.6852051835853131,True,,,,
main,compas,non-IID,FLAURA,Benign,,1001,aeod,0.27663894907601727,True,,,,
main,compas,non-IID,FLAURA,Benign,,1001,aspd,0.2620633629297797,True,,,,
main,compas,non-IID,FLAURA,Benign,,3141,accuracy,0.6673866090712743,True,,,,
main,compas,non-IID,FLAURA,Benign,,3141,aeod,0.2804212213128827,True,,,,
main,compas,non-IID,FLAURA,Benign,,3141,aspd,0.23047994332049015,True,,,,
main,compas,non-IID,FLAURA,Benign,,4242,accuracy,0.673866090712743,True,,,,
main,compas,non-IID,FLAURA,Benign,,4242,aeod,0.22511754782671117,True,,,,
main,compas,non-IID,FLAURA,Benign,,4242,aspd,0.22896724470584662,True,,,,
main,compas,non-IID,FLAURA,Benign,,2024,accuracy,0.7035637149028078,True,,,,
main,compas,non-IID,FLAURA,Benign,,2024,aeod,0.2789897849186387,True,,,,
main,compas,non-IID,FLAURA,Benign,,2024,aspd,0.2238875654072906,True,,,,
main,compas,non-IID,FLAURA,Benign,,5050,accuracy,0.6900647948164147,True,,,,
main,compas,non-IID,FLAURA,Benign,,5050,aeod,0.23782751481402153,True,,,,
main,compas,non-IID,FLAURA,Benign,,5050,aspd,0.22071743466857774,True,,,,
main,compas,non-IID,FLAURA,Benign,,6060,accuracy,0.693304535637149,True,,,,
main,compas,non-IID,FLAURA,Benign,,6060,aeod,0.263032713377783,True,,,,
main,compas,non-IID,FLAURA,Benign,,6060,aspd,0.26145524874904724,True,,,,
main,compas,non-IID,FLAURA,Benign,,7070,accuracy,0.6668466522678186,True,,,,
main,compas,non-IID,FLAURA,Benign,,7070,aeod,0.22083333333333333,True,,,,
main,compas,non-IID,FLAURA,Benign,,7070,aspd,0.19656094506312832,True,,,,
main,compas,non-IID,FLAURA,F Flip,,123,accuracy,0.6722462203023758,True,,63,unprotected_max_risk,0.46106820246884295
main,compas,non-IID,FLAURA,F Flip,,123,aeod,0.21203785862170954,True,,63,unprotected_max_risk,0.46106820246884295
main,compas,non-IID,FLAURA,F Flip,,123,aspd,0.24903034384713338,True,,63,unprotected_max_risk,0.46106820246884295
main,compas,non-IID,FLAURA,F Flip,,456,accuracy,0.673866090712743,True,,65,unprotected_max_risk,0.504606272855451
main,compas,non-IID,FLAURA,F Flip,,456,aeod,0.25897950089126565,True,,65,unprotected_max_risk,0.504606272855451
main,compas,non-IID,FLAURA,F Flip,,456,aspd,0.24562677196418542,True,,65,unprotected_max_risk,0.504606272855451
main,compas,non-IID,FLAURA,F Flip,,789,accuracy,0.6830453563714903,True,,62,unprotected_max_risk,0.450723467225492
main,compas,non-IID,FLAURA,F Flip,,789,aeod,0.2211924621563176,True,,62,unprotected_max_risk,0.450723467225492
main,compas,non-IID,FLAURA,F Flip,,789,aspd,0.2295310050691744,True,,62,unprotected_max_risk,0.450723467225492
main,compas,non-IID,FLAURA,F Flip,,1001,accuracy,0.693304535637149,True,,69,unprotected_max_risk,0.5521555234002571
main,compas,non-IID,FLAURA,F Flip,,1001,aeod,0.2776485802770246,True,,69,unprotected_max_risk,0.5521555234002571
main,compas,non-IID,FLAURA,F Flip,,1001,aspd,0.2745069431232324,True,,69,unprotected_max_risk,0.5521555234002571
main,compas,non-IID,FLAURA,F Flip,,3141,accuracy,0.6711663066954644,True,,63,unprotected_max_risk,0.5287384734399447
main,compas,non-IID,FLAURA,F Flip,,3141,aeod,0.2849138671092543,True,,63,unprotected_max_risk,0.5287384734399447
main,compas,non-IID,FLAURA,F Flip,,3141,aspd,0.24382460633069036,True,,63,unprotected_max_risk,0.5287384734399447
main,compas,non-IID,FLAURA,F Flip,,4242,accuracy,0.66792656587473,True,,63,unprotected_max_risk,0.4844598679105913
main,compas,non-IID,FLAURA,F Flip,,4242,aeod,0.24298601390234853,True,,63,unprotected_max_risk,0.4844598679105913
main,compas,non-IID,FLAURA,F Flip,,4242,aspd,0.24147385400824278,True,,63,unprotected_max_risk,0.4844598679105913
main,compas,non-IID,FLAURA,F Flip,,2024,accuracy,0.6981641468682506,True,,65,unprotected_max_risk,0.48824547058596635
main,compas,non-IID,FLAURA,F Flip,,2024,aeod,0.2577725304998032,True,,65,unprotected_max_risk,0.48824547058596635
main,compas,non-IID,FLAURA,F Flip,,2024,aspd,0.23047294008616315,True,,65,unprotected_max_risk,0.48824547058596635
main,compas,non-IID,FLAURA,F Flip,,5050,accuracy,0.6846652267818575,True,,61,unprotected_max_risk,0.49392299778563675
main,compas,non-IID,FLAURA,F Flip,,5050,aeod,0.255408010280574,True,,61,unprotected_max_risk,0.49392299778563675
main,compas,non-IID,FLAURA,F Flip,,5050,aspd,0.23851498750506273,True,,61,unprotected_max_risk,0.49392299778563675
main,compas,non-IID,FLAURA,F Flip,,6060,accuracy,0.6695464362850972,True,,63,unprotected_max_risk,0.5471711967931583
main,compas,non-IID,FLAURA,F Flip,,6060,aeod,0.2564237532654891,True,,63,unprotected_max_risk,0.5471711967931583
main,compas,non-IID,FLAURA,F Flip,,6060,aspd,0.2907474435276692,True,,63,unprotected_max_risk,0.5471711967931583
main,compas,non-IID,FLAURA,F Flip,,7070,accuracy,0.6684665226781857,True,,70,unprotected_max_risk,0.41381825628944385
main,compas,non-IID,FLAURA,F Flip,,7070,aeod,0.22462121212121217,True,,70,unprotected_max_risk,0.41381825628944385
main,compas,non-IID,FLAURA,F Flip,,7070,aspd,0.1891970441682317,True,,70,unprotected_max_risk,0.41381825628944385
main,compas,non-IID,FLGMM,Benign,,123,accuracy,0.658207343412527,True,,,,
main,compas,non-IID,FLGMM,Benign,,123,aeod,0.20050280981958002,True,,,,
main,compas,non-IID,FLGMM,Benign,,123,aspd,0.21377606224474668,True,,,,
main,compas,non-IID,FLGMM,Benign,,456,accuracy,0.6722462203023758,True,,,,
main,compas,non-IID,FLGMM,Benign,,456,aeod,0.25589349376114084,True,,,,
main,compas,non-IID,FLGMM,Benign,,456,aspd,0.23914527859449755,True,,,,
main,compas,non-IID,FLGMM,Benign,,789,accuracy,0.6814254859611231,True,,,,
main,compas,non-IID,FLGMM,Benign,,789,aeod,0.21432739505028664,True,,,,
main,compas,non-IID,FLGMM,Benign,,789,aspd,0.2327419880081284,True,,,,
main,compas,non-IID,FLGMM,Benign,,1001,accuracy,0.6846652267818575,True,,,,
main,compas,non-IID,FLGMM,Benign,,1001,aeod,0.26309400914340164,True,,,,
main,compas,non-IID,FLGMM,Benign,,1001,aspd,0.2745886475237147,True,,,,
main,compas,non-IID,FLGMM,Benign,,3141,accuracy,0.6652267818574514,True,,,,
main,compas,non-IID,FLGMM,Benign,,3141,aeod,0.27448062725347677,True,,,,
main,compas,non-IID,FLGMM,Benign,,3141,aspd,0.22838130743381652,True,,,,
main,compas,non-IID,FLGMM,Benign,,4242,accuracy,0.661987041036717,True,,,,
main,compas,non-IID,FLGMM,Benign,,4242,aeod,0.22392711436536133,True,,,,
main,compas,non-IID,FLGMM,Benign,,4242,aspd,0.2284186580168941,True,,,,
main,compas,non-IID,FLGMM,Benign,,2024,accuracy,0.7100431965442765,True,,,,
main,compas,non-IID,FLGMM,Benign,,2024,aeod,0.2570196601817155,True,,,,
main,compas,non-IID,FLGMM,Benign,,2024,aspd,0.2155116971521347,True,,,,
main,compas,non-IID,FLGMM,Benign,,5050,accuracy,0.6884449244060475,True,,,,
main,compas,non-IID,FLGMM,Benign,,5050,aeod,0.2518205183122724,True,,,,
main,compas,non-IID,FLGMM,Benign,,5050,aspd,0.22212625197403668,True,,,,
main,compas,non-IID,FLGMM,Benign,,6060,accuracy,0.6943844492440605,True,,,,
main,compas,non-IID,FLGMM,Benign,,6060,aeod,0.2553320076422193,True,,,,
main,compas,non-IID,FLGMM,Benign,,6060,aspd,0.2569428314309825,True,,,,
main,compas,non-IID,FLGMM,Benign,,7070,accuracy,0.6722462203023758,True,,,,
main,compas,non-IID,FLGMM,Benign,,7070,aeod,0.21647727272727268,True,,,,
main,compas,non-IID,FLGMM,Benign,,7070,aspd,0.18955304191319022,True,,,,
main,compas,non-IID,FLGMM,F Flip,,123,accuracy,0.6657667386609071,True,,69,unprotected_max_risk,0.442185037701575
main,compas,non-IID,FLGMM,F Flip,,123,aeod,0.20280981958000588,True,,69,unprotected_max_risk,0.442185037701575
main,compas,non-IID,FLGMM,F Flip,,123,aspd,0.23937521812156914,True,,69,unprotected_max_risk,0.442185037701575
main,compas,non-IID,FLGMM,F Flip,,456,accuracy,0.6749460043196545,True,,69,unprotected_max_risk,0.5028861575449716
main,compas,non-IID,FLGMM,F Flip,,456,aeod,0.2568181818181818,True,,69,unprotected_max_risk,0.5028861575449716
main,compas,non-IID,FLGMM,F Flip,,456,aspd,0.2460679757267898,True,,69,unprotected_max_risk,0.5028861575449716
main,compas,non-IID,FLGMM,F Flip,,789,accuracy,0.6733261339092873,True,,61,unprotected_max_risk,0.4682765081720005
main,compas,non-IID,FLGMM,F Flip,,789,aeod,0.22632409981807572,True,,61,unprotected_max_risk,0.4682765081720005
main,compas,non-IID,FLGMM,F Flip,,789,aspd,0.24195240835392479,True,,61,unprotected_max_risk,0.4682765081720005
main,compas,non-IID,FLGMM,F Flip,,1001,accuracy,0.6841252699784017,True,,61,unprotected_max_risk,0.5528842141254056
main,compas,non-IID,FLGMM,F Flip,,1001,aeod,0.2699231999636986,True,,61,unprotected_max_risk,0.5528842141254056
main,compas,non-IID,FLGMM,F Flip,,1001,aspd,0.282961014161707,True,,61,unprotected_max_risk,0.5528842141254056
main,compas,non-IID,FLGMM,F Flip,,3141,accuracy,0.6749460043196545,True,,63,unprotected_max_risk,0.5483620101344544
main,compas,non-IID,FLGMM,F Flip,,3141,aeod,0.29299490642705894,True,,63,unprotected_max_risk,0.5483620101344544
main,compas,non-IID,FLGMM,F Flip,,3141,aspd,0.2553671037073955,True,,63,unprotected_max_risk,0.5483620101344544
main,compas,non-IID,FLGMM,F Flip,,4242,accuracy,0.6711663066954644,True,,68,unprotected_max_risk,0.48182877483244796
main,compas,non-IID,FLGMM,F Flip,,4242,aeod,0.2462283000131606,True,,68,unprotected_max_risk,0.48182877483244796
main,compas,non-IID,FLGMM,F Flip,,4242,aspd,0.23560047481928736,True,,68,unprotected_max_risk,0.48182877483244796
main,compas,non-IID,FLGMM,F Flip,,2024,accuracy,0.7051835853131749,True,,61,unprotected_max_risk,0.5017012778915324
main,compas,non-IID,FLGMM,F Flip,,2024,aeod,0.270827986243006,True,,61,unprotected_max_risk,0.5017012778915324
main,compas,non-IID,FLGMM,F Flip,,2024,aspd,0.23087329164852632,True,,61,unprotected_max_risk,0.5017012778915324
main,compas,non-IID,FLGMM,F Flip,,5050,accuracy,0.6798056155507559,True,,61,unprotected_max_risk,0.48850263397370314
main,compas,non-IID,FLGMM,F Flip,,5050,aeod,0.2557828228742771,True,,61,unprotected_max_risk,0.48850263397370314
main,compas,non-IID,FLGMM,F Flip,,5050,aspd,0.23271981109942602,True,,61,unprotected_max_risk,0.48850263397370314
main,compas,non-IID,FLGMM,F Flip,,6060,accuracy,0.6760259179265659,True,,66,unprotected_max_risk,0.5386421976053128
main,compas,non-IID,FLGMM,F Flip,,6060,aeod,0.26010839474402464,True,,66,unprotected_max_risk,0.5386421976053128
main,compas,non-IID,FLGMM,F Flip,,6060,aspd,0.27853380286128815,True,,66,unprotected_max_risk,0.5386421976053128
main,compas,non-IID,FLGMM,F Flip,,7070,accuracy,0.661987041036717,True,,63,unprotected_max_risk,0.4337215178813618
main,compas,non-IID,FLGMM,F Flip,,7070,aeod,0.22178030303030305,True,,63,unprotected_max_risk,0.4337215178813618
main,compas,non-IID,FLGMM,F Flip,,7070,aspd,0.21194121485105877,True,,63,unprotected_max_risk,0.4337215178813618
main,compas,non-IID,FLTG,Benign,,123,accuracy,0.6609071274298056,True,,,,
main,compas,non-IID,FLTG,Benign,,123,aeod,0.21407867494824018,True,,,,
main,compas,non-IID,FLTG,Benign,,123,aspd,0.2515480065877091,True,,,,
main,compas,non-IID,FLTG,Benign,,456,accuracy,0.67170626349892,True,,,,
main,compas,non-IID,FLTG,Benign,,456,aeod,0.2580548128342246,True,,,,
main,compas,non-IID,FLTG,Benign,,456,aspd,0.24197808687979067,True,,,,
main,compas,non-IID,FLTG,Benign,,789,accuracy,0.6825053995680346,True,,,,
main,compas,non-IID,FLTG,Benign,,789,aeod,0.2626231421412144,True,,,,
main,compas,non-IID,FLTG,Benign,,789,aspd,0.24575633179923595,True,,,,
main,compas,non-IID,FLTG,Benign,,1001,accuracy,0.6879049676025918,True,,,,
main,compas,non-IID,FLTG,Benign,,1001,aeod,0.26498281358124126,True,,,,
main,compas,non-IID,FLTG,Benign,,1001,aspd,0.25624951123260425,True,,,,
main,compas,non-IID,FLTG,Benign,,3141,accuracy,0.6684665226781857,True,,,,
main,compas,non-IID,FLTG,Benign,,3141,aeod,0.28015223487666685,True,,,,
main,compas,non-IID,FLTG,Benign,,3141,aspd,0.2334796620239114,True,,,,
main,compas,non-IID,FLTG,Benign,,4242,accuracy,0.6657667386609071,True,,,,
main,compas,non-IID,FLTG,Benign,,4242,aeod,0.22386729358840907,True,,,,
main,compas,non-IID,FLTG,Benign,,4242,aspd,0.23125146630218718,True,,,,
main,compas,non-IID,FLTG,Benign,,2024,accuracy,0.6938444924406048,True,,,,
main,compas,non-IID,FLTG,Benign,,2024,aeod,0.2713755282925243,True,,,,
main,compas,non-IID,FLTG,Benign,,2024,aspd,0.21765468685621314,True,,,,
main,compas,non-IID,FLTG,Benign,,5050,accuracy,0.6900647948164147,True,,,,
main,compas,non-IID,FLTG,Benign,,5050,aeod,0.2551581352181052,True,,,,
main,compas,non-IID,FLTG,Benign,,5050,aspd,0.2208878467038694,True,,,,
main,compas,non-IID,FLTG,Benign,,6060,accuracy,0.6943844492440605,True,,,,
main,compas,non-IID,FLTG,Benign,,6060,aeod,0.28767497173158657,True,,,,
main,compas,non-IID,FLTG,Benign,,6060,aspd,0.27406573936062806,True,,,,
main,compas,non-IID,FLTG,Benign,,7070,accuracy,0.6652267818574514,True,,,,
main,compas,non-IID,FLTG,Benign,,7070,aeod,0.20511363636363633,True,,,,
main,compas,non-IID,FLTG,Benign,,7070,aspd,0.20555659955622835,True,,,,
main,compas,non-IID,FLTG,F Flip,,123,accuracy,0.6592872570194385,True,,65,unprotected_max_risk,0.48048489503800024
main,compas,non-IID,FLTG,F Flip,,123,aeod,0.22023070097604264,True,,65,unprotected_max_risk,0.48048489503800024
main,compas,non-IID,FLTG,F Flip,,123,aspd,0.2602541940619576,True,,65,unprotected_max_risk,0.48048489503800024
main,compas,non-IID,FLTG,F Flip,,456,accuracy,0.6727861771058316,True,,63,unprotected_max_risk,0.5193416124847585
main,compas,non-IID,FLTG,F Flip,,456,aeod,0.2640597147950089,True,,63,unprotected_max_risk,0.5193416124847585
main,compas,non-IID,FLTG,F Flip,,456,aspd,0.2552818976897497,True,,63,unprotected_max_risk,0.5193416124847585
main,compas,non-IID,FLTG,F Flip,,789,accuracy,0.6803455723542117,True,,63,unprotected_max_risk,0.5198796532687107
main,compas,non-IID,FLTG,F Flip,,789,aeod,0.27336697216215294,True,,63,unprotected_max_risk,0.5198796532687107
main,compas,non-IID,FLTG,F Flip,,789,aspd,0.2465126811065577,True,,63,unprotected_max_risk,0.5198796532687107
main,compas,non-IID,FLTG,F Flip,,1001,accuracy,0.6889848812095032,True,,65,unprotected_max_risk,0.5463771370021739
main,compas,non-IID,FLTG,F Flip,,1001,aeod,0.2795714172272578,True,,65,unprotected_max_risk,0.5463771370021739
main,compas,non-IID,FLTG,F Flip,,1001,aspd,0.2668057197749161,True,,65,unprotected_max_risk,0.5463771370021739
main,compas,non-IID,FLTG,F Flip,,3141,accuracy,0.6668466522678186,True,,69,unprotected_max_risk,0.5249132212923848
main,compas,non-IID,FLTG,F Flip,,3141,aeod,0.2875922852400847,True,,69,unprotected_max_risk,0.5249132212923848
main,compas,non-IID,FLTG,F Flip,,3141,aspd,0.23732093605230015,True,,69,unprotected_max_risk,0.5249132212923848
main,compas,non-IID,FLTG,F Flip,,4242,accuracy,0.6641468682505399,True,,61,unprotected_max_risk,0.49528910397343684
main,compas,non-IID,FLTG,F Flip,,4242,aeod,0.2507746790615317,True,,61,unprotected_max_risk,0.49528910397343684
main,compas,non-IID,FLTG,F Flip,,4242,aspd,0.24451442491190511,True,,61,unprotected_max_risk,0.49528910397343684
main,compas,non-IID,FLTG,F Flip,,2024,accuracy,0.6976241900647948,True,,64,unprotected_max_risk,0.4986308989347766
main,compas,non-IID,FLTG,F Flip,,2024,aeod,0.28171038447718294,True,,64,unprotected_max_risk,0.4986308989347766
main,compas,non-IID,FLTG,F Flip,,2024,aspd,0.21692051445759364,True,,64,unprotected_max_risk,0.4986308989347766
main,compas,non-IID,FLTG,F Flip,,5050,accuracy,0.6900647948164147,True,,65,unprotected_max_risk,0.49595650758041754
main,compas,non-IID,FLTG,F Flip,,5050,aeod,0.2672413793103448,True,,65,unprotected_max_risk,0.49595650758041754
main,compas,non-IID,FLTG,F Flip,,5050,aspd,0.2287151282700727,True,,65,unprotected_max_risk,0.49595650758041754
main,compas,non-IID,FLTG,F Flip,,6060,accuracy,0.6911447084233261,True,,67,unprotected_max_risk,0.5827195466998192
main,compas,non-IID,FLTG,F Flip,,6060,aeod,0.2968183413264709,True,,67,unprotected_max_risk,0.5827195466998192
main,compas,non-IID,FLTG,F Flip,,6060,aspd,0.28590120537334823,True,,67,unprotected_max_risk,0.5827195466998192
main,compas,non-IID,FLTG,F Flip,,7070,accuracy,0.661987041036717,True,,68,unprotected_max_risk,0.4516343840112483
main,compas,non-IID,FLTG,F Flip,,7070,aeod,0.2410984848484849,True,,68,unprotected_max_risk,0.4516343840112483
main,compas,non-IID,FLTG,F Flip,,7070,aspd,0.21053589916276338,True,,68,unprotected_max_risk,0.4516343840112483
main,compas,non-IID,FLTrust,Benign,,123,accuracy,0.6630669546436285,True,,,,
main,compas,non-IID,FLTrust,Benign,,123,aeod,0.2164744158532978,True,,,,
main,compas,non-IID,FLTrust,Benign,,123,aspd,0.25488154612738656,True,,,,
main,compas,non-IID,FLTrust,Benign,,456,accuracy,0.6744060475161987,True,,,,
main,compas,non-IID,FLTrust,Benign,,456,aeod,0.23233065953654192,True,,,,
main,compas,non-IID,FLTrust,Benign,,456,aspd,0.24203761437157062,True,,,,
main,compas,non-IID,FLTrust,Benign,,789,accuracy,0.6825053995680346,True,,,,
main,compas,non-IID,FLTrust,Benign,,789,aeod,0.25917344592043384,True,,,,
main,compas,non-IID,FLTrust,Benign,,789,aspd,0.23085811797415107,True,,,,
main,compas,non-IID,FLTrust,Benign,,1001,accuracy,0.6879049676025918,True,,,,
main,compas,non-IID,FLTrust,Benign,,1001,aeod,0.26692833887307005,True,,,,
main,compas,non-IID,FLTrust,Benign,,1001,aspd,0.2561864821236608,True,,,,
main,compas,non-IID,FLTrust,Benign,,3141,accuracy,0.6684665226781857,True,,,,
main,compas,non-IID,FLTrust,Benign,,3141,aeod,0.27817203685686487,True,,,,
main,compas,non-IID,FLTrust,Benign,,3141,aspd,0.23354269113285486,True,,,,
main,compas,non-IID,FLTrust,Benign,,4242,accuracy,0.6657667386609071,True,,,,
main,compas,non-IID,FLTrust,Benign,,4242,aeod,0.2258892358493952,True,,,,
main,compas,non-IID,FLTrust,Benign,,4242,aspd,0.22934191774234403,True,,,,
main,compas,non-IID,FLTrust,Benign,,2024,accuracy,0.6927645788336934,True,,,,
main,compas,non-IID,FLTrust,Benign,,2024,aeod,0.27060554728538916,True,,,,
main,compas,non-IID,FLTrust,Benign,,2024,aspd,0.21534828835117015,True,,,,
main,compas,non-IID,FLTrust,Benign,,5050,accuracy,0.6889848812095032,True,,,,
main,compas,non-IID,FLTrust,Benign,,5050,aeod,0.228064539158992,True,,,,
main,compas,non-IID,FLTrust,Benign,,5050,aspd,0.21773639125669536,True,,,,
main,compas,non-IID,FLTrust,Benign,,6060,accuracy,0.693304535637149,True,,,,
main,compas,non-IID,FLTrust,Benign,,6060,aeod,0.2793114204390377,True,,,,
main,compas,non-IID,FLTrust,Benign,,6060,aspd,0.26611239957653776,True,,,,
main,compas,non-IID,FLTrust,Benign,,7070,accuracy,0.66792656587473,True,,,,
main,compas,non-IID,FLTrust,Benign,,7070,aeod,0.20700757575757583,True,,,,
main,compas,non-IID,FLTrust,Benign,,7070,aspd,0.20688371246120502,True,,,,
main,compas,non-IID,FLTrust,F Flip,,123,accuracy,0.6630669546436285,True,,66,unprotected_max_risk,0.47036196737909125
main,compas,non-IID,FLTrust,F Flip,,123,aeod,0.21529133392487432,True,,66,unprotected_max_risk,0.47036196737909125
main,compas,non-IID,FLTrust,F Flip,,123,aspd,0.25507063345421693,True,,66,unprotected_max_risk,0.47036196737909125
main,compas,non-IID,FLTrust,F Flip,,456,accuracy,0.673866090712743,True,,63,unprotected_max_risk,0.5080832649820992
main,compas,non-IID,FLTrust,F Flip,,456,aeod,0.2608177361853833,True,,63,unprotected_max_risk,0.5080832649820992
main,compas,non-IID,FLTrust,F Flip,,456,aspd,0.24726552879671593,True,,63,unprotected_max_risk,0.5080832649820992
main,compas,non-IID,FLTrust,F Flip,,789,accuracy,0.6803455723542117,True,,67,unprotected_max_risk,0.5186850172114692
main,compas,non-IID,FLTrust,F Flip,,789,aeod,0.2742079428826417,True,,67,unprotected_max_risk,0.5186850172114692
main,compas,non-IID,FLTrust,F Flip,,789,aspd,0.24447707432882754,True,,67,unprotected_max_risk,0.5186850172114692
main,compas,non-IID,FLTrust,F Flip,,1001,accuracy,0.6862850971922246,True,,69,unprotected_max_risk,0.54746796117077
main,compas,non-IID,FLTrust,F Flip,,1001,aeod,0.28055836008666946,True,,69,unprotected_max_risk,0.54746796117077
main,compas,non-IID,FLTrust,F Flip,,1001,aspd,0.2669096010841006,True,,69,unprotected_max_risk,0.54746796117077
main,compas,non-IID,FLTrust,F Flip,,3141,accuracy,0.6673866090712743,True,,62,unprotected_max_risk,0.5350643714599854
main,compas,non-IID,FLTrust,F Flip,,3141,aeod,0.292622903908888,True,,62,unprotected_max_risk,0.5350643714599854
main,compas,non-IID,FLTrust,F Flip,,3141,aspd,0.24244146755109736,True,,62,unprotected_max_risk,0.5350643714599854
main,compas,non-IID,FLTrust,F Flip,,4242,accuracy,0.6657667386609071,True,,61,unprotected_max_risk,0.49374350395590766
main,compas,non-IID,FLTrust,F Flip,,4242,aeod,0.24780158644700484,True,,61,unprotected_max_risk,0.49374350395590766
main,compas,non-IID,FLTrust,F Flip,,4242,aspd,0.24594191750890282,True,,61,unprotected_max_risk,0.49374350395590766
main,compas,non-IID,FLTrust,F Flip,,2024,accuracy,0.6943844492440605,True,,70,unprotected_max_risk,0.5013350623881867
main,compas,non-IID,FLTrust,F Flip,,2024,aeod,0.2830279075338364,True,,70,unprotected_max_risk,0.5013350623881867
main,compas,non-IID,FLTrust,F Flip,,2024,aspd,0.21830715485435026,True,,70,unprotected_max_risk,0.5013350623881867
main,compas,non-IID,FLTrust,F Flip,,5050,accuracy,0.6911447084233261,True,,61,unprotected_max_risk,0.49893652757279083
main,compas,non-IID,FLTrust,F Flip,,5050,aeod,0.2644927536231884,True,,61,unprotected_max_risk,0.49893652757279083
main,compas,non-IID,FLTrust,F Flip,,5050,aspd,0.23444377394960242,True,,61,unprotected_max_risk,0.49893652757279083
main,compas,non-IID,FLTrust,F Flip,,6060,accuracy,0.6911447084233261,True,,67,unprotected_max_risk,0.5848812116954363
main,compas,non-IID,FLTrust,F Flip,,6060,aeod,0.2968183413264709,True,,67,unprotected_max_risk,0.5848812116954363
main,compas,non-IID,FLTrust,F Flip,,6060,aspd,0.2880628703689654,True,,67,unprotected_max_risk,0.5848812116954363
main,compas,non-IID,FLTrust,F Flip,,7070,accuracy,0.6641468682505399,True,,70,unprotected_max_risk,0.44279559135611296
main,compas,non-IID,FLTrust,F Flip,,7070,aeod,0.23200757575757575,True,,70,unprotected_max_risk,0.44279559135611296
main,compas,non-IID,FLTrust,F Flip,,7070,aspd,0.21078801559853722,True,,70,unprotected_max_risk,0.44279559135611296
main,compas,non-IID,FLTrust+FairGuard,Benign,,123,accuracy,0.6700863930885529,True,,,,
main,compas,non-IID,FLTrust+FairGuard,Benign,,123,aeod,0.19068322981366465,True,,,,
main,compas,non-IID,FLTrust+FairGuard,Benign,,123,aspd,0.24109567935458187,True,,,,
main,compas,non-IID,FLTrust+FairGuard,Benign,,456,accuracy,0.6711663066954644,True,,,,
main,compas,non-IID,FLTrust+FairGuard,Benign,,456,aeod,0.24377228163992876,True,,,,
main,compas,non-IID,FLTrust+FairGuard,Benign,,456,aspd,0.23700228889041924,True,,,,
main,compas,non-IID,FLTrust+FairGuard,Benign,,789,accuracy,0.6852051835853131,True,,,,
main,compas,non-IID,FLTrust+FairGuard,Benign,,789,aeod,0.2755637936360828,True,,,,
main,compas,non-IID,FLTrust+FairGuard,Benign,,789,aspd,0.24424713480175594,True,,,,
main,compas,non-IID,FLTrust+FairGuard,Benign,,1001,accuracy,0.6825053995680346,True,,,,
main,compas,non-IID,FLTrust+FairGuard,Benign,,1001,aeod,0.25228868645846325,True,,,,
main,compas,non-IID,FLTrust+FairGuard,Benign,,1001,aspd,0.24172947206118026,True,,,,
main,compas,non-IID,FLTrust+FairGuard,Benign,,3141,accuracy,0.6630669546436285,True,,,,
main,compas,non-IID,FLTrust+FairGuard,Benign,,3141,aeod,0.26591884621988204,True,,,,
main,compas,non-IID,FLTrust+FairGuard,Benign,,3141,aspd,0.21895962285248738,True,,,,
main,compas,non-IID,FLTrust+FairGuard,Benign,,4242,accuracy,0.6727861771058316,True,,,,
main,compas,non-IID,FLTrust+FairGuard,Benign,,4242,aeod,0.2407247885335535,True,,,,
main,compas,non-IID,FLTrust+FairGuard,Benign,,4242,aspd,0.2443883666940182,True,,,,
main,compas,non-IID,FLTrust+FairGuard,Benign,,2024,accuracy,0.6981641468682506,True,,,,
main,compas,non-IID,FLTrust+FairGuard,Benign,,2024,aeod,0.28451653748096434,True,,,,
main,compas,non-IID,FLTrust+FairGuard,Benign,,2024,aspd,0.23190393430032435,True,,,,
main,compas,non-IID,FLTrust+FairGuard,Benign,,5050,accuracy,0.6787257019438445,True,,,,
main,compas,non-IID,FLTrust+FairGuard,Benign,,5050,aeod,0.24703719568787036,True,,,,
main,compas,non-IID,FLTrust+FairGuard,Benign,,5050,aspd,0.2267390489841225,True,,,,
main,compas,non-IID,FLTrust+FairGuard,Benign,,6060,accuracy,0.6781857451403888,True,,,,
main,compas,non-IID,FLTrust+FairGuard,Benign,,6060,aeod,0.2654696455725816,True,,,,
main,compas,non-IID,FLTrust+FairGuard,Benign,,6060,aspd,0.2708325795129718,True,,,,
main,compas,non-IID,FLTrust+FairGuard,Benign,,7070,accuracy,0.6636069114470843,True,,,,
main,compas,non-IID,FLTrust+FairGuard,Benign,,7070,aeod,0.21628787878787875,True,,,,
main,compas,non-IID,FLTrust+FairGuard,Benign,,7070,aspd,0.20210050341582753,True,,,,
main,compas,non-IID,FLTrust+FairGuard,F Flip,,123,accuracy,0.6549676025917927,True,,65,fairness_defended_min_risk,0.42314500821842116
main,compas,non-IID,FLTrust+FairGuard,F Flip,,123,aeod,0.1977225672877847,True,,65,fairness_defended_min_risk,0.42314500821842116
main,compas,non-IID,FLTrust+FairGuard,F Flip,,123,aspd,0.2254224409306365,True,,65,fairness_defended_min_risk,0.42314500821842116
main,compas,non-IID,FLTrust+FairGuard,F Flip,,456,accuracy,0.6808855291576674,True,,65,fairness_defended_min_risk,0.4641567990293975
main,compas,non-IID,FLTrust+FairGuard,F Flip,,456,aeod,0.22745098039215683,True,,65,fairness_defended_min_risk,0.4641567990293975
main,compas,non-IID,FLTrust+FairGuard,F Flip,,456,aspd,0.23670581863724066,True,,65,fairness_defended_min_risk,0.4641567990293975
main,compas,non-IID,FLTrust+FairGuard,F Flip,,789,accuracy,0.6663066954643628,True,,64,fairness_defended_min_risk,0.4195966435261439
main,compas,non-IID,FLTrust+FairGuard,F Flip,,789,aeod,0.21775992860330207,True,,64,fairness_defended_min_risk,0.4195966435261439
main,compas,non-IID,FLTrust+FairGuard,F Flip,,789,aspd,0.20183671492284186,True,,64,fairness_defended_min_risk,0.4195966435261439
main,compas,non-IID,FLTrust+FairGuard,F Flip,,1001,accuracy,0.6846652267818575,True,,64,fairness_defended_min_risk,0.5041681239052092
main,compas,non-IID,FLTrust+FairGuard,F Flip,,1001,aeod,0.24271987839048903,True,,64,fairness_defended_min_risk,0.5041681239052092
main,compas,non-IID,FLTrust+FairGuard,F Flip,,1001,aspd,0.2614482455147202,True,,64,fairness_defended_min_risk,0.5041681239052092
main,compas,non-IID,FLTrust+FairGuard,F Flip,,3141,accuracy,0.6630669546436285,True,,64,fairness_defended_min_risk,0.47599456426317005
main,compas,non-IID,FLTrust+FairGuard,F Flip,,3141,aeod,0.2607279803124822,True,,64,fairness_defended_min_risk,0.47599456426317005
main,compas,non-IID,FLTrust+FairGuard,F Flip,,3141,aspd,0.21526658395068787,True,,64,fairness_defended_min_risk,0.47599456426317005
main,compas,non-IID,FLTrust+FairGuard,F Flip,,4242,accuracy,0.66792656587473,True,,65,fairness_defended_min_risk,0.4872800483155653
main,compas,non-IID,FLTrust+FairGuard,F Flip,,4242,aeod,0.23974372779153658,True,,65,fairness_defended_min_risk,0.4872800483155653
main,compas,non-IID,FLTrust+FairGuard,F Flip,,4242,aspd,0.24753632052402874,True,,65,fairness_defended_min_risk,0.4872800483155653
main,compas,non-IID,FLTrust+FairGuard,F Flip,,2024,accuracy,0.7008639308855291,True,,70,fairness_defended_min_risk,0.48550352144615
main,compas,non-IID,FLTrust+FairGuard,F Flip,,2024,aeod,0.2693393562958781,True,,70,fairness_defended_min_risk,0.48550352144615
main,compas,non-IID,FLTrust+FairGuard,F Flip,,2024,aspd,0.21616416515027193,True,,70,fairness_defended_min_risk,0.48550352144615
main,compas,non-IID,FLTrust+FairGuard,F Flip,,5050,accuracy,0.677645788336933,True,,66,fairness_defended_min_risk,0.46766612873465685
main,compas,non-IID,FLTrust+FairGuard,F Flip,,5050,aeod,0.23773827372028272,True,,66,fairness_defended_min_risk,0.46766612873465685
main,compas,non-IID,FLTrust+FairGuard,F Flip,,5050,aspd,0.22992785501437413,True,,66,fairness_defended_min_risk,0.46766612873465685
main,compas,non-IID,FLTrust+FairGuard,F Flip,,6060,accuracy,0.6916846652267818,True,,65,fairness_defended_min_risk,0.5331691567124333
main,compas,non-IID,FLTrust+FairGuard,F Flip,,6060,aeod,0.26804304597028894,True,,65,fairness_defended_min_risk,0.5331691567124333
main,compas,non-IID,FLTrust+FairGuard,F Flip,,6060,aspd,0.26512611074214437,True,,65,fairness_defended_min_risk,0.5331691567124333
main,compas,non-IID,FLTrust+FairGuard,F Flip,,7070,accuracy,0.6652267818574514,True,,68,fairness_defended_min_risk,0.4022597765947027
main,compas,non-IID,FLTrust+FairGuard,F Flip,,7070,aeod,0.2068181818181818,True,,68,fairness_defended_min_risk,0.4022597765947027
main,compas,non-IID,FLTrust+FairGuard,F Flip,,7070,aspd,0.1954415947765209,True,,68,fairness_defended_min_risk,0.4022597765947027
main,compas,non-IID,FairFed,Benign,,123,accuracy,0.67170626349892,True,,,,
main,compas,non-IID,FairFed,Benign,,123,aeod,0.2238391008577344,True,,,,
main,compas,non-IID,FairFed,Benign,,123,aspd,0.23811813755986308,True,,,,
main,compas,non-IID,FairFed,Benign,,456,accuracy,0.6695464362850972,True,,,,
main,compas,non-IID,FairFed,Benign,,456,aeod,0.24649064171122997,True,,,,
main,compas,non-IID,FairFed,Benign,,456,aspd,0.2354300627839957,True,,,,
main,compas,non-IID,FairFed,Benign,,789,accuracy,0.6808855291576674,True,,,,
main,compas,non-IID,FairFed,Benign,,789,aeod,0.24837812789620017,True,,,,
main,compas,non-IID,FairFed,Benign,,789,aspd,0.23561915011082618,True,,,,
main,compas,non-IID,FairFed,Benign,,1001,accuracy,0.6862850971922246,True,,,,
main,compas,non-IID,FairFed,Benign,,1001,aeod,0.2746990958695874,True,,,,
main,compas,non-IID,FairFed,Benign,,1001,aspd,0.2618742756029493,True,,,,
main,compas,non-IID,FairFed,Benign,,3141,accuracy,0.66792656587473,True,,,,
main,compas,non-IID,FairFed,Benign,,3141,aeod,0.26811079951925826,True,,,,
main,compas,non-IID,FairFed,Benign,,3141,aspd,0.22657564018315793,True,,,,
main,compas,non-IID,FairFed,Benign,,4242,accuracy,0.6765658747300216,True,,,,
main,compas,non-IID,FairFed,Benign,,4242,aeod,0.22407666630774198,True,,,,
main,compas,non-IID,FairFed,Benign,,4242,aspd,0.23192611120902673,True,,,,
main,compas,non-IID,FairFed,Benign,,2024,accuracy,0.7046436285097192,True,,,,
main,compas,non-IID,FairFed,Benign,,2024,aeod,0.27281282617250996,True,,,,
main,compas,non-IID,FairFed,Benign,,2024,aspd,0.2189339443266215,True,,,,
main,compas,non-IID,FairFed,Benign,,5050,accuracy,0.6857451403887689,True,,,,
main,compas,non-IID,FairFed,Benign,,5050,aeod,0.25447990290569,True,,,,
main,compas,non-IID,FairFed,Benign,,5050,aspd,0.2327233127165896,True,,,,
main,compas,non-IID,FairFed,Benign,,6060,accuracy,0.6976241900647948,True,,,,
main,compas,non-IID,FairFed,Benign,,6060,aeod,0.2846726712675947,True,,,,
main,compas,non-IID,FairFed,Benign,,6060,aspd,0.26718389442857693,True,,,,
main,compas,non-IID,FairFed,Benign,,7070,accuracy,0.6754859611231101,True,,,,
main,compas,non-IID,FairFed,Benign,,7070,aeod,0.21685606060606066,True,,,,
main,compas,non-IID,FairFed,Benign,,7070,aspd,0.1798162117871437,True,,,,
main,compas,non-IID,FairFed,F Flip,,123,accuracy,0.67170626349892,True,,70,fairness_defended_min_risk,0.4629684451781392
main,compas,non-IID,FairFed,F Flip,,123,aeod,0.2165631469979296,True,,70,fairness_defended_min_risk,0.4629684451781392
main,compas,non-IID,FairFed,F Flip,,123,aspd,0.24640529818020956,True,,70,fairness_defended_min_risk,0.4629684451781392
main,compas,non-IID,FairFed,F Flip,,456,accuracy,0.6754859611231101,True,,61,fairness_defended_min_risk,0.4536516167785153
main,compas,non-IID,FairFed,F Flip,,456,aeod,0.229367201426025,True,,61,fairness_defended_min_risk,0.4536516167785153
main,compas,non-IID,FairFed,F Flip,,456,aspd,0.22428441535249027,True,,61,fairness_defended_min_risk,0.4536516167785153
main,compas,non-IID,FairFed,F Flip,,789,accuracy,0.6846652267818575,True,,70,fairness_defended_min_risk,0.46568674592848014
main,compas,non-IID,FairFed,F Flip,,789,aeod,0.23193629217725603,True,,70,fairness_defended_min_risk,0.46568674592848014
main,compas,non-IID,FairFed,F Flip,,789,aspd,0.2337504537512241,True,,70,fairness_defended_min_risk,0.46568674592848014
main,compas,non-IID,FairFed,F Flip,,1001,accuracy,0.6803455723542117,True,,62,fairness_defended_min_risk,0.5388056938651762
main,compas,non-IID,FairFed,F Flip,,1001,aeod,0.2621184104547878,True,,62,fairness_defended_min_risk,0.5388056938651762
main,compas,non-IID,FairFed,F Flip,,1001,aspd,0.2766872834103884,True,,62,fairness_defended_min_risk,0.5388056938651762
main,compas,non-IID,FairFed,F Flip,,3141,accuracy,0.6706263498920086,True,,67,fairness_defended_min_risk,0.5249827204805577
main,compas,non-IID,FairFed,F Flip,,3141,aeod,0.2817031992216563,True,,67,fairness_defended_min_risk,0.5249827204805577
main,compas,non-IID,FairFed,F Flip,,3141,aspd,0.24327952125890143,True,,67,fairness_defended_min_risk,0.5249827204805577
main,compas,non-IID,FairFed,F Flip,,4242,accuracy,0.6625269978401728,True,,62,fairness_defended_min_risk,0.45766118089486235
main,compas,non-IID,FairFed,F Flip,,4242,aeod,0.2279410884988574,True,,62,fairness_defended_min_risk,0.45766118089486235
main,compas,non-IID,FairFed,F Flip,,4242,aspd,0.22972009239600494,True,,62,fairness_defended_min_risk,0.45766118089486235
main,compas,non-IID,FairFed,F Flip,,2024,accuracy,0.7057235421166307,True,,66,fairness_defended_min_risk,0.4739013212062186
main,compas,non-IID,FairFed,F Flip,,2024,aeod,0.25291309481032803,True,,66,fairness_defended_min_risk,0.4739013212062186
main,compas,non-IID,FairFed,F Flip,,2024,aspd,0.22098822639589055,True,,66,fairness_defended_min_risk,0.4739013212062186
main,compas,non-IID,FairFed,F Flip,,5050,accuracy,0.6846652267818575,True,,70,fairness_defended_min_risk,0.4807844982253047
main,compas,non-IID,FairFed,F Flip,,5050,aeod,0.24932176768758474,True,,70,fairness_defended_min_risk,0.4807844982253047
main,compas,non-IID,FairFed,F Flip,,5050,aspd,0.23146273053771999,True,,70,fairness_defended_min_risk,0.4807844982253047
main,compas,non-IID,FairFed,F Flip,,6060,accuracy,0.6868250539956804,True,,65,fairness_defended_min_risk,0.5205525959894055
main,compas,non-IID,FairFed,F Flip,,6060,aeod,0.2571060942800328,True,,65,fairness_defended_min_risk,0.5205525959894055
main,compas,non-IID,FairFed,F Flip,,6060,aspd,0.2634465017093728,True,,65,fairness_defended_min_risk,0.5205525959894055
main,compas,non-IID,FairFed,F Flip,,7070,accuracy,0.6625269978401728,True,,70,fairness_defended_min_risk,0.41669944591506475
main,compas,non-IID,FairFed,F Flip,,7070,aeod,0.212689393939394,True,,70,fairness_defended_min_risk,0.41669944591506475
main,compas,non-IID,FairFed,F Flip,,7070,aspd,0.20401005197567074,True,,70,fairness_defended_min_risk,0.41669944591506475
main,compas,non-IID,FairGuard,Benign,,123,accuracy,0.6544276457883369,True,,,,
main,compas,non-IID,FairGuard,Benign,,123,aeod,0.21369417332150253,True,,,,
main,compas,non-IID,FairGuard,Benign,,123,aspd,0.19459537062866863,True,,,,
main,compas,non-IID,FairGuard,Benign,,456,accuracy,0.6711663066954644,True,,,,
main,compas,non-IID,FairGuard,Benign,,456,aeod,0.22524509803921566,True,,,,
main,compas,non-IID,FairGuard,Benign,,456,aspd,0.22015017268808645,True,,,,
main,compas,non-IID,FairGuard,Benign,,789,accuracy,0.6652267818574514,True,,,,
main,compas,non-IID,FairGuard,Benign,,789,aeod,0.21794871794871795,True,,,,
main,compas,non-IID,FairGuard,Benign,,789,aspd,0.18739838015190013,True,,,,
main,compas,non-IID,FairGuard,Benign,,1001,accuracy,0.677645788336933,True,,,,
main,compas,non-IID,FairGuard,Benign,,1001,aeod,0.24359905162732126,True,,,,
main,compas,non-IID,FairGuard,Benign,,1001,aspd,0.25431778576405867,True,,,,
main,compas,non-IID,FairGuard,Benign,,3141,accuracy,0.6684665226781857,True,,,,
main,compas,non-IID,FairGuard,Benign,,3141,aeod,0.27747953986150053,True,,,,
main,compas,non-IID,FairGuard,Benign,,3141,aspd,0.22168854982859584,True,,,,
main,compas,non-IID,FairGuard,Benign,,4242,accuracy,0.6673866090712743,True,,,,
main,compas,non-IID,FairGuard,Benign,,4242,aeod,0.2666511132646591,True,,,,
main,compas,non-IID,FairGuard,Benign,,4242,aspd,0.2608623082426901,True,,,,
main,compas,non-IID,FairGuard,Benign,,2024,accuracy,0.6938444924406048,True,,,,
main,compas,non-IID,FairGuard,Benign,,2024,aeod,0.2857998391595229,True,,,,
main,compas,non-IID,FairGuard,Benign,,2024,aspd,0.2146549681527919,True,,,,
main,compas,non-IID,FairGuard,Benign,,5050,accuracy,0.6787257019438445,True,,,,
main,compas,non-IID,FairGuard,Benign,,5050,aeod,0.20957378453630326,True,,,,
main,compas,non-IID,FairGuard,Benign,,5050,aspd,0.17784713573552052,True,,,,
main,compas,non-IID,FairGuard,Benign,,6060,accuracy,0.6895248380129589,True,,,,
main,compas,non-IID,FairGuard,Benign,,6060,aeod,0.2715132374156821,True,,,,
main,compas,non-IID,FairGuard,Benign,,6060,aspd,0.25589351348764566,True,,,,
main,compas,non-IID,FairGuard,Benign,,7070,accuracy,0.6733261339092873,True,,,,
main,compas,non-IID,FairGuard,Benign,,7070,aeod,0.22064393939393934,True,,,,
main,compas,non-IID,FairGuard,Benign,,7070,aspd,0.1824821096543087,True,,,,
main,compas,non-IID,FairGuard,F Flip,,123,accuracy,0.6533477321814255,True,,62,fairness_defended_min_risk,0.3759800451209556
main,compas,non-IID,FairGuard,F Flip,,123,aeod,0.1473232771369417,True,,62,fairness_defended_min_risk,0.3759800451209556
main,compas,non-IID,FairGuard,F Flip,,123,aspd,0.2286567679840139,True,,62,fairness_defended_min_risk,0.3759800451209556
main,compas,non-IID,FairGuard,F Flip,,456,accuracy,0.6798056155507559,True,,68,fairness_defended_min_risk,0.45988505071457886
main,compas,non-IID,FairGuard,F Flip,,456,aeod,0.22725044563279856,True,,68,fairness_defended_min_risk,0.45988505071457886
main,compas,non-IID,FairGuard,F Flip,,456,aspd,0.2326346050817803,True,,68,fairness_defended_min_risk,0.45988505071457886
main,compas,non-IID,FairGuard,F Flip,,789,accuracy,0.6614470842332614,True,,70,fairness_defended_min_risk,0.3858797054744134
main,compas,non-IID,FairGuard,F Flip,,789,aeod,0.20557443449009716,True,,70,fairness_defended_min_risk,0.3858797054744134
main,compas,non-IID,FairGuard,F Flip,,789,aspd,0.18030527098431623,True,,70,fairness_defended_min_risk,0.3858797054744134
main,compas,non-IID,FairGuard,F Flip,,1001,accuracy,0.6749460043196545,True,,64,fairness_defended_min_risk,0.5234355438545253
main,compas,non-IID,FairGuard,F Flip,,1001,aeod,0.2572857936949099,True,,64,fairness_defended_min_risk,0.5234355438545253
main,compas,non-IID,FairGuard,F Flip,,1001,aspd,0.2661497501596154,True,,64,fairness_defended_min_risk,0.5234355438545253
main,compas,non-IID,FairGuard,F Flip,,3141,accuracy,0.661987041036717,True,,65,fairness_defended_min_risk,0.4667378337327857
main,compas,non-IID,FairGuard,F Flip,,3141,aeod,0.25585760888227554,True,,65,fairness_defended_min_risk,0.4667378337327857
main,compas,non-IID,FairGuard,F Flip,,3141,aspd,0.21088022485051017,True,,65,fairness_defended_min_risk,0.4667378337327857
main,compas,non-IID,FairGuard,F Flip,,4242,accuracy,0.6641468682505399,True,,61,fairness_defended_min_risk,0.47650572675919056
main,compas,non-IID,FairGuard,F Flip,,4242,aeod,0.22832394147135182,True,,61,fairness_defended_min_risk,0.47650572675919056
main,compas,non-IID,FairGuard,F Flip,,4242,aspd,0.24818178528783874,True,,61,fairness_defended_min_risk,0.47650572675919056
main,compas,non-IID,FairGuard,F Flip,,2024,accuracy,0.6808855291576674,True,,64,fairness_defended_min_risk,0.4106420818062705
main,compas,non-IID,FairGuard,F Flip,,2024,aeod,0.2333213558510001,True,,64,fairness_defended_min_risk,0.4106420818062705
main,compas,non-IID,FairGuard,F Flip,,2024,aspd,0.17732072595527038,True,,64,fairness_defended_min_risk,0.4106420818062705
main,compas,non-IID,FairGuard,F Flip,,5050,accuracy,0.6733261339092873,True,,62,fairness_defended_min_risk,0.42123832873723727
main,compas,non-IID,FairGuard,F Flip,,5050,aeod,0.2264760476904405,True,,62,fairness_defended_min_risk,0.42123832873723727
main,compas,non-IID,FairGuard,F Flip,,5050,aspd,0.19476228104679677,True,,62,fairness_defended_min_risk,0.42123832873723727
main,compas,non-IID,FairGuard,F Flip,,6060,accuracy,0.6749460043196545,True,,66,fairness_defended_min_risk,0.5597470914308044
main,compas,non-IID,FairGuard,F Flip,,6060,aeod,0.26925176433890907,True,,66,fairness_defended_min_risk,0.5597470914308044
main,compas,non-IID,FairGuard,F Flip,,6060,aspd,0.2904953270918953,True,,66,fairness_defended_min_risk,0.5597470914308044
main,compas,non-IID,FairGuard,F Flip,,7070,accuracy,0.66792656587473,True,,64,fairness_defended_min_risk,0.36753737494407585
main,compas,non-IID,FairGuard,F Flip,,7070,aeod,0.20587121212121212,True,,64,fairness_defended_min_risk,0.36753737494407585
main,compas,non-IID,FairGuard,F Flip,,7070,aspd,0.16166616282286372,True,,64,fairness_defended_min_risk,0.36753737494407585
main,compas,non-IID,Fed-NGA,Benign,,123,accuracy,0.6625269978401728,True,,,,
main,compas,non-IID,Fed-NGA,Benign,,123,aeod,0.17710736468500438,True,,,,
main,compas,non-IID,Fed-NGA,Benign,,123,aspd,0.20412093651918245,True,,,,
main,compas,non-IID,Fed-NGA,Benign,,456,accuracy,0.6663066954643628,True,,,,
main,compas,non-IID,Fed-NGA,Benign,,456,aeod,0.23648618538324417,True,,,,
main,compas,non-IID,Fed-NGA,Benign,,456,aspd,0.22938627155974867,True,,,,
main,compas,non-IID,Fed-NGA,Benign,,789,accuracy,0.6808855291576674,True,,,,
main,compas,non-IID,Fed-NGA,Benign,,789,aeod,0.24370988226409912,True,,,,
main,compas,non-IID,Fed-NGA,Benign,,789,aspd,0.22989050443129655,True,,,,
main,compas,non-IID,Fed-NGA,Benign,,1001,accuracy,0.6814254859611231,True,,,,
main,compas,non-IID,Fed-NGA,Benign,,1001,aeod,0.278590146453245,True,,,,
main,compas,non-IID,Fed-NGA,Benign,,1001,aspd,0.258222088901391,True,,,,
main,compas,non-IID,Fed-NGA,Benign,,3141,accuracy,0.6706263498920086,True,,,,
main,compas,non-IID,Fed-NGA,Benign,,3141,aeod,0.24579064842900478,True,,,,
main,compas,non-IID,Fed-NGA,Benign,,3141,aspd,0.2343807448406589,True,,,,
main,compas,non-IID,Fed-NGA,Benign,,4242,accuracy,0.677645788336933,True,,,,
main,compas,non-IID,Fed-NGA,Benign,,4242,aeod,0.2280308196642858,True,,,,
main,compas,non-IID,Fed-NGA,Benign,,4242,aspd,0.24667959152468583,True,,,,
main,compas,non-IID,Fed-NGA,Benign,,2024,accuracy,0.7024838012958964,True,,,,
main,compas,non-IID,Fed-NGA,Benign,,2024,aeod,0.2555310302345875,True,,,,
main,compas,non-IID,Fed-NGA,Benign,,2024,aspd,0.21358347330075272,True,,,,
main,compas,non-IID,Fed-NGA,Benign,,5050,accuracy,0.6862850971922246,True,,,,
main,compas,non-IID,Fed-NGA,Benign,,5050,aeod,0.24573427571928325,True,,,,
main,compas,non-IID,Fed-NGA,Benign,,5050,aspd,0.22143293177565843,True,,,,
main,compas,non-IID,Fed-NGA,Benign,,6060,accuracy,0.699244060475162,True,,,,
main,compas,non-IID,Fed-NGA,Benign,,6060,aeod,0.26827699146098954,True,,,,
main,compas,non-IID,Fed-NGA,Benign,,6060,aspd,0.24991275137234215,True,,,,
main,compas,non-IID,Fed-NGA,Benign,,7070,accuracy,0.6695464362850972,True,,,,
main,compas,non-IID,Fed-NGA,Benign,,7070,aeod,0.19678030303030303,True,,,,
main,compas,non-IID,Fed-NGA,Benign,,7070,aspd,0.16833674351938205,True,,,,
main,compas,non-IID,Fed-NGA,F Flip,,123,accuracy,0.6803455723542117,True,,66,unprotected_max_risk,0.4166043676913345
main,compas,non-IID,Fed-NGA,F Flip,,123,aeod,0.18887902987281863,True,,66,unprotected_max_risk,0.4166043676913345
main,compas,non-IID,Fed-NGA,F Flip,,123,aspd,0.2277253378185159,True,,66,unprotected_max_risk,0.4166043676913345
main,compas,non-IID,Fed-NGA,F Flip,,456,accuracy,0.6690064794816415,True,,68,unprotected_max_risk,0.4757427542474757
main,compas,non-IID,Fed-NGA,F Flip,,456,aeod,0.2436497326203209,True,,68,unprotected_max_risk,0.4757427542474757
main,compas,non-IID,Fed-NGA,F Flip,,456,aspd,0.23209302162715478,True,,68,unprotected_max_risk,0.4757427542474757
main,compas,non-IID,Fed-NGA,F Flip,,789,accuracy,0.6862850971922246,True,,69,unprotected_max_risk,0.4751320585829925
main,compas,non-IID,Fed-NGA,F Flip,,789,aeod,0.24352109291868324,True,,69,unprotected_max_risk,0.4751320585829925
main,compas,non-IID,Fed-NGA,F Flip,,789,aspd,0.23161096566430928,True,,69,unprotected_max_risk,0.4751320585829925
main,compas,non-IID,Fed-NGA,F Flip,,1001,accuracy,0.6900647948164147,True,,61,unprotected_max_risk,0.5313452427818359
main,compas,non-IID,Fed-NGA,F Flip,,1001,aeod,0.26210706628399,True,,61,unprotected_max_risk,0.5313452427818359
main,compas,non-IID,Fed-NGA,F Flip,,1001,aspd,0.2692381764978459,True,,61,unprotected_max_risk,0.5313452427818359
main,compas,non-IID,Fed-NGA,F Flip,,3141,accuracy,0.6722462203023758,True,,62,unprotected_max_risk,0.4920585853402624
main,compas,non-IID,Fed-NGA,F Flip,,3141,aeod,0.2498540605505637,True,,62,unprotected_max_risk,0.4920585853402624
main,compas,non-IID,Fed-NGA,F Flip,,3141,aspd,0.24220452478969873,True,,62,unprotected_max_risk,0.4920585853402624
main,compas,non-IID,Fed-NGA,F Flip,,4242,accuracy,0.673866090712743,True,,63,unprotected_max_risk,0.5030104085024798
main,compas,non-IID,Fed-NGA,F Flip,,4242,aeod,0.24863309524664107,True,,63,unprotected_max_risk,0.5030104085024798
main,compas,non-IID,Fed-NGA,F Flip,,4242,aspd,0.25437731325583873,True,,63,unprotected_max_risk,0.5030104085024798
main,compas,non-IID,Fed-NGA,F Flip,,2024,accuracy,0.7046436285097192,True,,69,unprotected_max_risk,0.4749985789645313
main,compas,non-IID,Fed-NGA,F Flip,,2024,aeod,0.2495422890679807,True,,69,unprotected_max_risk,0.4749985789645313
main,compas,non-IID,Fed-NGA,F Flip,,2024,aspd,0.2254562898965506,True,,69,unprotected_max_risk,0.4749985789645313
main,compas,non-IID,Fed-NGA,F Flip,,5050,accuracy,0.6911447084233261,True,,69,unprotected_max_risk,0.48874001292688796
main,compas,non-IID,Fed-NGA,F Flip,,5050,aeod,0.2587456271864068,True,,69,unprotected_max_risk,0.48874001292688796
main,compas,non-IID,Fed-NGA,F Flip,,5050,aspd,0.22999438574048114,True,,69,unprotected_max_risk,0.48874001292688796
main,compas,non-IID,Fed-NGA,F Flip,,6060,accuracy,0.693304535637149,True,,63,unprotected_max_risk,0.5774026653670064
main,compas,non-IID,Fed-NGA,F Flip,,6060,aeod,0.282079775412329,True,,63,unprotected_max_risk,0.5774026653670064
main,compas,non-IID,Fed-NGA,F Flip,,6060,aspd,0.29532288995467737,True,,63,unprotected_max_risk,0.5774026653670064
main,compas,non-IID,Fed-NGA,F Flip,,7070,accuracy,0.6744060475161987,True,,69,unprotected_max_risk,0.4195562292248435
main,compas,non-IID,Fed-NGA,F Flip,,7070,aeod,0.22821969696969702,True,,69,unprotected_max_risk,0.4195562292248435
main,compas,non-IID,Fed-NGA,F Flip,,7070,aspd,0.19133653225514646,True,,69,unprotected_max_risk,0.4195562292248435
main,compas,non-IID,FedAA,Benign,,123,accuracy,0.6781857451403888,True,,,,
main,compas,non-IID,FedAA,Benign,,123,aeod,0.18887902987281863,True,,,,
main,compas,non-IID,FedAA,Benign,,123,aspd,0.24489259956556597,True,,,,
main,compas,non-IID,FedAA,Benign,,456,accuracy,0.677645788336933,True,,,,
main,compas,non-IID,FedAA,Benign,,456,aeod,0.24273618538324415,True,,,,
main,compas,non-IID,FedAA,Benign,,456,aspd,0.24745111450638285,True,,,,
main,compas,non-IID,FedAA,Benign,,789,accuracy,0.6808855291576674,True,,,,
main,compas,non-IID,FedAA,Benign,,789,aeod,0.24968249064634612,True,,,,
main,compas,non-IID,FedAA,Benign,,789,aspd,0.24084356291880804,True,,,,
main,compas,non-IID,FedAA,Benign,,1001,accuracy,0.6895248380129589,True,,,,
main,compas,non-IID,FedAA,Benign,,1001,aeod,0.2708420777983233,True,,,,
main,compas,non-IID,FedAA,Benign,,1001,aspd,0.2732685378530652,True,,,,
main,compas,non-IID,FedAA,Benign,,3141,accuracy,0.6673866090712743,True,,,,
main,compas,non-IID,FedAA,Benign,,3141,aeod,0.2319292622903909,True,,,,
main,compas,non-IID,FedAA,Benign,,3141,aspd,0.21517787631587854,True,,,,
main,compas,non-IID,FedAA,Benign,,4242,accuracy,0.6652267818574514,True,,,,
main,compas,non-IID,FedAA,Benign,,4242,aeod,0.23805079980378785,True,,,,
main,compas,non-IID,FedAA,Benign,,4242,aspd,0.2343807448406589,True,,,,
main,compas,non-IID,FedAA,Benign,,2024,accuracy,0.6911447084233261,True,,,,
main,compas,non-IID,FedAA,Benign,,2024,aeod,0.2721112879215646,True,,,,
main,compas,non-IID,FedAA,Benign,,2024,aspd,0.22818871848982258,True,,,,
main,compas,non-IID,FedAA,Benign,,5050,accuracy,0.6841252699784017,True,,,,
main,compas,non-IID,FedAA,Benign,,5050,aeod,0.23504319268936957,True,,,,
main,compas,non-IID,FedAA,Benign,,5050,aspd,0.21469582035303303,True,,,,
main,compas,non-IID,FedAA,Benign,,6060,accuracy,0.6684665226781857,True,,,,
main,compas,non-IID,FedAA,Benign,,6060,aeod,0.2561898077747885,True,,,,
main,compas,non-IID,FedAA,Benign,,6060,aspd,0.28472232759496097,True,,,,
main,compas,non-IID,FedAA,Benign,,7070,accuracy,0.6663066954643628,True,,,,
main,compas,non-IID,FedAA,Benign,,7070,aeod,0.21212121212121204,True,,,,
main,compas,non-IID,FedAA,Benign,,7070,aspd,0.20883411322128942,True,,,,
main,compas,non-IID,FedAA,F Flip,,123,accuracy,0.6695464362850972,True,,62,unprotected_max_risk,0.4269254714156191
main,compas,non-IID,FedAA,F Flip,,123,aeod,0.18553682342502215,True,,62,unprotected_max_risk,0.4269254714156191
main,compas,non-IID,FedAA,F Flip,,123,aspd,0.24138864799059695,True,,62,unprotected_max_risk,0.4269254714156191
main,compas,non-IID,FedAA,F Flip,,456,accuracy,0.6825053995680346,True,,68,unprotected_max_risk,0.5102454853627024
main,compas,non-IID,FedAA,F Flip,,456,aeod,0.25870098039215683,True,,68,unprotected_max_risk,0.5102454853627024
main,compas,non-IID,FedAA,F Flip,,456,aspd,0.2515445049705456,True,,68,unprotected_max_risk,0.5102454853627024
main,compas,non-IID,FedAA,F Flip,,789,accuracy,0.687365010799136,True,,64,unprotected_max_risk,0.5206982987608739
main,compas,non-IID,FedAA,F Flip,,789,aeod,0.2787388871726221,True,,64,unprotected_max_risk,0.5206982987608739
main,compas,non-IID,FedAA,F Flip,,789,aspd,0.24195941158825185,True,,64,unprotected_max_risk,0.5206982987608739
main,compas,non-IID,FedAA,F Flip,,1001,accuracy,0.693304535637149,True,,70,unprotected_max_risk,0.5435694727109618
main,compas,non-IID,FedAA,F Flip,,1001,aeod,0.2815282866898844,True,,70,unprotected_max_risk,0.5435694727109618
main,compas,non-IID,FedAA,F Flip,,1001,aspd,0.2620411860210774,True,,70,unprotected_max_risk,0.5435694727109618
main,compas,non-IID,FedAA,F Flip,,3141,accuracy,0.6663066954643628,True,,70,unprotected_max_risk,0.506783598869109
main,compas,non-IID,FedAA,F Flip,,3141,aeod,0.2749613689692669,True,,70,unprotected_max_risk,0.506783598869109
main,compas,non-IID,FedAA,F Flip,,3141,aspd,0.23182222989984205,True,,70,unprotected_max_risk,0.506783598869109
main,compas,non-IID,FedAA,F Flip,,4242,accuracy,0.6684665226781857,True,,63,unprotected_max_risk,0.47137386624433286
main,compas,non-IID,FedAA,F Flip,,4242,aeod,0.2421545051027123,True,,63,unprotected_max_risk,0.47137386624433286
main,compas,non-IID,FedAA,F Flip,,4242,aspd,0.2292193611416206,True,,63,unprotected_max_risk,0.47137386624433286
main,compas,non-IID,FedAA,F Flip,,2024,accuracy,0.6987041036717062,True,,62,unprotected_max_risk,0.5008190014205806
main,compas,non-IID,FedAA,F Flip,,2024,aeod,0.27695361292199233,True,,62,unprotected_max_risk,0.5008190014205806
main,compas,non-IID,FedAA,F Flip,,2024,aspd,0.22386538849858822,True,,62,unprotected_max_risk,0.5008190014205806
main,compas,non-IID,FedAA,F Flip,,5050,accuracy,0.683585313174946,True,,64,unprotected_max_risk,0.4727116134970749
main,compas,non-IID,FedAA,F Flip,,5050,aeod,0.24666238309416716,True,,64,unprotected_max_risk,0.4727116134970749
main,compas,non-IID,FedAA,F Flip,,5050,aspd,0.22604923040290775,True,,64,unprotected_max_risk,0.4727116134970749
main,compas,non-IID,FedAA,F Flip,,6060,accuracy,0.6771058315334774,True,,68,unprotected_max_risk,0.5668199174009839
main,compas,non-IID,FedAA,F Flip,,6060,aeod,0.2686863960697157,True,,68,unprotected_max_risk,0.5668199174009839
main,compas,non-IID,FedAA,F Flip,,6060,aspd,0.2981335213312682,True,,68,unprotected_max_risk,0.5668199174009839
main,compas,non-IID,FedAA,F Flip,,7070,accuracy,0.6598272138228942,True,,61,unprotected_max_risk,0.4455759242385866
main,compas,non-IID,FedAA,F Flip,,7070,aeod,0.23636363636363633,True,,61,unprotected_max_risk,0.4455759242385866
main,compas,non-IID,FedAA,F Flip,,7070,aspd,0.20921228787495028,True,,61,unprotected_max_risk,0.4455759242385866
main,compas,non-IID,FedAMM,Benign,,123,accuracy,0.67170626349892,True,,,,
main,compas,non-IID,FedAMM,Benign,,123,aeod,0.21535048802129542,True,,,,
main,compas,non-IID,FedAMM,Benign,,123,aspd,0.23003873955788579,True,,,,
main,compas,non-IID,FedAMM,Benign,,456,accuracy,0.6744060475161987,True,,,,
main,compas,non-IID,FedAMM,Benign,,456,aeod,0.2711007130124778,True,,,,
main,compas,non-IID,FedAMM,Benign,,456,aspd,0.25530407459845206,True,,,,
main,compas,non-IID,FedAMM,Benign,,789,accuracy,0.6857451403887689,True,,,,
main,compas,non-IID,FedAMM,Benign,,789,aeod,0.23109532145676726,True,,,,
main,compas,non-IID,FedAMM,Benign,,789,aspd,0.2336874246422806,True,,,,
main,compas,non-IID,FedAMM,Benign,,1001,accuracy,0.6852051835853131,True,,,,
main,compas,non-IID,FedAMM,Benign,,1001,aeod,0.27665029324681517,True,,,,
main,compas,non-IID,FedAMM,Benign,,1001,aspd,0.2614330718403449,True,,,,
main,compas,non-IID,FedAMM,Benign,,3141,accuracy,0.6663066954643628,True,,,,
main,compas,non-IID,FedAMM,Benign,,3141,aeod,0.27785154237967147,True,,,,
main,compas,non-IID,FedAMM,Benign,,3141,aspd,0.2318852590087856,True,,,,
main,compas,non-IID,FedAMM,Benign,,4242,accuracy,0.6760259179265659,True,,,,
main,compas,non-IID,FedAMM,Benign,,4242,aeod,0.22511754782671117,True,,,,
main,compas,non-IID,FedAMM,Benign,,4242,aspd,0.23125496791935077,True,,,,
main,compas,non-IID,FedAMM,Benign,,2024,accuracy,0.708963282937365,True,,,,
main,compas,non-IID,FedAMM,Benign,,2024,aeod,0.2687233714901699,True,,,,
main,compas,non-IID,FedAMM,Benign,,2024,aspd,0.2179885076924693,True,,,,
main,compas,non-IID,FedAMM,Benign,,5050,accuracy,0.6814254859611231,True,,,,
main,compas,non-IID,FedAMM,Benign,,5050,aeod,0.2516063396872992,True,,,,
main,compas,non-IID,FedAMM,Benign,,5050,aspd,0.23024650217625509,True,,,,
main,compas,non-IID,FedAMM,Benign,,6060,accuracy,0.6927645788336934,True,,,,
main,compas,non-IID,FedAMM,Benign,,6060,aeod,0.2677116231917963,True,,,,
main,compas,non-IID,FedAMM,Benign,,6060,aspd,0.2678550377182528,True,,,,
main,compas,non-IID,FedAMM,Benign,,7070,accuracy,0.6733261339092873,True,,,,
main,compas,non-IID,FedAMM,Benign,,7070,aeod,0.20643939393939392,True,,,,
main,compas,non-IID,FedAMM,Benign,,7070,aspd,0.18000529911397417,True,,,,
main,compas,non-IID,FedAMM,F Flip,,123,accuracy,0.6749460043196545,True,,62,unprotected_max_risk,0.4542657828308766
main,compas,non-IID,FedAMM,F Flip,,123,aeod,0.21665187814256137,True,,62,unprotected_max_risk,0.4542657828308766
main,compas,non-IID,FedAMM,F Flip,,123,aspd,0.2376139046883152,True,,62,unprotected_max_risk,0.4542657828308766
main,compas,non-IID,FedAMM,F Flip,,456,accuracy,0.6765658747300216,True,,62,unprotected_max_risk,0.4809751052897062
main,compas,non-IID,FedAMM,F Flip,,456,aeod,0.24397281639928697,True,,62,unprotected_max_risk,0.4809751052897062
main,compas,non-IID,FedAMM,F Flip,,456,aspd,0.23700228889041924,True,,62,unprotected_max_risk,0.4809751052897062
main,compas,non-IID,FedAMM,F Flip,,789,accuracy,0.6744060475161987,True,,65,unprotected_max_risk,0.4745859800061107
main,compas,non-IID,FedAMM,F Flip,,789,aeod,0.22767995057151685,True,,65,unprotected_max_risk,0.4745859800061107
main,compas,non-IID,FedAMM,F Flip,,789,aspd,0.24690602943459383,True,,65,unprotected_max_risk,0.4745859800061107
main,compas,non-IID,FedAMM,F Flip,,1001,accuracy,0.683585313174946,True,,63,unprotected_max_risk,0.5512324421036475
main,compas,non-IID,FedAMM,F Flip,,1001,aeod,0.28442672232873145,True,,63,unprotected_max_risk,0.5512324421036475
main,compas,non-IID,FedAMM,F Flip,,1001,aspd,0.2668057197749161,True,,63,unprotected_max_risk,0.5512324421036475
main,compas,non-IID,FedAMM,F Flip,,3141,accuracy,0.6706263498920086,True,,69,unprotected_max_risk,0.5341764219019985
main,compas,non-IID,FedAMM,F Flip,,3141,aeod,0.2865735706518629,True,,69,unprotected_max_risk,0.5341764219019985
main,compas,non-IID,FedAMM,F Flip,,3141,aspd,0.24760285125013567,True,,69,unprotected_max_risk,0.5341764219019985
main,compas,non-IID,FedAMM,F Flip,,4242,accuracy,0.66792656587473,True,,65,unprotected_max_risk,0.4570719593232503
main,compas,non-IID,FedAMM,F Flip,,4242,aeod,0.22493808549585437,True,,65,unprotected_max_risk,0.4570719593232503
main,compas,non-IID,FedAMM,F Flip,,4242,aspd,0.23213387382739592,True,,65,unprotected_max_risk,0.4570719593232503
main,compas,non-IID,FedAMM,F Flip,,2024,accuracy,0.7073434125269978,True,,61,unprotected_max_risk,0.4795155189725946
main,compas,non-IID,FedAMM,F Flip,,2024,aeod,0.25703677087076293,True,,61,unprotected_max_risk,0.4795155189725946
main,compas,non-IID,FedAMM,F Flip,,2024,aspd,0.22247874810183166,True,,61,unprotected_max_risk,0.4795155189725946
main,compas,non-IID,FedAMM,F Flip,,5050,accuracy,0.6792656587473002,True,,65,unprotected_max_risk,0.4878727905547857
main,compas,non-IID,FedAMM,F Flip,,5050,aeod,0.2551938316556008,True,,65,unprotected_max_risk,0.4878727905547857
main,compas,non-IID,FedAMM,F Flip,,5050,aspd,0.23267895889918494,True,,65,unprotected_max_risk,0.4878727905547857
main,compas,non-IID,FedAMM,F Flip,,6060,accuracy,0.6803455723542117,True,,66,unprotected_max_risk,0.5401608823191695
main,compas,non-IID,FedAMM,F Flip,,6060,aeod,0.26468982727024604,True,,66,unprotected_max_risk,0.5401608823191695
main,compas,non-IID,FedAMM,F Flip,,6060,aspd,0.27547105504892344,True,,66,unprotected_max_risk,0.5401608823191695
main,compas,non-IID,FedAMM,F Flip,,7070,accuracy,0.6652267818574514,True,,62,unprotected_max_risk,0.42685618117310603
main,compas,non-IID,FedAMM,F Flip,,7070,aeod,0.2276515151515151,True,,62,unprotected_max_risk,0.42685618117310603
main,compas,non-IID,FedAMM,F Flip,,7070,aspd,0.19920466602159093,True,,62,unprotected_max_risk,0.42685618117310603
main,compas,non-IID,FedAvg,Benign,,123,accuracy,0.6700863930885529,True,,,,
main,compas,non-IID,FedAvg,Benign,,123,aeod,0.22587991718426503,True,,,,
main,compas,non-IID,FedAvg,Benign,,123,aspd,0.24120306228093005,True,,,,
main,compas,non-IID,FedAvg,Benign,,456,accuracy,0.6695464362850972,True,,,,
main,compas,non-IID,FedAvg,Benign,,456,aeod,0.2445298573975045,True,,,,
main,compas,non-IID,FedAvg,Benign,,456,aspd,0.2311697619017049,True,,,,
main,compas,non-IID,FedAvg,Benign,,789,accuracy,0.6825053995680346,True,,,,
main,compas,non-IID,FedAvg,Benign,,789,aeod,0.2614560807331892,True,,,,
main,compas,non-IID,FedAvg,Benign,,789,aspd,0.2416220891348321,True,,,,
main,compas,non-IID,FedAvg,Benign,,1001,accuracy,0.6895248380129589,True,,,,
main,compas,non-IID,FedAvg,Benign,,1001,aeod,0.2718063323161393,True,,,,
main,compas,non-IID,FedAvg,Benign,,1001,aspd,0.2715480766200524,True,,,,
main,compas,non-IID,FedAvg,Benign,,2024,accuracy,0.7035637149028078,True,,,,
main,compas,non-IID,FedAvg,Benign,,2024,aeod,0.2783053573567407,True,,,,
main,compas,non-IID,FedAvg,Benign,,2024,aspd,0.21943817719816938,True,,,,
main,compas,non-IID,FedAvg,Benign,,3141,accuracy,0.6690064794816415,True,,,,
main,compas,non-IID,FedAvg,Benign,,3141,aeod,0.26811079951925826,True,,,,
main,compas,non-IID,FedAvg,Benign,,3141,aspd,0.22447700429648423,True,,,,
main,compas,non-IID,FedAvg,Benign,,4242,accuracy,0.661987041036717,True,,,,
main,compas,non-IID,FedAvg,Benign,,4242,aeod,0.22285632245791603,True,,,,
main,compas,non-IID,FedAvg,Benign,,4242,aspd,0.23414730369642378,True,,,,
main,compas,non-IID,FedAvg,Benign,,5050,accuracy,0.6846652267818575,True,,,,
main,compas,non-IID,FedAvg,Benign,,5050,aeod,0.25735346612408083,True,,,,
main,compas,non-IID,FedAvg,Benign,,5050,aspd,0.2370466427078239,True,,,,
main,compas,non-IID,FedAvg,Benign,,6060,accuracy,0.6976241900647948,True,,,,
main,compas,non-IID,FedAvg,Benign,,6060,aeod,0.27385269232268883,True,,,,
main,compas,non-IID,FedAvg,Benign,,6060,aspd,0.2568798023220391,True,,,,
main,compas,non-IID,FedAvg,Benign,,7070,accuracy,0.6722462203023758,True,,,,
main,compas,non-IID,FedAvg,Benign,,7070,aeod,0.2096590909090909,True,,,,
main,compas,non-IID,FedAvg,Benign,,7070,aspd,0.18357227979788665,True,,,,
main,compas,non-IID,FedAvg,F Flip,,123,accuracy,0.67170626349892,True,,65,unprotected_max_risk,0.46535479589418266
main,compas,non-IID,FedAvg,F Flip,,123,aeod,0.21582372079266493,True,,65,unprotected_max_risk,0.46535479589418266
main,compas,non-IID,FedAvg,F Flip,,123,aspd,0.24953107510151773,True,,65,unprotected_max_risk,0.46535479589418266
main,compas,non-IID,FedAvg,F Flip,,456,accuracy,0.6706263498920086,True,,62,unprotected_max_risk,0.47262948863758203
main,compas,non-IID,FedAvg,F Flip,,456,aeod,0.24209001782531192,True,,62,unprotected_max_risk,0.47262948863758203
main,compas,non-IID,FedAvg,F Flip,,456,aspd,0.2305394708122701,True,,62,unprotected_max_risk,0.47262948863758203
main,compas,non-IID,FedAvg,F Flip,,789,accuracy,0.6803455723542117,True,,70,unprotected_max_risk,0.5019850827117585
main,compas,non-IID,FedAvg,F Flip,,789,aeod,0.2606151100127003,True,,70,unprotected_max_risk,0.5019850827117585
main,compas,non-IID,FedAvg,F Flip,,789,aspd,0.2413699726990582,True,,70,unprotected_max_risk,0.5019850827117585
main,compas,non-IID,FedAvg,F Flip,,1001,accuracy,0.6803455723542117,True,,61,unprotected_max_risk,0.5425706862309467
main,compas,non-IID,FedAvg,F Flip,,1001,aeod,0.26600946103844536,True,,61,unprotected_max_risk,0.5425706862309467
main,compas,non-IID,FedAvg,F Flip,,1001,aspd,0.27656122519250137,True,,61,unprotected_max_risk,0.5425706862309467
main,compas,non-IID,FedAvg,F Flip,,3141,accuracy,0.6754859611231101,True,,61,unprotected_max_risk,0.5341950551693219
main,compas,non-IID,FedAvg,F Flip,,3141,aeod,0.2859840897384537,True,,61,unprotected_max_risk,0.5341950551693219
main,compas,non-IID,FedAvg,F Flip,,3141,aspd,0.24821096543086818,True,,61,unprotected_max_risk,0.5341950551693219
main,compas,non-IID,FedAvg,F Flip,,4242,accuracy,0.6668466522678186,True,,70,unprotected_max_risk,0.48993799538537475
main,compas,non-IID,FedAvg,F Flip,,4242,aeod,0.24271682040606346,True,,70,unprotected_max_risk,0.48993799538537475
main,compas,non-IID,FedAvg,F Flip,,4242,aspd,0.2472211749793113,True,,70,unprotected_max_risk,0.48993799538537475
main,compas,non-IID,FedAvg,F Flip,,2024,accuracy,0.7062634989200864,True,,68,unprotected_max_risk,0.4750136682584989
main,compas,non-IID,FedAvg,F Flip,,2024,aeod,0.25291309481032803,True,,68,unprotected_max_risk,0.4750136682584989
main,compas,non-IID,FedAvg,F Flip,,2024,aspd,0.22210057344817086,True,,68,unprotected_max_risk,0.4750136682584989
main,compas,non-IID,FedAvg,F Flip,,5050,accuracy,0.687365010799136,True,,68,unprotected_max_risk,0.4912901900798384
main,compas,non-IID,FedAvg,F Flip,,5050,aeod,0.2542657242807168,True,,68,unprotected_max_risk,0.4912901900798384
main,compas,non-IID,FedAvg,F Flip,,5050,aspd,0.23702446579912156,True,,68,unprotected_max_risk,0.4912901900798384
main,compas,non-IID,FedAvg,F Flip,,6060,accuracy,0.6965442764578834,True,,70,unprotected_max_risk,0.5521676055866866
main,compas,non-IID,FedAvg,F Flip,,6060,aeod,0.28746052169844427,True,,70,unprotected_max_risk,0.5521676055866866
main,compas,non-IID,FedAvg,F Flip,,6060,aspd,0.2647070838882424,True,,70,unprotected_max_risk,0.5521676055866866
main,compas,non-IID,FedAvg,F Flip,,7070,accuracy,0.6700863930885529,True,,64,unprotected_max_risk,0.4346591187628638
main,compas,non-IID,FedAvg,F Flip,,7070,aeod,0.23352272727272727,True,,64,unprotected_max_risk,0.4346591187628638
main,compas,non-IID,FedAvg,F Flip,,7070,aspd,0.2011363914901365,True,,64,unprotected_max_risk,0.4346591187628638
main,compas,non-IID,FedDNA,Benign,,123,accuracy,0.6733261339092873,True,,,,
main,compas,non-IID,FedDNA,Benign,,123,aeod,0.20301685891748006,True,,,,
main,compas,non-IID,FedDNA,Benign,,123,aspd,0.23192611120902673,True,,,,
main,compas,non-IID,FedDNA,Benign,,456,accuracy,0.6727861771058316,True,,,,
main,compas,non-IID,FedDNA,Benign,,456,aeod,0.25473484848484845,True,,,,
main,compas,non-IID,FedDNA,Benign,,456,aspd,0.2477067325593203,True,,,,
main,compas,non-IID,FedDNA,Benign,,789,accuracy,0.6792656587473002,True,,,,
main,compas,non-IID,FedDNA,Benign,,789,aeod,0.2245563450382727,True,,,,
main,compas,non-IID,FedDNA,Benign,,789,aspd,0.2308954685572287,True,,,,
main,compas,non-IID,FedDNA,Benign,,1001,accuracy,0.6841252699784017,True,,,,
main,compas,non-IID,FedDNA,Benign,,1001,aeod,0.2727592426631575,True,,,,
main,compas,non-IID,FedDNA,Benign,,1001,aspd,0.2593344359536713,True,,,,
main,compas,non-IID,FedDNA,Benign,,3141,accuracy,0.6625269978401728,True,,,,
main,compas,non-IID,FedDNA,Benign,,3141,aeod,0.2658101070222629,True,,,,
main,compas,non-IID,FedDNA,Benign,,3141,aspd,0.22911547983243594,True,,,,
main,compas,non-IID,FedDNA,Benign,,4242,accuracy,0.6706263498920086,True,,,,
main,compas,non-IID,FedDNA,Benign,,4242,aeod,0.2193209145400381,True,,,,
main,compas,non-IID,FedDNA,Benign,,4242,aspd,0.2178881280004482,True,,,,
main,compas,non-IID,FedDNA,Benign,,2024,accuracy,0.703023758099352,True,,,,
main,compas,non-IID,FedDNA,Benign,,2024,aeod,0.27760381910579546,True,,,,
main,compas,non-IID,FedDNA,Benign,,2024,aspd,0.21864097569060642,True,,,,
main,compas,non-IID,FedDNA,Benign,,5050,accuracy,0.6830453563714903,True,,,,
main,compas,non-IID,FedDNA,Benign,,5050,aeod,0.24552009709431005,True,,,,
main,compas,non-IID,FedDNA,Benign,,5050,aspd,0.2286929513613704,True,,,,
main,compas,non-IID,FedDNA,Benign,,6060,accuracy,0.6943844492440605,True,,,,
main,compas,non-IID,FedDNA,Benign,,6060,aeod,0.2666003821109682,True,,,,
main,compas,non-IID,FedDNA,Benign,,6060,aspd,0.25459207910853493,True,,,,
main,compas,non-IID,FedDNA,Benign,,7070,accuracy,0.6700863930885529,True,,,,
main,compas,non-IID,FedDNA,Benign,,7070,aeod,0.2276515151515151,True,,,,
main,compas,non-IID,FedDNA,Benign,,7070,aspd,0.20004622134655853,True,,,,
main,compas,non-IID,FedDNA,F Flip,,123,accuracy,0.6727861771058316,True,,68,unprotected_max_risk,0.45393544286376153
main,compas,non-IID,FedDNA,F Flip,,123,aeod,0.21804199940845903,True,,68,unprotected_max_risk,0.45393544286376153
main,compas,non-IID,FedDNA,F Flip,,123,aspd,0.23589344345530247,True,,68,unprotected_max_risk,0.45393544286376153
main,compas,non-IID,FedDNA,F Flip,,456,accuracy,0.6754859611231101,True,,65,unprotected_max_risk,0.4920841537868896
main,compas,non-IID,FedDNA,F Flip,,456,aeod,0.24897504456327985,True,,65,unprotected_max_risk,0.4920841537868896
main,compas,non-IID,FedDNA,F Flip,,456,aspd,0.24310910922360973,True,,65,unprotected_max_risk,0.4920841537868896
main,compas,non-IID,FedDNA,F Flip,,789,accuracy,0.6808855291576674,True,,62,unprotected_max_risk,0.46360023440976517
main,compas,non-IID,FedDNA,F Flip,,789,aeod,0.22217073421892702,True,,62,unprotected_max_risk,0.46360023440976517
main,compas,non-IID,FedDNA,F Flip,,789,aspd,0.24142950019083814,True,,62,unprotected_max_risk,0.46360023440976517
main,compas,non-IID,FedDNA,F Flip,,1001,accuracy,0.6830453563714903,True,,66,unprotected_max_risk,0.5330963296824005
main,compas,non-IID,FedDNA,F Flip,,1001,aeod,0.27178931605994255,True,,66,unprotected_max_risk,0.5330963296824005
main,compas,non-IID,FedDNA,F Flip,,1001,aspd,0.261307013622458,True,,66,unprotected_max_risk,0.5330963296824005
main,compas,non-IID,FedDNA,F Flip,,3141,accuracy,0.6663066954643628,True,,63,unprotected_max_risk,0.49896002491955427
main,compas,non-IID,FedDNA,F Flip,,3141,aeod,0.26720082412865565,True,,63,unprotected_max_risk,0.49896002491955427
main,compas,non-IID,FedDNA,F Flip,,3141,aspd,0.2317592007908986,True,,63,unprotected_max_risk,0.49896002491955427
main,compas,non-IID,FedDNA,F Flip,,4242,accuracy,0.6614470842332614,True,,66,unprotected_max_risk,0.445681736593905
main,compas,non-IID,FedDNA,F Flip,,4242,aeod,0.2230956055657251,True,,66,unprotected_max_risk,0.445681736593905
main,compas,non-IID,FedDNA,F Flip,,4242,aspd,0.22258613102817987,True,,66,unprotected_max_risk,0.445681736593905
main,compas,non-IID,FedDNA,F Flip,,2024,accuracy,0.7041036717062635,True,,65,unprotected_max_risk,0.495227545781823
main,compas,non-IID,FedDNA,F Flip,,2024,aeod,0.27486610885820373,True,,65,unprotected_max_risk,0.495227545781823
main,compas,non-IID,FedDNA,F Flip,,2024,aspd,0.22036143692361926,True,,65,unprotected_max_risk,0.495227545781823
main,compas,non-IID,FedDNA,F Flip,,5050,accuracy,0.6803455723542117,True,,62,unprotected_max_risk,0.48206263500906066
main,compas,non-IID,FedDNA,F Flip,,5050,aeod,0.24944670521881918,True,,62,unprotected_max_risk,0.48206263500906066
main,compas,non-IID,FedDNA,F Flip,,5050,aspd,0.23261592979024148,True,,62,unprotected_max_risk,0.48206263500906066
main,compas,non-IID,FedDNA,F Flip,,6060,accuracy,0.6862850971922246,True,,68,unprotected_max_risk,0.5370045310658951
main,compas,non-IID,FedDNA,F Flip,,6060,aeod,0.26837446874878157,True,,68,unprotected_max_risk,0.5370045310658951
main,compas,non-IID,FedDNA,F Flip,,6060,aspd,0.26863006231711345,True,,68,unprotected_max_risk,0.5370045310658951
main,compas,non-IID,FedDNA,F Flip,,7070,accuracy,0.6603671706263499,True,,61,unprotected_max_risk,0.43060782772899503
main,compas,non-IID,FedDNA,F Flip,,7070,aeod,0.2270833333333333,True,,61,unprotected_max_risk,0.43060782772899503
main,compas,non-IID,FedDNA,F Flip,,7070,aspd,0.20352449439566173,True,,61,unprotected_max_risk,0.43060782772899503
main,compas,non-IID,GuardFed,Benign,,123,accuracy,0.6592872570194385,True,,,,
main,compas,non-IID,GuardFed,Benign,,123,aeod,0.19751552795031052,True,,,,
main,compas,non-IID,GuardFed,Benign,,123,aspd,0.2249182080590886,True,,,,
main,compas,non-IID,GuardFed,Benign,,456,accuracy,0.6727861771058316,True,,,,
main,compas,non-IID,GuardFed,Benign,,456,aeod,0.2648172905525847,True,,,,
main,compas,non-IID,GuardFed,Benign,,456,aspd,0.24630141687102491,True,,,,
main,compas,non-IID,GuardFed,Benign,,789,accuracy,0.6754859611231101,True,,,,
main,compas,non-IID,GuardFed,Benign,,789,aeod,0.24067209006968038,True,,,,
main,compas,non-IID,GuardFed,Benign,,789,aspd,0.23524097545716527,True,,,,
main,compas,non-IID,GuardFed,Benign,,1001,accuracy,0.6819654427645788,True,,,,
main,compas,non-IID,GuardFed,Benign,,1001,aeod,0.24742203718619188,True,,,,
main,compas,non-IID,GuardFed,Benign,,1001,aspd,0.2344472755667659,True,,,,
main,compas,non-IID,GuardFed,Benign,,3141,accuracy,0.658207343412527,True,,,,
main,compas,non-IID,GuardFed,Benign,,3141,aeod,0.26559835174268875,True,,,,
main,compas,non-IID,GuardFed,Benign,,3141,aspd,0.21822545045386793,True,,,,
main,compas,non-IID,GuardFed,Benign,,4242,accuracy,0.6668466522678186,True,,,,
main,compas,non-IID,GuardFed,Benign,,4242,aeod,0.22306569517724895,True,,,,
main,compas,non-IID,GuardFed,Benign,,4242,aspd,0.22690946101941412,True,,,,
main,compas,non-IID,GuardFed,Benign,,2024,accuracy,0.6954643628509719,True,,,,
main,compas,non-IID,GuardFed,Benign,,2024,aeod,0.2748147767910613,True,,,,
main,compas,non-IID,GuardFed,Benign,,2024,aspd,0.21469582035303303,True,,,,
main,compas,non-IID,GuardFed,Benign,,5050,accuracy,0.6857451403887689,True,,,,
main,compas,non-IID,GuardFed,Benign,,5050,aeod,0.2571392874991076,True,,,,
main,compas,non-IID,GuardFed,Benign,,5050,aspd,0.2337504537512241,True,,,,
main,compas,non-IID,GuardFed,Benign,,6060,accuracy,0.6889848812095032,True,,,,
main,compas,non-IID,GuardFed,Benign,,6060,aeod,0.2709478691464889,True,,,,
main,compas,non-IID,GuardFed,Benign,,6060,aspd,0.26013163746123424,True,,,,
main,compas,non-IID,GuardFed,Benign,,7070,accuracy,0.6630669546436285,True,,,,
main,compas,non-IID,GuardFed,Benign,,7070,aeod,0.2246212121212121,True,,,,
main,compas,non-IID,GuardFed,Benign,,7070,aspd,0.20662809440826757,True,,,,
main,compas,non-IID,GuardFed,F Flip,,123,accuracy,0.6641468682505399,True,,68,fairness_defended_min_risk,0.45027936875610336
main,compas,non-IID,GuardFed,F Flip,,123,aeod,0.19896480331262933,True,,68,fairness_defended_min_risk,0.45027936875610336
main,compas,non-IID,GuardFed,F Flip,,123,aspd,0.251314565443474,True,,68,fairness_defended_min_risk,0.45027936875610336
main,compas,non-IID,GuardFed,F Flip,,456,accuracy,0.6684665226781857,True,,69,fairness_defended_min_risk,0.43839422340255496
main,compas,non-IID,GuardFed,F Flip,,456,aeod,0.22248217468805698,True,,69,fairness_defended_min_risk,0.43839422340255496
main,compas,non-IID,GuardFed,F Flip,,456,aspd,0.21591204871449798,True,,69,fairness_defended_min_risk,0.43839422340255496
main,compas,non-IID,GuardFed,F Flip,,789,accuracy,0.6787257019438445,True,,62,fairness_defended_min_risk,0.4727111416235426
main,compas,non-IID,GuardFed,F Flip,,789,aeod,0.234596505680843,True,,62,fairness_defended_min_risk,0.4727111416235426
main,compas,non-IID,GuardFed,F Flip,,789,aspd,0.2381146359426996,True,,62,fairness_defended_min_risk,0.4727111416235426
main,compas,non-IID,GuardFed,F Flip,,1001,accuracy,0.6825053995680346,True,,62,fairness_defended_min_risk,0.4374812017436079
main,compas,non-IID,GuardFed,F Flip,,1001,aeod,0.22017901101518983,True,,62,fairness_defended_min_risk,0.4374812017436079
main,compas,non-IID,GuardFed,F Flip,,1001,aspd,0.21730219072841805,True,,62,fairness_defended_min_risk,0.4374812017436079
main,compas,non-IID,GuardFed,F Flip,,3141,accuracy,0.661987041036717,True,,70,fairness_defended_min_risk,0.4790639332308504
main,compas,non-IID,GuardFed,F Flip,,3141,aeod,0.2599782521604761,True,,70,fairness_defended_min_risk,0.4790639332308504
main,compas,non-IID,GuardFed,F Flip,,3141,aspd,0.21908568107037432,True,,70,fairness_defended_min_risk,0.4790639332308504
main,compas,non-IID,GuardFed,F Flip,,4242,accuracy,0.6636069114470843,True,,68,fairness_defended_min_risk,0.4635217504468486
main,compas,non-IID,GuardFed,F Flip,,4242,aeod,0.2350178864123087,True,,68,fairness_defended_min_risk,0.4635217504468486
main,compas,non-IID,GuardFed,F Flip,,4242,aspd,0.22850386403453993,True,,68,fairness_defended_min_risk,0.4635217504468486
main,compas,non-IID,GuardFed,F Flip,,2024,accuracy,0.6960043196544277,True,,67,fairness_defended_min_risk,0.4940969792919227
main,compas,non-IID,GuardFed,F Flip,,2024,aeod,0.28032441866433955,True,,67,fairness_defended_min_risk,0.4940969792919227
main,compas,non-IID,GuardFed,F Flip,,2024,aspd,0.21377256062758315,True,,67,fairness_defended_min_risk,0.4940969792919227
main,compas,non-IID,GuardFed,F Flip,,5050,accuracy,0.6765658747300216,True,,64,fairness_defended_min_risk,0.4597421521491516
main,compas,non-IID,GuardFed,F Flip,,5050,aeod,0.23554294281430715,True,,64,fairness_defended_min_risk,0.4597421521491516
main,compas,non-IID,GuardFed,F Flip,,5050,aspd,0.22419920933484444,True,,64,fairness_defended_min_risk,0.4597421521491516
main,compas,non-IID,GuardFed,F Flip,,6060,accuracy,0.683585313174946,True,,64,fairness_defended_min_risk,0.4847525736921309
main,compas,non-IID,GuardFed,F Flip,,6060,aeod,0.25301204819277107,True,,64,fairness_defended_min_risk,0.4847525736921309
main,compas,non-IID,GuardFed,F Flip,,6060,aspd,0.23174052549935978,True,,64,fairness_defended_min_risk,0.4847525736921309
main,compas,non-IID,GuardFed,F Flip,,7070,accuracy,0.6646868250539957,True,,67,fairness_defended_min_risk,0.4223271475320797
main,compas,non-IID,GuardFed,F Flip,,7070,aeod,0.21666666666666667,True,,67,fairness_defended_min_risk,0.4223271475320797
main,compas,non-IID,GuardFed,F Flip,,7070,aspd,0.20566048086541305,True,,67,fairness_defended_min_risk,0.4223271475320797
main,compas,non-IID,GuardFed-AD2,Benign,,123,accuracy,0.6290496760259179,True,,,,
main,compas,non-IID,GuardFed-AD2,Benign,,123,aeod,0.11966873706004144,True,,,,
main,compas,non-IID,GuardFed-AD2,Benign,,123,aspd,0.10601963006581872,True,,,,
main,compas,non-IID,GuardFed-AD2,Benign,,456,accuracy,0.6479481641468683,True,,,,
main,compas,non-IID,GuardFed-AD2,Benign,,456,aeod,0.04315953654188942,True,,,,
main,compas,non-IID,GuardFed-AD2,Benign,,456,aspd,0.03552273891825708,True,,,,
main,compas,non-IID,GuardFed-AD2,Benign,,789,accuracy,0.6571274298056156,True,,,,
main,compas,non-IID,GuardFed-AD2,Benign,,789,aeod,0.039989015892630375,True,,,,
main,compas,non-IID,GuardFed-AD2,Benign,,789,aspd,0.002661229044280289,True,,,,
main,compas,non-IID,GuardFed-AD2,Benign,,1001,accuracy,0.6630669546436285,True,,,,
main,compas,non-IID,GuardFed-AD2,Benign,,1001,aeod,0.02209844471418365,True,,,,
main,compas,non-IID,GuardFed-AD2,Benign,,1001,aspd,0.04462577633770526,True,,,,
main,compas,non-IID,GuardFed-AD2,Benign,,3141,accuracy,0.6490280777537797,True,,,,
main,compas,non-IID,GuardFed-AD2,Benign,,3141,aeod,0.018920620385737996,True,,,,
main,compas,non-IID,GuardFed-AD2,Benign,,3141,aspd,0.016286021427562636,True,,,,
main,compas,non-IID,GuardFed-AD2,Benign,,4242,accuracy,0.6565874730021598,True,,,,
main,compas,non-IID,GuardFed-AD2,Benign,,4242,aeod,0.08740413720493401,True,,,,
main,compas,non-IID,GuardFed-AD2,Benign,,4242,aspd,0.025070411685129912,True,,,,
main,compas,non-IID,GuardFed-AD2,Benign,,2024,accuracy,0.6792656587473002,True,,,,
main,compas,non-IID,GuardFed-AD2,Benign,,2024,aeod,0.014441421556046108,True,,,,
main,compas,non-IID,GuardFed-AD2,Benign,,2024,aspd,0.03713581722492176,True,,,,
main,compas,non-IID,GuardFed-AD2,Benign,,5050,accuracy,0.6598272138228942,True,,,,
main,compas,non-IID,GuardFed-AD2,Benign,,5050,aeod,0.039747983151281474,True,,,,
main,compas,non-IID,GuardFed-AD2,Benign,,5050,aspd,0.04197855376207915,True,,,,
main,compas,non-IID,GuardFed-AD2,Benign,,6060,accuracy,0.6787257019438445,True,,,,
main,compas,non-IID,GuardFed-AD2,Benign,,6060,aeod,0.0081491012594066,True,,,,
main,compas,non-IID,GuardFed-AD2,Benign,,6060,aspd,0.045700772806907985,True,,,,
main,compas,non-IID,GuardFed-AD2,Benign,,7070,accuracy,0.6565874730021598,True,,,,
main,compas,non-IID,GuardFed-AD2,Benign,,7070,aeod,0.09981060606060604,True,,,,
main,compas,non-IID,GuardFed-AD2,Benign,,7070,aspd,0.07985788103138969,True,,,,
main,compas,non-IID,GuardFed-AD2,F Flip,,123,accuracy,0.6339092872570194,True,,61,fairness_defended_min_risk,0.14146639524952975
main,compas,non-IID,GuardFed-AD2,F Flip,,123,aeod,0.09358178053830224,True,,61,fairness_defended_min_risk,0.14146639524952975
main,compas,non-IID,GuardFed-AD2,F Flip,,123,aspd,0.04788461471122751,True,,61,fairness_defended_min_risk,0.14146639524952975
main,compas,non-IID,GuardFed-AD2,F Flip,,456,accuracy,0.6641468682505399,True,,69,fairness_defended_min_risk,0.04592244417166086
main,compas,non-IID,GuardFed-AD2,F Flip,,456,aeod,0.03760026737967914,True,,69,fairness_defended_min_risk,0.04592244417166086
main,compas,non-IID,GuardFed-AD2,F Flip,,456,aspd,0.008322176791981717,True,,69,fairness_defended_min_risk,0.04592244417166086
main,compas,non-IID,GuardFed-AD2,F Flip,,789,accuracy,0.6609071274298056,True,,61,fairness_defended_min_risk,0.07518200350931431
main,compas,non-IID,GuardFed-AD2,F Flip,,789,aeod,0.06315861737548484,True,,61,fairness_defended_min_risk,0.07518200350931431
main,compas,non-IID,GuardFed-AD2,F Flip,,789,aspd,0.012023386133829472,True,,61,fairness_defended_min_risk,0.07518200350931431
main,compas,non-IID,GuardFed-AD2,F Flip,,1001,accuracy,0.6706263498920086,True,,65,fairness_defended_min_risk,0.03266575694459528
main,compas,non-IID,GuardFed-AD2,F Flip,,1001,aeod,0.02466222731449441,True,,65,fairness_defended_min_risk,0.03266575694459528
main,compas,non-IID,GuardFed-AD2,F Flip,,1001,aspd,0.00800352963010087,True,,65,fairness_defended_min_risk,0.03266575694459528
main,compas,non-IID,GuardFed-AD2,F Flip,,3141,accuracy,0.6501079913606912,True,,64,fairness_defended_min_risk,0.006604278515076445
main,compas,non-IID,GuardFed-AD2,F Flip,,3141,aeod,0.005431236765295,True,,64,fairness_defended_min_risk,0.006604278515076445
main,compas,non-IID,GuardFed-AD2,F Flip,,3141,aspd,0.001173041749781445,True,,64,fairness_defended_min_risk,0.006604278515076445
main,compas,non-IID,GuardFed-AD2,F Flip,,4242,accuracy,0.6587473002159827,True,,70,fairness_defended_min_risk,0.024194138221673656
main,compas,non-IID,GuardFed-AD2,F Flip,,4242,aeod,0.0002512472631993612,True,,70,fairness_defended_min_risk,0.024194138221673656
main,compas,non-IID,GuardFed-AD2,F Flip,,4242,aspd,0.023942890958474294,True,,70,fairness_defended_min_risk,0.024194138221673656
main,compas,non-IID,GuardFed-AD2,F Flip,,2024,accuracy,0.6889848812095032,True,,65,fairness_defended_min_risk,0.01164393019613047
main,compas,non-IID,GuardFed-AD2,F Flip,,2024,aeod,0.005030542579949726,True,,65,fairness_defended_min_risk,0.01164393019613047
main,compas,non-IID,GuardFed-AD2,F Flip,,2024,aspd,0.006613387616180744,True,,65,fairness_defended_min_risk,0.01164393019613047
main,compas,non-IID,GuardFed-AD2,F Flip,,5050,accuracy,0.6727861771058316,True,,62,fairness_defended_min_risk,0.018064079913080455
main,compas,non-IID,GuardFed-AD2,F Flip,,5050,aeod,0.001981152281002374,True,,62,fairness_defended_min_risk,0.018064079913080455
main,compas,non-IID,GuardFed-AD2,F Flip,,5050,aspd,0.01608292763207808,True,,62,fairness_defended_min_risk,0.018064079913080455
main,compas,non-IID,GuardFed-AD2,F Flip,,6060,accuracy,0.6744060475161987,True,,66,fairness_defended_min_risk,0.04311632354891415
main,compas,non-IID,GuardFed-AD2,F Flip,,6060,aeod,0.0020470230436308023,True,,66,fairness_defended_min_risk,0.04311632354891415
main,compas,non-IID,GuardFed-AD2,F Flip,,6060,aspd,0.041069300505283346,True,,66,fairness_defended_min_risk,0.04311632354891415
main,compas,non-IID,GuardFed-AD2,F Flip,,7070,accuracy,0.6517278617710583,True,,67,fairness_defended_min_risk,0.15506148724787078
main,compas,non-IID,GuardFed-AD2,F Flip,,7070,aeod,0.08901515151515155,True,,67,fairness_defended_min_risk,0.15506148724787078
main,compas,non-IID,GuardFed-AD2,F Flip,,7070,aspd,0.06604633573271923,True,,67,fairness_defended_min_risk,0.15506148724787078
main,compas,non-IID,GuardFed-AD2+,Benign,,123,accuracy,0.6247300215982722,True,,,,
main,compas,non-IID,GuardFed-AD2+,Benign,,123,aeod,0.05359361135758656,True,,,,
main,compas,non-IID,GuardFed-AD2+,Benign,,123,aspd,0.053787174043212316,True,,,,
main,compas,non-IID,GuardFed-AD2+,Benign,,456,accuracy,0.6576673866090713,True,,,,
main,compas,non-IID,GuardFed-AD2+,Benign,,456,aeod,0.062087789661319004,True,,,,
main,compas,non-IID,GuardFed-AD2+,Benign,,456,aspd,0.038207312076960875,True,,,,
main,compas,non-IID,GuardFed-AD2+,Benign,,789,accuracy,0.6333693304535637,True,,,,
main,compas,non-IID,GuardFed-AD2+,Benign,,789,aeod,0.13596265403494312,True,,,,
main,compas,non-IID,GuardFed-AD2+,Benign,,789,aspd,0.13880410436219803,True,,,,
main,compas,non-IID,GuardFed-AD2+,Benign,,1001,accuracy,0.6711663066954644,True,,,,
main,compas,non-IID,GuardFed-AD2+,Benign,,1001,aeod,0.02306269923199955,True,,,,
main,compas,non-IID,GuardFed-AD2+,Benign,,1001,aspd,0.04445886591957715,True,,,,
main,compas,non-IID,GuardFed-AD2+,Benign,,3141,accuracy,0.6571274298056156,True,,,,
main,compas,non-IID,GuardFed-AD2+,Benign,,3141,aeod,0.009174154409660629,True,,,,
main,compas,non-IID,GuardFed-AD2+,Benign,,3141,aspd,0.020750583311059168,True,,,,
main,compas,non-IID,GuardFed-AD2+,Benign,,4242,accuracy,0.6598272138228942,True,,,,
main,compas,non-IID,GuardFed-AD2+,Benign,,4242,aeod,0.020829594534773843,True,,,,
main,compas,non-IID,GuardFed-AD2+,Benign,,4242,aspd,0.027257755206612944,True,,,,
main,compas,non-IID,GuardFed-AD2+,Benign,,2024,accuracy,0.67170626349892,True,,,,
main,compas,non-IID,GuardFed-AD2+,Benign,,2024,aeod,0.00795647040706332,True,,,,
main,compas,non-IID,GuardFed-AD2+,Benign,,2024,aspd,0.0011111798465591183,True,,,,
main,compas,non-IID,GuardFed-AD2+,Benign,,5050,accuracy,0.6749460043196545,True,,,,
main,compas,non-IID,GuardFed-AD2+,Benign,,5050,aeod,0.005175983436852993,True,,,,
main,compas,non-IID,GuardFed-AD2+,Benign,,5050,aspd,0.03166979283265653,True,,,,
main,compas,non-IID,GuardFed-AD2+,Benign,,6060,accuracy,0.6663066954643628,True,,,,
main,compas,non-IID,GuardFed-AD2+,Benign,,6060,aeod,0.020879635045034428,True,,,,
main,compas,non-IID,GuardFed-AD2+,Benign,,6060,aspd,0.03151105285457673,True,,,,
main,compas,non-IID,GuardFed-AD2+,Benign,,7070,accuracy,0.6587473002159827,True,,,,
main,compas,non-IID,GuardFed-AD2+,Benign,,7070,aeod,0.08465909090909096,True,,,,
main,compas,non-IID,GuardFed-AD2+,Benign,,7070,aspd,0.06214903582971404,True,,,,
main,compas,non-IID,GuardFed-AD2+,F Flip,,123,accuracy,0.6474082073434125,True,,67,fairness_defended_min_risk,0.0883350069202612
main,compas,non-IID,GuardFed-AD2+,F Flip,,123,aeod,0.08260869565217388,True,,67,fairness_defended_min_risk,0.0883350069202612
main,compas,non-IID,GuardFed-AD2+,F Flip,,123,aspd,0.005726311268087314,True,,67,fairness_defended_min_risk,0.0883350069202612
main,compas,non-IID,GuardFed-AD2+,F Flip,,456,accuracy,0.6609071274298056,True,,70,fairness_defended_min_risk,0.026426048544019365
main,compas,non-IID,GuardFed-AD2+,F Flip,,456,aeod,0.015753119429590012,True,,70,fairness_defended_min_risk,0.026426048544019365
main,compas,non-IID,GuardFed-AD2+,F Flip,,456,aspd,0.010672929114429353,True,,70,fairness_defended_min_risk,0.026426048544019365
main,compas,non-IID,GuardFed-AD2+,F Flip,,789,accuracy,0.6646868250539957,True,,64,fairness_defended_min_risk,0.12431827031208764
main,compas,non-IID,GuardFed-AD2+,F Flip,,789,aeod,0.070967631208595,True,,64,fairness_defended_min_risk,0.12431827031208764
main,compas,non-IID,GuardFed-AD2+,F Flip,,789,aspd,0.053350639103492636,True,,64,fairness_defended_min_risk,0.12431827031208764
main,compas,non-IID,GuardFed-AD2+,F Flip,,1001,accuracy,0.6625269978401728,True,,64,fairness_defended_min_risk,0.033028075556542635
main,compas,non-IID,GuardFed-AD2+,F Flip,,1001,aeod,0.028683735862327142,True,,64,fairness_defended_min_risk,0.033028075556542635
main,compas,non-IID,GuardFed-AD2+,F Flip,,1001,aspd,0.004344339694215493,True,,64,fairness_defended_min_risk,0.033028075556542635
main,compas,non-IID,GuardFed-AD2+,F Flip,,3141,accuracy,0.6555075593952484,True,,64,fairness_defended_min_risk,0.027812457618004882
main,compas,non-IID,GuardFed-AD2+,F Flip,,3141,aeod,0.0021747839523836854,True,,64,fairness_defended_min_risk,0.027812457618004882
main,compas,non-IID,GuardFed-AD2+,F Flip,,3141,aspd,0.025637673665621197,True,,64,fairness_defended_min_risk,0.027812457618004882
main,compas,non-IID,GuardFed-AD2+,F Flip,,4242,accuracy,0.661987041036717,True,,70,fairness_defended_min_risk,0.031269107480709935
main,compas,non-IID,GuardFed-AD2+,F Flip,,4242,aeod,0.015954201213165375,True,,70,fairness_defended_min_risk,0.031269107480709935
main,compas,non-IID,GuardFed-AD2+,F Flip,,4242,aspd,0.015314906267544559,True,,70,fairness_defended_min_risk,0.031269107480709935
main,compas,non-IID,GuardFed-AD2+,F Flip,,2024,accuracy,0.6792656587473002,True,,67,fairness_defended_min_risk,0.0033359394782482843
main,compas,non-IID,GuardFed-AD2+,F Flip,,2024,aeod,0.003062813339493209,True,,67,fairness_defended_min_risk,0.0033359394782482843
main,compas,non-IID,GuardFed-AD2+,F Flip,,2024,aspd,0.0002731261387550754,True,,67,fairness_defended_min_risk,0.0033359394782482843
main,compas,non-IID,GuardFed-AD2+,F Flip,,5050,accuracy,0.6798056155507559,True,,68,fairness_defended_min_risk,0.002553885387275745
main,compas,non-IID,GuardFed-AD2+,F Flip,,5050,aeod,0.0005532947811808242,True,,68,fairness_defended_min_risk,0.002553885387275745
main,compas,non-IID,GuardFed-AD2+,F Flip,,5050,aspd,0.002000590606094921,True,,68,fairness_defended_min_risk,0.002553885387275745
main,compas,non-IID,GuardFed-AD2+,F Flip,,6060,accuracy,0.6684665226781857,True,,61,fairness_defended_min_risk,0.027138252286752096
main,compas,non-IID,GuardFed-AD2+,F Flip,,6060,aeod,0.0037626233087690863,True,,61,fairness_defended_min_risk,0.027138252286752096
main,compas,non-IID,GuardFed-AD2+,F Flip,,6060,aspd,0.02337562897798301,True,,61,fairness_defended_min_risk,0.027138252286752096
main,compas,non-IID,GuardFed-AD2+,F Flip,,7070,accuracy,0.6490280777537797,True,,69,fairness_defended_min_risk,0.10504294813033277
main,compas,non-IID,GuardFed-AD2+,F Flip,,7070,aeod,0.05568181818181822,True,,69,fairness_defended_min_risk,0.10504294813033277
main,compas,non-IID,GuardFed-AD2+,F Flip,,7070,aspd,0.04936112994851455,True,,69,fairness_defended_min_risk,0.10504294813033277
main,compas,non-IID,Huber-BRFL,Benign,,123,accuracy,0.6700863930885529,True,,,,
main,compas,non-IID,Huber-BRFL,Benign,,123,aeod,0.22318840579710142,True,,,,
main,compas,non-IID,Huber-BRFL,Benign,,123,aspd,0.23757305248807406,True,,,,
main,compas,non-IID,Huber-BRFL,Benign,,456,accuracy,0.6690064794816415,True,,,,
main,compas,non-IID,Huber-BRFL,Benign,,456,aeod,0.24649064171122997,True,,,,
main,compas,non-IID,Huber-BRFL,Benign,,456,aspd,0.2343177157317154,True,,,,
main,compas,non-IID,Huber-BRFL,Benign,,789,accuracy,0.6846652267818575,True,,,,
main,compas,non-IID,Huber-BRFL,Benign,,789,aeod,0.22992826004874195,True,,,,
main,compas,non-IID,Huber-BRFL,Benign,,789,aspd,0.2316518178645504,True,,,,
main,compas,non-IID,Huber-BRFL,Benign,,1001,accuracy,0.6857451403887689,True,,,,
main,compas,non-IID,Huber-BRFL,Benign,,1001,aeod,0.27178364397454363,True,,,,
main,compas,non-IID,Huber-BRFL,Benign,,1001,aspd,0.2628605644373427,True,,,,
main,compas,non-IID,Huber-BRFL,Benign,,3141,accuracy,0.66792656587473,True,,,,
main,compas,non-IID,Huber-BRFL,Benign,,3141,aeod,0.26811079951925826,True,,,,
main,compas,non-IID,Huber-BRFL,Benign,,3141,aspd,0.22657564018315793,True,,,,
main,compas,non-IID,Huber-BRFL,Benign,,4242,accuracy,0.6760259179265659,True,,,,
main,compas,non-IID,Huber-BRFL,Benign,,4242,aeod,0.22116339447016742,True,,,,
main,compas,non-IID,Huber-BRFL,Benign,,4242,aspd,0.2273728416907208,True,,,,
main,compas,non-IID,Huber-BRFL,Benign,,2024,accuracy,0.7041036717062635,True,,,,
main,compas,non-IID,Huber-BRFL,Benign,,2024,aeod,0.2783224680457882,True,,,,
main,compas,non-IID,Huber-BRFL,Benign,,2024,aspd,0.22010932048784526,True,,,,
main,compas,non-IID,Huber-BRFL,Benign,,5050,accuracy,0.6852051835853131,True,,,,
main,compas,non-IID,Huber-BRFL,Benign,,5050,aeod,0.25655029628043124,True,,,,
main,compas,non-IID,Huber-BRFL,Benign,,5050,aspd,0.23370960155098297,True,,,,
main,compas,non-IID,Huber-BRFL,Benign,,6060,accuracy,0.6965442764578834,True,,,,
main,compas,non-IID,Huber-BRFL,Benign,,6060,aeod,0.28266463913908063,True,,,,
main,compas,non-IID,Huber-BRFL,Benign,,6060,aspd,0.26718389442857693,True,,,,
main,compas,non-IID,Huber-BRFL,Benign,,7070,accuracy,0.6727861771058316,True,,,,
main,compas,non-IID,Huber-BRFL,Benign,,7070,aeod,0.20852272727272725,True,,,,
main,compas,non-IID,Huber-BRFL,Benign,,7070,aspd,0.17882992295275035,True,,,,
main,compas,non-IID,Huber-BRFL,F Flip,,123,accuracy,0.673866090712743,True,,61,unprotected_max_risk,0.47156047741271423
main,compas,non-IID,Huber-BRFL,F Flip,,123,aeod,0.2277136941733215,True,,61,unprotected_max_risk,0.47156047741271423
main,compas,non-IID,Huber-BRFL,F Flip,,123,aspd,0.2438467832393927,True,,61,unprotected_max_risk,0.47156047741271423
main,compas,non-IID,Huber-BRFL,F Flip,,456,accuracy,0.6744060475161987,True,,63,unprotected_max_risk,0.4766403278659441
main,compas,non-IID,Huber-BRFL,F Flip,,456,aeod,0.24377228163992876,True,,63,unprotected_max_risk,0.4766403278659441
main,compas,non-IID,Huber-BRFL,F Flip,,456,aspd,0.23286804622601537,True,,63,unprotected_max_risk,0.4766403278659441
main,compas,non-IID,Huber-BRFL,F Flip,,789,accuracy,0.6798056155507559,True,,63,unprotected_max_risk,0.4628434388014057
main,compas,non-IID,Huber-BRFL,F Flip,,789,aeod,0.22689046785432332,True,,63,unprotected_max_risk,0.4628434388014057
main,compas,non-IID,Huber-BRFL,F Flip,,789,aspd,0.2359529709470824,True,,63,unprotected_max_risk,0.4628434388014057
main,compas,non-IID,Huber-BRFL,F Flip,,1001,accuracy,0.6879049676025918,True,,64,unprotected_max_risk,0.5514096858098746
main,compas,non-IID,Huber-BRFL,F Flip,,1001,aeod,0.26989483953670407,True,,64,unprotected_max_risk,0.5514096858098746
main,compas,non-IID,Huber-BRFL,F Flip,,1001,aspd,0.2815148462731705,True,,64,unprotected_max_risk,0.5514096858098746
main,compas,non-IID,Huber-BRFL,F Flip,,3141,accuracy,0.6700863930885529,True,,61,unprotected_max_risk,0.5360172773690663
main,compas,non-IID,Huber-BRFL,F Flip,,3141,aeod,0.28946374406226755,True,,61,unprotected_max_risk,0.5360172773690663
main,compas,non-IID,Huber-BRFL,F Flip,,3141,aspd,0.24655353330679883,True,,61,unprotected_max_risk,0.5360172773690663
main,compas,non-IID,Huber-BRFL,F Flip,,4242,accuracy,0.6673866090712743,True,,65,unprotected_max_risk,0.4652779771377173
main,compas,non-IID,Huber-BRFL,F Flip,,4242,aeod,0.22993312037136737,True,,65,unprotected_max_risk,0.4652779771377173
main,compas,non-IID,Huber-BRFL,F Flip,,4242,aspd,0.23534485676634992,True,,65,unprotected_max_risk,0.4652779771377173
main,compas,non-IID,Huber-BRFL,F Flip,,2024,accuracy,0.7073434125269978,True,,65,unprotected_max_risk,0.4800562124086421
main,compas,non-IID,Huber-BRFL,F Flip,,2024,aeod,0.2556679157469672,True,,65,unprotected_max_risk,0.4800562124086421
main,compas,non-IID,Huber-BRFL,F Flip,,2024,aspd,0.22438829666167492,True,,65,unprotected_max_risk,0.4800562124086421
main,compas,non-IID,Huber-BRFL,F Flip,,5050,accuracy,0.6841252699784017,True,,63,unprotected_max_risk,0.49310846701880573
main,compas,non-IID,Huber-BRFL,F Flip,,5050,aeod,0.25633611765545805,True,,63,unprotected_max_risk,0.49310846701880573
main,compas,non-IID,Huber-BRFL,F Flip,,5050,aspd,0.23677234936334768,True,,63,unprotected_max_risk,0.49310846701880573
main,compas,non-IID,Huber-BRFL,F Flip,,6060,accuracy,0.6814254859611231,True,,70,unprotected_max_risk,0.5347629713688598
main,compas,non-IID,Huber-BRFL,F Flip,,6060,aeod,0.26145358131555346,True,,70,unprotected_max_risk,0.5347629713688598
main,compas,non-IID,Huber-BRFL,F Flip,,6060,aspd,0.2733093900533063,True,,70,unprotected_max_risk,0.5347629713688598
main,compas,non-IID,Huber-BRFL,F Flip,,7070,accuracy,0.6657667386609071,True,,70,unprotected_max_risk,0.42102398157675414
main,compas,non-IID,Huber-BRFL,F Flip,,7070,aeod,0.22064393939393934,True,,70,unprotected_max_risk,0.42102398157675414
main,compas,non-IID,Huber-BRFL,F Flip,,7070,aspd,0.2003800421828148,True,,70,unprotected_max_risk,0.42102398157675414
main,compas,non-IID,LASA,Benign,,123,accuracy,0.6657667386609071,True,,,,
main,compas,non-IID,LASA,Benign,,123,aeod,0.20245489500147884,True,,,,
main,compas,non-IID,LASA,Benign,,123,aspd,0.2252963827127495,True,,,,
main,compas,non-IID,LASA,Benign,,456,accuracy,0.6744060475161987,True,,,,
main,compas,non-IID,LASA,Benign,,456,aeod,0.26541889483065956,True,,,,
main,compas,non-IID,LASA,Benign,,456,aspd,0.25085468638933084,True,,,,
main,compas,non-IID,LASA,Benign,,789,accuracy,0.6841252699784017,True,,,,
main,compas,non-IID,LASA,Benign,,789,aeod,0.22623828647925037,True,,,,
main,compas,non-IID,LASA,Benign,,789,aspd,0.23467371347667398,True,,,,
main,compas,non-IID,LASA,Benign,,1001,accuracy,0.6846652267818575,True,,,,
main,compas,non-IID,LASA,Benign,,1001,aeod,0.27762021985003,True,,,,
main,compas,non-IID,LASA,Benign,,1001,aspd,0.2626084480015687,True,,,,
main,compas,non-IID,LASA,Benign,,3141,accuracy,0.6706263498920086,True,,,,
main,compas,non-IID,LASA,Benign,,3141,aeod,0.28181193841927543,True,,,,
main,compas,non-IID,LASA,Benign,,3141,aspd,0.2320113172266725,True,,,,
main,compas,non-IID,LASA,Benign,,4242,accuracy,0.6765658747300216,True,,,,
main,compas,non-IID,LASA,Benign,,4242,aeod,0.22517736860366344,True,,,,
main,compas,non-IID,LASA,Benign,,4242,aspd,0.22867427606983157,True,,,,
main,compas,non-IID,LASA,Benign,,2024,accuracy,0.7073434125269978,True,,,,
main,compas,non-IID,LASA,Benign,,2024,aeod,0.2604589086802525,True,,,,
main,compas,non-IID,LASA,Benign,,2024,aspd,0.22094737419564936,True,,,,
main,compas,non-IID,LASA,Benign,,5050,accuracy,0.6819654427645788,True,,,,
main,compas,non-IID,LASA,Benign,,5050,aeod,0.24585921325051757,True,,,,
main,compas,non-IID,LASA,Benign,,5050,aspd,0.22907112601503127,True,,,,
main,compas,non-IID,LASA,Benign,,6060,accuracy,0.693304535637149,True,,,,
main,compas,non-IID,LASA,Benign,,6060,aeod,0.2684914414941319,True,,,,
main,compas,non-IID,LASA,Benign,,6060,aspd,0.26013163746123424,True,,,,
main,compas,non-IID,LASA,Benign,,7070,accuracy,0.6727861771058316,True,,,,
main,compas,non-IID,LASA,Benign,,7070,aeod,0.20852272727272725,True,,,,
main,compas,non-IID,LASA,Benign,,7070,aspd,0.1766682579571332,True,,,,
main,compas,non-IID,LASA,F Flip,,123,accuracy,0.6695464362850972,True,,61,unprotected_max_risk,0.4482113553970269
main,compas,non-IID,LASA,F Flip,,123,aeod,0.20881396036675542,True,,61,unprotected_max_risk,0.4482113553970269
main,compas,non-IID,LASA,F Flip,,123,aspd,0.23939739503027146,True,,61,unprotected_max_risk,0.4482113553970269
main,compas,non-IID,LASA,F Flip,,456,accuracy,0.6749460043196545,True,,69,unprotected_max_risk,0.48285296633381103
main,compas,non-IID,LASA,F Flip,,456,aeod,0.24505347593582888,True,,69,unprotected_max_risk,0.48285296633381103
main,compas,non-IID,LASA,F Flip,,456,aspd,0.23779949039798215,True,,69,unprotected_max_risk,0.48285296633381103
main,compas,non-IID,LASA,F Flip,,789,accuracy,0.6803455723542117,True,,65,unprotected_max_risk,0.47603723763756445
main,compas,non-IID,LASA,F Flip,,789,aeod,0.23427041499330659,True,,65,unprotected_max_risk,0.47603723763756445
main,compas,non-IID,LASA,F Flip,,789,aspd,0.24176682264425786,True,,65,unprotected_max_risk,0.47603723763756445
main,compas,non-IID,LASA,F Flip,,1001,accuracy,0.6922246220302376,True,,66,unprotected_max_risk,0.5618750579582319
main,compas,non-IID,LASA,F Flip,,1001,aeod,0.2912502410636294,True,,66,unprotected_max_risk,0.5618750579582319
main,compas,non-IID,LASA,F Flip,,1001,aspd,0.2706248168946025,True,,66,unprotected_max_risk,0.5618750579582319
main,compas,non-IID,LASA,F Flip,,3141,accuracy,0.6722462203023758,True,,66,unprotected_max_risk,0.5481353412216217
main,compas,non-IID,LASA,F Flip,,3141,aeod,0.2973845361414755,True,,66,unprotected_max_risk,0.5481353412216217
main,compas,non-IID,LASA,F Flip,,3141,aspd,0.25075080508014613,True,,66,unprotected_max_risk,0.5481353412216217
main,compas,non-IID,LASA,F Flip,,4242,accuracy,0.6706263498920086,True,,65,unprotected_max_risk,0.46900107836317406
main,compas,non-IID,LASA,F Flip,,4242,aeod,0.236088678319754,True,,65,unprotected_max_risk,0.46900107836317406
main,compas,non-IID,LASA,F Flip,,4242,aspd,0.23291240004342004,True,,65,unprotected_max_risk,0.46900107836317406
main,compas,non-IID,LASA,F Flip,,2024,accuracy,0.7041036717062635,True,,61,unprotected_max_risk,0.4733821300949603
main,compas,non-IID,LASA,F Flip,,2024,aeod,0.2556679157469672,True,,61,unprotected_max_risk,0.4733821300949603
main,compas,non-IID,LASA,F Flip,,2024,aspd,0.2177142143479931,True,,61,unprotected_max_risk,0.4733821300949603
main,compas,non-IID,LASA,F Flip,,5050,accuracy,0.6749460043196545,True,,63,unprotected_max_risk,0.48639362977202605
main,compas,non-IID,LASA,F Flip,,5050,aeod,0.2534625544370672,True,,63,unprotected_max_risk,0.48639362977202605
main,compas,non-IID,LASA,F Flip,,5050,aspd,0.23293107533495883,True,,63,unprotected_max_risk,0.48639362977202605
main,compas,non-IID,LASA,F Flip,,6060,accuracy,0.6808855291576674,True,,62,unprotected_max_risk,0.5426275014155152
main,compas,non-IID,LASA,F Flip,,6060,aeod,0.26591804109642453,True,,62,unprotected_max_risk,0.5426275014155152
main,compas,non-IID,LASA,F Flip,,6060,aspd,0.27670946031909066,True,,62,unprotected_max_risk,0.5426275014155152
main,compas,non-IID,LASA,F Flip,,7070,accuracy,0.6646868250539957,True,,62,unprotected_max_risk,0.42676882886751577
main,compas,non-IID,LASA,F Flip,,7070,aeod,0.2263257575757575,True,,62,unprotected_max_risk,0.42676882886751577
main,compas,non-IID,LASA,F Flip,,7070,aspd,0.20044307129175826,True,,62,unprotected_max_risk,0.42676882886751577
main,compas,non-IID,LayerGuard,Benign,,123,accuracy,0.6668466522678186,True,,,,
main,compas,non-IID,LayerGuard,Benign,,123,aeod,0.1986986098787341,True,,,,
main,compas,non-IID,LayerGuard,Benign,,123,aspd,0.22733198949047967,True,,,,
main,compas,non-IID,LayerGuard,Benign,,456,accuracy,0.6749460043196545,True,,,,
main,compas,non-IID,LayerGuard,Benign,,456,aeod,0.23612967914438504,True,,,,
main,compas,non-IID,LayerGuard,Benign,,456,aspd,0.231755699173735,True,,,,
main,compas,non-IID,LayerGuard,Benign,,789,accuracy,0.6825053995680346,True,,,,
main,compas,non-IID,LayerGuard,Benign,,789,aeod,0.21432739505028664,True,,,,
main,compas,non-IID,LayerGuard,Benign,,789,aspd,0.2306433521214547,True,,,,
main,compas,non-IID,LayerGuard,Benign,,1001,accuracy,0.6862850971922246,True,,,,
main,compas,non-IID,LayerGuard,Benign,,1001,aeod,0.27665029324681517,True,,,,
main,compas,non-IID,LayerGuard,Benign,,1001,aspd,0.26581943094052274,True,,,,
main,compas,non-IID,LayerGuard,Benign,,3141,accuracy,0.6663066954643628,True,,,,
main,compas,non-IID,LayerGuard,Benign,,3141,aeod,0.2708407256910662,True,,,,
main,compas,non-IID,LayerGuard,Benign,,3141,aspd,0.225778438675595,True,,,,
main,compas,non-IID,LayerGuard,Benign,,4242,accuracy,0.6765658747300216,True,,,,
main,compas,non-IID,LayerGuard,Benign,,4242,aeod,0.22517736860366344,True,,,,
main,compas,non-IID,LayerGuard,Benign,,4242,aspd,0.22435094607859732,True,,,,
main,compas,non-IID,LayerGuard,Benign,,2024,accuracy,0.7100431965442765,True,,,,
main,compas,non-IID,LayerGuard,Benign,,2024,aeod,0.2521944458703352,True,,,,
main,compas,non-IID,LayerGuard,Benign,,2024,aspd,0.20902670216528335,True,,,,
main,compas,non-IID,LayerGuard,Benign,,5050,accuracy,0.6879049676025918,True,,,,
main,compas,non-IID,LayerGuard,Benign,,5050,aeod,0.26161919040479764,True,,,,
main,compas,non-IID,LayerGuard,Benign,,5050,aspd,0.23851498750506273,True,,,,
main,compas,non-IID,LayerGuard,Benign,,6060,accuracy,0.693304535637149,True,,,,
main,compas,non-IID,LayerGuard,Benign,,6060,aeod,0.27250750575115995,True,,,,
main,compas,non-IID,LayerGuard,Benign,,6060,aspd,0.2664905742301986,True,,,,
main,compas,non-IID,LayerGuard,Benign,,7070,accuracy,0.673866090712743,True,,,,
main,compas,non-IID,LayerGuard,Benign,,7070,aeod,0.20946969696969697,True,,,,
main,compas,non-IID,LayerGuard,Benign,,7070,aspd,0.17946021404218515,True,,,,
main,compas,non-IID,LayerGuard,F Flip,,123,accuracy,0.6690064794816415,True,,66,unprotected_max_risk,0.46070863116183114
main,compas,non-IID,LayerGuard,F Flip,,123,aeod,0.22351375332741796,True,,66,unprotected_max_risk,0.46070863116183114
main,compas,non-IID,LayerGuard,F Flip,,123,aspd,0.23719487783441318,True,,66,unprotected_max_risk,0.46070863116183114
main,compas,non-IID,LayerGuard,F Flip,,456,accuracy,0.6798056155507559,True,,68,unprotected_max_risk,0.48819692745702226
main,compas,non-IID,LayerGuard,F Flip,,456,aeod,0.2456550802139038,True,,68,unprotected_max_risk,0.48819692745702226
main,compas,non-IID,LayerGuard,F Flip,,456,aspd,0.24254184724311845,True,,68,unprotected_max_risk,0.48819692745702226
main,compas,non-IID,LayerGuard,F Flip,,789,accuracy,0.6819654427645788,True,,61,unprotected_max_risk,0.47123943351258124
main,compas,non-IID,LayerGuard,F Flip,,789,aeod,0.23847526859575052,True,,61,unprotected_max_risk,0.47123943351258124
main,compas,non-IID,LayerGuard,F Flip,,789,aspd,0.23276416491683072,True,,61,unprotected_max_risk,0.47123943351258124
main,compas,non-IID,LayerGuard,F Flip,,1001,accuracy,0.6916846652267818,True,,65,unprotected_max_risk,0.5582819582342547
main,compas,non-IID,LayerGuard,F Flip,,1001,aeod,0.2805640321720683,True,,65,unprotected_max_risk,0.5582819582342547
main,compas,non-IID,LayerGuard,F Flip,,1001,aspd,0.2777179260621864,True,,65,unprotected_max_risk,0.5582819582342547
main,compas,non-IID,LayerGuard,F Flip,,3141,accuracy,0.6722462203023758,True,,62,unprotected_max_risk,0.5390312375788187
main,compas,non-IID,LayerGuard,F Flip,,3141,aeod,0.29069421393006356,True,,62,unprotected_max_risk,0.5390312375788187
main,compas,non-IID,LayerGuard,F Flip,,3141,aspd,0.2483370236487551,True,,62,unprotected_max_risk,0.5390312375788187
main,compas,non-IID,LayerGuard,F Flip,,4242,accuracy,0.6733261339092873,True,,69,unprotected_max_risk,0.46319517746335415
main,compas,non-IID,LayerGuard,F Flip,,4242,aeod,0.23311558570522717,True,,69,unprotected_max_risk,0.46319517746335415
main,compas,non-IID,LayerGuard,F Flip,,4242,aspd,0.23007959175812695,True,,69,unprotected_max_risk,0.46319517746335415
main,compas,non-IID,LayerGuard,F Flip,,2024,accuracy,0.7014038876889849,True,,68,unprotected_max_risk,0.47608177085837167
main,compas,non-IID,LayerGuard,F Flip,,2024,aeod,0.24949095700083845,True,,68,unprotected_max_risk,0.47608177085837167
main,compas,non-IID,LayerGuard,F Flip,,2024,aspd,0.2265908138575332,True,,68,unprotected_max_risk,0.47608177085837167
main,compas,non-IID,LayerGuard,F Flip,,5050,accuracy,0.6868250539956804,True,,64,unprotected_max_risk,0.49188199842081176
main,compas,non-IID,LayerGuard,F Flip,,5050,aeod,0.25794245734275717,True,,64,unprotected_max_risk,0.49188199842081176
main,compas,non-IID,LayerGuard,F Flip,,5050,aspd,0.2339395410780546,True,,64,unprotected_max_risk,0.49188199842081176
main,compas,non-IID,LayerGuard,F Flip,,6060,accuracy,0.6830453563714903,True,,61,unprotected_max_risk,0.5437622114913572
main,compas,non-IID,LayerGuard,F Flip,,6060,aeod,0.2678091004795882,True,,61,unprotected_max_risk,0.5437622114913572
main,compas,non-IID,LayerGuard,F Flip,,6060,aspd,0.275953111011769,True,,61,unprotected_max_risk,0.5437622114913572
main,compas,non-IID,LayerGuard,F Flip,,7070,accuracy,0.6641468682505399,True,,70,unprotected_max_risk,0.42273570799922516
main,compas,non-IID,LayerGuard,F Flip,,7070,aeod,0.22462121212121217,True,,70,unprotected_max_risk,0.42273570799922516
main,compas,non-IID,LayerGuard,F Flip,,7070,aspd,0.198114495878013,True,,70,unprotected_max_risk,0.42273570799922516
main,compas,non-IID,LoGoFair,Benign,,123,accuracy,0.6382289416846653,True,,,,
main,compas,non-IID,LoGoFair,Benign,,123,aeod,0.08509316770186337,True,,,,
main,compas,non-IID,LoGoFair,Benign,,123,aspd,0.056846420238413464,True,,,,
main,compas,non-IID,LoGoFair,Benign,,456,accuracy,0.6506479481641468,True,,,,
main,compas,non-IID,LoGoFair,Benign,,456,aeod,0.06988636363636369,True,,,,
main,compas,non-IID,LoGoFair,Benign,,456,aspd,0.055504133659061594,True,,,,
main,compas,non-IID,LoGoFair,Benign,,789,accuracy,0.6371490280777538,True,,,,
main,compas,non-IID,LoGoFair,Benign,,789,aeod,0.077163354271788,True,,,,
main,compas,non-IID,LoGoFair,Benign,,789,aspd,0.09815149629937425,True,,,,
main,compas,non-IID,LoGoFair,Benign,,1001,accuracy,0.6652267818574514,True,,,,
main,compas,non-IID,LoGoFair,Benign,,1001,aeod,0.04119635625233975,True,,,,
main,compas,non-IID,LoGoFair,Benign,,1001,aspd,0.01226383051239166,True,,,,
main,compas,non-IID,LoGoFair,Benign,,3141,accuracy,0.6587473002159827,True,,,,
main,compas,non-IID,LoGoFair,Benign,,3141,aeod,0.04611686602186227,True,,,,
main,compas,non-IID,LoGoFair,Benign,,3141,aspd,0.02559331984821661,True,,,,
main,compas,non-IID,LoGoFair,Benign,,4242,accuracy,0.6625269978401728,True,,,,
main,compas,non-IID,LoGoFair,Benign,,4242,aeod,0.017916322697199116,True,,,,
main,compas,non-IID,LoGoFair,Benign,,4242,aspd,0.014643762977868624,True,,,,
main,compas,non-IID,LoGoFair,Benign,,2024,accuracy,0.6960043196544277,True,,,,
main,compas,non-IID,LoGoFair,Benign,,2024,aeod,0.010197970672279011,True,,,,
main,compas,non-IID,LoGoFair,Benign,,2024,aspd,0.017016692209018525,True,,,,
main,compas,non-IID,LoGoFair,Benign,,5050,accuracy,0.6711663066954644,True,,,,
main,compas,non-IID,LoGoFair,Benign,,5050,aeod,0.044709787963161274,True,,,,
main,compas,non-IID,LoGoFair,Benign,,5050,aspd,0.04461060266333006,True,,,,
main,compas,non-IID,LoGoFair,Benign,,6060,accuracy,0.6641468682505399,True,,,,
main,compas,non-IID,LoGoFair,Benign,,6060,aeod,0.005946114555308635,True,,,,
main,compas,non-IID,LoGoFair,Benign,,6060,aspd,0.030434889179652813,True,,,,
main,compas,non-IID,LoGoFair,Benign,,7070,accuracy,0.6452483801295896,True,,,,
main,compas,non-IID,LoGoFair,Benign,,7070,aeod,0.10132575757575757,True,,,,
main,compas,non-IID,LoGoFair,Benign,,7070,aspd,0.07261303512005296,True,,,,
main,compas,non-IID,LoGoFair,F Flip,,123,accuracy,0.6479481641468683,True,,61,unprotected_max_risk,0.13797428440870696
main,compas,non-IID,LoGoFair,F Flip,,123,aeod,0.1089026915113872,True,,61,unprotected_max_risk,0.13797428440870696
main,compas,non-IID,LoGoFair,F Flip,,123,aspd,0.029071592897319753,True,,61,unprotected_max_risk,0.13797428440870696
main,compas,non-IID,LoGoFair,F Flip,,456,accuracy,0.6501079913606912,True,,66,unprotected_max_risk,0.15315556160304056
main,compas,non-IID,LoGoFair,F Flip,,456,aeod,0.08705436720142612,True,,66,unprotected_max_risk,0.15315556160304056
main,compas,non-IID,LoGoFair,F Flip,,456,aspd,0.06610119440161444,True,,66,unprotected_max_risk,0.15315556160304056
main,compas,non-IID,LoGoFair,F Flip,,789,accuracy,0.6387688984881209,True,,67,unprotected_max_risk,0.18719890027501174
main,compas,non-IID,LoGoFair,F Flip,,789,aeod,0.08571036281879651,True,,67,unprotected_max_risk,0.18719890027501174
main,compas,non-IID,LoGoFair,F Flip,,789,aspd,0.10148853745621522,True,,67,unprotected_max_risk,0.18719890027501174
main,compas,non-IID,LoGoFair,F Flip,,1001,accuracy,0.6511879049676026,True,,70,unprotected_max_risk,0.07999488549549116
main,compas,non-IID,LoGoFair,F Flip,,1001,aeod,0.036692720445599014,True,,70,unprotected_max_risk,0.07999488549549116
main,compas,non-IID,LoGoFair,F Flip,,1001,aspd,0.04330216504989215,True,,70,unprotected_max_risk,0.07999488549549116
main,compas,non-IID,LoGoFair,F Flip,,3141,accuracy,0.6555075593952484,True,,62,unprotected_max_risk,0.10691905953596281
main,compas,non-IID,LoGoFair,F Flip,,3141,aeod,0.056286842557088046,True,,62,unprotected_max_risk,0.10691905953596281
main,compas,non-IID,LoGoFair,F Flip,,3141,aspd,0.05063221697887477,True,,62,unprotected_max_risk,0.10691905953596281
main,compas,non-IID,LoGoFair,F Flip,,4242,accuracy,0.6598272138228942,True,,70,unprotected_max_risk,0.0640675617897506
main,compas,non-IID,LoGoFair,F Flip,,4242,aeod,0.056064032159649724,True,,70,unprotected_max_risk,0.0640675617897506
main,compas,non-IID,LoGoFair,F Flip,,4242,aspd,0.00800352963010087,True,,70,unprotected_max_risk,0.0640675617897506
main,compas,non-IID,LoGoFair,F Flip,,2024,accuracy,0.6954643628509719,True,,65,unprotected_max_risk,0.05144467843853173
main,compas,non-IID,LoGoFair,F Flip,,2024,aeod,0.021405471998357406,True,,65,unprotected_max_risk,0.05144467843853173
main,compas,non-IID,LoGoFair,F Flip,,2024,aspd,0.030039206440174326,True,,65,unprotected_max_risk,0.05144467843853173
main,compas,non-IID,LoGoFair,F Flip,,5050,accuracy,0.6760259179265659,True,,66,unprotected_max_risk,0.10972153236054538
main,compas,non-IID,LoGoFair,F Flip,,5050,aeod,0.05963089883629613,True,,66,unprotected_max_risk,0.10972153236054538
main,compas,non-IID,LoGoFair,F Flip,,5050,aspd,0.05009063352424925,True,,66,unprotected_max_risk,0.10972153236054538
main,compas,non-IID,LoGoFair,F Flip,,6060,accuracy,0.658207343412527,True,,69,unprotected_max_risk,0.04210786476891265
main,compas,non-IID,LoGoFair,F Flip,,6060,aeod,0.035618200959176505,True,,69,unprotected_max_risk,0.04210786476891265
main,compas,non-IID,LoGoFair,F Flip,,6060,aspd,0.006489663809736146,True,,69,unprotected_max_risk,0.04210786476891265
main,compas,non-IID,LoGoFair,F Flip,,7070,accuracy,0.6420086393088553,True,,62,unprotected_max_risk,0.157446524027761
main,compas,non-IID,LoGoFair,F Flip,,7070,aeod,0.08712121212121215,True,,62,unprotected_max_risk,0.157446524027761
main,compas,non-IID,LoGoFair,F Flip,,7070,aspd,0.07032531190654884,True,,62,unprotected_max_risk,0.157446524027761
main,compas,non-IID,Median,Benign,,123,accuracy,0.6727861771058316,True,,,,
main,compas,non-IID,Median,Benign,,123,aeod,0.18713398402839398,True,,,,
main,compas,non-IID,Median,Benign,,123,aspd,0.21912303165345193,True,,,,
main,compas,non-IID,Median,Benign,,456,accuracy,0.6819654427645788,True,,,,
main,compas,non-IID,Median,Benign,,456,aeod,0.2368538324420677,True,,,,
main,compas,non-IID,Median,Benign,,456,aspd,0.24789231826898722,True,,,,
main,compas,non-IID,Median,Benign,,789,accuracy,0.6808855291576674,True,,,,
main,compas,non-IID,Median,Benign,,789,aeod,0.24921909861668895,True,,,,
main,compas,non-IID,Median,Benign,,789,aspd,0.23574520832871315,True,,,,
main,compas,non-IID,Median,Benign,,1001,accuracy,0.683585313174946,True,,,,
main,compas,non-IID,Median,Benign,,1001,aeod,0.24558995360234148,True,,,,
main,compas,non-IID,Median,Benign,,1001,aspd,0.2618077448768423,True,,,,
main,compas,non-IID,Median,Benign,,3141,accuracy,0.683585313174946,True,,,,
main,compas,non-IID,Median,Benign,,3141,aeod,0.2665541120586047,True,,,,
main,compas,non-IID,Median,Benign,,3141,aspd,0.2477475847595615,True,,,,
main,compas,non-IID,Median,Benign,,4242,accuracy,0.6852051835853131,True,,,,
main,compas,non-IID,Median,Benign,,4242,aeod,0.23379754256248275,True,,,,
main,compas,non-IID,Median,Benign,,4242,aspd,0.25985734411675787,True,,,,
main,compas,non-IID,Median,Benign,,2024,accuracy,0.7014038876889849,True,,,,
main,compas,non-IID,Median,Benign,,2024,aeod,0.2520917817360505,True,,,,
main,compas,non-IID,Median,Benign,,2024,aspd,0.21333135686497878,True,,,,
main,compas,non-IID,Median,Benign,,5050,accuracy,0.6922246220302376,True,,,,
main,compas,non-IID,Median,Benign,,5050,aeod,0.2691868351538517,True,,,,
main,compas,non-IID,Median,Benign,,5050,aspd,0.22304951169948656,True,,,,
main,compas,non-IID,Median,Benign,,6060,accuracy,0.6970842332613391,True,,,,
main,compas,non-IID,Median,Benign,,6060,aeod,0.2803251842320739,True,,,,
main,compas,non-IID,Median,Benign,,6060,aspd,0.26021684347888,True,,,,
main,compas,non-IID,Median,Benign,,7070,accuracy,0.6684665226781857,True,,,,
main,compas,non-IID,Median,Benign,,7070,aeod,0.20511363636363633,True,,,,
main,compas,non-IID,Median,Benign,,7070,aspd,0.1809915879483675,True,,,,
main,compas,non-IID,Median,F Flip,,123,accuracy,0.6771058315334774,True,,61,unprotected_max_risk,0.4183420576540958
main,compas,non-IID,Median,F Flip,,123,aeod,0.18929310854776688,True,,61,unprotected_max_risk,0.4183420576540958
main,compas,non-IID,Median,F Flip,,123,aspd,0.22904894910632895,True,,61,unprotected_max_risk,0.4183420576540958
main,compas,non-IID,Median,F Flip,,456,accuracy,0.6781857451403888,True,,61,unprotected_max_risk,0.4856063813275613
main,compas,non-IID,Median,F Flip,,456,aeod,0.2368538324420677,True,,61,unprotected_max_risk,0.4856063813275613
main,compas,non-IID,Median,F Flip,,456,aspd,0.24875254888549359,True,,61,unprotected_max_risk,0.4856063813275613
main,compas,non-IID,Median,F Flip,,789,accuracy,0.6846652267818575,True,,65,unprotected_max_risk,0.4477684103370721
main,compas,non-IID,Median,F Flip,,789,aeod,0.21259396560601385,True,,65,unprotected_max_risk,0.4477684103370721
main,compas,non-IID,Median,F Flip,,789,aspd,0.23517444473105825,True,,65,unprotected_max_risk,0.4477684103370721
main,compas,non-IID,Median,F Flip,,1001,accuracy,0.6868250539956804,True,,61,unprotected_max_risk,0.5328710871947442
main,compas,non-IID,Median,F Flip,,1001,aeod,0.26306564871640703,True,,61,unprotected_max_risk,0.5328710871947442
main,compas,non-IID,Median,F Flip,,1001,aspd,0.2698054384783372,True,,61,unprotected_max_risk,0.5328710871947442
main,compas,non-IID,Median,F Flip,,3141,accuracy,0.6733261339092873,True,,62,unprotected_max_risk,0.5331225611215832
main,compas,non-IID,Median,F Flip,,3141,aeod,0.28325416356664573,True,,62,unprotected_max_risk,0.5331225611215832
main,compas,non-IID,Median,F Flip,,3141,aspd,0.24986839755493745,True,,62,unprotected_max_risk,0.5331225611215832
main,compas,non-IID,Median,F Flip,,4242,accuracy,0.6798056155507559,True,,65,unprotected_max_risk,0.520262325257763
main,compas,non-IID,Median,F Flip,,4242,aeod,0.25582953471399683,True,,65,unprotected_max_risk,0.520262325257763
main,compas,non-IID,Median,F Flip,,4242,aspd,0.26443279054376617,True,,65,unprotected_max_risk,0.520262325257763
main,compas,non-IID,Median,F Flip,,2024,accuracy,0.7051835853131749,True,,68,unprotected_max_risk,0.4656866032330227
main,compas,non-IID,Median,F Flip,,2024,aeod,0.24396420443851274,True,,68,unprotected_max_risk,0.4656866032330227
main,compas,non-IID,Median,F Flip,,2024,aspd,0.22172239879450995,True,,68,unprotected_max_risk,0.4656866032330227
main,compas,non-IID,Median,F Flip,,5050,accuracy,0.683585313174946,True,,69,unprotected_max_risk,0.4932481583445104
main,compas,non-IID,Median,F Flip,,5050,aeod,0.26115513671735563,True,,69,unprotected_max_risk,0.4932481583445104
main,compas,non-IID,Median,F Flip,,5050,aspd,0.23209302162715478,True,,69,unprotected_max_risk,0.4932481583445104
main,compas,non-IID,Median,F Flip,,6060,accuracy,0.6857451403887689,True,,63,unprotected_max_risk,0.5786459507649346
main,compas,non-IID,Median,F Flip,,6060,aeod,0.2877724490193785,True,,63,unprotected_max_risk,0.5786459507649346
main,compas,non-IID,Median,F Flip,,6060,aspd,0.2908735017455561,True,,63,unprotected_max_risk,0.5786459507649346
main,compas,non-IID,Median,F Flip,,7070,accuracy,0.6684665226781857,True,,64,unprotected_max_risk,0.4243606953412327
main,compas,non-IID,Median,F Flip,,7070,aeod,0.2276515151515151,True,,64,unprotected_max_risk,0.4243606953412327
main,compas,non-IID,Median,F Flip,,7070,aspd,0.19670918018971761,True,,64,unprotected_max_risk,0.4243606953412327
main,compas,non-IID,SmartFL,Benign,,123,accuracy,0.6700863930885529,True,,,,
main,compas,non-IID,SmartFL,Benign,,123,aeod,0.22318840579710142,True,,,,
main,compas,non-IID,SmartFL,Benign,,123,aspd,0.23757305248807406,True,,,,
main,compas,non-IID,SmartFL,Benign,,456,accuracy,0.6641468682505399,True,,,,
main,compas,non-IID,SmartFL,Benign,,456,aeod,0.25096925133689846,True,,,,
main,compas,non-IID,SmartFL,Benign,,456,aspd,0.23497018372985254,True,,,,
main,compas,non-IID,SmartFL,Benign,,789,accuracy,0.6803455723542117,True,,,,
main,compas,non-IID,SmartFL,Benign,,789,aeod,0.25744001647616105,True,,,,
main,compas,non-IID,SmartFL,Benign,,789,aspd,0.23946042413921498,True,,,,
main,compas,non-IID,SmartFL,Benign,,1001,accuracy,0.6841252699784017,True,,,,
main,compas,non-IID,SmartFL,Benign,,1001,aeod,0.2756633503874034,True,,,,
main,compas,non-IID,SmartFL,Benign,,1001,aspd,0.26218942114766675,True,,,,
main,compas,non-IID,SmartFL,Benign,,3141,accuracy,0.6673866090712743,True,,,,
main,compas,non-IID,SmartFL,Benign,,3141,aeod,0.2752818634464603,True,,,,
main,compas,non-IID,SmartFL,Benign,,3141,aspd,0.23557829791058504,True,,,,
main,compas,non-IID,SmartFL,Benign,,4242,accuracy,0.6614470842332614,True,,,,
main,compas,non-IID,SmartFL,Benign,,4242,aeod,0.2318354210784489,True,,,,
main,compas,non-IID,SmartFL,Benign,,4242,aspd,0.23723222841749086,True,,,,
main,compas,non-IID,SmartFL,Benign,,2024,accuracy,0.7105831533477321,True,,,,
main,compas,non-IID,SmartFL,Benign,,2024,aeod,0.26940779905206785,True,,,,
main,compas,non-IID,SmartFL,Benign,,2024,aspd,0.21496661208034573,True,,,,
main,compas,non-IID,SmartFL,Benign,,5050,accuracy,0.6868250539956804,True,,,,
main,compas,non-IID,SmartFL,Benign,,5050,aeod,0.2610301991861212,True,,,,
main,compas,non-IID,SmartFL,Benign,,5050,aspd,0.23303845826130704,True,,,,
main,compas,non-IID,SmartFL,Benign,,6060,accuracy,0.6970842332613391,True,,,,
main,compas,non-IID,SmartFL,Benign,,6060,aeod,0.2870121261746013,True,,,,
main,compas,non-IID,SmartFL,Benign,,6060,aspd,0.2655042853958053,True,,,,
main,compas,non-IID,SmartFL,Benign,,7070,accuracy,0.6722462203023758,True,,,,
main,compas,non-IID,SmartFL,Benign,,7070,aeod,0.21401515151515155,True,,,,
main,compas,non-IID,SmartFL,Benign,,7070,aspd,0.18120285218390025,True,,,,
main,compas,non-IID,SmartFL,F Flip,,123,accuracy,0.6749460043196545,True,,61,unprotected_max_risk,0.48226835769291154
main,compas,non-IID,SmartFL,F Flip,,123,aeod,0.23040520556048505,True,,61,unprotected_max_risk,0.48226835769291154
main,compas,non-IID,SmartFL,F Flip,,123,aspd,0.2518631521324265,True,,61,unprotected_max_risk,0.48226835769291154
main,compas,non-IID,SmartFL,F Flip,,456,accuracy,0.677645788336933,True,,68,unprotected_max_risk,0.481964394828478
main,compas,non-IID,SmartFL,F Flip,,456,aeod,0.24349376114081994,True,,68,unprotected_max_risk,0.481964394828478
main,compas,non-IID,SmartFL,F Flip,,456,aspd,0.23847063368765808,True,,68,unprotected_max_risk,0.481964394828478
main,compas,non-IID,SmartFL,F Flip,,789,accuracy,0.6814254859611231,True,,68,unprotected_max_risk,0.49383477579032664
main,compas,non-IID,SmartFL,F Flip,,789,aeod,0.2565990457556723,True,,68,unprotected_max_risk,0.49383477579032664
main,compas,non-IID,SmartFL,F Flip,,789,aspd,0.23723573003465437,True,,68,unprotected_max_risk,0.49383477579032664
main,compas,non-IID,SmartFL,F Flip,,1001,accuracy,0.6906047516198704,True,,70,unprotected_max_risk,0.561893007551322
main,compas,non-IID,SmartFL,F Flip,,1001,aeod,0.27863552313643636,True,,70,unprotected_max_risk,0.561893007551322
main,compas,non-IID,SmartFL,F Flip,,1001,aspd,0.28325748441488563,True,,70,unprotected_max_risk,0.561893007551322
main,compas,non-IID,SmartFL,F Flip,,3141,accuracy,0.673866090712743,True,,68,unprotected_max_risk,0.5384033398589771
main,compas,non-IID,SmartFL,F Flip,,3141,aeod,0.28341441080524243,True,,68,unprotected_max_risk,0.5384033398589771
main,compas,non-IID,SmartFL,F Flip,,3141,aspd,0.25498892905373466,True,,68,unprotected_max_risk,0.5384033398589771
main,compas,non-IID,SmartFL,F Flip,,4242,accuracy,0.6646868250539957,True,,62,unprotected_max_risk,0.48844224558705707
main,compas,non-IID,SmartFL,F Flip,,4242,aeod,0.2436978811480804,True,,62,unprotected_max_risk,0.48844224558705707
main,compas,non-IID,SmartFL,F Flip,,4242,aspd,0.24474436443897668,True,,62,unprotected_max_risk,0.48844224558705707
main,compas,non-IID,SmartFL,F Flip,,2024,accuracy,0.7073434125269978,True,,67,unprotected_max_risk,0.490671427541007
main,compas,non-IID,SmartFL,F Flip,,2024,aeod,0.2639323785568845,True,,67,unprotected_max_risk,0.490671427541007
main,compas,non-IID,SmartFL,F Flip,,2024,aspd,0.2267390489841225,True,,67,unprotected_max_risk,0.490671427541007
main,compas,non-IID,SmartFL,F Flip,,5050,accuracy,0.6830453563714903,True,,68,unprotected_max_risk,0.5017116993362352
main,compas,non-IID,SmartFL,F Flip,,5050,aeod,0.26195830656100516,True,,68,unprotected_max_risk,0.5017116993362352
main,compas,non-IID,SmartFL,F Flip,,5050,aspd,0.23975339277523006,True,,68,unprotected_max_risk,0.5017116993362352
main,compas,non-IID,SmartFL,F Flip,,6060,accuracy,0.6830453563714903,True,,64,unprotected_max_risk,0.5651752452151868
main,compas,non-IID,SmartFL,F Flip,,6060,aeod,0.2783951339337934,True,,64,unprotected_max_risk,0.5651752452151868
main,compas,non-IID,SmartFL,F Flip,,6060,aspd,0.28678011128139347,True,,64,unprotected_max_risk,0.5651752452151868
main,compas,non-IID,SmartFL,F Flip,,7070,accuracy,0.6630669546436285,True,,69,unprotected_max_risk,0.4282443546326801
main,compas,non-IID,SmartFL,F Flip,,7070,aeod,0.22859848484848483,True,,69,unprotected_max_risk,0.4282443546326801
main,compas,non-IID,SmartFL,F Flip,,7070,aspd,0.1996458697841953,True,,69,unprotected_max_risk,0.4282443546326801
