study,dataset,distribution,method,attack,malicious_ratio,seed,metric,value,valid_for_fairness,validity_reasons,selected_round,selection_role,selection_score
main,adult,IID,AdaAggRL,Benign,,123,accuracy,0.8288066936715586,True,,,,
main,adult,IID,AdaAggRL,Benign,,123,aeod,0.0845491191562453,True,,,,
main,adult,IID,AdaAggRL,Benign,,123,aspd,0.11216399332216562,True,,,,
main,adult,IID,AdaAggRL,Benign,,456,accuracy,0.8315293180158045,True,,,,
main,adult,IID,AdaAggRL,Benign,,456,aeod,0.012512488211528172,True,,,,
main,adult,IID,AdaAggRL,Benign,,456,aspd,0.13843370206344985,True,,,,
main,adult,IID,AdaAggRL,Benign,,789,accuracy,0.8369081612324856,True,,,,
main,adult,IID,AdaAggRL,Benign,,789,aeod,0.09395876162638928,True,,,,
main,adult,IID,AdaAggRL,Benign,,789,aspd,0.10245893368182163,True,,,,
main,adult,IID,AdaAggRL,Benign,,1001,accuracy,0.8278106115943954,True,,,,
main,adult,IID,AdaAggRL,Benign,,1001,aeod,0.09395761919423118,True,,,,
main,adult,IID,AdaAggRL,Benign,,1001,aspd,0.11003001607027926,True,,,,
main,adult,IID,AdaAggRL,Benign,,2024,accuracy,0.8249551763065277,True,,,,
main,adult,IID,AdaAggRL,Benign,,2024,aeod,0.017013099698340806,True,,,,
main,adult,IID,AdaAggRL,Benign,,2024,aspd,0.08203299203900682,True,,,,
main,adult,IID,AdaAggRL,Benign,,3141,accuracy,0.8254864200810147,True,,,,
main,adult,IID,AdaAggRL,Benign,,3141,aeod,0.11747858368115632,True,,,,
main,adult,IID,AdaAggRL,Benign,,3141,aspd,0.11228857379591568,True,,,,
main,adult,IID,AdaAggRL,Benign,,4242,accuracy,0.8323925891493459,True,,,,
main,adult,IID,AdaAggRL,Benign,,4242,aeod,0.028530529500168766,True,,,,
main,adult,IID,AdaAggRL,Benign,,4242,aspd,0.12824340047478602,True,,,,
main,adult,IID,AdaAggRL,Benign,,5050,accuracy,0.8354472408526462,True,,,,
main,adult,IID,AdaAggRL,Benign,,5050,aeod,0.05257644156373825,True,,,,
main,adult,IID,AdaAggRL,Benign,,5050,aspd,0.10255635119881523,True,,,,
main,adult,IID,AdaAggRL,Benign,,6060,accuracy,0.8276113951789628,True,,,,
main,adult,IID,AdaAggRL,Benign,,6060,aeod,0.023531817592427062,True,,,,
main,adult,IID,AdaAggRL,Benign,,6060,aspd,0.11043368890325811,True,,,,
main,adult,IID,AdaAggRL,Benign,,7070,accuracy,0.8161896540274919,True,,,,
main,adult,IID,AdaAggRL,Benign,,7070,aeod,0.06629876543068836,True,,,,
main,adult,IID,AdaAggRL,Benign,,7070,aspd,0.08329879786061822,True,,,,
main,adult,IID,AdaAggRL,FedSA,,123,accuracy,0.8280762334816388,True,,70,performance_defended_max_acc,0.8280762334816388
main,adult,IID,AdaAggRL,FedSA,,123,aeod,0.07473162840566161,True,,70,performance_defended_max_acc,0.8280762334816388
main,adult,IID,AdaAggRL,FedSA,,123,aspd,0.11660981102726975,True,,70,performance_defended_max_acc,0.8280762334816388
main,adult,IID,AdaAggRL,FedSA,,456,accuracy,0.8353144299090245,True,,70,performance_defended_max_acc,0.8353144299090245
main,adult,IID,AdaAggRL,FedSA,,456,aeod,0.01857994540316721,True,,70,performance_defended_max_acc,0.8353144299090245
main,adult,IID,AdaAggRL,FedSA,,456,aspd,0.13969308827932858,True,,70,performance_defended_max_acc,0.8353144299090245
main,adult,IID,AdaAggRL,FedSA,,789,accuracy,0.8367753502888639,True,,63,performance_defended_max_acc,0.8367753502888639
main,adult,IID,AdaAggRL,FedSA,,789,aeod,0.10402644501959557,True,,63,performance_defended_max_acc,0.8367753502888639
main,adult,IID,AdaAggRL,FedSA,,789,aspd,0.09772800523711436,True,,63,performance_defended_max_acc,0.8367753502888639
main,adult,IID,AdaAggRL,FedSA,,1001,accuracy,0.8292715319742346,True,,69,performance_defended_max_acc,0.8292715319742346
main,adult,IID,AdaAggRL,FedSA,,1001,aeod,0.08507178186857345,True,,69,performance_defended_max_acc,0.8292715319742346
main,adult,IID,AdaAggRL,FedSA,,1001,aspd,0.10762603421352948,True,,69,performance_defended_max_acc,0.8292715319742346
main,adult,IID,AdaAggRL,FedSA,,2024,accuracy,0.8275449897071518,True,,70,performance_defended_max_acc,0.8275449897071518
main,adult,IID,AdaAggRL,FedSA,,2024,aeod,0.04055634161234878,True,,70,performance_defended_max_acc,0.8275449897071518
main,adult,IID,AdaAggRL,FedSA,,2024,aspd,0.08485954444311104,True,,70,performance_defended_max_acc,0.8275449897071518
main,adult,IID,AdaAggRL,FedSA,,3141,accuracy,0.8271465568762866,True,,70,performance_defended_max_acc,0.8271465568762866
main,adult,IID,AdaAggRL,FedSA,,3141,aeod,0.09650295804246539,True,,70,performance_defended_max_acc,0.8271465568762866
main,adult,IID,AdaAggRL,FedSA,,3141,aspd,0.11274512813111756,True,,70,performance_defended_max_acc,0.8271465568762866
main,adult,IID,AdaAggRL,FedSA,,4242,accuracy,0.8325254000929677,True,,69,performance_defended_max_acc,0.8325254000929677
main,adult,IID,AdaAggRL,FedSA,,4242,aeod,0.018487408398361493,True,,69,performance_defended_max_acc,0.8325254000929677
main,adult,IID,AdaAggRL,FedSA,,4242,aspd,0.10726613506714043,True,,69,performance_defended_max_acc,0.8325254000929677
main,adult,IID,AdaAggRL,FedSA,,5050,accuracy,0.8341855368882396,True,,70,performance_defended_max_acc,0.8341855368882396
main,adult,IID,AdaAggRL,FedSA,,5050,aeod,0.06875727943490734,True,,70,performance_defended_max_acc,0.8341855368882396
main,adult,IID,AdaAggRL,FedSA,,5050,aspd,0.09652071813400999,True,,70,performance_defended_max_acc,0.8341855368882396
main,adult,IID,AdaAggRL,FedSA,,6060,accuracy,0.8321269672621024,True,,70,performance_defended_max_acc,0.8321269672621024
main,adult,IID,AdaAggRL,FedSA,,6060,aeod,0.004716531164692395,True,,70,performance_defended_max_acc,0.8321269672621024
main,adult,IID,AdaAggRL,FedSA,,6060,aspd,0.1221363894187404,True,,70,performance_defended_max_acc,0.8321269672621024
main,adult,IID,AdaAggRL,FedSA,,7070,accuracy,0.8143967062885982,True,,69,performance_defended_max_acc,0.8143967062885982
main,adult,IID,AdaAggRL,FedSA,,7070,aeod,0.03820978595962299,True,,69,performance_defended_max_acc,0.8143967062885982
main,adult,IID,AdaAggRL,FedSA,,7070,aspd,0.07319459923384414,True,,69,performance_defended_max_acc,0.8143967062885982
main,adult,IID,FLAURA,Benign,,123,accuracy,0.8286074772561259,True,,,,
main,adult,IID,FLAURA,Benign,,123,aeod,0.06559616965346038,True,,,,
main,adult,IID,FLAURA,Benign,,123,aspd,0.11664379481511716,True,,,,
main,adult,IID,FLAURA,Benign,,456,accuracy,0.8333222657546981,True,,,,
main,adult,IID,FLAURA,Benign,,456,aeod,0.03151113500063696,True,,,,
main,adult,IID,FLAURA,Benign,,456,aspd,0.14451842505084228,True,,,,
main,adult,IID,FLAURA,Benign,,789,accuracy,0.8362441065143768,True,,,,
main,adult,IID,FLAURA,Benign,,789,aeod,0.09420838305293289,True,,,,
main,adult,IID,FLAURA,Benign,,789,aspd,0.10661586912895459,True,,,,
main,adult,IID,FLAURA,Benign,,1001,accuracy,0.8275449897071518,True,,,,
main,adult,IID,FLAURA,Benign,,1001,aeod,0.05732381839669931,True,,,,
main,adult,IID,FLAURA,Benign,,1001,aspd,0.11488706970636606,True,,,,
main,adult,IID,FLAURA,Benign,,2024,accuracy,0.8296699648050999,True,,,,
main,adult,IID,FLAURA,Benign,,2024,aeod,0.05562102326505969,True,,,,
main,adult,IID,FLAURA,Benign,,2024,aspd,0.10290642032392609,True,,,,
main,adult,IID,FLAURA,Benign,,3141,accuracy,0.823693472342121,True,,,,
main,adult,IID,FLAURA,Benign,,3141,aeod,0.08884352163852188,True,,,,
main,adult,IID,FLAURA,Benign,,3141,aspd,0.09871925254604574,True,,,,
main,adult,IID,FLAURA,Benign,,4242,accuracy,0.8249551763065277,True,,,,
main,adult,IID,FLAURA,Benign,,4242,aeod,0.021943836892675928,True,,,,
main,adult,IID,FLAURA,Benign,,4242,aspd,0.08049529585334796,True,,,,
main,adult,IID,FLAURA,Benign,,5050,accuracy,0.8108772162826217,True,,,,
main,adult,IID,FLAURA,Benign,,5050,aeod,0.05050692570935034,True,,,,
main,adult,IID,FLAURA,Benign,,5050,aspd,0.09036955222728421,True,,,,
main,adult,IID,FLAURA,Benign,,6060,accuracy,0.8261504747991234,True,,,,
main,adult,IID,FLAURA,Benign,,6060,aeod,0.03387082862318075,True,,,,
main,adult,IID,FLAURA,Benign,,6060,aspd,0.09818869219350665,True,,,,
main,adult,IID,FLAURA,Benign,,7070,accuracy,0.8162560594993027,True,,,,
main,adult,IID,FLAURA,Benign,,7070,aeod,0.06152625509024928,True,,,,
main,adult,IID,FLAURA,Benign,,7070,aspd,0.08084761184046525,True,,,,
main,adult,IID,FLAURA,FedSA,,123,accuracy,0.826416096686367,True,,70,performance_defended_max_acc,0.826416096686367
main,adult,IID,FLAURA,FedSA,,123,aeod,0.07186755098531916,True,,70,performance_defended_max_acc,0.826416096686367
main,adult,IID,FLAURA,FedSA,,123,aspd,0.12467935573960298,True,,70,performance_defended_max_acc,0.826416096686367
main,adult,IID,FLAURA,FedSA,,456,accuracy,0.8331230493392655,True,,70,performance_defended_max_acc,0.8331230493392655
main,adult,IID,FLAURA,FedSA,,456,aeod,0.013375595706968446,True,,70,performance_defended_max_acc,0.8331230493392655
main,adult,IID,FLAURA,FedSA,,456,aspd,0.13206763985482223,True,,70,performance_defended_max_acc,0.8331230493392655
main,adult,IID,FLAURA,FedSA,,789,accuracy,0.8368417557606747,True,,69,performance_defended_max_acc,0.8368417557606747
main,adult,IID,FLAURA,FedSA,,789,aeod,0.10345922745310177,True,,69,performance_defended_max_acc,0.8368417557606747
main,adult,IID,FLAURA,FedSA,,789,aspd,0.09142802484499762,True,,69,performance_defended_max_acc,0.8368417557606747
main,adult,IID,FLAURA,FedSA,,1001,accuracy,0.8302676140513978,True,,67,performance_defended_max_acc,0.8302676140513978
main,adult,IID,FLAURA,FedSA,,1001,aeod,0.02144230917527251,True,,67,performance_defended_max_acc,0.8302676140513978
main,adult,IID,FLAURA,FedSA,,1001,aspd,0.0957922734347607,True,,67,performance_defended_max_acc,0.8302676140513978
main,adult,IID,FLAURA,FedSA,,2024,accuracy,0.8270801514044758,True,,61,performance_defended_max_acc,0.8270801514044758
main,adult,IID,FLAURA,FedSA,,2024,aeod,0.04291832009920887,True,,61,performance_defended_max_acc,0.8270801514044758
main,adult,IID,FLAURA,FedSA,,2024,aspd,0.0885289710186498,True,,61,performance_defended_max_acc,0.8270801514044758
main,adult,IID,FLAURA,FedSA,,3141,accuracy,0.8151935719503287,True,,69,performance_defended_max_acc,0.8151935719503287
main,adult,IID,FLAURA,FedSA,,3141,aeod,0.016893144321740883,True,,69,performance_defended_max_acc,0.8151935719503287
main,adult,IID,FLAURA,FedSA,,3141,aspd,0.07562652643679904,True,,69,performance_defended_max_acc,0.8151935719503287
main,adult,IID,FLAURA,FedSA,,4242,accuracy,0.8281426389534498,True,,70,performance_defended_max_acc,0.8281426389534498
main,adult,IID,FLAURA,FedSA,,4242,aeod,0.056055147485135515,True,,70,performance_defended_max_acc,0.8281426389534498
main,adult,IID,FLAURA,FedSA,,4242,aspd,0.07497814625779717,True,,70,performance_defended_max_acc,0.8281426389534498
main,adult,IID,FLAURA,FedSA,,5050,accuracy,0.8157912211966266,True,,70,performance_defended_max_acc,0.8157912211966266
main,adult,IID,FLAURA,FedSA,,5050,aeod,0.06502895208696646,True,,70,performance_defended_max_acc,0.8157912211966266
main,adult,IID,FLAURA,FedSA,,5050,aspd,0.09472284736476588,True,,70,performance_defended_max_acc,0.8157912211966266
main,adult,IID,FLAURA,FedSA,,6060,accuracy,0.8201075768643337,True,,70,performance_defended_max_acc,0.8201075768643337
main,adult,IID,FLAURA,FedSA,,6060,aeod,0.021647946963729514,True,,70,performance_defended_max_acc,0.8201075768643337
main,adult,IID,FLAURA,FedSA,,6060,aspd,0.12630050679978683,True,,70,performance_defended_max_acc,0.8201075768643337
main,adult,IID,FLAURA,FedSA,,7070,accuracy,0.820439604223388,True,,70,performance_defended_max_acc,0.820439604223388
main,adult,IID,FLAURA,FedSA,,7070,aeod,0.06105100331248203,True,,70,performance_defended_max_acc,0.820439604223388
main,adult,IID,FLAURA,FedSA,,7070,aspd,0.09802404936773101,True,,70,performance_defended_max_acc,0.820439604223388
main,adult,IID,FLGMM,Benign,,123,accuracy,0.8266817185736105,True,,,,
main,adult,IID,FLGMM,Benign,,123,aeod,0.05766483439589043,True,,,,
main,adult,IID,FLGMM,Benign,,123,aspd,0.11233090307121563,True,,,,
main,adult,IID,FLGMM,Benign,,456,accuracy,0.8332558602828873,True,,,,
main,adult,IID,FLGMM,Benign,,456,aeod,0.08891606608056091,True,,,,
main,adult,IID,FLGMM,Benign,,456,aspd,0.15640502720929828,True,,,,
main,adult,IID,FLGMM,Benign,,789,accuracy,0.8298027757487217,True,,,,
main,adult,IID,FLGMM,Benign,,789,aeod,0.08836712742859654,True,,,,
main,adult,IID,FLGMM,Benign,,789,aspd,0.10801801132731409,True,,,,
main,adult,IID,FLGMM,Benign,,1001,accuracy,0.8350488080217809,True,,,,
main,adult,IID,FLGMM,Benign,,1001,aeod,0.011805893921746802,True,,,,
main,adult,IID,FLGMM,Benign,,1001,aspd,0.12095289497938284,True,,,,
main,adult,IID,FLGMM,Benign,,2024,accuracy,0.8295371538614782,True,,,,
main,adult,IID,FLGMM,Benign,,2024,aeod,0.04371173923300531,True,,,,
main,adult,IID,FLGMM,Benign,,2024,aspd,0.11501923333938782,True,,,,
main,adult,IID,FLGMM,Benign,,3141,accuracy,0.8256192310246364,True,,,,
main,adult,IID,FLGMM,Benign,,3141,aeod,0.07445858711987713,True,,,,
main,adult,IID,FLGMM,Benign,,3141,aspd,0.10216058250539478,True,,,,
main,adult,IID,FLGMM,Benign,,4242,accuracy,0.8230958230958231,True,,,,
main,adult,IID,FLGMM,Benign,,4242,aeod,0.030580052791790047,True,,,,
main,adult,IID,FLGMM,Benign,,4242,aspd,0.07246464993950125,True,,,,
main,adult,IID,FLGMM,Benign,,5050,accuracy,0.8120725147752175,True,,,,
main,adult,IID,FLGMM,Benign,,5050,aeod,0.029126879086694035,True,,,,
main,adult,IID,FLGMM,Benign,,5050,aspd,0.05718957926265131,True,,,,
main,adult,IID,FLGMM,Benign,,6060,accuracy,0.8251543927219603,True,,,,
main,adult,IID,FLGMM,Benign,,6060,aeod,0.014215854559246788,True,,,,
main,adult,IID,FLGMM,Benign,,6060,aspd,0.12054468829985529,True,,,,
main,adult,IID,FLGMM,Benign,,7070,accuracy,0.810213161564513,True,,,,
main,adult,IID,FLGMM,Benign,,7070,aeod,0.036072295391828546,True,,,,
main,adult,IID,FLGMM,Benign,,7070,aspd,0.06568394138434544,True,,,,
main,adult,IID,FLGMM,FedSA,,123,accuracy,0.8335878876419417,True,,69,performance_defended_max_acc,0.8335878876419417
main,adult,IID,FLGMM,FedSA,,123,aeod,0.05902946960873412,True,,69,performance_defended_max_acc,0.8335878876419417
main,adult,IID,FLGMM,FedSA,,123,aspd,0.10585909791940978,True,,69,performance_defended_max_acc,0.8335878876419417
main,adult,IID,FLGMM,FedSA,,456,accuracy,0.8304668304668305,True,,69,performance_defended_max_acc,0.8304668304668305
main,adult,IID,FLGMM,FedSA,,456,aeod,0.01964869068706443,True,,69,performance_defended_max_acc,0.8304668304668305
main,adult,IID,FLGMM,FedSA,,456,aspd,0.14332550181556478,True,,69,performance_defended_max_acc,0.8304668304668305
main,adult,IID,FLGMM,FedSA,,789,accuracy,0.8337206985855634,True,,64,performance_defended_max_acc,0.8337206985855634
main,adult,IID,FLGMM,FedSA,,789,aeod,0.06948272385529719,True,,64,performance_defended_max_acc,0.8337206985855634
main,adult,IID,FLGMM,FedSA,,789,aspd,0.11600899611449352,True,,64,performance_defended_max_acc,0.8337206985855634
main,adult,IID,FLGMM,FedSA,,1001,accuracy,0.8321269672621024,True,,67,performance_defended_max_acc,0.8321269672621024
main,adult,IID,FLGMM,FedSA,,1001,aeod,0.02157768738600674,True,,67,performance_defended_max_acc,0.8321269672621024
main,adult,IID,FLGMM,FedSA,,1001,aspd,0.10806142391108141,True,,67,performance_defended_max_acc,0.8321269672621024
main,adult,IID,FLGMM,FedSA,,2024,accuracy,0.8219669300750382,True,,69,performance_defended_max_acc,0.8219669300750382
main,adult,IID,FLGMM,FedSA,,2024,aeod,0.054392337479029274,True,,69,performance_defended_max_acc,0.8219669300750382
main,adult,IID,FLGMM,FedSA,,2024,aspd,0.10816377649998202,True,,69,performance_defended_max_acc,0.8219669300750382
main,adult,IID,FLGMM,FedSA,,3141,accuracy,0.829072315558802,True,,63,performance_defended_max_acc,0.829072315558802
main,adult,IID,FLGMM,FedSA,,3141,aeod,0.1365926161182326,True,,63,performance_defended_max_acc,0.829072315558802
main,adult,IID,FLGMM,FedSA,,3141,aspd,0.13764934661052242,True,,63,performance_defended_max_acc,0.829072315558802
main,adult,IID,FLGMM,FedSA,,4242,accuracy,0.8318613453748589,True,,70,performance_defended_max_acc,0.8318613453748589
main,adult,IID,FLGMM,FedSA,,4242,aeod,0.02314796038730732,True,,70,performance_defended_max_acc,0.8318613453748589
main,adult,IID,FLGMM,FedSA,,4242,aspd,0.08732583659800376,True,,70,performance_defended_max_acc,0.8318613453748589
main,adult,IID,FLGMM,FedSA,,5050,accuracy,0.8056311840095624,True,,69,performance_defended_max_acc,0.8056311840095624
main,adult,IID,FLGMM,FedSA,,5050,aeod,0.014146737413682109,True,,69,performance_defended_max_acc,0.8056311840095624
main,adult,IID,FLGMM,FedSA,,5050,aspd,0.08673487176777364,True,,69,performance_defended_max_acc,0.8056311840095624
main,adult,IID,FLGMM,FedSA,,6060,accuracy,0.8198419549770901,True,,63,performance_defended_max_acc,0.8198419549770901
main,adult,IID,FLGMM,FedSA,,6060,aeod,0.01482934062814345,True,,63,performance_defended_max_acc,0.8198419549770901
main,adult,IID,FLGMM,FedSA,,6060,aspd,0.11612039633522361,True,,63,performance_defended_max_acc,0.8198419549770901
main,adult,IID,FLGMM,FedSA,,7070,accuracy,0.815592004781194,True,,70,performance_defended_max_acc,0.815592004781194
main,adult,IID,FLGMM,FedSA,,7070,aeod,0.0064461734520472325,True,,70,performance_defended_max_acc,0.815592004781194
main,adult,IID,FLGMM,FedSA,,7070,aspd,0.07004518078392132,True,,70,performance_defended_max_acc,0.815592004781194
main,adult,IID,FLTG,Benign,,123,accuracy,0.827478584235341,True,,,,
main,adult,IID,FLTG,Benign,,123,aeod,0.14784157436290846,True,,,,
main,adult,IID,FLTG,Benign,,123,aspd,0.0643494457813942,True,,,,
main,adult,IID,FLTG,Benign,,456,accuracy,0.8327246165084002,True,,,,
main,adult,IID,FLTG,Benign,,456,aeod,0.004076769156159621,True,,,,
main,adult,IID,FLTG,Benign,,456,aspd,0.1452196867320672,True,,,,
main,adult,IID,FLTG,Benign,,789,accuracy,0.8341855368882396,True,,,,
main,adult,IID,FLTG,Benign,,789,aeod,0.041052728385040815,True,,,,
main,adult,IID,FLTG,Benign,,789,aspd,0.12436930884398187,True,,,,
main,adult,IID,FLTG,Benign,,1001,accuracy,0.8316621289594263,True,,,,
main,adult,IID,FLTG,Benign,,1001,aeod,0.011784187710743077,True,,,,
main,adult,IID,FLTG,Benign,,1001,aspd,0.13455469542200665,True,,,,
main,adult,IID,FLTG,Benign,,2024,accuracy,0.8250215817783385,True,,,,
main,adult,IID,FLTG,Benign,,2024,aeod,0.04135204561046152,True,,,,
main,adult,IID,FLTG,Benign,,2024,aspd,0.07894588388722694,True,,,,
main,adult,IID,FLTG,Benign,,3141,accuracy,0.831794939903048,True,,,,
main,adult,IID,FLTG,Benign,,3141,aeod,0.044256679372416285,True,,,,
main,adult,IID,FLTG,Benign,,3141,aspd,0.10581187369473867,True,,,,
main,adult,IID,FLTG,Benign,,4242,accuracy,0.8402948402948403,True,,,,
main,adult,IID,FLTG,Benign,,4242,aeod,0.02178389639054268,True,,,,
main,adult,IID,FLTG,Benign,,4242,aspd,0.14042530449694585,True,,,,
main,adult,IID,FLTG,Benign,,5050,accuracy,0.8181818181818182,True,,,,
main,adult,IID,FLTG,Benign,,5050,aeod,0.0486870312815062,True,,,,
main,adult,IID,FLTG,Benign,,5050,aspd,0.1328323553264612,True,,,,
main,adult,IID,FLTG,Benign,,6060,accuracy,0.833986320472807,True,,,,
main,adult,IID,FLTG,Benign,,6060,aeod,0.04746063035979187,True,,,,
main,adult,IID,FLTG,Benign,,6060,aspd,0.13107410556134858,True,,,,
main,adult,IID,FLTG,Benign,,7070,accuracy,0.8271465568762866,True,,,,
main,adult,IID,FLTG,Benign,,7070,aeod,0.14272747680719916,True,,,,
main,adult,IID,FLTG,Benign,,7070,aspd,0.12466232372314343,True,,,,
main,adult,IID,FLTG,FedSA,,123,accuracy,0.8350488080217809,True,,69,performance_defended_max_acc,0.8350488080217809
main,adult,IID,FLTG,FedSA,,123,aeod,0.015716439198903753,True,,69,performance_defended_max_acc,0.8350488080217809
main,adult,IID,FLTG,FedSA,,123,aspd,0.13619851571493402,True,,69,performance_defended_max_acc,0.8350488080217809
main,adult,IID,FLTG,FedSA,,456,accuracy,0.8377714323660269,True,,61,performance_defended_max_acc,0.8377714323660269
main,adult,IID,FLTG,FedSA,,456,aeod,0.04353294860026358,True,,61,performance_defended_max_acc,0.8377714323660269
main,adult,IID,FLTG,FedSA,,456,aspd,0.1523085163011243,True,,61,performance_defended_max_acc,0.8377714323660269
main,adult,IID,FLTG,FedSA,,789,accuracy,0.836111295570755,True,,69,performance_defended_max_acc,0.836111295570755
main,adult,IID,FLTG,FedSA,,789,aeod,0.044871307873471156,True,,69,performance_defended_max_acc,0.836111295570755
main,adult,IID,FLTG,FedSA,,789,aspd,0.11470994877194748,True,,69,performance_defended_max_acc,0.836111295570755
main,adult,IID,FLTG,FedSA,,1001,accuracy,0.8273457732917192,True,,68,performance_defended_max_acc,0.8273457732917192
main,adult,IID,FLTG,FedSA,,1001,aeod,0.01501098734128048,True,,68,performance_defended_max_acc,0.8273457732917192
main,adult,IID,FLTG,FedSA,,1001,aspd,0.12765127209101684,True,,68,performance_defended_max_acc,0.8273457732917192
main,adult,IID,FLTG,FedSA,,2024,accuracy,0.8254200146092038,True,,67,performance_defended_max_acc,0.8254200146092038
main,adult,IID,FLTG,FedSA,,2024,aeod,0.05212346721305389,True,,67,performance_defended_max_acc,0.8254200146092038
main,adult,IID,FLTG,FedSA,,2024,aspd,0.08185815808913052,True,,67,performance_defended_max_acc,0.8254200146092038
main,adult,IID,FLTG,FedSA,,3141,accuracy,0.8394979746331098,True,,62,performance_defended_max_acc,0.8394979746331098
main,adult,IID,FLTG,FedSA,,3141,aeod,0.13302594292066205,True,,62,performance_defended_max_acc,0.8394979746331098
main,adult,IID,FLTG,FedSA,,3141,aspd,0.159551416407766,True,,62,performance_defended_max_acc,0.8394979746331098
main,adult,IID,FLTG,FedSA,,4242,accuracy,0.8406268676538947,True,,70,performance_defended_max_acc,0.8406268676538947
main,adult,IID,FLTG,FedSA,,4242,aeod,0.08625534158435921,True,,70,performance_defended_max_acc,0.8406268676538947
main,adult,IID,FLTG,FedSA,,4242,aspd,0.10100128195514227,True,,70,performance_defended_max_acc,0.8406268676538947
main,adult,IID,FLTG,FedSA,,5050,accuracy,0.8001195298492596,True,,69,performance_defended_max_acc,0.8001195298492596
main,adult,IID,FLTG,FedSA,,5050,aeod,0.008426579598103806,True,,69,performance_defended_max_acc,0.8001195298492596
main,adult,IID,FLTG,FedSA,,5050,aspd,0.04271657813829749,True,,69,performance_defended_max_acc,0.8001195298492596
main,adult,IID,FLTG,FedSA,,6060,accuracy,0.8372401885915399,True,,67,performance_defended_max_acc,0.8372401885915399
main,adult,IID,FLTG,FedSA,,6060,aeod,0.06114239788512965,True,,67,performance_defended_max_acc,0.8372401885915399
main,adult,IID,FLTG,FedSA,,6060,aspd,0.11272853746255213,True,,67,performance_defended_max_acc,0.8372401885915399
main,adult,IID,FLTG,FedSA,,7070,accuracy,0.8321933727339133,True,,69,performance_defended_max_acc,0.8321933727339133
main,adult,IID,FLTG,FedSA,,7070,aeod,0.0934600899893811,True,,69,performance_defended_max_acc,0.8321933727339133
main,adult,IID,FLTG,FedSA,,7070,aspd,0.14145320374235731,True,,69,performance_defended_max_acc,0.8321933727339133
main,adult,IID,FLTrust,Benign,,123,accuracy,0.8309980742413174,True,,,,
main,adult,IID,FLTrust,Benign,,123,aeod,0.10893490478684786,True,,,,
main,adult,IID,FLTrust,Benign,,123,aspd,0.08946890160425547,True,,,,
main,adult,IID,FLTrust,Benign,,456,accuracy,0.8357792682117007,True,,,,
main,adult,IID,FLTrust,Benign,,456,aeod,0.014693962417409279,True,,,,
main,adult,IID,FLTrust,Benign,,456,aspd,0.14616374993886327,True,,,,
main,adult,IID,FLTrust,Benign,,789,accuracy,0.8371073776479182,True,,,,
main,adult,IID,FLTrust,Benign,,789,aeod,0.046689488653078204,True,,,,
main,adult,IID,FLTrust,Benign,,789,aspd,0.11613247321850827,True,,,,
main,adult,IID,FLTrust,Benign,,1001,accuracy,0.8356464572680788,True,,,,
main,adult,IID,FLTrust,Benign,,1001,aeod,0.042782941888474646,True,,,,
main,adult,IID,FLTrust,Benign,,1001,aspd,0.15429257569788438,True,,,,
main,adult,IID,FLTrust,Benign,,2024,accuracy,0.8210372534696859,True,,,,
main,adult,IID,FLTrust,Benign,,2024,aeod,0.07762369541387748,True,,,,
main,adult,IID,FLTrust,Benign,,2024,aspd,0.05764990511622114,True,,,,
main,adult,IID,FLTrust,Benign,,3141,accuracy,0.8367753502888639,True,,,,
main,adult,IID,FLTrust,Benign,,3141,aeod,0.06721099750892667,True,,,,
main,adult,IID,FLTrust,Benign,,3141,aspd,0.12946463015909107,True,,,,
main,adult,IID,FLTrust,Benign,,4242,accuracy,0.8378378378378378,True,,,,
main,adult,IID,FLTrust,Benign,,4242,aeod,0.03453058319448021,True,,,,
main,adult,IID,FLTrust,Benign,,4242,aspd,0.12409477039256972,True,,,,
main,adult,IID,FLTrust,Benign,,5050,accuracy,0.7918852513447108,True,,,,
main,adult,IID,FLTrust,Benign,,5050,aeod,0.10454568043544943,True,,,,
main,adult,IID,FLTrust,Benign,,5050,aspd,0.11371003499527699,True,,,,
main,adult,IID,FLTrust,Benign,,6060,accuracy,0.8398300019921642,True,,,,
main,adult,IID,FLTrust,Benign,,6060,aeod,0.0730282620579431,True,,,,
main,adult,IID,FLTrust,Benign,,6060,aspd,0.1095764709252646,True,,,,
main,adult,IID,FLTrust,Benign,,7070,accuracy,0.8252207981937711,True,,,,
main,adult,IID,FLTrust,Benign,,7070,aeod,0.14404527230156094,True,,,,
main,adult,IID,FLTrust,Benign,,7070,aspd,0.1214868456861995,True,,,,
main,adult,IID,FLTrust,FedSA,,123,accuracy,0.8353808353808354,True,,70,performance_defended_max_acc,0.8353808353808354
main,adult,IID,FLTrust,FedSA,,123,aeod,0.0361476959142627,True,,70,performance_defended_max_acc,0.8353808353808354
main,adult,IID,FLTrust,FedSA,,123,aspd,0.15682571199746875,True,,70,performance_defended_max_acc,0.8353808353808354
main,adult,IID,FLTrust,FedSA,,456,accuracy,0.839365163689488,True,,66,performance_defended_max_acc,0.839365163689488
main,adult,IID,FLTrust,FedSA,,456,aeod,0.028624208937132467,True,,66,performance_defended_max_acc,0.839365163689488
main,adult,IID,FLTrust,FedSA,,456,aspd,0.143825468734534,True,,66,performance_defended_max_acc,0.839365163689488
main,adult,IID,FLTrust,FedSA,,789,accuracy,0.8333886712265091,True,,69,performance_defended_max_acc,0.8333886712265091
main,adult,IID,FLTrust,FedSA,,789,aeod,0.05328017977312438,True,,69,performance_defended_max_acc,0.8333886712265091
main,adult,IID,FLTrust,FedSA,,789,aspd,0.09924040416393283,True,,69,performance_defended_max_acc,0.8333886712265091
main,adult,IID,FLTrust,FedSA,,1001,accuracy,0.8367089448170529,True,,70,performance_defended_max_acc,0.8367089448170529
main,adult,IID,FLTrust,FedSA,,1001,aeod,0.012420522422801561,True,,70,performance_defended_max_acc,0.8367089448170529
main,adult,IID,FLTrust,FedSA,,1001,aspd,0.13017722645668778,True,,70,performance_defended_max_acc,0.8367089448170529
main,adult,IID,FLTrust,FedSA,,2024,accuracy,0.819908360448901,True,,69,performance_defended_max_acc,0.819908360448901
main,adult,IID,FLTrust,FedSA,,2024,aeod,0.08148454489215723,True,,69,performance_defended_max_acc,0.819908360448901
main,adult,IID,FLTrust,FedSA,,2024,aspd,0.07608687235163679,True,,69,performance_defended_max_acc,0.819908360448901
main,adult,IID,FLTrust,FedSA,,3141,accuracy,0.8367753502888639,True,,63,performance_defended_max_acc,0.8367753502888639
main,adult,IID,FLTrust,FedSA,,3141,aeod,0.07059716642551828,True,,63,performance_defended_max_acc,0.8367753502888639
main,adult,IID,FLTrust,FedSA,,3141,aspd,0.12964891296615516,True,,63,performance_defended_max_acc,0.8367753502888639
main,adult,IID,FLTrust,FedSA,,4242,accuracy,0.8394979746331098,True,,67,performance_defended_max_acc,0.8394979746331098
main,adult,IID,FLTrust,FedSA,,4242,aeod,0.04777994014797926,True,,67,performance_defended_max_acc,0.8394979746331098
main,adult,IID,FLTrust,FedSA,,4242,aspd,0.11835670611474267,True,,67,performance_defended_max_acc,0.8394979746331098
main,adult,IID,FLTrust,FedSA,,5050,accuracy,0.7997210970183943,False,accuracy_not_above_majority_baseline,65,performance_defended_max_acc,0.7997210970183943
main,adult,IID,FLTrust,FedSA,,5050,aeod,0.006426752105359673,False,accuracy_not_above_majority_baseline,65,performance_defended_max_acc,0.7997210970183943
main,adult,IID,FLTrust,FedSA,,5050,aspd,0.041625987430652704,False,accuracy_not_above_majority_baseline,65,performance_defended_max_acc,0.7997210970183943
main,adult,IID,FLTrust,FedSA,,6060,accuracy,0.8385682980277575,True,,67,performance_defended_max_acc,0.8385682980277575
main,adult,IID,FLTrust,FedSA,,6060,aeod,0.08202777138333117,True,,67,performance_defended_max_acc,0.8385682980277575
main,adult,IID,FLTrust,FedSA,,6060,aspd,0.10547127348808354,True,,67,performance_defended_max_acc,0.8385682980277575
main,adult,IID,FLTrust,FedSA,,7070,accuracy,0.833919915000996,True,,61,performance_defended_max_acc,0.833919915000996
main,adult,IID,FLTrust,FedSA,,7070,aeod,0.017464360400788137,True,,61,performance_defended_max_acc,0.833919915000996
main,adult,IID,FLTrust,FedSA,,7070,aspd,0.12486550424458313,True,,61,performance_defended_max_acc,0.833919915000996
main,adult,IID,FLTrust+FairGuard,Benign,,123,accuracy,0.8320605617902915,True,,,,
main,adult,IID,FLTrust+FairGuard,Benign,,123,aeod,0.009513032580451553,True,,,,
main,adult,IID,FLTrust+FairGuard,Benign,,123,aspd,0.1383075768720704,True,,,,
main,adult,IID,FLTrust+FairGuard,Benign,,456,accuracy,0.8389003253868119,True,,,,
main,adult,IID,FLTrust+FairGuard,Benign,,456,aeod,0.012193178423340778,True,,,,
main,adult,IID,FLTrust+FairGuard,Benign,,456,aspd,0.13322808389734586,True,,,,
main,adult,IID,FLTrust+FairGuard,Benign,,789,accuracy,0.8256856364964473,True,,,,
main,adult,IID,FLTrust+FairGuard,Benign,,789,aeod,0.1162984512618449,True,,,,
main,adult,IID,FLTrust+FairGuard,Benign,,789,aspd,0.08372668464397007,True,,,,
main,adult,IID,FLTrust+FairGuard,Benign,,1001,accuracy,0.8332558602828873,True,,,,
main,adult,IID,FLTrust+FairGuard,Benign,,1001,aeod,0.01135177713890434,True,,,,
main,adult,IID,FLTrust+FairGuard,Benign,,1001,aspd,0.11412423999391101,True,,,,
main,adult,IID,FLTrust+FairGuard,Benign,,2024,accuracy,0.8311308851849393,True,,,,
main,adult,IID,FLTrust+FairGuard,Benign,,2024,aeod,0.037326114685337086,True,,,,
main,adult,IID,FLTrust+FairGuard,Benign,,2024,aspd,0.11237959176844449,True,,,,
main,adult,IID,FLTrust+FairGuard,Benign,,3141,accuracy,0.8284746663125041,True,,,,
main,adult,IID,FLTrust+FairGuard,Benign,,3141,aeod,0.03273867835450922,True,,,,
main,adult,IID,FLTrust+FairGuard,Benign,,3141,aspd,0.08731488314572235,True,,,,
main,adult,IID,FLTrust+FairGuard,Benign,,4242,accuracy,0.8392987582176772,True,,,,
main,adult,IID,FLTrust+FairGuard,Benign,,4242,aeod,0.06268867981111026,True,,,,
main,adult,IID,FLTrust+FairGuard,Benign,,4242,aspd,0.11404531896593471,True,,,,
main,adult,IID,FLTrust+FairGuard,Benign,,5050,accuracy,0.7770768311308852,True,,,,
main,adult,IID,FLTrust+FairGuard,Benign,,5050,aeod,0.12897544970413866,True,,,,
main,adult,IID,FLTrust+FairGuard,Benign,,5050,aspd,0.09810455523587253,True,,,,
main,adult,IID,FLTrust+FairGuard,Benign,,6060,accuracy,0.8244903380038515,True,,,,
main,adult,IID,FLTrust+FairGuard,Benign,,6060,aeod,0.0030154496812900833,True,,,,
main,adult,IID,FLTrust+FairGuard,Benign,,6060,aspd,0.17070961398950849,True,,,,
main,adult,IID,FLTrust+FairGuard,Benign,,7070,accuracy,0.833986320472807,True,,,,
main,adult,IID,FLTrust+FairGuard,Benign,,7070,aeod,0.05148599006883725,True,,,,
main,adult,IID,FLTrust+FairGuard,Benign,,7070,aspd,0.10016067470698212,True,,,,
main,adult,IID,FLTrust+FairGuard,FedSA,,123,accuracy,0.836642539345242,True,,67,performance_defended_max_acc,0.836642539345242
main,adult,IID,FLTrust+FairGuard,FedSA,,123,aeod,0.03723700497700577,True,,67,performance_defended_max_acc,0.836642539345242
main,adult,IID,FLTrust+FairGuard,FedSA,,123,aspd,0.13759044672792498,True,,67,performance_defended_max_acc,0.836642539345242
main,adult,IID,FLTrust+FairGuard,FedSA,,456,accuracy,0.8384354870841357,True,,70,performance_defended_max_acc,0.8384354870841357
main,adult,IID,FLTrust+FairGuard,FedSA,,456,aeod,0.09873412804722359,True,,70,performance_defended_max_acc,0.8384354870841357
main,adult,IID,FLTrust+FairGuard,FedSA,,456,aspd,0.1767554181171465,True,,70,performance_defended_max_acc,0.8384354870841357
main,adult,IID,FLTrust+FairGuard,FedSA,,789,accuracy,0.7964008234278505,True,,67,performance_defended_max_acc,0.7964008234278505
main,adult,IID,FLTrust+FairGuard,FedSA,,789,aeod,0.008040437528667899,True,,67,performance_defended_max_acc,0.7964008234278505
main,adult,IID,FLTrust+FairGuard,FedSA,,789,aspd,0.03649024266069546,True,,67,performance_defended_max_acc,0.7964008234278505
main,adult,IID,FLTrust+FairGuard,FedSA,,1001,accuracy,0.8146623281758417,True,,70,performance_defended_max_acc,0.8146623281758417
main,adult,IID,FLTrust+FairGuard,FedSA,,1001,aeod,0.011218683792486306,True,,70,performance_defended_max_acc,0.8146623281758417
main,adult,IID,FLTrust+FairGuard,FedSA,,1001,aspd,0.0660513835674704,True,,70,performance_defended_max_acc,0.8146623281758417
main,adult,IID,FLTrust+FairGuard,FedSA,,2024,accuracy,0.7575536224184873,False,accuracy_not_above_majority_baseline,62,performance_defended_max_acc,0.7575536224184873
main,adult,IID,FLTrust+FairGuard,FedSA,,2024,aeod,0.002386540778259059,False,accuracy_not_above_majority_baseline,62,performance_defended_max_acc,0.7575536224184873
main,adult,IID,FLTrust+FairGuard,FedSA,,2024,aspd,0.0027940732113503923,False,accuracy_not_above_majority_baseline,62,performance_defended_max_acc,0.7575536224184873
main,adult,IID,FLTrust+FairGuard,FedSA,,3141,accuracy,0.8239590942293645,True,,69,performance_defended_max_acc,0.8239590942293645
main,adult,IID,FLTrust+FairGuard,FedSA,,3141,aeod,0.026170264661545872,True,,69,performance_defended_max_acc,0.8239590942293645
main,adult,IID,FLTrust+FairGuard,FedSA,,3141,aspd,0.09245139024386036,True,,69,performance_defended_max_acc,0.8239590942293645
main,adult,IID,FLTrust+FairGuard,FedSA,,4242,accuracy,0.8402284348230294,True,,67,performance_defended_max_acc,0.8402284348230294
main,adult,IID,FLTrust+FairGuard,FedSA,,4242,aeod,0.021190974100491755,True,,67,performance_defended_max_acc,0.8402284348230294
main,adult,IID,FLTrust+FairGuard,FedSA,,4242,aspd,0.12256235032037242,True,,67,performance_defended_max_acc,0.8402284348230294
main,adult,IID,FLTrust+FairGuard,FedSA,,5050,accuracy,0.7833189454811077,False,accuracy_not_above_majority_baseline,67,performance_defended_max_acc,0.7833189454811077
main,adult,IID,FLTrust+FairGuard,FedSA,,5050,aeod,0.01882042737244602,False,accuracy_not_above_majority_baseline,67,performance_defended_max_acc,0.7833189454811077
main,adult,IID,FLTrust+FairGuard,FedSA,,5050,aspd,0.036989086148661456,False,accuracy_not_above_majority_baseline,67,performance_defended_max_acc,0.7833189454811077
main,adult,IID,FLTrust+FairGuard,FedSA,,6060,accuracy,0.25811806892887973,False,accuracy_not_above_majority_baseline,70,performance_defended_max_acc,0.25811806892887973
main,adult,IID,FLTrust+FairGuard,FedSA,,6060,aeod,0.0010007705704906389,False,accuracy_not_above_majority_baseline,70,performance_defended_max_acc,0.25811806892887973
main,adult,IID,FLTrust+FairGuard,FedSA,,6060,aspd,0.002945134558747786,False,accuracy_not_above_majority_baseline,70,performance_defended_max_acc,0.25811806892887973
main,adult,IID,FLTrust+FairGuard,FedSA,,7070,accuracy,0.8355136463244571,True,,61,performance_defended_max_acc,0.8355136463244571
main,adult,IID,FLTrust+FairGuard,FedSA,,7070,aeod,0.01576099405306941,True,,61,performance_defended_max_acc,0.8355136463244571
main,adult,IID,FLTrust+FairGuard,FedSA,,7070,aspd,0.11539004581552242,True,,61,performance_defended_max_acc,0.8355136463244571
main,adult,IID,FairFed,Benign,,123,accuracy,0.8296035593332891,True,,,,
main,adult,IID,FairFed,Benign,,123,aeod,0.06986829470865408,True,,,,
main,adult,IID,FairFed,Benign,,123,aspd,0.11624766501887424,True,,,,
main,adult,IID,FairFed,Benign,,456,accuracy,0.8329902383956438,True,,,,
main,adult,IID,FairFed,Benign,,456,aeod,0.01096734871770555,True,,,,
main,adult,IID,FairFed,Benign,,456,aspd,0.1386330910052537,True,,,,
main,adult,IID,FairFed,Benign,,789,accuracy,0.8370409721761073,True,,,,
main,adult,IID,FairFed,Benign,,789,aeod,0.09804923996844606,True,,,,
main,adult,IID,FairFed,Benign,,789,aspd,0.10093784822599612,True,,,,
main,adult,IID,FairFed,Benign,,1001,accuracy,0.8262168802709343,True,,,,
main,adult,IID,FairFed,Benign,,1001,aeod,0.09470762590602011,True,,,,
main,adult,IID,FairFed,Benign,,1001,aspd,0.1003498925859532,True,,,,
main,adult,IID,FairFed,Benign,,2024,accuracy,0.8320605617902915,True,,,,
main,adult,IID,FairFed,Benign,,2024,aeod,0.035669588056100265,True,,,,
main,adult,IID,FairFed,Benign,,2024,aspd,0.09569068317404085,True,,,,
main,adult,IID,FairFed,Benign,,3141,accuracy,0.8268145295172322,True,,,,
main,adult,IID,FairFed,Benign,,3141,aeod,0.06955012735262484,True,,,,
main,adult,IID,FairFed,Benign,,3141,aspd,0.10621027041425596,True,,,,
main,adult,IID,FairFed,Benign,,4242,accuracy,0.8349159970781592,True,,,,
main,adult,IID,FairFed,Benign,,4242,aeod,0.02805470650632247,True,,,,
main,adult,IID,FairFed,Benign,,4242,aspd,0.1124962881639041,True,,,,
main,adult,IID,FairFed,Benign,,5050,accuracy,0.8363769174579986,True,,,,
main,adult,IID,FairFed,Benign,,5050,aeod,0.06737036679498076,True,,,,
main,adult,IID,FairFed,Benign,,5050,aspd,0.1050079183830586,True,,,,
main,adult,IID,FairFed,Benign,,6060,accuracy,0.8294043429178565,True,,,,
main,adult,IID,FairFed,Benign,,6060,aeod,0.03441748241082887,True,,,,
main,adult,IID,FairFed,Benign,,6060,aspd,0.1057628038334194,True,,,,
main,adult,IID,FairFed,Benign,,7070,accuracy,0.8159240321402483,True,,,,
main,adult,IID,FairFed,Benign,,7070,aeod,0.05761742346132953,True,,,,
main,adult,IID,FairFed,Benign,,7070,aspd,0.07942282047063012,True,,,,
main,adult,IID,FairFed,FedSA,,123,accuracy,0.7645261969586294,True,,69,unprotected_min_acc,0.7645261969586294
main,adult,IID,FairFed,FedSA,,123,aeod,0.30795229888767095,True,,69,unprotected_min_acc,0.7645261969586294
main,adult,IID,FairFed,FedSA,,123,aspd,0.04557063454071271,True,,69,unprotected_min_acc,0.7645261969586294
main,adult,IID,FairFed,FedSA,,456,accuracy,0.7191048542399894,False,accuracy_not_above_majority_baseline,66,unprotected_min_acc,0.7191048542399894
main,adult,IID,FairFed,FedSA,,456,aeod,0.3451247564477443,False,accuracy_not_above_majority_baseline,66,unprotected_min_acc,0.7191048542399894
main,adult,IID,FairFed,FedSA,,456,aspd,0.11119178415648528,False,accuracy_not_above_majority_baseline,66,unprotected_min_acc,0.7191048542399894
main,adult,IID,FairFed,FedSA,,789,accuracy,0.7471943688159904,True,,61,unprotected_min_acc,0.7471943688159904
main,adult,IID,FairFed,FedSA,,789,aeod,0.3390572992561052,True,,61,unprotected_min_acc,0.7471943688159904
main,adult,IID,FairFed,FedSA,,789,aspd,0.0738031979185712,True,,61,unprotected_min_acc,0.7471943688159904
main,adult,IID,FairFed,FedSA,,1001,accuracy,0.7182415831064479,False,accuracy_not_above_majority_baseline,70,unprotected_min_acc,0.7182415831064479
main,adult,IID,FairFed,FedSA,,1001,aeod,0.4744218008043865,False,accuracy_not_above_majority_baseline,70,unprotected_min_acc,0.7182415831064479
main,adult,IID,FairFed,FedSA,,1001,aspd,0.1755740902947237,False,accuracy_not_above_majority_baseline,70,unprotected_min_acc,0.7182415831064479
main,adult,IID,FairFed,FedSA,,2024,accuracy,0.7312570555813799,False,accuracy_not_above_majority_baseline,70,unprotected_min_acc,0.7312570555813799
main,adult,IID,FairFed,FedSA,,2024,aeod,0.31604585951169023,False,accuracy_not_above_majority_baseline,70,unprotected_min_acc,0.7312570555813799
main,adult,IID,FairFed,FedSA,,2024,aspd,0.1243865815956564,False,accuracy_not_above_majority_baseline,70,unprotected_min_acc,0.7312570555813799
main,adult,IID,FairFed,FedSA,,3141,accuracy,0.7708347167806627,True,,61,unprotected_min_acc,0.7708347167806627
main,adult,IID,FairFed,FedSA,,3141,aeod,0.2776829876428826,True,,61,unprotected_min_acc,0.7708347167806627
main,adult,IID,FairFed,FedSA,,3141,aspd,0.043950245808709626,True,,61,unprotected_min_acc,0.7708347167806627
main,adult,IID,FairFed,FedSA,,4242,accuracy,0.7714987714987716,True,,70,unprotected_min_acc,0.7714987714987716
main,adult,IID,FairFed,FedSA,,4242,aeod,0.2046792878763386,True,,70,unprotected_min_acc,0.7714987714987716
main,adult,IID,FairFed,FedSA,,4242,aspd,0.012835299518140386,True,,70,unprotected_min_acc,0.7714987714987716
main,adult,IID,FairFed,FedSA,,5050,accuracy,0.7380304137060893,False,accuracy_not_above_majority_baseline,62,unprotected_min_acc,0.7380304137060893
main,adult,IID,FairFed,FedSA,,5050,aeod,0.37221467899655614,False,accuracy_not_above_majority_baseline,62,unprotected_min_acc,0.7380304137060893
main,adult,IID,FairFed,FedSA,,5050,aspd,0.10078247370599705,False,accuracy_not_above_majority_baseline,62,unprotected_min_acc,0.7380304137060893
main,adult,IID,FairFed,FedSA,,6060,accuracy,0.7566903512849459,True,,61,unprotected_min_acc,0.7566903512849459
main,adult,IID,FairFed,FedSA,,6060,aeod,0.18021410321074843,True,,61,unprotected_min_acc,0.7566903512849459
main,adult,IID,FairFed,FedSA,,6060,aspd,0.04154967436750534,True,,61,unprotected_min_acc,0.7566903512849459
main,adult,IID,FairFed,FedSA,,7070,accuracy,0.6374925293844212,False,accuracy_not_above_majority_baseline,70,unprotected_min_acc,0.6374925293844212
main,adult,IID,FairFed,FedSA,,7070,aeod,0.4073124797575302,False,accuracy_not_above_majority_baseline,70,unprotected_min_acc,0.6374925293844212
main,adult,IID,FairFed,FedSA,,7070,aspd,0.21878002294126353,False,accuracy_not_above_majority_baseline,70,unprotected_min_acc,0.6374925293844212
main,adult,IID,FairGuard,Benign,,123,accuracy,0.8313965070721827,True,,,,
main,adult,IID,FairGuard,Benign,,123,aeod,0.04427952801557822,True,,,,
main,adult,IID,FairGuard,Benign,,123,aspd,0.12429680742173828,True,,,,
main,adult,IID,FairGuard,Benign,,456,accuracy,0.8287402881997477,True,,,,
main,adult,IID,FairGuard,Benign,,456,aeod,0.03293860398217585,True,,,,
main,adult,IID,FairGuard,Benign,,456,aspd,0.12389048650139473,True,,,,
main,adult,IID,FairGuard,Benign,,789,accuracy,0.8365097284016203,True,,,,
main,adult,IID,FairGuard,Benign,,789,aeod,0.06834600385799339,True,,,,
main,adult,IID,FairGuard,Benign,,789,aspd,0.1199280249854265,True,,,,
main,adult,IID,FairGuard,Benign,,1001,accuracy,0.8286074772561259,True,,,,
main,adult,IID,FairGuard,Benign,,1001,aeod,0.0738228236238977,True,,,,
main,adult,IID,FairGuard,Benign,,1001,aspd,0.10792360300050766,True,,,,
main,adult,IID,FairGuard,Benign,,2024,accuracy,0.8332558602828873,True,,,,
main,adult,IID,FairGuard,Benign,,2024,aeod,0.007123635721797195,True,,,,
main,adult,IID,FairGuard,Benign,,2024,aspd,0.11005491210376137,True,,,,
main,adult,IID,FairGuard,Benign,,3141,accuracy,0.8250215817783385,True,,,,
main,adult,IID,FairGuard,Benign,,3141,aeod,0.0021677650199840026,True,,,,
main,adult,IID,FairGuard,Benign,,3141,aspd,0.08606342113066992,True,,,,
main,adult,IID,FairGuard,Benign,,4242,accuracy,0.8305332359386414,True,,,,
main,adult,IID,FairGuard,Benign,,4242,aeod,0.03125751506153995,True,,,,
main,adult,IID,FairGuard,Benign,,4242,aspd,0.12609243132897596,True,,,,
main,adult,IID,FairGuard,Benign,,5050,accuracy,0.831794939903048,True,,,,
main,adult,IID,FairGuard,Benign,,5050,aeod,0.05068914363856647,True,,,,
main,adult,IID,FairGuard,Benign,,5050,aspd,0.10683828840632445,True,,,,
main,adult,IID,FairGuard,Benign,,6060,accuracy,0.8294043429178565,True,,,,
main,adult,IID,FairGuard,Benign,,6060,aeod,0.014009645554710848,True,,,,
main,adult,IID,FairGuard,Benign,,6060,aspd,0.11004586447193186,True,,,,
main,adult,IID,FairGuard,Benign,,7070,accuracy,0.8162560594993027,True,,,,
main,adult,IID,FairGuard,Benign,,7070,aeod,0.021733629375586594,True,,,,
main,adult,IID,FairGuard,Benign,,7070,aspd,0.0738244829238287,True,,,,
main,adult,IID,FairGuard,FedSA,,123,accuracy,0.2457002457002457,False,accuracy_not_above_majority_baseline;degenerate_positive_rate,70,performance_defended_max_acc,0.2457002457002457
main,adult,IID,FairGuard,FedSA,,123,aeod,0.0,False,accuracy_not_above_majority_baseline;degenerate_positive_rate,70,performance_defended_max_acc,0.2457002457002457
main,adult,IID,FairGuard,FedSA,,123,aspd,0.0,False,accuracy_not_above_majority_baseline;degenerate_positive_rate,70,performance_defended_max_acc,0.2457002457002457
main,adult,IID,FairGuard,FedSA,,456,accuracy,0.2457002457002457,False,accuracy_not_above_majority_baseline;degenerate_positive_rate,70,performance_defended_max_acc,0.2457002457002457
main,adult,IID,FairGuard,FedSA,,456,aeod,0.0,False,accuracy_not_above_majority_baseline;degenerate_positive_rate,70,performance_defended_max_acc,0.2457002457002457
main,adult,IID,FairGuard,FedSA,,456,aspd,0.0,False,accuracy_not_above_majority_baseline;degenerate_positive_rate,70,performance_defended_max_acc,0.2457002457002457
main,adult,IID,FairGuard,FedSA,,789,accuracy,0.8268145295172322,True,,70,performance_defended_max_acc,0.8268145295172322
main,adult,IID,FairGuard,FedSA,,789,aeod,0.00801016307647845,True,,70,performance_defended_max_acc,0.8268145295172322
main,adult,IID,FairGuard,FedSA,,789,aspd,0.10254351198734983,True,,70,performance_defended_max_acc,0.8268145295172322
main,adult,IID,FairGuard,FedSA,,1001,accuracy,0.7541669433561325,False,accuracy_not_above_majority_baseline;degenerate_positive_rate,62,performance_defended_max_acc,0.7541669433561325
main,adult,IID,FairGuard,FedSA,,1001,aeod,0.0,False,accuracy_not_above_majority_baseline;degenerate_positive_rate,62,performance_defended_max_acc,0.7541669433561325
main,adult,IID,FairGuard,FedSA,,1001,aspd,0.0004070832485243232,False,accuracy_not_above_majority_baseline;degenerate_positive_rate,62,performance_defended_max_acc,0.7541669433561325
main,adult,IID,FairGuard,FedSA,,2024,accuracy,0.7542997542997543,False,accuracy_not_above_majority_baseline;degenerate_positive_rate,70,performance_defended_max_acc,0.7542997542997543
main,adult,IID,FairGuard,FedSA,,2024,aeod,0.0,False,accuracy_not_above_majority_baseline;degenerate_positive_rate,70,performance_defended_max_acc,0.7542997542997543
main,adult,IID,FairGuard,FedSA,,2024,aspd,0.0,False,accuracy_not_above_majority_baseline;degenerate_positive_rate,70,performance_defended_max_acc,0.7542997542997543
main,adult,IID,FairGuard,FedSA,,3141,accuracy,0.7517763463709409,False,accuracy_not_above_majority_baseline;degenerate_positive_rate,61,performance_defended_max_acc,0.7517763463709409
main,adult,IID,FairGuard,FedSA,,3141,aeod,0.010771992818671455,False,accuracy_not_above_majority_baseline;degenerate_positive_rate,61,performance_defended_max_acc,0.7517763463709409
main,adult,IID,FairGuard,FedSA,,3141,aspd,0.00594764434373153,False,accuracy_not_above_majority_baseline;degenerate_positive_rate,61,performance_defended_max_acc,0.7517763463709409
main,adult,IID,FairGuard,FedSA,,4242,accuracy,0.7533036722225911,False,accuracy_not_above_majority_baseline;degenerate_positive_rate,67,performance_defended_max_acc,0.7533036722225911
main,adult,IID,FairGuard,FedSA,,4242,aeod,0.0017953321364452424,False,accuracy_not_above_majority_baseline;degenerate_positive_rate,67,performance_defended_max_acc,0.7533036722225911
main,adult,IID,FairGuard,FedSA,,4242,aspd,0.0022517970783491616,False,accuracy_not_above_majority_baseline;degenerate_positive_rate,67,performance_defended_max_acc,0.7533036722225911
main,adult,IID,FairGuard,FedSA,,5050,accuracy,0.2457002457002457,False,accuracy_not_above_majority_baseline;degenerate_positive_rate,70,performance_defended_max_acc,0.2457002457002457
main,adult,IID,FairGuard,FedSA,,5050,aeod,0.0,False,accuracy_not_above_majority_baseline;degenerate_positive_rate,70,performance_defended_max_acc,0.2457002457002457
main,adult,IID,FairGuard,FedSA,,5050,aspd,0.0,False,accuracy_not_above_majority_baseline;degenerate_positive_rate,70,performance_defended_max_acc,0.2457002457002457
main,adult,IID,FairGuard,FedSA,,6060,accuracy,0.2457002457002457,False,accuracy_not_above_majority_baseline;degenerate_positive_rate,70,performance_defended_max_acc,0.2457002457002457
main,adult,IID,FairGuard,FedSA,,6060,aeod,0.00031816735602929747,False,accuracy_not_above_majority_baseline;degenerate_positive_rate,70,performance_defended_max_acc,0.2457002457002457
main,adult,IID,FairGuard,FedSA,,6060,aspd,0.00019712201852950528,False,accuracy_not_above_majority_baseline;degenerate_positive_rate,70,performance_defended_max_acc,0.2457002457002457
main,adult,IID,FairGuard,FedSA,,7070,accuracy,0.5897469951524006,False,accuracy_not_above_majority_baseline,61,performance_defended_max_acc,0.5897469951524006
main,adult,IID,FairGuard,FedSA,,7070,aeod,0.34124905535140926,False,accuracy_not_above_majority_baseline,61,performance_defended_max_acc,0.5897469951524006
main,adult,IID,FairGuard,FedSA,,7070,aspd,0.23519060150461918,False,accuracy_not_above_majority_baseline,61,performance_defended_max_acc,0.5897469951524006
main,adult,IID,Fed-NGA,Benign,,123,accuracy,0.8216349027159838,True,,,,
main,adult,IID,Fed-NGA,Benign,,123,aeod,0.1311163675684074,True,,,,
main,adult,IID,Fed-NGA,Benign,,123,aspd,0.07320406815229985,True,,,,
main,adult,IID,Fed-NGA,Benign,,456,accuracy,0.8288730991433694,True,,,,
main,adult,IID,Fed-NGA,Benign,,456,aeod,0.03221658685826023,True,,,,
main,adult,IID,Fed-NGA,Benign,,456,aspd,0.1662686912337756,True,,,,
main,adult,IID,Fed-NGA,Benign,,789,accuracy,0.8280762334816388,True,,,,
main,adult,IID,Fed-NGA,Benign,,789,aeod,0.08814149707737295,True,,,,
main,adult,IID,Fed-NGA,Benign,,789,aspd,0.09731450238285735,True,,,,
main,adult,IID,Fed-NGA,Benign,,1001,accuracy,0.828009828009828,True,,,,
main,adult,IID,Fed-NGA,Benign,,1001,aeod,0.04912344036589816,True,,,,
main,adult,IID,Fed-NGA,Benign,,1001,aspd,0.08692328719602815,True,,,,
main,adult,IID,Fed-NGA,Benign,,2024,accuracy,0.8315957234876153,True,,,,
main,adult,IID,Fed-NGA,Benign,,2024,aeod,0.08750573358139346,True,,,,
main,adult,IID,Fed-NGA,Benign,,2024,aspd,0.08774728371435499,True,,,,
main,adult,IID,Fed-NGA,Benign,,3141,accuracy,0.836177701042566,True,,,,
main,adult,IID,Fed-NGA,Benign,,3141,aeod,0.02955471992990033,True,,,,
main,adult,IID,Fed-NGA,Benign,,3141,aspd,0.12122893802588859,True,,,,
main,adult,IID,Fed-NGA,Benign,,4242,accuracy,0.8326582110365894,True,,,,
main,adult,IID,Fed-NGA,Benign,,4242,aeod,0.07807381368416655,True,,,,
main,adult,IID,Fed-NGA,Benign,,4242,aspd,0.09695235637446187,True,,,,
main,adult,IID,Fed-NGA,Benign,,5050,accuracy,0.8078889700511322,True,,,,
main,adult,IID,Fed-NGA,Benign,,5050,aeod,0.2692912522256006,True,,,,
main,adult,IID,Fed-NGA,Benign,,5050,aspd,0.00780299064555115,True,,,,
main,adult,IID,Fed-NGA,Benign,,6060,accuracy,0.818779467428116,True,,,,
main,adult,IID,Fed-NGA,Benign,,6060,aeod,0.0808464965318616,True,,,,
main,adult,IID,Fed-NGA,Benign,,6060,aspd,0.09055722538862587,True,,,,
main,adult,IID,Fed-NGA,Benign,,7070,accuracy,0.8325918055647785,True,,,,
main,adult,IID,Fed-NGA,Benign,,7070,aeod,0.02544196416076072,True,,,,
main,adult,IID,Fed-NGA,Benign,,7070,aspd,0.09721706480459583,True,,,,
main,adult,IID,Fed-NGA,FedSA,,123,accuracy,0.813400624211435,True,,63,performance_defended_max_acc,0.813400624211435
main,adult,IID,Fed-NGA,FedSA,,123,aeod,0.16884176229299847,True,,63,performance_defended_max_acc,0.813400624211435
main,adult,IID,Fed-NGA,FedSA,,123,aspd,0.05037266011890956,True,,63,performance_defended_max_acc,0.813400624211435
main,adult,IID,Fed-NGA,FedSA,,456,accuracy,0.8300019921641544,True,,61,performance_defended_max_acc,0.8300019921641544
main,adult,IID,Fed-NGA,FedSA,,456,aeod,0.13471045913777224,True,,61,performance_defended_max_acc,0.8300019921641544
main,adult,IID,Fed-NGA,FedSA,,456,aspd,0.20421618439579214,True,,61,performance_defended_max_acc,0.8300019921641544
main,adult,IID,Fed-NGA,FedSA,,789,accuracy,0.8309316687695066,True,,63,performance_defended_max_acc,0.8309316687695066
main,adult,IID,Fed-NGA,FedSA,,789,aeod,0.058439974615157486,True,,63,performance_defended_max_acc,0.8309316687695066
main,adult,IID,Fed-NGA,FedSA,,789,aspd,0.09555436685856071,True,,63,performance_defended_max_acc,0.8309316687695066
main,adult,IID,Fed-NGA,FedSA,,1001,accuracy,0.7878345175642473,True,,70,performance_defended_max_acc,0.7878345175642473
main,adult,IID,Fed-NGA,FedSA,,1001,aeod,0.10601199211036355,True,,70,performance_defended_max_acc,0.7878345175642473
main,adult,IID,Fed-NGA,FedSA,,1001,aspd,0.010065701053645876,True,,70,performance_defended_max_acc,0.7878345175642473
main,adult,IID,Fed-NGA,FedSA,,2024,accuracy,0.8272793678199084,True,,67,performance_defended_max_acc,0.8272793678199084
main,adult,IID,Fed-NGA,FedSA,,2024,aeod,0.11414211056344176,True,,67,performance_defended_max_acc,0.8272793678199084
main,adult,IID,Fed-NGA,FedSA,,2024,aspd,0.06253642875487454,True,,67,performance_defended_max_acc,0.8272793678199084
main,adult,IID,Fed-NGA,FedSA,,3141,accuracy,0.7878345175642473,True,,70,performance_defended_max_acc,0.7878345175642473
main,adult,IID,Fed-NGA,FedSA,,3141,aeod,0.05567471757649012,True,,70,performance_defended_max_acc,0.7878345175642473
main,adult,IID,Fed-NGA,FedSA,,3141,aspd,0.020396852804338565,True,,70,performance_defended_max_acc,0.7878345175642473
main,adult,IID,Fed-NGA,FedSA,,4242,accuracy,0.7916860349292781,False,accuracy_not_above_majority_baseline,61,performance_defended_max_acc,0.7916860349292781
main,adult,IID,Fed-NGA,FedSA,,4242,aeod,0.02581268339606238,False,accuracy_not_above_majority_baseline,61,performance_defended_max_acc,0.7916860349292781
main,adult,IID,Fed-NGA,FedSA,,4242,aspd,0.027741724335790474,False,accuracy_not_above_majority_baseline,61,performance_defended_max_acc,0.7916860349292781
main,adult,IID,Fed-NGA,FedSA,,5050,accuracy,0.8168537087456006,True,,70,performance_defended_max_acc,0.8168537087456006
main,adult,IID,Fed-NGA,FedSA,,5050,aeod,0.0816204943189705,True,,70,performance_defended_max_acc,0.8168537087456006
main,adult,IID,Fed-NGA,FedSA,,5050,aspd,0.07127513711976927,True,,70,performance_defended_max_acc,0.8168537087456006
main,adult,IID,Fed-NGA,FedSA,,6060,accuracy,0.7919516568165217,True,,70,performance_defended_max_acc,0.7919516568165217
main,adult,IID,Fed-NGA,FedSA,,6060,aeod,0.05635617835879339,True,,70,performance_defended_max_acc,0.7919516568165217
main,adult,IID,Fed-NGA,FedSA,,6060,aspd,0.023735087907874167,True,,70,performance_defended_max_acc,0.7919516568165217
main,adult,IID,Fed-NGA,FedSA,,7070,accuracy,0.8288730991433694,True,,67,performance_defended_max_acc,0.8288730991433694
main,adult,IID,Fed-NGA,FedSA,,7070,aeod,0.05630362647952103,True,,67,performance_defended_max_acc,0.8288730991433694
main,adult,IID,Fed-NGA,FedSA,,7070,aspd,0.0841239378712162,True,,67,performance_defended_max_acc,0.8288730991433694
main,adult,IID,FedAA,Benign,,123,accuracy,0.8376386214224052,True,,,,
main,adult,IID,FedAA,Benign,,123,aeod,0.05341670041601676,True,,,,
main,adult,IID,FedAA,Benign,,123,aspd,0.10694477361641547,True,,,,
main,adult,IID,FedAA,Benign,,456,accuracy,0.8357792682117007,True,,,,
main,adult,IID,FedAA,Benign,,456,aeod,0.0785056530399263,True,,,,
main,adult,IID,FedAA,Benign,,456,aspd,0.10312922076538633,True,,,,
main,adult,IID,FedAA,Benign,,789,accuracy,0.8346503751909158,True,,,,
main,adult,IID,FedAA,Benign,,789,aeod,0.08416583316720466,True,,,,
main,adult,IID,FedAA,Benign,,789,aspd,0.08829710288409212,True,,,,
main,adult,IID,FedAA,Benign,,1001,accuracy,0.8360448900989441,True,,,,
main,adult,IID,FedAA,Benign,,1001,aeod,0.08184726710235218,True,,,,
main,adult,IID,FedAA,Benign,,1001,aspd,0.0921991398611014,True,,,,
main,adult,IID,FedAA,Benign,,2024,accuracy,0.8338535095291852,True,,,,
main,adult,IID,FedAA,Benign,,2024,aeod,0.003214804092877499,True,,,,
main,adult,IID,FedAA,Benign,,2024,aspd,0.10936498503890824,True,,,,
main,adult,IID,FedAA,Benign,,3141,accuracy,0.8373729995351616,True,,,,
main,adult,IID,FedAA,Benign,,3141,aeod,0.06982488228664652,True,,,,
main,adult,IID,FedAA,Benign,,3141,aspd,0.1332209019634324,True,,,,
main,adult,IID,FedAA,Benign,,4242,accuracy,0.8362441065143768,True,,,,
main,adult,IID,FedAA,Benign,,4242,aeod,0.023191944025393985,True,,,,
main,adult,IID,FedAA,Benign,,4242,aspd,0.13219715540047927,True,,,,
main,adult,IID,FedAA,Benign,,5050,accuracy,0.8355136463244571,True,,,,
main,adult,IID,FedAA,Benign,,5050,aeod,0.0466900598691572,True,,,,
main,adult,IID,FedAA,Benign,,5050,aspd,0.10802025818932053,True,,,,
main,adult,IID,FedAA,Benign,,6060,accuracy,0.8309316687695066,True,,,,
main,adult,IID,FedAA,Benign,,6060,aeod,0.029963710642498143,True,,,,
main,adult,IID,FedAA,Benign,,6060,aspd,0.10302839283284722,True,,,,
main,adult,IID,FedAA,Benign,,7070,accuracy,0.8235606613984993,True,,,,
main,adult,IID,FedAA,Benign,,7070,aeod,0.06280006694652446,True,,,,
main,adult,IID,FedAA,Benign,,7070,aspd,0.09839600533613677,True,,,,
main,adult,IID,FedAA,FedSA,,123,accuracy,0.8367089448170529,True,,70,performance_defended_max_acc,0.8367089448170529
main,adult,IID,FedAA,FedSA,,123,aeod,0.05550678004925025,True,,70,performance_defended_max_acc,0.8367089448170529
main,adult,IID,FedAA,FedSA,,123,aspd,0.11277536046186494,True,,70,performance_defended_max_acc,0.8367089448170529
main,adult,IID,FedAA,FedSA,,456,accuracy,0.8370409721761073,True,,64,performance_defended_max_acc,0.8370409721761073
main,adult,IID,FedAA,FedSA,,456,aeod,0.02153141888360388,True,,64,performance_defended_max_acc,0.8370409721761073
main,adult,IID,FedAA,FedSA,,456,aspd,0.13030826665870637,True,,64,performance_defended_max_acc,0.8370409721761073
main,adult,IID,FedAA,FedSA,,789,accuracy,0.8360448900989441,True,,70,performance_defended_max_acc,0.8360448900989441
main,adult,IID,FedAA,FedSA,,789,aeod,0.09252843656445514,True,,70,performance_defended_max_acc,0.8360448900989441
main,adult,IID,FedAA,FedSA,,789,aspd,0.09142349099844892,True,,70,performance_defended_max_acc,0.8360448900989441
main,adult,IID,FedAA,FedSA,,1001,accuracy,0.8392323527458663,True,,69,performance_defended_max_acc,0.8392323527458663
main,adult,IID,FedAA,FedSA,,1001,aeod,0.04521289508874127,True,,69,performance_defended_max_acc,0.8392323527458663
main,adult,IID,FedAA,FedSA,,1001,aspd,0.10814865030397434,True,,69,performance_defended_max_acc,0.8392323527458663
main,adult,IID,FedAA,FedSA,,2024,accuracy,0.8322597782057242,True,,69,performance_defended_max_acc,0.8322597782057242
main,adult,IID,FedAA,FedSA,,2024,aeod,0.00214834367329636,True,,69,performance_defended_max_acc,0.8322597782057242
main,adult,IID,FedAA,FedSA,,2024,aspd,0.10297173981225621,True,,69,performance_defended_max_acc,0.8322597782057242
main,adult,IID,FedAA,FedSA,,3141,accuracy,0.8349159970781592,True,,65,performance_defended_max_acc,0.8349159970781592
main,adult,IID,FedAA,FedSA,,3141,aeod,0.1852722215907111,True,,65,performance_defended_max_acc,0.8349159970781592
main,adult,IID,FedAA,FedSA,,3141,aspd,0.16336508349961115,True,,65,performance_defended_max_acc,0.8349159970781592
main,adult,IID,FedAA,FedSA,,4242,accuracy,0.8314629125439936,True,,69,performance_defended_max_acc,0.8314629125439936
main,adult,IID,FedAA,FedSA,,4242,aeod,0.0030577196711394916,True,,69,performance_defended_max_acc,0.8314629125439936
main,adult,IID,FedAA,FedSA,,4242,aspd,0.1051997442268586,True,,69,performance_defended_max_acc,0.8314629125439936
main,adult,IID,FedAA,FedSA,,5050,accuracy,0.8341855368882396,True,,66,performance_defended_max_acc,0.8341855368882396
main,adult,IID,FedAA,FedSA,,5050,aeod,0.003806012734691222,True,,66,performance_defended_max_acc,0.8341855368882396
main,adult,IID,FedAA,FedSA,,5050,aspd,0.11578655677585574,True,,66,performance_defended_max_acc,0.8341855368882396
main,adult,IID,FedAA,FedSA,,6060,accuracy,0.8298027757487217,True,,69,performance_defended_max_acc,0.8298027757487217
main,adult,IID,FedAA,FedSA,,6060,aeod,0.00914802550594035,True,,69,performance_defended_max_acc,0.8298027757487217
main,adult,IID,FedAA,FedSA,,6060,aspd,0.09775027324449963,True,,69,performance_defended_max_acc,0.8298027757487217
main,adult,IID,FedAA,FedSA,,7070,accuracy,0.8234942559266883,True,,68,performance_defended_max_acc,0.8234942559266883
main,adult,IID,FedAA,FedSA,,7070,aeod,0.08100586581791569,True,,68,performance_defended_max_acc,0.8234942559266883
main,adult,IID,FedAA,FedSA,,7070,aspd,0.12398902744939154,True,,68,performance_defended_max_acc,0.8234942559266883
main,adult,IID,FedAMM,Benign,,123,accuracy,0.8286738827279367,True,,,,
main,adult,IID,FedAMM,Benign,,123,aeod,0.0925941264135457,True,,,,
main,adult,IID,FedAMM,Benign,,123,aspd,0.10788093268365317,True,,,,
main,adult,IID,FedAMM,Benign,,456,accuracy,0.8338535095291852,True,,,,
main,adult,IID,FedAMM,Benign,,456,aeod,0.011467162786871876,True,,,,
main,adult,IID,FedAMM,Benign,,456,aspd,0.14178892906090917,True,,,,
main,adult,IID,FedAMM,Benign,,789,accuracy,0.8362441065143768,True,,,,
main,adult,IID,FedAMM,Benign,,789,aeod,0.1013902828147929,True,,,,
main,adult,IID,FedAMM,Benign,,789,aspd,0.09481195951684282,True,,,,
main,adult,IID,FedAMM,Benign,,1001,accuracy,0.8287402881997477,True,,,,
main,adult,IID,FedAMM,Benign,,1001,aeod,0.07891293010428702,True,,,,
main,adult,IID,FedAMM,Benign,,1001,aspd,0.11897754217289772,True,,,,
main,adult,IID,FedAMM,Benign,,2024,accuracy,0.8246231489474732,True,,,,
main,adult,IID,FedAMM,Benign,,2024,aeod,0.02469424231328804,True,,,,
main,adult,IID,FedAMM,Benign,,2024,aspd,0.08159607768509337,True,,,,
main,adult,IID,FedAMM,Benign,,3141,accuracy,0.8283418553688824,True,,,,
main,adult,IID,FedAMM,Benign,,3141,aeod,0.09650352925854438,True,,,,
main,adult,IID,FedAMM,Benign,,3141,aspd,0.12024029868178612,True,,,,
main,adult,IID,FedAMM,Benign,,4242,accuracy,0.8359120791553224,True,,,,
main,adult,IID,FedAMM,Benign,,4242,aeod,0.027667422004728492,True,,,,
main,adult,IID,FedAMM,Benign,,4242,aspd,0.12143589006569623,True,,,,
main,adult,IID,FedAMM,Benign,,5050,accuracy,0.8356464572680788,True,,,,
main,adult,IID,FedAMM,Benign,,5050,aeod,0.07243876706436636,True,,,,
main,adult,IID,FedAMM,Benign,,5050,aspd,0.09700710357460099,True,,,,
main,adult,IID,FedAMM,Benign,,6060,accuracy,0.8303340195232087,True,,,,
main,adult,IID,FedAMM,Benign,,6060,aeod,0.0011481443188847695,True,,,,
main,adult,IID,FedAMM,Benign,,6060,aspd,0.11805233655794142,True,,,,
main,adult,IID,FedAMM,Benign,,7070,accuracy,0.8170529251610332,True,,,,
main,adult,IID,FedAMM,Benign,,7070,aeod,0.06929879227784402,True,,,,
main,adult,IID,FedAMM,Benign,,7070,aspd,0.08548866580491483,True,,,,
main,adult,IID,FedAMM,FedSA,,123,accuracy,0.8311308851849393,True,,70,performance_defended_max_acc,0.8311308851849393
main,adult,IID,FedAMM,FedSA,,123,aeod,0.06689111650466029,True,,70,performance_defended_max_acc,0.8311308851849393
main,adult,IID,FedAMM,FedSA,,123,aspd,0.11864522726989135,True,,70,performance_defended_max_acc,0.8311308851849393
main,adult,IID,FedAMM,FedSA,,456,accuracy,0.8357792682117007,True,,70,performance_defended_max_acc,0.8357792682117007
main,adult,IID,FedAMM,FedSA,,456,aeod,0.021238956251131813,True,,70,performance_defended_max_acc,0.8357792682117007
main,adult,IID,FedAMM,FedSA,,456,aspd,0.13984527305772923,True,,70,performance_defended_max_acc,0.8357792682117007
main,adult,IID,FedAMM,FedSA,,789,accuracy,0.8380370542532705,True,,66,performance_defended_max_acc,0.8380370542532705
main,adult,IID,FedAMM,FedSA,,789,aeod,0.11136714285143079,True,,66,performance_defended_max_acc,0.8380370542532705
main,adult,IID,FedAMM,FedSA,,789,aspd,0.09402535720190891,True,,66,performance_defended_max_acc,0.8380370542532705
main,adult,IID,FedAMM,FedSA,,1001,accuracy,0.8276778006507737,True,,70,performance_defended_max_acc,0.8276778006507737
main,adult,IID,FedAMM,FedSA,,1001,aeod,0.05991485453125722,True,,70,performance_defended_max_acc,0.8276778006507737
main,adult,IID,FedAMM,FedSA,,1001,aspd,0.1046238855313682,True,,70,performance_defended_max_acc,0.8276778006507737
main,adult,IID,FedAMM,FedSA,,2024,accuracy,0.828541071784315,True,,70,performance_defended_max_acc,0.828541071784315
main,adult,IID,FedAMM,FedSA,,2024,aeod,0.031352336930661806,True,,70,performance_defended_max_acc,0.828541071784315
main,adult,IID,FedAMM,FedSA,,2024,aspd,0.08666574063853974,True,,70,performance_defended_max_acc,0.828541071784315
main,adult,IID,FedAMM,FedSA,,3141,accuracy,0.8278106115943954,True,,70,performance_defended_max_acc,0.8278106115943954
main,adult,IID,FedAMM,FedSA,,3141,aeod,0.12643296693629974,True,,70,performance_defended_max_acc,0.8278106115943954
main,adult,IID,FedAMM,FedSA,,3141,aspd,0.12254533836518078,True,,70,performance_defended_max_acc,0.8278106115943954
main,adult,IID,FedAMM,FedSA,,4242,accuracy,0.8331230493392655,True,,68,performance_defended_max_acc,0.8331230493392655
main,adult,IID,FedAMM,FedSA,,4242,aeod,0.013896544771059505,True,,68,performance_defended_max_acc,0.8331230493392655
main,adult,IID,FedAMM,FedSA,,4242,aspd,0.11053375450761645,True,,68,performance_defended_max_acc,0.8331230493392655
main,adult,IID,FedAMM,FedSA,,5050,accuracy,0.8350488080217809,True,,70,performance_defended_max_acc,0.8350488080217809
main,adult,IID,FedAMM,FedSA,,5050,aeod,0.054621395126727146,True,,70,performance_defended_max_acc,0.8350488080217809
main,adult,IID,FedAMM,FedSA,,5050,aspd,0.10440144619273045,True,,70,performance_defended_max_acc,0.8350488080217809
main,adult,IID,FedAMM,FedSA,,6060,accuracy,0.8318613453748589,True,,70,performance_defended_max_acc,0.8318613453748589
main,adult,IID,FedAMM,FedSA,,6060,aeod,0.029463325357252823,True,,70,performance_defended_max_acc,0.8318613453748589
main,adult,IID,FedAMM,FedSA,,6060,aspd,0.10689606485791867,True,,70,performance_defended_max_acc,0.8318613453748589
main,adult,IID,FedAMM,FedSA,,7070,accuracy,0.8154591938375723,True,,70,performance_defended_max_acc,0.8154591938375723
main,adult,IID,FedAMM,FedSA,,7070,aeod,0.05466309390049756,True,,70,performance_defended_max_acc,0.8154591938375723
main,adult,IID,FedAMM,FedSA,,7070,aspd,0.07606759347317081,True,,70,performance_defended_max_acc,0.8154591938375723
main,adult,IID,FedAvg,Benign,,123,accuracy,0.8303340195232087,True,,,,
main,adult,IID,FedAvg,Benign,,123,aeod,0.07304996826894683,True,,,,
main,adult,IID,FedAvg,Benign,,123,aspd,0.11530699216635573,True,,,,
main,adult,IID,FedAvg,Benign,,456,accuracy,0.8332558602828873,True,,,,
main,adult,IID,FedAvg,Benign,,456,aeod,0.015080675702924262,True,,,,
main,adult,IID,FedAvg,Benign,,456,aspd,0.14048422444081124,True,,,,
main,adult,IID,FedAvg,Benign,,789,accuracy,0.8367089448170529,True,,,,
main,adult,IID,FedAvg,Benign,,789,aeod,0.10766223536273078,True,,,,
main,adult,IID,FedAvg,Benign,,789,aspd,0.09809468509205854,True,,,,
main,adult,IID,FedAvg,Benign,,1001,accuracy,0.8254200146092038,True,,,,
main,adult,IID,FedAvg,Benign,,1001,aeod,0.08827630407202802,True,,,,
main,adult,IID,FedAvg,Benign,,1001,aspd,0.09987634635682763,True,,,,
main,adult,IID,FedAvg,Benign,,2024,accuracy,0.830732452354074,True,,,,
main,adult,IID,FedAvg,Benign,,2024,aeod,0.034828757987742875,True,,,,
main,adult,IID,FedAvg,Benign,,2024,aspd,0.0947586968505294,True,,,,
main,adult,IID,FedAvg,Benign,,3141,accuracy,0.8268145295172322,True,,,,
main,adult,IID,FedAvg,Benign,,3141,aeod,0.0689137926405663,True,,,,
main,adult,IID,FedAvg,Benign,,3141,aspd,0.1070244369113046,True,,,,
main,adult,IID,FedAvg,Benign,,4242,accuracy,0.8348495916063484,True,,,,
main,adult,IID,FedAvg,Benign,,4242,aeod,0.021418318099952538,True,,,,
main,adult,IID,FedAvg,Benign,,4242,aspd,0.11842090217206959,True,,,,
main,adult,IID,FedAvg,Benign,,5050,accuracy,0.8348495916063484,True,,,,
main,adult,IID,FedAvg,Benign,,5050,aeod,0.06521231244834064,True,,,,
main,adult,IID,FedAvg,Benign,,5050,aspd,0.09329803593366283,True,,,,
main,adult,IID,FedAvg,Benign,,6060,accuracy,0.8296035593332891,True,,,,
main,adult,IID,FedAvg,Benign,,6060,aeod,0.016896000402136124,True,,,,
main,adult,IID,FedAvg,Benign,,6060,aspd,0.1082630797761596,True,,,,
main,adult,IID,FedAvg,Benign,,7070,accuracy,0.8165880868583572,True,,,,
main,adult,IID,FedAvg,Benign,,7070,aeod,0.05670861867956545,True,,,,
main,adult,IID,FedAvg,Benign,,7070,aspd,0.08059498029361592,True,,,,
main,adult,IID,FedAvg,FedSA,,123,accuracy,0.7730925028222325,True,,65,unprotected_min_acc,0.7730925028222325
main,adult,IID,FedAvg,FedSA,,123,aeod,0.24875146445522264,True,,65,unprotected_min_acc,0.7730925028222325
main,adult,IID,FedAvg,FedSA,,123,aspd,0.03228907211781068,True,,65,unprotected_min_acc,0.7730925028222325
main,adult,IID,FedAvg,FedSA,,456,accuracy,0.7380968191779003,False,accuracy_not_above_majority_baseline,63,unprotected_min_acc,0.7380968191779003
main,adult,IID,FedAvg,FedSA,,456,aeod,0.30758215086844837,False,accuracy_not_above_majority_baseline,63,unprotected_min_acc,0.7380968191779003
main,adult,IID,FedAvg,FedSA,,456,aspd,0.0736336400821565,False,accuracy_not_above_majority_baseline,63,unprotected_min_acc,0.7380968191779003
main,adult,IID,FedAvg,FedSA,,789,accuracy,0.7508466697655887,True,,61,unprotected_min_acc,0.7508466697655887
main,adult,IID,FedAvg,FedSA,,789,aeod,0.30996754921454933,True,,61,unprotected_min_acc,0.7508466697655887
main,adult,IID,FedAvg,FedSA,,789,aspd,0.05475524470754661,True,,61,unprotected_min_acc,0.7508466697655887
main,adult,IID,FedAvg,FedSA,,1001,accuracy,0.7677800650773624,True,,61,unprotected_min_acc,0.7677800650773624
main,adult,IID,FedAvg,FedSA,,1001,aeod,0.21280140930431024,True,,61,unprotected_min_acc,0.7677800650773624
main,adult,IID,FedAvg,FedSA,,1001,aspd,0.03578743626184112,True,,61,unprotected_min_acc,0.7677800650773624
main,adult,IID,FedAvg,FedSA,,2024,accuracy,0.7592137592137592,True,,70,unprotected_min_acc,0.7592137592137592
main,adult,IID,FedAvg,FedSA,,2024,aeod,0.23466413351376145,True,,70,unprotected_min_acc,0.7592137592137592
main,adult,IID,FedAvg,FedSA,,2024,aspd,0.057665332231247514,True,,70,unprotected_min_acc,0.7592137592137592
main,adult,IID,FedAvg,FedSA,,3141,accuracy,0.7758151271664785,True,,61,unprotected_min_acc,0.7758151271664785
main,adult,IID,FedAvg,FedSA,,3141,aeod,0.21811828856808124,True,,61,unprotected_min_acc,0.7758151271664785
main,adult,IID,FedAvg,FedSA,,3141,aspd,0.026327465131610543,True,,61,unprotected_min_acc,0.7758151271664785
main,adult,IID,FedAvg,FedSA,,4242,accuracy,0.7615379507271399,True,,63,unprotected_min_acc,0.7615379507271399
main,adult,IID,FedAvg,FedSA,,4242,aeod,0.2282499481621409,True,,63,unprotected_min_acc,0.7615379507271399
main,adult,IID,FedAvg,FedSA,,4242,aspd,0.02145111255578988,True,,63,unprotected_min_acc,0.7615379507271399
main,adult,IID,FedAvg,FedSA,,5050,accuracy,0.7254133740620227,False,accuracy_not_above_majority_baseline,61,unprotected_min_acc,0.7254133740620227
main,adult,IID,FedAvg,FedSA,,5050,aeod,0.4674609616651177,False,accuracy_not_above_majority_baseline,61,unprotected_min_acc,0.7254133740620227
main,adult,IID,FedAvg,FedSA,,5050,aspd,0.15164448833314895,False,accuracy_not_above_majority_baseline,61,unprotected_min_acc,0.7254133740620227
main,adult,IID,FedAvg,FedSA,,6060,accuracy,0.7808619430241052,True,,64,unprotected_min_acc,0.7808619430241052
main,adult,IID,FedAvg,FedSA,,6060,aeod,0.18782384381581482,True,,64,unprotected_min_acc,0.7808619430241052
main,adult,IID,FedAvg,FedSA,,6060,aspd,0.013535678503577064,True,,64,unprotected_min_acc,0.7808619430241052
main,adult,IID,FedAvg,FedSA,,7070,accuracy,0.7740885848993957,True,,61,unprotected_min_acc,0.7740885848993957
main,adult,IID,FedAvg,FedSA,,7070,aeod,0.25120769359512546,True,,61,unprotected_min_acc,0.7740885848993957
main,adult,IID,FedAvg,FedSA,,7070,aspd,0.030670950309081943,True,,61,unprotected_min_acc,0.7740885848993957
main,adult,IID,FedDNA,Benign,,123,accuracy,0.8275449897071518,True,,,,
main,adult,IID,FedDNA,Benign,,123,aeod,0.08402645644391715,True,,,,
main,adult,IID,FedDNA,Benign,,123,aspd,0.11305104240554822,True,,,,
main,adult,IID,FedDNA,Benign,,456,accuracy,0.8321933727339133,True,,,,
main,adult,IID,FedDNA,Benign,,456,aeod,0.028829846725589414,True,,,,
main,adult,IID,FedDNA,Benign,,456,aspd,0.1506786787119334,True,,,,
main,adult,IID,FedDNA,Benign,,789,accuracy,0.8382362706687031,True,,,,
main,adult,IID,FedDNA,Benign,,789,aeod,0.08193751924284165,True,,,,
main,adult,IID,FedDNA,Benign,,789,aspd,0.09836166044546689,True,,,,
main,adult,IID,FedDNA,Benign,,1001,accuracy,0.8322597782057242,True,,,,
main,adult,IID,FedDNA,Benign,,1001,aeod,0.07859476274825772,True,,,,
main,adult,IID,FedDNA,Benign,,1001,aspd,0.1151593412345038,True,,,,
main,adult,IID,FedDNA,Benign,,2024,accuracy,0.8220333355468491,True,,,,
main,adult,IID,FedDNA,Benign,,2024,aeod,0.0222859953240252,True,,,,
main,adult,IID,FedDNA,Benign,,2024,aspd,0.07544639631219328,True,,,,
main,adult,IID,FedDNA,Benign,,3141,accuracy,0.8255528255528255,True,,,,
main,adult,IID,FedDNA,Benign,,3141,aeod,0.10702475821851415,True,,,,
main,adult,IID,FedDNA,Benign,,3141,aspd,0.11205935374872275,True,,,,
main,adult,IID,FedDNA,Benign,,4242,accuracy,0.8349159970781592,True,,,,
main,adult,IID,FedDNA,Benign,,4242,aeod,0.019055197180934402,True,,,,
main,adult,IID,FedDNA,Benign,,4242,aspd,0.11635942634242684,True,,,,
main,adult,IID,FedDNA,Benign,,5050,accuracy,0.8325918055647785,True,,,,
main,adult,IID,FedDNA,Benign,,5050,aeod,0.05330417084844441,True,,,,
main,adult,IID,FedDNA,Benign,,5050,aspd,0.0981830349159547,True,,,,
main,adult,IID,FedDNA,Benign,,6060,accuracy,0.8322597782057242,True,,,,
main,adult,IID,FedDNA,Benign,,6060,aeod,0.003693483167118927,True,,,,
main,adult,IID,FedDNA,Benign,,6060,aspd,0.12220889084098399,True,,,,
main,adult,IID,FedDNA,Benign,,7070,accuracy,0.8197091440334684,True,,,,
main,adult,IID,FedDNA,Benign,,7070,aeod,0.07275350712392131,True,,,,
main,adult,IID,FedDNA,Benign,,7070,aspd,0.08902628985025426,True,,,,
main,adult,IID,FedDNA,FedSA,,123,accuracy,0.8283418553688824,True,,69,performance_defended_max_acc,0.8283418553688824
main,adult,IID,FedDNA,FedSA,,123,aeod,0.06998196670838452,True,,69,performance_defended_max_acc,0.8283418553688824
main,adult,IID,FedDNA,FedSA,,123,aspd,0.11704257269872478,True,,69,performance_defended_max_acc,0.8283418553688824
main,adult,IID,FedDNA,FedSA,,456,accuracy,0.8350488080217809,True,,64,performance_defended_max_acc,0.8350488080217809
main,adult,IID,FedDNA,FedSA,,456,aeod,0.053077969281141724,True,,64,performance_defended_max_acc,0.8350488080217809
main,adult,IID,FedDNA,FedSA,,456,aspd,0.15833584400101286,True,,64,performance_defended_max_acc,0.8350488080217809
main,adult,IID,FedDNA,FedSA,,789,accuracy,0.8381034597250814,True,,70,performance_defended_max_acc,0.8381034597250814
main,adult,IID,FedDNA,FedSA,,789,aeod,0.0834135415910996,True,,70,performance_defended_max_acc,0.8381034597250814
main,adult,IID,FedDNA,FedSA,,789,aspd,0.11296002443301943,True,,70,performance_defended_max_acc,0.8381034597250814
main,adult,IID,FedDNA,FedSA,,1001,accuracy,0.8271465568762866,True,,69,performance_defended_max_acc,0.8271465568762866
main,adult,IID,FedDNA,FedSA,,1001,aeod,0.07598202040269597,True,,69,performance_defended_max_acc,0.8271465568762866
main,adult,IID,FedDNA,FedSA,,1001,aspd,0.10160285919609927,True,,69,performance_defended_max_acc,0.8271465568762866
main,adult,IID,FedDNA,FedSA,,2024,accuracy,0.8241583106447972,True,,70,performance_defended_max_acc,0.8241583106447972
main,adult,IID,FedDNA,FedSA,,2024,aeod,0.031852722215907125,True,,70,performance_defended_max_acc,0.8241583106447972
main,adult,IID,FedDNA,FedSA,,2024,aspd,0.08157908579116967,True,,70,performance_defended_max_acc,0.8241583106447972
main,adult,IID,FedDNA,FedSA,,3141,accuracy,0.8276113951789628,True,,68,performance_defended_max_acc,0.8276113951789628
main,adult,IID,FedDNA,FedSA,,3141,aeod,0.1419546214522483,True,,68,performance_defended_max_acc,0.8276113951789628
main,adult,IID,FedDNA,FedSA,,3141,aspd,0.1233916028908929,True,,68,performance_defended_max_acc,0.8276113951789628
main,adult,IID,FedDNA,FedSA,,4242,accuracy,0.8335214821701308,True,,69,performance_defended_max_acc,0.8335214821701308
main,adult,IID,FedDNA,FedSA,,4242,aeod,0.025556207376570217,True,,69,performance_defended_max_acc,0.8335214821701308
main,adult,IID,FedDNA,FedSA,,4242,aspd,0.0987827063364598,True,,69,performance_defended_max_acc,0.8335214821701308
main,adult,IID,FedDNA,FedSA,,5050,accuracy,0.8363105119861877,True,,65,performance_defended_max_acc,0.8363105119861877
main,adult,IID,FedDNA,FedSA,,5050,aeod,0.05623450933395635,True,,65,performance_defended_max_acc,0.8363105119861877
main,adult,IID,FedDNA,FedSA,,5050,aspd,0.1092868263391127,True,,65,performance_defended_max_acc,0.8363105119861877
main,adult,IID,FedDNA,FedSA,,6060,accuracy,0.8352480244372136,True,,70,performance_defended_max_acc,0.8352480244372136
main,adult,IID,FedDNA,FedSA,,6060,aeod,0.005192354158538692,True,,70,performance_defended_max_acc,0.8352480244372136
main,adult,IID,FedDNA,FedSA,,6060,aspd,0.11559246400878138,True,,70,performance_defended_max_acc,0.8352480244372136
main,adult,IID,FedDNA,FedSA,,7070,accuracy,0.8175177634637094,True,,70,performance_defended_max_acc,0.8175177634637094
main,adult,IID,FedDNA,FedSA,,7070,aeod,0.07395763061855276,True,,70,performance_defended_max_acc,0.8175177634637094
main,adult,IID,FedDNA,FedSA,,7070,aspd,0.08275048328597469,True,,70,performance_defended_max_acc,0.8175177634637094
main,adult,IID,GuardFed,Benign,,123,accuracy,0.8232950395112557,True,,,,
main,adult,IID,GuardFed,Benign,,123,aeod,0.0004632562401072349,True,,,,
main,adult,IID,GuardFed,Benign,,123,aspd,0.14252266993488796,True,,,,
main,adult,IID,GuardFed,Benign,,456,accuracy,0.8351152134935919,True,,,,
main,adult,IID,GuardFed,Benign,,456,aeod,0.023442136668016644,True,,,,
main,adult,IID,GuardFed,Benign,,456,aspd,0.10719702399917444,True,,,,
main,adult,IID,GuardFed,Benign,,789,accuracy,0.8313301016003719,True,,,,
main,adult,IID,GuardFed,Benign,,789,aeod,0.08100815068223194,True,,,,
main,adult,IID,GuardFed,Benign,,789,aspd,0.07845534576417763,True,,,,
main,adult,IID,GuardFed,Benign,,1001,accuracy,0.815060761006707,True,,,,
main,adult,IID,GuardFed,Benign,,1001,aeod,0.039822900166852304,True,,,,
main,adult,IID,GuardFed,Benign,,1001,aspd,0.14034528009923428,True,,,,
main,adult,IID,GuardFed,Benign,,2024,accuracy,0.825353609137393,True,,,,
main,adult,IID,GuardFed,Benign,,2024,aeod,0.026734054931565443,True,,,,
main,adult,IID,GuardFed,Benign,,2024,aspd,0.09101676885274704,True,,,,
main,adult,IID,GuardFed,Benign,,3141,accuracy,0.818248223653629,True,,,,
main,adult,IID,GuardFed,Benign,,3141,aeod,0.06770738428161865,True,,,,
main,adult,IID,GuardFed,Benign,,3141,aspd,0.08282487046740228,True,,,,
main,adult,IID,GuardFed,Benign,,4242,accuracy,0.8311308851849393,True,,,,
main,adult,IID,GuardFed,Benign,,4242,aeod,0.006579838014544315,True,,,,
main,adult,IID,GuardFed,Benign,,4242,aspd,0.12688204283409704,True,,,,
main,adult,IID,GuardFed,Benign,,5050,accuracy,0.8232286340394448,True,,,,
main,adult,IID,GuardFed,Benign,,5050,aeod,0.057055346839547105,True,,,,
main,adult,IID,GuardFed,Benign,,5050,aspd,0.0852753142206424,True,,,,
main,adult,IID,GuardFed,Benign,,6060,accuracy,0.8247559598910951,True,,,,
main,adult,IID,GuardFed,Benign,,6060,aeod,0.025010696021080192,True,,,,
main,adult,IID,GuardFed,Benign,,6060,aspd,0.08786245545345306,True,,,,
main,adult,IID,GuardFed,Benign,,7070,accuracy,0.8126701640215154,True,,,,
main,adult,IID,GuardFed,Benign,,7070,aeod,0.10990882820162326,True,,,,
main,adult,IID,GuardFed,Benign,,7070,aspd,0.08501662417088283,True,,,,
main,adult,IID,GuardFed,FedSA,,123,accuracy,0.8357792682117007,True,,64,performance_defended_max_acc,0.8357792682117007
main,adult,IID,GuardFed,FedSA,,123,aeod,0.012282288131672092,True,,64,performance_defended_max_acc,0.8357792682117007
main,adult,IID,GuardFed,FedSA,,123,aspd,0.12592437808765483,True,,64,performance_defended_max_acc,0.8357792682117007
main,adult,IID,GuardFed,FedSA,,456,accuracy,0.836111295570755,True,,70,performance_defended_max_acc,0.836111295570755
main,adult,IID,GuardFed,FedSA,,456,aeod,0.008511119577802762,True,,70,performance_defended_max_acc,0.836111295570755
main,adult,IID,GuardFed,FedSA,,456,aspd,0.1122493138946067,True,,70,performance_defended_max_acc,0.836111295570755
main,adult,IID,GuardFed,FedSA,,789,accuracy,0.8365097284016203,True,,70,performance_defended_max_acc,0.8365097284016203
main,adult,IID,GuardFed,FedSA,,789,aeod,0.03605344526122001,True,,70,performance_defended_max_acc,0.8365097284016203
main,adult,IID,GuardFed,FedSA,,789,aspd,0.12250268810959423,True,,70,performance_defended_max_acc,0.8365097284016203
main,adult,IID,GuardFed,FedSA,,1001,accuracy,0.8385018925559466,True,,63,performance_defended_max_acc,0.8385018925559466
main,adult,IID,GuardFed,FedSA,,1001,aeod,0.0008979516762621653,True,,63,performance_defended_max_acc,0.8385018925559466
main,adult,IID,GuardFed,FedSA,,1001,aspd,0.1218848813028943,True,,63,performance_defended_max_acc,0.8385018925559466
main,adult,IID,GuardFed,FedSA,,2024,accuracy,0.8276113951789628,True,,65,performance_defended_max_acc,0.8276113951789628
main,adult,IID,GuardFed,FedSA,,2024,aeod,0.06046036588674725,True,,65,performance_defended_max_acc,0.8276113951789628
main,adult,IID,GuardFed,FedSA,,2024,aspd,0.11057943401465811,True,,65,performance_defended_max_acc,0.8276113951789628
main,adult,IID,GuardFed,FedSA,,3141,accuracy,0.8305332359386414,True,,66,performance_defended_max_acc,0.8305332359386414
main,adult,IID,GuardFed,FedSA,,3141,aeod,0.1148892611948355,True,,66,performance_defended_max_acc,0.8305332359386414
main,adult,IID,GuardFed,FedSA,,3141,aspd,0.1273733232240592,True,,66,performance_defended_max_acc,0.8305332359386414
main,adult,IID,GuardFed,FedSA,,4242,accuracy,0.8254864200810147,True,,65,performance_defended_max_acc,0.8254864200810147
main,adult,IID,GuardFed,FedSA,,4242,aeod,0.1204117782470635,True,,65,performance_defended_max_acc,0.8254864200810147
main,adult,IID,GuardFed,FedSA,,4242,aspd,0.1329486304352946,True,,65,performance_defended_max_acc,0.8254864200810147
main,adult,IID,GuardFed,FedSA,,5050,accuracy,0.8265489076299887,True,,66,performance_defended_max_acc,0.8265489076299887
main,adult,IID,GuardFed,FedSA,,5050,aeod,0.05630534012775823,True,,66,performance_defended_max_acc,0.8265489076299887
main,adult,IID,GuardFed,FedSA,,5050,aspd,0.08514238825943984,True,,66,performance_defended_max_acc,0.8265489076299887
main,adult,IID,GuardFed,FedSA,,6060,accuracy,0.8299355866923435,True,,68,performance_defended_max_acc,0.8299355866923435
main,adult,IID,GuardFed,FedSA,,6060,aeod,0.0013520684591046273,True,,68,performance_defended_max_acc,0.8299355866923435
main,adult,IID,GuardFed,FedSA,,6060,aspd,0.1081917017849192,True,,68,performance_defended_max_acc,0.8299355866923435
main,adult,IID,GuardFed,FedSA,,7070,accuracy,0.8226973902649578,True,,68,performance_defended_max_acc,0.8226973902649578
main,adult,IID,GuardFed,FedSA,,7070,aeod,0.06362204688427331,True,,68,performance_defended_max_acc,0.8226973902649578
main,adult,IID,GuardFed,FedSA,,7070,aspd,0.1435177088234552,True,,68,performance_defended_max_acc,0.8226973902649578
main,adult,IID,GuardFed-AD2,Benign,,123,accuracy,0.8223653629059035,True,,,,
main,adult,IID,GuardFed-AD2,Benign,,123,aeod,0.048057551162396184,True,,,,
main,adult,IID,GuardFed-AD2,Benign,,123,aspd,0.06653927360315498,True,,,,
main,adult,IID,GuardFed-AD2,Benign,,456,accuracy,0.8321933727339133,True,,,,
main,adult,IID,GuardFed-AD2,Benign,,456,aeod,0.03851081683328089,True,,,,
main,adult,IID,GuardFed-AD2,Benign,,456,aspd,0.08960104517600935,True,,,,
main,adult,IID,GuardFed-AD2,Benign,,789,accuracy,0.8304668304668305,True,,,,
main,adult,IID,GuardFed-AD2,Benign,,789,aeod,0.05596489534464605,True,,,,
main,adult,IID,GuardFed-AD2,Benign,,789,aspd,0.07691650608624764,True,,,,
main,adult,IID,GuardFed-AD2,Benign,,1001,accuracy,0.8257520419682581,True,,,,
main,adult,IID,GuardFed-AD2,Benign,,1001,aeod,0.05200465426861206,True,,,,
main,adult,IID,GuardFed-AD2,Benign,,1001,aspd,0.09187549142583416,True,,,,
main,adult,IID,GuardFed-AD2,Benign,,2024,accuracy,0.8007171790955575,True,,,,
main,adult,IID,GuardFed-AD2,Benign,,2024,aeod,0.09733921838219041,True,,,,
main,adult,IID,GuardFed-AD2,Benign,,2024,aspd,0.05799730609269934,True,,,,
main,adult,IID,GuardFed-AD2,Benign,,3141,accuracy,0.8242911215884189,True,,,,
main,adult,IID,GuardFed-AD2,Benign,,3141,aeod,0.06696480337885735,True,,,,
main,adult,IID,GuardFed-AD2,Benign,,3141,aspd,0.06194391920701499,True,,,,
main,adult,IID,GuardFed-AD2,Benign,,4242,accuracy,0.8148615445912744,True,,,,
main,adult,IID,GuardFed-AD2,Benign,,4242,aeod,0.03664065539048045,True,,,,
main,adult,IID,GuardFed-AD2,Benign,,4242,aspd,0.06779865981903371,True,,,,
main,adult,IID,GuardFed-AD2,Benign,,5050,accuracy,0.7952719304070656,True,,,,
main,adult,IID,GuardFed-AD2,Benign,,5050,aeod,0.0344563251042041,True,,,,
main,adult,IID,GuardFed-AD2,Benign,,5050,aspd,0.04222981153361612,True,,,,
main,adult,IID,GuardFed-AD2,Benign,,6060,accuracy,0.8173185470482768,True,,,,
main,adult,IID,GuardFed-AD2,Benign,,6060,aeod,0.014982997753407168,True,,,,
main,adult,IID,GuardFed-AD2,Benign,,6060,aspd,0.06725223100357416,True,,,,
main,adult,IID,GuardFed-AD2,Benign,,7070,accuracy,0.8168537087456006,True,,,,
main,adult,IID,GuardFed-AD2,Benign,,7070,aeod,0.00446976581854408,True,,,,
main,adult,IID,GuardFed-AD2,Benign,,7070,aspd,0.06657137163181844,True,,,,
main,adult,IID,GuardFed-AD2,FedSA,,123,accuracy,0.8224981738495252,True,,62,performance_defended_max_acc,0.8224981738495252
main,adult,IID,GuardFed-AD2,FedSA,,123,aeod,0.02967239044218406,True,,62,performance_defended_max_acc,0.8224981738495252
main,adult,IID,GuardFed-AD2,FedSA,,123,aspd,0.07017734441694312,True,,62,performance_defended_max_acc,0.8224981738495252
main,adult,IID,GuardFed-AD2,FedSA,,456,accuracy,0.8300019921641544,True,,63,performance_defended_max_acc,0.8300019921641544
main,adult,IID,GuardFed-AD2,FedSA,,456,aeod,0.01771683790772688,True,,63,performance_defended_max_acc,0.8300019921641544
main,adult,IID,GuardFed-AD2,FedSA,,456,aspd,0.09173502242789569,True,,63,performance_defended_max_acc,0.8300019921641544
main,adult,IID,GuardFed-AD2,FedSA,,789,accuracy,0.8297363702769108,True,,66,performance_defended_max_acc,0.8297363702769108
main,adult,IID,GuardFed-AD2,FedSA,,789,aeod,0.008013590372952684,True,,66,performance_defended_max_acc,0.8297363702769108
main,adult,IID,GuardFed-AD2,FedSA,,789,aspd,0.08574809812158726,True,,66,performance_defended_max_acc,0.8297363702769108
main,adult,IID,GuardFed-AD2,FedSA,,1001,accuracy,0.8367089448170529,True,,65,performance_defended_max_acc,0.8367089448170529
main,adult,IID,GuardFed-AD2,FedSA,,1001,aeod,0.02555563616049117,True,,65,performance_defended_max_acc,0.8367089448170529
main,adult,IID,GuardFed-AD2,FedSA,,1001,aspd,0.10936309927972425,True,,65,performance_defended_max_acc,0.8367089448170529
main,adult,IID,GuardFed-AD2,FedSA,,2024,accuracy,0.8233614449830666,True,,70,performance_defended_max_acc,0.8233614449830666
main,adult,IID,GuardFed-AD2,FedSA,,2024,aeod,0.09107012191464775,True,,70,performance_defended_max_acc,0.8233614449830666
main,adult,IID,GuardFed-AD2,FedSA,,2024,aspd,0.09524997724049156,True,,70,performance_defended_max_acc,0.8233614449830666
main,adult,IID,GuardFed-AD2,FedSA,,3141,accuracy,0.8072249153330234,True,,65,performance_defended_max_acc,0.8072249153330234
main,adult,IID,GuardFed-AD2,FedSA,,3141,aeod,0.020129654625622134,True,,65,performance_defended_max_acc,0.8072249153330234
main,adult,IID,GuardFed-AD2,FedSA,,3141,aspd,0.042650496321786587,True,,65,performance_defended_max_acc,0.8072249153330234
main,adult,IID,GuardFed-AD2,FedSA,,4242,accuracy,0.8159904376120592,True,,70,performance_defended_max_acc,0.8159904376120592
main,adult,IID,GuardFed-AD2,FedSA,,4242,aeod,0.009687824700639946,True,,70,performance_defended_max_acc,0.8159904376120592
main,adult,IID,GuardFed-AD2,FedSA,,4242,aspd,0.0642312046683052,True,,70,performance_defended_max_acc,0.8159904376120592
main,adult,IID,GuardFed-AD2,FedSA,,5050,accuracy,0.8199747659207118,True,,69,performance_defended_max_acc,0.8199747659207118
main,adult,IID,GuardFed-AD2,FedSA,,5050,aeod,0.06785133073353855,True,,69,performance_defended_max_acc,0.8199747659207118
main,adult,IID,GuardFed-AD2,FedSA,,5050,aspd,0.06336871057685012,True,,69,performance_defended_max_acc,0.8199747659207118
main,adult,IID,GuardFed-AD2,FedSA,,6060,accuracy,0.8139982734577329,True,,70,performance_defended_max_acc,0.8139982734577329
main,adult,IID,GuardFed-AD2,FedSA,,6060,aeod,0.01725529531585679,True,,70,performance_defended_max_acc,0.8139982734577329
main,adult,IID,GuardFed-AD2,FedSA,,6060,aspd,0.06099795017976702,True,,70,performance_defended_max_acc,0.8139982734577329
main,adult,IID,GuardFed-AD2,FedSA,,7070,accuracy,0.8066272660867255,True,,67,performance_defended_max_acc,0.8066272660867255
main,adult,IID,GuardFed-AD2,FedSA,,7070,aeod,0.010618906909486858,True,,67,performance_defended_max_acc,0.8066272660867255
main,adult,IID,GuardFed-AD2,FedSA,,7070,aspd,0.05281965333406838,True,,67,performance_defended_max_acc,0.8066272660867255
main,adult,IID,GuardFed-AD2+,Benign,,123,accuracy,0.820439604223388,True,,,,
main,adult,IID,GuardFed-AD2+,Benign,,123,aeod,0.01457457825688846,True,,,,
main,adult,IID,GuardFed-AD2+,Benign,,123,aspd,0.07425459650791905,True,,,,
main,adult,IID,GuardFed-AD2+,Benign,,456,accuracy,0.8203067932797663,True,,,,
main,adult,IID,GuardFed-AD2+,Benign,,456,aeod,0.00035643883332542314,True,,,,
main,adult,IID,GuardFed-AD2+,Benign,,456,aspd,0.06943152665967972,True,,,,
main,adult,IID,GuardFed-AD2+,Benign,,789,accuracy,0.7990570423002855,True,,,,
main,adult,IID,GuardFed-AD2+,Benign,,789,aeod,0.012344550684288302,True,,,,
main,adult,IID,GuardFed-AD2+,Benign,,789,aspd,0.042555706830889814,True,,,,
main,adult,IID,GuardFed-AD2+,Benign,,1001,accuracy,0.8227637957367687,True,,,,
main,adult,IID,GuardFed-AD2+,Benign,,1001,aeod,0.032210874697469694,True,,,,
main,adult,IID,GuardFed-AD2+,Benign,,1001,aspd,0.0914045932840733,True,,,,
main,adult,IID,GuardFed-AD2+,Benign,,2024,accuracy,0.8219005246032273,True,,,,
main,adult,IID,GuardFed-AD2+,Benign,,2024,aeod,0.08868358113638869,True,,,,
main,adult,IID,GuardFed-AD2+,Benign,,2024,aspd,0.09221157784720849,True,,,,
main,adult,IID,GuardFed-AD2+,Benign,,3141,accuracy,0.8082874028819975,True,,,,
main,adult,IID,GuardFed-AD2+,Benign,,3141,aeod,0.05783162949097223,True,,,,
main,adult,IID,GuardFed-AD2+,Benign,,3141,aspd,0.03886892725860487,True,,,,
main,adult,IID,GuardFed-AD2+,Benign,,4242,accuracy,0.7961352015406069,True,,,,
main,adult,IID,GuardFed-AD2+,Benign,,4242,aeod,0.05170533704319136,True,,,,
main,adult,IID,GuardFed-AD2+,Benign,,4242,aspd,0.04690069660345482,True,,,,
main,adult,IID,GuardFed-AD2+,Benign,,5050,accuracy,0.8116740819443522,True,,,,
main,adult,IID,GuardFed-AD2+,Benign,,5050,aeod,0.011470018867267062,True,,,,
main,adult,IID,GuardFed-AD2+,Benign,,5050,aspd,0.05974686932880494,True,,,,
main,adult,IID,GuardFed-AD2+,Benign,,6060,accuracy,0.8240254997011753,True,,,,
main,adult,IID,GuardFed-AD2+,Benign,,6060,aeod,0.06684427678617838,True,,,,
main,adult,IID,GuardFed-AD2+,Benign,,6060,aspd,0.09093897125577398,True,,,,
main,adult,IID,GuardFed-AD2+,Benign,,7070,accuracy,0.8212364698851186,True,,,,
main,adult,IID,GuardFed-AD2+,Benign,,7070,aeod,0.030209904772567464,True,,,,
main,adult,IID,GuardFed-AD2+,Benign,,7070,aspd,0.07711701845905469,True,,,,
main,adult,IID,GuardFed-AD2+,FedSA,,123,accuracy,0.8241583106447972,True,,69,performance_defended_max_acc,0.8241583106447972
main,adult,IID,GuardFed-AD2+,FedSA,,123,aeod,0.013763451424641415,True,,69,performance_defended_max_acc,0.8241583106447972
main,adult,IID,GuardFed-AD2+,FedSA,,123,aspd,0.08593238092865134,True,,69,performance_defended_max_acc,0.8241583106447972
main,adult,IID,GuardFed-AD2+,FedSA,,456,accuracy,0.8336542931137526,True,,61,performance_defended_max_acc,0.8336542931137526
main,adult,IID,GuardFed-AD2+,FedSA,,456,aeod,0.027920470727746394,True,,61,performance_defended_max_acc,0.8336542931137526
main,adult,IID,GuardFed-AD2+,FedSA,,456,aspd,0.09500037494509732,True,,61,performance_defended_max_acc,0.8336542931137526
main,adult,IID,GuardFed-AD2+,FedSA,,789,accuracy,0.8103459725081347,True,,61,performance_defended_max_acc,0.8103459725081347
main,adult,IID,GuardFed-AD2+,FedSA,,789,aeod,0.03587693949279436,True,,61,performance_defended_max_acc,0.8103459725081347
main,adult,IID,GuardFed-AD2+,FedSA,,789,aspd,0.0489210267726046,True,,61,performance_defended_max_acc,0.8103459725081347
main,adult,IID,GuardFed-AD2+,FedSA,,1001,accuracy,0.8340527259446179,True,,68,performance_defended_max_acc,0.8340527259446179
main,adult,IID,GuardFed-AD2+,FedSA,,1001,aeod,0.043122815455507724,True,,68,performance_defended_max_acc,0.8340527259446179
main,adult,IID,GuardFed-AD2+,FedSA,,1001,aspd,0.10322890520565428,True,,68,performance_defended_max_acc,0.8340527259446179
main,adult,IID,GuardFed-AD2+,FedSA,,2024,accuracy,0.822630984793147,True,,64,performance_defended_max_acc,0.822630984793147
main,adult,IID,GuardFed-AD2+,FedSA,,2024,aeod,0.10275091951508322,True,,64,performance_defended_max_acc,0.822630984793147
main,adult,IID,GuardFed-AD2+,FedSA,,2024,aspd,0.09601467265086265,True,,64,performance_defended_max_acc,0.822630984793147
main,adult,IID,GuardFed-AD2+,FedSA,,3141,accuracy,0.8104787834517564,True,,68,performance_defended_max_acc,0.8104787834517564
main,adult,IID,GuardFed-AD2+,FedSA,,3141,aeod,0.026833446529319682,True,,68,performance_defended_max_acc,0.8104787834517564
main,adult,IID,GuardFed-AD2+,FedSA,,3141,aspd,0.04686294129723942,True,,68,performance_defended_max_acc,0.8104787834517564
main,adult,IID,GuardFed-AD2+,FedSA,,4242,accuracy,0.819908360448901,True,,61,performance_defended_max_acc,0.819908360448901
main,adult,IID,GuardFed-AD2+,FedSA,,4242,aeod,0.024710236363501337,True,,61,performance_defended_max_acc,0.819908360448901
main,adult,IID,GuardFed-AD2+,FedSA,,4242,aspd,0.07618503213554323,True,,61,performance_defended_max_acc,0.819908360448901
main,adult,IID,GuardFed-AD2+,FedSA,,5050,accuracy,0.7904907364366823,False,degenerate_positive_rate,69,performance_defended_max_acc,0.7904907364366823
main,adult,IID,GuardFed-AD2+,FedSA,,5050,aeod,0.016934271879432278,False,degenerate_positive_rate,69,performance_defended_max_acc,0.7904907364366823
main,adult,IID,GuardFed-AD2+,FedSA,,5050,aspd,0.03544836071154749,False,degenerate_positive_rate,69,performance_defended_max_acc,0.7904907364366823
main,adult,IID,GuardFed-AD2+,FedSA,,6060,accuracy,0.8158576266684375,True,,67,performance_defended_max_acc,0.8158576266684375
main,adult,IID,GuardFed-AD2+,FedSA,,6060,aeod,0.008811008019302513,True,,67,performance_defended_max_acc,0.8158576266684375
main,adult,IID,GuardFed-AD2+,FedSA,,6060,aspd,0.06283851132713353,True,,67,performance_defended_max_acc,0.8158576266684375
main,adult,IID,GuardFed-AD2+,FedSA,,7070,accuracy,0.8213692808287403,True,,62,performance_defended_max_acc,0.8213692808287403
main,adult,IID,GuardFed-AD2+,FedSA,,7070,aeod,0.030641744128327153,True,,62,performance_defended_max_acc,0.8213692808287403
main,adult,IID,GuardFed-AD2+,FedSA,,7070,aspd,0.07970528312286856,True,,62,performance_defended_max_acc,0.8213692808287403
main,adult,IID,Huber-BRFL,Benign,,123,accuracy,0.8292715319742346,True,,,,
main,adult,IID,Huber-BRFL,Benign,,123,aeod,0.07314079162551523,True,,,,
main,adult,IID,Huber-BRFL,Benign,,123,aspd,0.11582132295315184,True,,,,
main,adult,IID,Huber-BRFL,Benign,,456,accuracy,0.8331230493392655,True,,,,
main,adult,IID,Huber-BRFL,Benign,,456,aeod,0.013285343566479035,True,,,,
main,adult,IID,Huber-BRFL,Benign,,456,aspd,0.13997216057728945,True,,,,
main,adult,IID,Huber-BRFL,Benign,,789,accuracy,0.8371073776479182,True,,,,
main,adult,IID,Huber-BRFL,Benign,,789,aeod,0.11536622662083984,True,,,,
main,adult,IID,Huber-BRFL,Benign,,789,aspd,0.09655849350149329,True,,,,
main,adult,IID,Huber-BRFL,Benign,,1001,accuracy,0.825818447440069,True,,,,
main,adult,IID,Huber-BRFL,Benign,,1001,aeod,0.0923667824140848,True,,,,
main,adult,IID,Huber-BRFL,Benign,,1001,aspd,0.10037783793215835,True,,,,
main,adult,IID,Huber-BRFL,Benign,,2024,accuracy,0.8309980742413174,True,,,,
main,adult,IID,Huber-BRFL,Benign,,2024,aeod,0.03716960147967813,True,,,,
main,adult,IID,Huber-BRFL,Benign,,2024,aspd,0.09341736035521925,True,,,,
main,adult,IID,Huber-BRFL,Benign,,3141,accuracy,0.8267481240454213,True,,,,
main,adult,IID,Huber-BRFL,Benign,,3141,aeod,0.06445944965615646,True,,,,
main,adult,IID,Huber-BRFL,Benign,,3141,aspd,0.10315487912704918,True,,,,
main,adult,IID,Huber-BRFL,Benign,,4242,accuracy,0.833986320472807,True,,,,
main,adult,IID,Huber-BRFL,Benign,,4242,aeod,0.026056021445736433,True,,,,
main,adult,IID,Huber-BRFL,Benign,,4242,aspd,0.09969770076604753,True,,,,
main,adult,IID,Huber-BRFL,Benign,,5050,accuracy,0.8367753502888639,True,,,,
main,adult,IID,Huber-BRFL,Benign,,5050,aeod,0.06262070509770368,True,,,,
main,adult,IID,Huber-BRFL,Benign,,5050,aspd,0.10494145540245733,True,,,,
main,adult,IID,Huber-BRFL,Benign,,6060,accuracy,0.8298027757487217,True,,,,
main,adult,IID,Huber-BRFL,Benign,,6060,aeod,0.029122309358061704,True,,,,
main,adult,IID,Huber-BRFL,Benign,,6060,aspd,0.10744476059665262,True,,,,
main,adult,IID,Huber-BRFL,Benign,,7070,accuracy,0.8159904376120592,True,,,,
main,adult,IID,Huber-BRFL,Benign,,7070,aeod,0.05498126125652686,True,,,,
main,adult,IID,Huber-BRFL,Benign,,7070,aspd,0.07910145901990516,True,,,,
main,adult,IID,Huber-BRFL,FedSA,,123,accuracy,0.8198419549770901,True,,64,performance_defended_max_acc,0.8198419549770901
main,adult,IID,Huber-BRFL,FedSA,,123,aeod,0.15282029370788353,True,,64,performance_defended_max_acc,0.8198419549770901
main,adult,IID,Huber-BRFL,FedSA,,123,aspd,0.05818616286884798,True,,64,performance_defended_max_acc,0.8198419549770901
main,adult,IID,Huber-BRFL,FedSA,,456,accuracy,0.8239590942293645,True,,70,performance_defended_max_acc,0.8239590942293645
main,adult,IID,Huber-BRFL,FedSA,,456,aeod,0.03807669261320501,True,,70,performance_defended_max_acc,0.8239590942293645
main,adult,IID,Huber-BRFL,FedSA,,456,aspd,0.09002552154381567,True,,70,performance_defended_max_acc,0.8239590942293645
main,adult,IID,Huber-BRFL,FedSA,,789,accuracy,0.8149279500630852,True,,67,performance_defended_max_acc,0.8149279500630852
main,adult,IID,Huber-BRFL,FedSA,,789,aeod,0.10216542303405984,True,,67,performance_defended_max_acc,0.8149279500630852
main,adult,IID,Huber-BRFL,FedSA,,789,aspd,0.05253985883046258,True,,67,performance_defended_max_acc,0.8149279500630852
main,adult,IID,Huber-BRFL,FedSA,,1001,accuracy,0.812338136662461,True,,61,performance_defended_max_acc,0.812338136662461
main,adult,IID,Huber-BRFL,FedSA,,1001,aeod,0.1553879099832005,True,,61,performance_defended_max_acc,0.812338136662461
main,adult,IID,Huber-BRFL,FedSA,,1001,aspd,0.0437694536622627,True,,61,performance_defended_max_acc,0.812338136662461
main,adult,IID,Huber-BRFL,FedSA,,2024,accuracy,0.8072249153330234,True,,70,performance_defended_max_acc,0.8072249153330234
main,adult,IID,Huber-BRFL,FedSA,,2024,aeod,0.07028414001420047,True,,70,performance_defended_max_acc,0.8072249153330234
main,adult,IID,Huber-BRFL,FedSA,,2024,aspd,0.043617991089506994,True,,70,performance_defended_max_acc,0.8072249153330234
main,adult,IID,Huber-BRFL,FedSA,,3141,accuracy,0.8213028753569294,True,,70,performance_defended_max_acc,0.8213028753569294
main,adult,IID,Huber-BRFL,FedSA,,3141,aeod,0.015603909631331458,True,,70,performance_defended_max_acc,0.8213028753569294
main,adult,IID,Huber-BRFL,FedSA,,3141,aspd,0.07543847211136699,True,,70,performance_defended_max_acc,0.8213028753569294
main,adult,IID,Huber-BRFL,FedSA,,4242,accuracy,0.8187130619563052,True,,70,performance_defended_max_acc,0.8187130619563052
main,adult,IID,Huber-BRFL,FedSA,,4242,aeod,0.09041607950413877,True,,70,performance_defended_max_acc,0.8187130619563052
main,adult,IID,Huber-BRFL,FedSA,,4242,aspd,0.057523418822019196,True,,70,performance_defended_max_acc,0.8187130619563052
main,adult,IID,Huber-BRFL,FedSA,,5050,accuracy,0.8175841689355203,True,,70,performance_defended_max_acc,0.8175841689355203
main,adult,IID,Huber-BRFL,FedSA,,5050,aeod,0.10402930109999076,True,,70,performance_defended_max_acc,0.8175841689355203
main,adult,IID,Huber-BRFL,FedSA,,5050,aspd,0.05630178791235585,True,,70,performance_defended_max_acc,0.8175841689355203
main,adult,IID,Huber-BRFL,FedSA,,6060,accuracy,0.8165880868583572,True,,61,performance_defended_max_acc,0.8165880868583572
main,adult,IID,Huber-BRFL,FedSA,,6060,aeod,0.07516803749005369,True,,61,performance_defended_max_acc,0.8165880868583572
main,adult,IID,Huber-BRFL,FedSA,,6060,aspd,0.060346560810577946,True,,61,performance_defended_max_acc,0.8165880868583572
main,adult,IID,Huber-BRFL,FedSA,,7070,accuracy,0.8024437213626403,True,,70,performance_defended_max_acc,0.8024437213626403
main,adult,IID,Huber-BRFL,FedSA,,7070,aeod,0.08221513025725863,True,,70,performance_defended_max_acc,0.8024437213626403
main,adult,IID,Huber-BRFL,FedSA,,7070,aspd,0.031643400209977274,True,,70,performance_defended_max_acc,0.8024437213626403
main,adult,IID,LASA,Benign,,123,accuracy,0.8282090444252607,True,,,,
main,adult,IID,LASA,Benign,,123,aeod,0.07123178748933967,True,,,,
main,adult,IID,LASA,Benign,,123,aspd,0.11525790224376856,True,,,,
main,adult,IID,LASA,Benign,,456,accuracy,0.8333886712265091,True,,,,
main,adult,IID,LASA,Benign,,456,aeod,0.01694398255277607,True,,,,
main,adult,IID,LASA,Benign,,456,aspd,0.1393249038292908,True,,,,
main,adult,IID,LASA,Benign,,789,accuracy,0.836111295570755,True,,,,
main,adult,IID,LASA,Benign,,789,aeod,0.10809407471849042,True,,,,
main,adult,IID,LASA,Benign,,789,aspd,0.0971026553936785,True,,,,
main,adult,IID,LASA,Benign,,1001,accuracy,0.8284746663125041,True,,,,
main,adult,IID,LASA,Benign,,1001,aeod,0.10379795858797669,True,,,,
main,adult,IID,LASA,Benign,,1001,aspd,0.10022980583621607,True,,,,
main,adult,IID,LASA,Benign,,2024,accuracy,0.828541071784315,True,,,,
main,adult,IID,LASA,Benign,,2024,aeod,0.02823863808377569,True,,,,
main,adult,IID,LASA,Benign,,2024,aspd,0.09212096110003795,True,,,,
main,adult,IID,LASA,Benign,,3141,accuracy,0.8278106115943954,True,,,,
main,adult,IID,LASA,Benign,,3141,aeod,0.05741464175326777,True,,,,
main,adult,IID,LASA,Benign,,3141,aspd,0.1055739671185387,True,,,,
main,adult,IID,LASA,Benign,,4242,accuracy,0.8370409721761073,True,,,,
main,adult,IID,LASA,Benign,,4242,aeod,0.04289432902388879,True,,,,
main,adult,IID,LASA,Benign,,4242,aspd,0.11374775017895654,True,,,,
main,adult,IID,LASA,Benign,,5050,accuracy,0.8358456736835115,True,,,,
main,adult,IID,LASA,Benign,,5050,aeod,0.06759828201052065,True,,,,
main,adult,IID,LASA,Benign,,5050,aspd,0.09618425054854528,True,,,,
main,adult,IID,LASA,Benign,,6060,accuracy,0.8336542931137526,True,,,,
main,adult,IID,LASA,Benign,,6060,aeod,0.003306198665525062,True,,,,
main,adult,IID,LASA,Benign,,6060,aspd,0.12275078580989485,True,,,,
main,adult,IID,LASA,Benign,,7070,accuracy,0.816123248555681,True,,,,
main,adult,IID,LASA,Benign,,7070,aeod,0.060367257665862595,True,,,,
main,adult,IID,LASA,Benign,,7070,aspd,0.08072979201400245,True,,,,
main,adult,IID,LASA,FedSA,,123,accuracy,0.8302676140513978,True,,70,performance_defended_max_acc,0.8302676140513978
main,adult,IID,LASA,FedSA,,123,aeod,0.08493697487391838,True,,70,performance_defended_max_acc,0.8302676140513978
main,adult,IID,LASA,FedSA,,123,aspd,0.09272518642835968,True,,70,performance_defended_max_acc,0.8302676140513978
main,adult,IID,LASA,FedSA,,456,accuracy,0.8377714323660269,True,,70,performance_defended_max_acc,0.8377714323660269
main,adult,IID,LASA,FedSA,,456,aeod,0.0008282633146183827,True,,70,performance_defended_max_acc,0.8377714323660269
main,adult,IID,LASA,FedSA,,456,aspd,0.1297618378432468,True,,70,performance_defended_max_acc,0.8377714323660269
main,adult,IID,LASA,FedSA,,789,accuracy,0.8351816189654028,True,,70,performance_defended_max_acc,0.8351816189654028
main,adult,IID,LASA,FedSA,,789,aeod,0.13038863828370129,True,,70,performance_defended_max_acc,0.8351816189654028
main,adult,IID,LASA,FedSA,,789,aspd,0.08829409369390494,True,,70,performance_defended_max_acc,0.8351816189654028
main,adult,IID,LASA,FedSA,,1001,accuracy,0.8217677136596055,True,,70,performance_defended_max_acc,0.8217677136596055
main,adult,IID,LASA,FedSA,,1001,aeod,0.110571438853318,True,,70,performance_defended_max_acc,0.8217677136596055
main,adult,IID,LASA,FedSA,,1001,aspd,0.08009956728246334,True,,70,performance_defended_max_acc,0.8217677136596055
main,adult,IID,LASA,FedSA,,2024,accuracy,0.8277442061225845,True,,70,performance_defended_max_acc,0.8277442061225845
main,adult,IID,LASA,FedSA,,2024,aeod,0.03307969435370045,True,,70,performance_defended_max_acc,0.8277442061225845
main,adult,IID,LASA,FedSA,,2024,aspd,0.0818426707903004,True,,70,performance_defended_max_acc,0.8277442061225845
main,adult,IID,LASA,FedSA,,3141,accuracy,0.8244903380038515,True,,69,performance_defended_max_acc,0.8244903380038515
main,adult,IID,LASA,FedSA,,3141,aeod,0.01128094634510246,True,,69,performance_defended_max_acc,0.8244903380038515
main,adult,IID,LASA,FedSA,,3141,aspd,0.08937597781127476,True,,69,performance_defended_max_acc,0.8244903380038515
main,adult,IID,LASA,FedSA,,4242,accuracy,0.8278106115943954,True,,70,performance_defended_max_acc,0.8278106115943954
main,adult,IID,LASA,FedSA,,4242,aeod,0.05014591714739264,True,,70,performance_defended_max_acc,0.8278106115943954
main,adult,IID,LASA,FedSA,,4242,aspd,0.08316324387331887,True,,70,performance_defended_max_acc,0.8278106115943954
main,adult,IID,LASA,FedSA,,5050,accuracy,0.8325254000929677,True,,70,performance_defended_max_acc,0.8325254000929677
main,adult,IID,LASA,FedSA,,5050,aeod,0.08073396696428925,True,,70,performance_defended_max_acc,0.8325254000929677
main,adult,IID,LASA,FedSA,,5050,aspd,0.08773821602125757,True,,70,performance_defended_max_acc,0.8325254000929677
main,adult,IID,LASA,FedSA,,6060,accuracy,0.8248887708347168,True,,69,performance_defended_max_acc,0.8248887708347168
main,adult,IID,LASA,FedSA,,6060,aeod,0.05362119577231561,True,,69,performance_defended_max_acc,0.8248887708347168
main,adult,IID,LASA,FedSA,,6060,aspd,0.09230941665082829,True,,69,performance_defended_max_acc,0.8248887708347168
main,adult,IID,LASA,FedSA,,7070,accuracy,0.8060960223122385,True,,70,performance_defended_max_acc,0.8060960223122385
main,adult,IID,LASA,FedSA,,7070,aeod,0.061647924115086294,True,,70,performance_defended_max_acc,0.8060960223122385
main,adult,IID,LASA,FedSA,,7070,aspd,0.04158295601097575,True,,70,performance_defended_max_acc,0.8060960223122385
main,adult,IID,LayerGuard,Benign,,123,accuracy,0.8299355866923435,True,,,,
main,adult,IID,LayerGuard,Benign,,123,aeod,0.07268610362659378,True,,,,
main,adult,IID,LayerGuard,Benign,,123,aspd,0.11884461621169515,True,,,,
main,adult,IID,LayerGuard,Benign,,456,accuracy,0.8329902383956438,True,,,,
main,adult,IID,LayerGuard,Benign,,456,aeod,0.0320343689290441,True,,,,
main,adult,IID,LayerGuard,Benign,,456,aspd,0.15057596502021034,True,,,,
main,adult,IID,LayerGuard,Benign,,789,accuracy,0.8363105119861877,True,,,,
main,adult,IID,LayerGuard,Benign,,789,aeod,0.08516317644122107,True,,,,
main,adult,IID,LayerGuard,Benign,,789,aspd,0.11131696646827277,True,,,,
main,adult,IID,LayerGuard,Benign,,1001,accuracy,0.8245567434756624,True,,,,
main,adult,IID,LayerGuard,Benign,,1001,aeod,0.11279689669728565,True,,,,
main,adult,IID,LayerGuard,Benign,,1001,aspd,0.1005753411147782,True,,,,
main,adult,IID,LayerGuard,Benign,,2024,accuracy,0.8292051265024238,True,,,,
main,adult,IID,LayerGuard,Benign,,2024,aeod,0.04319021895283526,True,,,,
main,adult,IID,LayerGuard,Benign,,2024,aspd,0.10625938039811104,True,,,,
main,adult,IID,LayerGuard,Benign,,3141,accuracy,0.8252872036655821,True,,,,
main,adult,IID,LayerGuard,Benign,,3141,aeod,0.07477675447590637,True,,,,
main,adult,IID,LayerGuard,Benign,,3141,aspd,0.10285050957024791,True,,,,
main,adult,IID,LayerGuard,Benign,,4242,accuracy,0.8356464572680788,True,,,,
main,adult,IID,LayerGuard,Benign,,4242,aeod,0.03168992563337869,True,,,,
main,adult,IID,LayerGuard,Benign,,4242,aspd,0.12125160725863214,True,,,,
main,adult,IID,LayerGuard,Benign,,5050,accuracy,0.8337206985855634,True,,,,
main,adult,IID,LayerGuard,Benign,,5050,aeod,0.07146198756919564,True,,,,
main,adult,IID,LayerGuard,Benign,,5050,aspd,0.09150467894969953,True,,,,
main,adult,IID,LayerGuard,Benign,,6060,accuracy,0.8298691812205325,True,,,,
main,adult,IID,LayerGuard,Benign,,6060,aeod,0.0060548904378999735,True,,,,
main,adult,IID,LayerGuard,Benign,,6060,aspd,0.1292932066247603,True,,,,
main,adult,IID,LayerGuard,Benign,,7070,accuracy,0.8146623281758417,True,,,,
main,adult,IID,LayerGuard,Benign,,7070,aeod,0.060616879092406206,True,,,,
main,adult,IID,LayerGuard,Benign,,7070,aspd,0.07640367989454513,True,,,,
main,adult,IID,LayerGuard,FedSA,,123,accuracy,0.8110764326980543,True,,69,performance_defended_max_acc,0.8110764326980543
main,adult,IID,LayerGuard,FedSA,,123,aeod,0.1445022451647987,True,,69,performance_defended_max_acc,0.8110764326980543
main,adult,IID,LayerGuard,FedSA,,123,aspd,0.051579184893833147,True,,69,performance_defended_max_acc,0.8110764326980543
main,adult,IID,LayerGuard,FedSA,,456,accuracy,0.8228302012085796,True,,70,performance_defended_max_acc,0.8228302012085796
main,adult,IID,LayerGuard,FedSA,,456,aeod,0.005240336309178639,True,,70,performance_defended_max_acc,0.8228302012085796
main,adult,IID,LayerGuard,FedSA,,456,aspd,0.12206918417122628,True,,70,performance_defended_max_acc,0.8228302012085796
main,adult,IID,LayerGuard,FedSA,,789,accuracy,0.83345507669832,True,,70,performance_defended_max_acc,0.83345507669832
main,adult,IID,LayerGuard,FedSA,,789,aeod,0.14693391201330247,True,,70,performance_defended_max_acc,0.83345507669832
main,adult,IID,LayerGuard,FedSA,,789,aspd,0.07526440048967148,True,,70,performance_defended_max_acc,0.83345507669832
main,adult,IID,LayerGuard,FedSA,,1001,accuracy,0.8080881864665649,True,,69,performance_defended_max_acc,0.8080881864665649
main,adult,IID,LayerGuard,FedSA,,1001,aeod,0.19011270664455687,True,,69,performance_defended_max_acc,0.8080881864665649
main,adult,IID,LayerGuard,FedSA,,1001,aspd,0.034108970159225094,True,,69,performance_defended_max_acc,0.8080881864665649
main,adult,IID,LayerGuard,FedSA,,2024,accuracy,0.8041702636297231,True,,70,performance_defended_max_acc,0.8041702636297231
main,adult,IID,LayerGuard,FedSA,,2024,aeod,0.09025899508240076,True,,70,performance_defended_max_acc,0.8041702636297231
main,adult,IID,LayerGuard,FedSA,,2024,aspd,0.0383055266104895,True,,70,performance_defended_max_acc,0.8041702636297231
main,adult,IID,LayerGuard,FedSA,,3141,accuracy,0.8217677136596055,True,,69,performance_defended_max_acc,0.8217677136596055
main,adult,IID,LayerGuard,FedSA,,3141,aeod,0.0029857464451795157,True,,69,performance_defended_max_acc,0.8217677136596055
main,adult,IID,LayerGuard,FedSA,,3141,aspd,0.0813283400035043,True,,69,performance_defended_max_acc,0.8217677136596055
main,adult,IID,LayerGuard,FedSA,,4242,accuracy,0.8213028753569294,True,,70,performance_defended_max_acc,0.8213028753569294
main,adult,IID,LayerGuard,FedSA,,4242,aeod,0.04605486758925681,True,,70,performance_defended_max_acc,0.8213028753569294
main,adult,IID,LayerGuard,FedSA,,4242,aspd,0.079247244253841,True,,70,performance_defended_max_acc,0.8213028753569294
main,adult,IID,LayerGuard,FedSA,,5050,accuracy,0.8132014077960024,True,,70,performance_defended_max_acc,0.8132014077960024
main,adult,IID,LayerGuard,FedSA,,5050,aeod,0.09880324519278832,True,,70,performance_defended_max_acc,0.8132014077960024
main,adult,IID,LayerGuard,FedSA,,5050,aspd,0.04942139491693212,True,,70,performance_defended_max_acc,0.8132014077960024
main,adult,IID,LayerGuard,FedSA,,6060,accuracy,0.8172521415764659,True,,70,performance_defended_max_acc,0.8172521415764659
main,adult,IID,LayerGuard,FedSA,,6060,aeod,0.08723383472776702,True,,70,performance_defended_max_acc,0.8172521415764659
main,adult,IID,LayerGuard,FedSA,,6060,aspd,0.07395327626384081,True,,70,performance_defended_max_acc,0.8172521415764659
main,adult,IID,LayerGuard,FedSA,,7070,accuracy,0.8027757487216947,True,,70,performance_defended_max_acc,0.8027757487216947
main,adult,IID,LayerGuard,FedSA,,7070,aeod,0.08975975222931354,True,,70,performance_defended_max_acc,0.8027757487216947
main,adult,IID,LayerGuard,FedSA,,7070,aspd,0.03222004129491632,True,,70,performance_defended_max_acc,0.8027757487216947
main,adult,IID,LoGoFair,Benign,,123,accuracy,0.8212364698851186,True,,,,
main,adult,IID,LoGoFair,Benign,,123,aeod,0.007264726093321849,True,,,,
main,adult,IID,LoGoFair,Benign,,123,aspd,0.07646372326941372,True,,,,
main,adult,IID,LoGoFair,Benign,,456,accuracy,0.8110764326980543,True,,,,
main,adult,IID,LoGoFair,Benign,,456,aeod,0.00553908231852035,True,,,,
main,adult,IID,LoGoFair,Benign,,456,aspd,0.05252170338299982,True,,,,
main,adult,IID,LoGoFair,Benign,,789,accuracy,0.8012484228700445,True,,,,
main,adult,IID,LoGoFair,Benign,,789,aeod,0.005504238137698486,True,,,,
main,adult,IID,LoGoFair,Benign,,789,aspd,0.04241862818722893,True,,,,
main,adult,IID,LoGoFair,Benign,,1001,accuracy,0.8272793678199084,True,,,,
main,adult,IID,LoGoFair,Benign,,1001,aeod,0.029551863849505144,True,,,,
main,adult,IID,LoGoFair,Benign,,1001,aspd,0.09141289864898995,True,,,,
main,adult,IID,LoGoFair,Benign,,2024,accuracy,0.804236669101534,True,,,,
main,adult,IID,LoGoFair,Benign,,2024,aeod,0.09647611088675015,True,,,,
main,adult,IID,LoGoFair,Benign,,2024,aspd,0.06402463379258792,True,,,,
main,adult,IID,LoGoFair,Benign,,3141,accuracy,0.8051663457068863,True,,,,
main,adult,IID,LoGoFair,Benign,,3141,aeod,0.011175842586557794,True,,,,
main,adult,IID,LoGoFair,Benign,,3141,aspd,0.04138204241281042,True,,,,
main,adult,IID,LoGoFair,Benign,,4242,accuracy,0.8164552759147353,True,,,,
main,adult,IID,LoGoFair,Benign,,4242,aeod,0.047026506139715984,True,,,,
main,adult,IID,LoGoFair,Benign,,4242,aspd,0.07327729178018837,True,,,,
main,adult,IID,LoGoFair,Benign,,5050,accuracy,0.8154591938375723,True,,,,
main,adult,IID,LoGoFair,Benign,,5050,aeod,0.04274067189862518,True,,,,
main,adult,IID,LoGoFair,Benign,,5050,aspd,0.05751848375011219,True,,,,
main,adult,IID,LoGoFair,Benign,,6060,accuracy,0.8151935719503287,True,,,,
main,adult,IID,LoGoFair,Benign,,6060,aeod,0.0005615054057033775,True,,,,
main,adult,IID,LoGoFair,Benign,,6060,aspd,0.06259003246274253,True,,,,
main,adult,IID,LoGoFair,Benign,,7070,accuracy,0.8076233481638887,True,,,,
main,adult,IID,LoGoFair,Benign,,7070,aeod,0.007437233349194106,True,,,,
main,adult,IID,LoGoFair,Benign,,7070,aspd,0.05208894171154473,True,,,,
main,adult,IID,LoGoFair,FedSA,,123,accuracy,0.7554950527923501,False,degenerate_positive_rate,61,performance_defended_max_acc,0.7554950527923501
main,adult,IID,LoGoFair,FedSA,,123,aeod,0.021748480993641794,False,degenerate_positive_rate,61,performance_defended_max_acc,0.7554950527923501
main,adult,IID,LoGoFair,FedSA,,123,aspd,0.0021532360690844268,False,degenerate_positive_rate,61,performance_defended_max_acc,0.7554950527923501
main,adult,IID,LoGoFair,FedSA,,456,accuracy,0.7552294309051066,False,degenerate_positive_rate,70,performance_defended_max_acc,0.7552294309051066
main,adult,IID,LoGoFair,FedSA,,456,aeod,0.003999654985488255,False,degenerate_positive_rate,70,performance_defended_max_acc,0.7552294309051066
main,adult,IID,LoGoFair,FedSA,,456,aspd,0.00017144359559870216,False,degenerate_positive_rate,70,performance_defended_max_acc,0.7552294309051066
main,adult,IID,LoGoFair,FedSA,,789,accuracy,0.7551630254332957,False,degenerate_positive_rate,66,performance_defended_max_acc,0.7551630254332957
main,adult,IID,LoGoFair,FedSA,,789,aeod,0.004136175628380528,False,degenerate_positive_rate,66,performance_defended_max_acc,0.7551630254332957
main,adult,IID,LoGoFair,FedSA,,789,aspd,0.0012812931204415534,False,degenerate_positive_rate,66,performance_defended_max_acc,0.7551630254332957
main,adult,IID,LoGoFair,FedSA,,1001,accuracy,0.7543661597715652,False,accuracy_not_above_majority_baseline;degenerate_positive_rate,67,performance_defended_max_acc,0.7543661597715652
main,adult,IID,LoGoFair,FedSA,,1001,aeod,0.005067829053306456,False,accuracy_not_above_majority_baseline;degenerate_positive_rate,67,performance_defended_max_acc,0.7543661597715652
main,adult,IID,LoGoFair,FedSA,,1001,aspd,0.0011226887363082348,False,accuracy_not_above_majority_baseline;degenerate_positive_rate,67,performance_defended_max_acc,0.7543661597715652
main,adult,IID,LoGoFair,FedSA,,2024,accuracy,0.7558270801514044,False,degenerate_positive_rate,62,performance_defended_max_acc,0.7558270801514044
main,adult,IID,LoGoFair,FedSA,,2024,aeod,0.0052043496961987285,False,degenerate_positive_rate,62,performance_defended_max_acc,0.7558270801514044
main,adult,IID,LoGoFair,FedSA,,2024,aspd,0.0019648005795620056,False,degenerate_positive_rate,62,performance_defended_max_acc,0.7558270801514044
main,adult,IID,LoGoFair,FedSA,,3141,accuracy,0.7558934856232153,False,degenerate_positive_rate,70,performance_defended_max_acc,0.7558934856232153
main,adult,IID,LoGoFair,FedSA,,3141,aeod,0.0012955180672789722,False,degenerate_positive_rate,70,performance_defended_max_acc,0.7558934856232153
main,adult,IID,LoGoFair,FedSA,,3141,aspd,0.0014591563217729478,False,degenerate_positive_rate,70,performance_defended_max_acc,0.7558934856232153
main,adult,IID,LoGoFair,FedSA,,4242,accuracy,0.7553622418487284,False,degenerate_positive_rate,70,performance_defended_max_acc,0.7553622418487284
main,adult,IID,LoGoFair,FedSA,,4242,aeod,0.0012498207809551994,False,degenerate_positive_rate,70,performance_defended_max_acc,0.7553622418487284
main,adult,IID,LoGoFair,FedSA,,4242,aspd,0.0006706682476550686,False,degenerate_positive_rate,70,performance_defended_max_acc,0.7553622418487284
main,adult,IID,LoGoFair,FedSA,,5050,accuracy,0.7559598910950263,False,degenerate_positive_rate,65,performance_defended_max_acc,0.7559598910950263
main,adult,IID,LoGoFair,FedSA,,5050,aeod,0.02374830848638592,False,degenerate_positive_rate,65,performance_defended_max_acc,0.7559598910950263
main,adult,IID,LoGoFair,FedSA,,5050,aspd,0.0020675142712850755,False,degenerate_positive_rate,65,performance_defended_max_acc,0.7559598910950263
main,adult,IID,LoGoFair,FedSA,,6060,accuracy,0.7546981871306195,False,degenerate_positive_rate,66,performance_defended_max_acc,0.7546981871306195
main,adult,IID,LoGoFair,FedSA,,6060,aeod,0.004431494341247913,False,degenerate_positive_rate,66,performance_defended_max_acc,0.7546981871306195
main,adult,IID,LoGoFair,FedSA,,6060,aspd,0.0003149418449922802,False,degenerate_positive_rate,66,performance_defended_max_acc,0.7546981871306195
main,adult,IID,LoGoFair,FedSA,,7070,accuracy,0.7552294309051066,False,degenerate_positive_rate,70,performance_defended_max_acc,0.7552294309051066
main,adult,IID,LoGoFair,FedSA,,7070,aeod,0.003999654985488255,False,degenerate_positive_rate,70,performance_defended_max_acc,0.7552294309051066
main,adult,IID,LoGoFair,FedSA,,7070,aspd,0.00017144359559870216,False,degenerate_positive_rate,70,performance_defended_max_acc,0.7552294309051066
main,adult,IID,Median,Benign,,123,accuracy,0.8331894548110764,True,,,,
main,adult,IID,Median,Benign,,123,aeod,0.04487016544131306,True,,,,
main,adult,IID,Median,Benign,,123,aspd,0.1200632178699034,True,,,,
main,adult,IID,Median,Benign,,456,accuracy,0.8313965070721827,True,,,,
main,adult,IID,Median,Benign,,456,aeod,0.01703537712542369,True,,,,
main,adult,IID,Median,Benign,,456,aspd,0.14868631395025664,True,,,,
main,adult,IID,Median,Benign,,789,accuracy,0.8367753502888639,True,,,,
main,adult,IID,Median,Benign,,789,aeod,0.1162984512618449,True,,,,
main,adult,IID,Median,Benign,,789,aspd,0.09415413048065314,True,,,,
main,adult,IID,Median,Benign,,1001,accuracy,0.8303340195232087,True,,,,
main,adult,IID,Median,Benign,,1001,aeod,0.07820862067882184,True,,,,
main,adult,IID,Median,Benign,,1001,aspd,0.11170970591023807,True,,,,
main,adult,IID,Median,Benign,,2024,accuracy,0.8348495916063484,True,,,,
main,adult,IID,Median,Benign,,2024,aeod,0.09841310461079911,True,,,,
main,adult,IID,Median,Benign,,2024,aspd,0.10094200090845445,True,,,,
main,adult,IID,Median,Benign,,3141,accuracy,0.8269473404608539,True,,,,
main,adult,IID,Median,Benign,,3141,aeod,0.04100645988263796,True,,,,
main,adult,IID,Median,Benign,,3141,aspd,0.09981249134105524,True,,,,
main,adult,IID,Median,Benign,,4242,accuracy,0.8255528255528255,True,,,,
main,adult,IID,Median,Benign,,4242,aeod,0.027031658508749,True,,,,
main,adult,IID,Median,Benign,,4242,aspd,0.10381196589632603,True,,,,
main,adult,IID,Median,Benign,,5050,accuracy,0.8134670296832459,True,,,,
main,adult,IID,Median,Benign,,5050,aeod,0.08930335058215488,True,,,,
main,adult,IID,Median,Benign,,5050,aspd,0.04937683884089365,True,,,,
main,adult,IID,Median,Benign,,6060,accuracy,0.8294043429178565,True,,,,
main,adult,IID,Median,Benign,,6060,aeod,0.006282805653439749,True,,,,
main,adult,IID,Median,Benign,,6060,aspd,0.11704784881218636,True,,,,
main,adult,IID,Median,Benign,,7070,accuracy,0.8171857361046551,True,,,,
main,adult,IID,Median,Benign,,7070,aeod,0.07363946326252352,True,,,,
main,adult,IID,Median,Benign,,7070,aspd,0.08878611635077993,True,,,,
main,adult,IID,Median,FedSA,,123,accuracy,0.8266817185736105,True,,61,performance_defended_max_acc,0.8266817185736105
main,adult,IID,Median,FedSA,,123,aeod,0.08202662895117308,True,,61,performance_defended_max_acc,0.8266817185736105
main,adult,IID,Median,FedSA,,123,aspd,0.10962935242748764,True,,61,performance_defended_max_acc,0.8266817185736105
main,adult,IID,Median,FedSA,,456,accuracy,0.8296035593332891,True,,66,performance_defended_max_acc,0.8296035593332891
main,adult,IID,Median,FedSA,,456,aeod,0.0010807408215572911,True,,66,performance_defended_max_acc,0.8296035593332891
main,adult,IID,Median,FedSA,,456,aspd,0.12101408184652256,True,,66,performance_defended_max_acc,0.8296035593332891
main,adult,IID,Median,FedSA,,789,accuracy,0.8357792682117007,True,,70,performance_defended_max_acc,0.8357792682117007
main,adult,IID,Median,FedSA,,789,aeod,0.06298456974005667,True,,70,performance_defended_max_acc,0.8357792682117007
main,adult,IID,Median,FedSA,,789,aspd,0.09924417568230079,True,,70,performance_defended_max_acc,0.8357792682117007
main,adult,IID,Median,FedSA,,1001,accuracy,0.818779467428116,True,,61,performance_defended_max_acc,0.818779467428116
main,adult,IID,Median,FedSA,,1001,aeod,0.08198264531308641,True,,61,performance_defended_max_acc,0.818779467428116
main,adult,IID,Median,FedSA,,1001,aspd,0.08089220803903957,True,,61,performance_defended_max_acc,0.818779467428116
main,adult,IID,Median,FedSA,,2024,accuracy,0.8026429377780729,True,,70,performance_defended_max_acc,0.8026429377780729
main,adult,IID,Median,FedSA,,2024,aeod,0.05064915851303314,True,,70,performance_defended_max_acc,0.8026429377780729
main,adult,IID,Median,FedSA,,2024,aspd,0.038109528022963246,True,,70,performance_defended_max_acc,0.8026429377780729
main,adult,IID,Median,FedSA,,3141,accuracy,0.8303340195232087,True,,70,performance_defended_max_acc,0.8303340195232087
main,adult,IID,Median,FedSA,,3141,aeod,0.00607773908106185,True,,70,performance_defended_max_acc,0.8303340195232087
main,adult,IID,Median,FedSA,,3141,aspd,0.09954098214109819,True,,70,performance_defended_max_acc,0.8303340195232087
main,adult,IID,Median,FedSA,,4242,accuracy,0.8189786838435487,True,,68,performance_defended_max_acc,0.8189786838435487
main,adult,IID,Median,FedSA,,4242,aeod,0.002195183391778266,True,,68,performance_defended_max_acc,0.8189786838435487
main,adult,IID,Median,FedSA,,4242,aspd,0.0711860049064244,True,,68,performance_defended_max_acc,0.8189786838435487
main,adult,IID,Median,FedSA,,5050,accuracy,0.7997875024902051,True,,61,performance_defended_max_acc,0.7997875024902051
main,adult,IID,Median,FedSA,,5050,aeod,0.08162335039936575,True,,61,performance_defended_max_acc,0.7997875024902051
main,adult,IID,Median,FedSA,,5050,aspd,0.03364332806965786,True,,61,performance_defended_max_acc,0.7997875024902051
main,adult,IID,Median,FedSA,,6060,accuracy,0.8162560594993027,True,,65,performance_defended_max_acc,0.8162560594993027
main,adult,IID,Median,FedSA,,6060,aeod,0.031010178499312535,True,,65,performance_defended_max_acc,0.8162560594993027
main,adult,IID,Median,FedSA,,6060,aspd,0.07561597420987594,True,,65,performance_defended_max_acc,0.8162560594993027
main,adult,IID,Median,FedSA,,7070,accuracy,0.8059632113686168,True,,62,performance_defended_max_acc,0.8059632113686168
main,adult,IID,Median,FedSA,,7070,aeod,0.030445817013213916,True,,62,performance_defended_max_acc,0.8059632113686168
main,adult,IID,Median,FedSA,,7070,aspd,0.04801245194874956,True,,62,performance_defended_max_acc,0.8059632113686168
main,adult,IID,SmartFL,Benign,,123,accuracy,0.8302676140513978,True,,,,
main,adult,IID,SmartFL,Benign,,123,aeod,0.07180014748799168,True,,,,
main,adult,IID,SmartFL,Benign,,123,aspd,0.11497052458089102,True,,,,
main,adult,IID,SmartFL,Benign,,456,accuracy,0.8311972906567501,True,,,,
main,adult,IID,SmartFL,Benign,,456,aeod,0.00600919315157622,True,,,,
main,adult,IID,SmartFL,Benign,,456,aspd,0.12705009607541817,True,,,,
main,adult,IID,SmartFL,Benign,,789,accuracy,0.8357128627398898,True,,,,
main,adult,IID,SmartFL,Benign,,789,aeod,0.110570867637239,True,,,,
main,adult,IID,SmartFL,Benign,,789,aspd,0.10069390320815383,True,,,,
main,adult,IID,SmartFL,Benign,,1001,accuracy,0.8272793678199084,True,,,,
main,adult,IID,SmartFL,Benign,,1001,aeod,0.09870728089150838,True,,,,
main,adult,IID,SmartFL,Benign,,1001,aspd,0.10455365103239897,True,,,,
main,adult,IID,SmartFL,Benign,,2024,accuracy,0.8282090444252607,True,,,,
main,adult,IID,SmartFL,Benign,,2024,aeod,0.030443532148897723,True,,,,
main,adult,IID,SmartFL,Benign,,2024,aspd,0.08590708366981095,True,,,,
main,adult,IID,SmartFL,Benign,,3141,accuracy,0.8289395046151803,True,,,,
main,adult,IID,SmartFL,Benign,,3141,aeod,0.0543015141224607,True,,,,
main,adult,IID,SmartFL,Benign,,3141,aspd,0.10710827294991998,True,,,,
main,adult,IID,SmartFL,Benign,,4242,accuracy,0.8348495916063484,True,,,,
main,adult,IID,SmartFL,Benign,,4242,aeod,0.029032057217572182,True,,,,
main,adult,IID,SmartFL,Benign,,4242,aspd,0.11289468488342136,True,,,,
main,adult,IID,SmartFL,Benign,,5050,accuracy,0.834517564247294,True,,,,
main,adult,IID,SmartFL,Benign,,5050,aeod,0.05239479485060128,True,,,,
main,adult,IID,SmartFL,Benign,,5050,aspd,0.09850893021322842,True,,,,
main,adult,IID,SmartFL,Benign,,6060,accuracy,0.8309980742413174,True,,,,
main,adult,IID,SmartFL,Benign,,6060,aeod,0.05396221177150673,True,,,,
main,adult,IID,SmartFL,Benign,,6060,aspd,0.0996452204891828,True,,,,
main,adult,IID,SmartFL,Benign,,7070,accuracy,0.8149943555348961,True,,,,
main,adult,IID,SmartFL,Benign,,7070,aeod,0.042709255014277525,True,,,,
main,adult,IID,SmartFL,Benign,,7070,aspd,0.07458917833419977,True,,,,
main,adult,IID,SmartFL,FedSA,,123,accuracy,0.8226973902649578,True,,67,performance_defended_max_acc,0.8226973902649578
main,adult,IID,SmartFL,FedSA,,123,aeod,0.07727696725389577,True,,67,performance_defended_max_acc,0.8226973902649578
main,adult,IID,SmartFL,FedSA,,123,aspd,0.10911955548724028,True,,67,performance_defended_max_acc,0.8226973902649578
main,adult,IID,SmartFL,FedSA,,456,accuracy,0.8210372534696859,True,,63,performance_defended_max_acc,0.8210372534696859
main,adult,IID,SmartFL,FedSA,,456,aeod,0.01798588068095819,True,,63,performance_defended_max_acc,0.8210372534696859
main,adult,IID,SmartFL,FedSA,,456,aspd,0.11185093723635733,True,,63,performance_defended_max_acc,0.8210372534696859
main,adult,IID,SmartFL,FedSA,,789,accuracy,0.8325254000929677,True,,69,performance_defended_max_acc,0.8325254000929677
main,adult,IID,SmartFL,FedSA,,789,aeod,0.13786642797450777,True,,69,performance_defended_max_acc,0.8325254000929677
main,adult,IID,SmartFL,FedSA,,789,aspd,0.07913811095638523,True,,69,performance_defended_max_acc,0.8325254000929677
main,adult,IID,SmartFL,FedSA,,1001,accuracy,0.8220333355468491,True,,68,performance_defended_max_acc,0.8220333355468491
main,adult,IID,SmartFL,FedSA,,1001,aeod,0.13068338578048966,True,,68,performance_defended_max_acc,0.8220333355468491
main,adult,IID,SmartFL,FedSA,,1001,aspd,0.07218523659998582,True,,68,performance_defended_max_acc,0.8220333355468491
main,adult,IID,SmartFL,FedSA,,2024,accuracy,0.8164552759147353,True,,70,performance_defended_max_acc,0.8164552759147353
main,adult,IID,SmartFL,FedSA,,2024,aeod,0.058033839982954916,True,,70,performance_defended_max_acc,0.8164552759147353
main,adult,IID,SmartFL,FedSA,,2024,aspd,0.061682601131158615,True,,70,performance_defended_max_acc,0.8164552759147353
main,adult,IID,SmartFL,FedSA,,3141,accuracy,0.8211700644133076,True,,69,performance_defended_max_acc,0.8211700644133076
main,adult,IID,SmartFL,FedSA,,3141,aeod,0.0023037144467972226,True,,69,performance_defended_max_acc,0.8211700644133076
main,adult,IID,SmartFL,FedSA,,3141,aspd,0.07846780381155263,True,,69,performance_defended_max_acc,0.8211700644133076
main,adult,IID,SmartFL,FedSA,,4242,accuracy,0.8198419549770901,True,,70,performance_defended_max_acc,0.8198419549770901
main,adult,IID,SmartFL,FedSA,,4242,aeod,0.04075969453648959,True,,70,performance_defended_max_acc,0.8198419549770901
main,adult,IID,SmartFL,FedSA,,4242,aspd,0.07855316450652954,True,,70,performance_defended_max_acc,0.8198419549770901
main,adult,IID,SmartFL,FedSA,,5050,accuracy,0.8277442061225845,True,,67,performance_defended_max_acc,0.8277442061225845
main,adult,IID,SmartFL,FedSA,,5050,aeod,0.06839455722471238,True,,67,performance_defended_max_acc,0.8277442061225845
main,adult,IID,SmartFL,FedSA,,5050,aspd,0.0814257775817658,True,,67,performance_defended_max_acc,0.8277442061225845
main,adult,IID,SmartFL,FedSA,,6060,accuracy,0.8140646789295438,True,,67,performance_defended_max_acc,0.8140646789295438
main,adult,IID,SmartFL,FedSA,,6060,aeod,0.05455513406155771,True,,67,performance_defended_max_acc,0.8140646789295438
main,adult,IID,SmartFL,FedSA,,6060,aspd,0.07223203953803073,True,,67,performance_defended_max_acc,0.8140646789295438
main,adult,IID,SmartFL,FedSA,,7070,accuracy,0.8062288332558603,True,,68,performance_defended_max_acc,0.8062288332558603
main,adult,IID,SmartFL,FedSA,,7070,aeod,0.05237594471999274,True,,68,performance_defended_max_acc,0.8062288332558603
main,adult,IID,SmartFL,FedSA,,7070,aspd,0.04541588192001901,True,,68,performance_defended_max_acc,0.8062288332558603
main,adult,non-IID,AdaAggRL,Benign,,123,accuracy,0.8357792682117007,True,,,,
main,adult,non-IID,AdaAggRL,Benign,,123,aeod,0.01930424739139902,True,,,,
main,adult,non-IID,AdaAggRL,Benign,,123,aspd,0.13144606152975433,True,,,,
main,adult,non-IID,AdaAggRL,Benign,,456,accuracy,0.8367089448170529,True,,,,
main,adult,non-IID,AdaAggRL,Benign,,456,aeod,0.005919512227165691,True,,,,
main,adult,non-IID,AdaAggRL,Benign,,456,aspd,0.12133241404579242,True,,,,
main,adult,non-IID,AdaAggRL,Benign,,789,accuracy,0.8390331363304336,True,,,,
main,adult,non-IID,AdaAggRL,Benign,,789,aeod,0.023783152667207874,True,,,,
main,adult,non-IID,AdaAggRL,Benign,,789,aspd,0.1358782776952123,True,,,,
main,adult,non-IID,AdaAggRL,Benign,,1001,accuracy,0.8307988578258848,True,,,,
main,adult,non-IID,AdaAggRL,Benign,,1001,aeod,0.060709987313290914,True,,,,
main,adult,non-IID,AdaAggRL,Benign,,1001,aspd,0.11954058171819062,True,,,,
main,adult,non-IID,AdaAggRL,Benign,,2024,accuracy,0.8325918055647785,True,,,,
main,adult,non-IID,AdaAggRL,Benign,,2024,aeod,0.030621751565560462,True,,,,
main,adult,non-IID,AdaAggRL,Benign,,2024,aspd,0.11119232581071897,True,,,,
main,adult,non-IID,AdaAggRL,Benign,,3141,accuracy,0.8179826017663856,True,,,,
main,adult,non-IID,AdaAggRL,Benign,,3141,aeod,0.02075684988041593,True,,,,
main,adult,non-IID,AdaAggRL,Benign,,3141,aspd,0.08022679584357813,True,,,,
main,adult,non-IID,AdaAggRL,Benign,,4242,accuracy,0.8343183478318613,True,,,,
main,adult,non-IID,AdaAggRL,Benign,,4242,aeod,0.03353209748830582,True,,,,
main,adult,non-IID,AdaAggRL,Benign,,4242,aspd,0.1087785339939589,True,,,,
main,adult,non-IID,AdaAggRL,Benign,,5050,accuracy,0.8316621289594263,True,,,,
main,adult,non-IID,AdaAggRL,Benign,,5050,aeod,0.055120066763735265,True,,,,
main,adult,non-IID,AdaAggRL,Benign,,5050,aspd,0.11809161652051833,True,,,,
main,adult,non-IID,AdaAggRL,Benign,,6060,accuracy,0.8247559598910951,True,,,,
main,adult,non-IID,AdaAggRL,Benign,,6060,aeod,0.04219173324666081,True,,,,
main,adult,non-IID,AdaAggRL,Benign,,6060,aspd,0.08235361122281892,True,,,,
main,adult,non-IID,AdaAggRL,Benign,,7070,accuracy,0.822630984793147,True,,,,
main,adult,non-IID,AdaAggRL,Benign,,7070,aeod,0.10988769320669856,True,,,,
main,adult,non-IID,AdaAggRL,Benign,,7070,aspd,0.10316091756869149,True,,,,
main,adult,non-IID,AdaAggRL,FedSA,,123,accuracy,0.836177701042566,True,,63,performance_defended_max_acc,0.836177701042566
main,adult,non-IID,AdaAggRL,FedSA,,123,aeod,0.027622295934483843,True,,63,performance_defended_max_acc,0.836177701042566
main,adult,non-IID,AdaAggRL,FedSA,,123,aspd,0.12026146331943607,True,,63,performance_defended_max_acc,0.836177701042566
main,adult,non-IID,AdaAggRL,FedSA,,456,accuracy,0.8348495916063484,True,,69,performance_defended_max_acc,0.8348495916063484
main,adult,non-IID,AdaAggRL,FedSA,,456,aeod,0.012873496773485926,True,,69,performance_defended_max_acc,0.8348495916063484
main,adult,non-IID,AdaAggRL,FedSA,,456,aspd,0.11797303436587475,True,,69,performance_defended_max_acc,0.8348495916063484
main,adult,non-IID,AdaAggRL,FedSA,,789,accuracy,0.8363105119861877,True,,61,performance_defended_max_acc,0.8363105119861877
main,adult,non-IID,AdaAggRL,FedSA,,789,aeod,0.0525307442774145,True,,61,performance_defended_max_acc,0.8363105119861877
main,adult,non-IID,AdaAggRL,FedSA,,789,aspd,0.1064410151178104,True,,61,performance_defended_max_acc,0.8363105119861877
main,adult,non-IID,AdaAggRL,FedSA,,1001,accuracy,0.8255528255528255,True,,68,performance_defended_max_acc,0.8255528255528255
main,adult,non-IID,AdaAggRL,FedSA,,1001,aeod,0.06448286951539739,True,,68,performance_defended_max_acc,0.8255528255528255
main,adult,non-IID,AdaAggRL,FedSA,,1001,aspd,0.10242986490461328,True,,68,performance_defended_max_acc,0.8255528255528255
main,adult,non-IID,AdaAggRL,FedSA,,2024,accuracy,0.8336542931137526,True,,70,performance_defended_max_acc,0.8336542931137526
main,adult,non-IID,AdaAggRL,FedSA,,2024,aeod,0.005806982659593507,True,,70,performance_defended_max_acc,0.8336542931137526
main,adult,non-IID,AdaAggRL,FedSA,,2024,aspd,0.1111243582350241,True,,70,performance_defended_max_acc,0.8336542931137526
main,adult,non-IID,AdaAggRL,FedSA,,3141,accuracy,0.828541071784315,True,,69,performance_defended_max_acc,0.828541071784315
main,adult,non-IID,AdaAggRL,FedSA,,3141,aeod,0.15370510741432758,True,,69,performance_defended_max_acc,0.828541071784315
main,adult,non-IID,AdaAggRL,FedSA,,3141,aspd,0.14088033417578621,True,,69,performance_defended_max_acc,0.828541071784315
main,adult,non-IID,AdaAggRL,FedSA,,4242,accuracy,0.8331894548110764,True,,70,performance_defended_max_acc,0.8331894548110764
main,adult,non-IID,AdaAggRL,FedSA,,4242,aeod,0.029055477076813108,True,,70,performance_defended_max_acc,0.8331894548110764
main,adult,non-IID,AdaAggRL,FedSA,,4242,aspd,0.10244910366054344,True,,70,performance_defended_max_acc,0.8331894548110764
main,adult,non-IID,AdaAggRL,FedSA,,5050,accuracy,0.8316621289594263,True,,69,performance_defended_max_acc,0.8316621289594263
main,adult,non-IID,AdaAggRL,FedSA,,5050,aeod,0.07173331520674309,True,,69,performance_defended_max_acc,0.8316621289594263
main,adult,non-IID,AdaAggRL,FedSA,,5050,aspd,0.10235810574928254,True,,69,performance_defended_max_acc,0.8316621289594263
main,adult,non-IID,AdaAggRL,FedSA,,6060,accuracy,0.8219669300750382,True,,70,performance_defended_max_acc,0.8219669300750382
main,adult,non-IID,AdaAggRL,FedSA,,6060,aeod,0.06803183501451743,True,,70,performance_defended_max_acc,0.8219669300750382
main,adult,non-IID,AdaAggRL,FedSA,,6060,aspd,0.07048097170683153,True,,70,performance_defended_max_acc,0.8219669300750382
main,adult,non-IID,AdaAggRL,FedSA,,7070,accuracy,0.826349691214556,True,,70,performance_defended_max_acc,0.826349691214556
main,adult,non-IID,AdaAggRL,FedSA,,7070,aeod,0.08809637100712825,True,,70,performance_defended_max_acc,0.826349691214556
main,adult,non-IID,AdaAggRL,FedSA,,7070,aspd,0.12273341275188074,True,,70,performance_defended_max_acc,0.826349691214556
main,adult,non-IID,FLAURA,Benign,,123,accuracy,0.8267481240454213,True,,,,
main,adult,non-IID,FLAURA,Benign,,123,aeod,0.04305369830994299,True,,,,
main,adult,non-IID,FLAURA,Benign,,123,aspd,0.10042540319838399,True,,,,
main,adult,non-IID,FLAURA,Benign,,456,accuracy,0.827478584235341,True,,,,
main,adult,non-IID,FLAURA,Benign,,456,aeod,0.0356438833325432,True,,,,
main,adult,non-IID,FLAURA,Benign,,456,aspd,0.1110900133443542,True,,,,
main,adult,non-IID,FLAURA,Benign,,789,accuracy,0.8248887708347168,True,,,,
main,adult,non-IID,FLAURA,Benign,,789,aeod,0.04902861849677631,True,,,,
main,adult,non-IID,FLAURA,Benign,,789,aspd,0.12245927552582689,True,,,,
main,adult,non-IID,FLAURA,Benign,,1001,accuracy,0.8218341191314165,True,,,,
main,adult,non-IID,FLAURA,Benign,,1001,aeod,0.06184727852667371,True,,,,
main,adult,non-IID,FLAURA,Benign,,1001,aspd,0.09376706837750765,True,,,,
main,adult,non-IID,FLAURA,Benign,,2024,accuracy,0.823162228567634,True,,,,
main,adult,non-IID,FLAURA,Benign,,2024,aeod,0.054897292492906924,True,,,,
main,adult,non-IID,FLAURA,Benign,,2024,aspd,0.0710949869338956,True,,,,
main,adult,non-IID,FLAURA,Benign,,3141,accuracy,0.8054983730659406,True,,,,
main,adult,non-IID,FLAURA,Benign,,3141,aeod,0.12352890439042391,True,,,,
main,adult,non-IID,FLAURA,Benign,,3141,aspd,0.031038452676010644,True,,,,
main,adult,non-IID,FLAURA,Benign,,4242,accuracy,0.8187130619563052,True,,,,
main,adult,non-IID,FLAURA,Benign,,4242,aeod,0.024238411882208433,True,,,,
main,adult,non-IID,FLAURA,Benign,,4242,aspd,0.11949979716052012,True,,,,
main,adult,non-IID,FLAURA,Benign,,5050,accuracy,0.8118732983597848,True,,,,
main,adult,non-IID,FLAURA,Benign,,5050,aeod,0.0512352262101356,True,,,,
main,adult,non-IID,FLAURA,Benign,,5050,aspd,0.0791671997948615,True,,,,
main,adult,non-IID,FLAURA,Benign,,6060,accuracy,0.8116740819443522,True,,,,
main,adult,non-IID,FLAURA,Benign,,6060,aeod,0.05339442298893382,True,,,,
main,adult,non-IID,FLAURA,Benign,,6060,aspd,0.07339061788263831,True,,,,
main,adult,non-IID,FLAURA,Benign,,7070,accuracy,0.8111428381698652,True,,,,
main,adult,non-IID,FLAURA,Benign,,7070,aeod,0.027031087292669953,True,,,,
main,adult,non-IID,FLAURA,Benign,,7070,aspd,0.08632437810370383,True,,,,
main,adult,non-IID,FLAURA,FedSA,,123,accuracy,0.83345507669832,True,,68,performance_defended_max_acc,0.83345507669832
main,adult,non-IID,FLAURA,FedSA,,123,aeod,0.04094134124962656,True,,68,performance_defended_max_acc,0.83345507669832
main,adult,non-IID,FLAURA,FedSA,,123,aspd,0.09398569607524164,True,,68,performance_defended_max_acc,0.83345507669832
main,adult,non-IID,FLAURA,FedSA,,456,accuracy,0.831263696128561,True,,67,performance_defended_max_acc,0.831263696128561
main,adult,non-IID,FLAURA,FedSA,,456,aeod,0.0109205089992237,True,,67,performance_defended_max_acc,0.831263696128561
main,adult,non-IID,FLAURA,FedSA,,456,aspd,0.12141851700768215,True,,67,performance_defended_max_acc,0.831263696128561
main,adult,non-IID,FLAURA,FedSA,,789,accuracy,0.8270137459326649,True,,70,performance_defended_max_acc,0.8270137459326649
main,adult,non-IID,FLAURA,FedSA,,789,aeod,0.00483077438050189,True,,70,performance_defended_max_acc,0.8270137459326649
main,adult,non-IID,FLAURA,FedSA,,789,aspd,0.09489162281173195,True,,70,performance_defended_max_acc,0.8270137459326649
main,adult,non-IID,FLAURA,FedSA,,1001,accuracy,0.8129357859087589,True,,61,performance_defended_max_acc,0.8129357859087589
main,adult,non-IID,FLAURA,FedSA,,1001,aeod,0.11364229649427554,True,,61,performance_defended_max_acc,0.8129357859087589
main,adult,non-IID,FLAURA,FedSA,,1001,aspd,0.05110411400834604,True,,61,performance_defended_max_acc,0.8129357859087589
main,adult,non-IID,FLAURA,FedSA,,2024,accuracy,0.8286738827279367,True,,70,performance_defended_max_acc,0.8286738827279367
main,adult,non-IID,FLAURA,FedSA,,2024,aeod,0.04134918953006628,True,,70,performance_defended_max_acc,0.8286738827279367
main,adult,non-IID,FLAURA,FedSA,,2024,aspd,0.10688095872317895,True,,70,performance_defended_max_acc,0.8286738827279367
main,adult,non-IID,FLAURA,FedSA,,3141,accuracy,0.8066272660867255,True,,70,performance_defended_max_acc,0.8066272660867255
main,adult,non-IID,FLAURA,FedSA,,3141,aeod,0.09009905458026757,True,,70,performance_defended_max_acc,0.8066272660867255
main,adult,non-IID,FLAURA,FedSA,,3141,aspd,0.0426191806825718,True,,70,performance_defended_max_acc,0.8066272660867255
main,adult,non-IID,FLAURA,FedSA,,4242,accuracy,0.8183810345972509,True,,68,performance_defended_max_acc,0.8183810345972509
main,adult,non-IID,FLAURA,FedSA,,4242,aeod,0.07302769084186395,True,,68,performance_defended_max_acc,0.8183810345972509
main,adult,non-IID,FLAURA,FedSA,,4242,aspd,0.10024186265823273,True,,68,performance_defended_max_acc,0.8183810345972509
main,adult,non-IID,FLAURA,FedSA,,5050,accuracy,0.805830400424995,True,,61,performance_defended_max_acc,0.805830400424995
main,adult,non-IID,FLAURA,FedSA,,5050,aeod,0.0801661781817164,True,,61,performance_defended_max_acc,0.805830400424995
main,adult,non-IID,FLAURA,FedSA,,5050,aspd,0.05641244586617314,True,,61,performance_defended_max_acc,0.805830400424995
main,adult,non-IID,FLAURA,FedSA,,6060,accuracy,0.8088850521282954,True,,70,performance_defended_max_acc,0.8088850521282954
main,adult,non-IID,FLAURA,FedSA,,6060,aeod,0.051280352280380304,True,,70,performance_defended_max_acc,0.8088850521282954
main,adult,non-IID,FLAURA,FedSA,,6060,aspd,0.07652795944927648,True,,70,performance_defended_max_acc,0.8088850521282954
main,adult,non-IID,FLAURA,FedSA,,7070,accuracy,0.8091506740155389,True,,70,performance_defended_max_acc,0.8091506740155389
main,adult,non-IID,FLAURA,FedSA,,7070,aeod,0.008990941084202397,True,,70,performance_defended_max_acc,0.8091506740155389
main,adult,non-IID,FLAURA,FedSA,,7070,aspd,0.06584860427138899,True,,70,performance_defended_max_acc,0.8091506740155389
main,adult,non-IID,FLGMM,Benign,,123,accuracy,0.8145295172322199,True,,,,
main,adult,non-IID,FLGMM,Benign,,123,aeod,0.09468763334325342,True,,,,
main,adult,non-IID,FLGMM,Benign,,123,aspd,0.06411492955947179,True,,,,
main,adult,non-IID,FLGMM,Benign,,456,accuracy,0.8234278504548774,True,,,,
main,adult,non-IID,FLGMM,Benign,,456,aeod,0.022671566177381974,True,,,,
main,adult,non-IID,FLGMM,Benign,,456,aspd,0.07656758045340792,True,,,,
main,adult,non-IID,FLGMM,Benign,,789,accuracy,0.8220997410186599,True,,,,
main,adult,non-IID,FLGMM,Benign,,789,aeod,0.06902689342421764,True,,,,
main,adult,non-IID,FLGMM,Benign,,789,aspd,0.11894809223159902,True,,,,
main,adult,non-IID,FLGMM,Benign,,1001,accuracy,0.8213028753569294,True,,,,
main,adult,non-IID,FLGMM,Benign,,1001,aeod,0.027781665220537932,True,,,,
main,adult,non-IID,FLGMM,Benign,,1001,aspd,0.1004473101029468,True,,,,
main,adult,non-IID,FLGMM,Benign,,2024,accuracy,0.822630984793147,True,,,,
main,adult,non-IID,FLGMM,Benign,,2024,aeod,0.07619051427154816,True,,,,
main,adult,non-IID,FLGMM,Benign,,2024,aspd,0.07269840383324287,True,,,,
main,adult,non-IID,FLGMM,Benign,,3141,accuracy,0.8100139451490803,True,,,,
main,adult,non-IID,FLGMM,Benign,,3141,aeod,0.0765086816275774,True,,,,
main,adult,non-IID,FLGMM,Benign,,3141,aspd,0.050444018048882,True,,,,
main,adult,non-IID,FLGMM,Benign,,4242,accuracy,0.8208380370542533,True,,,,
main,adult,non-IID,FLGMM,Benign,,4242,aeod,0.03298715734889479,True,,,,
main,adult,non-IID,FLGMM,Benign,,4242,aspd,0.07866909857380835,True,,,,
main,adult,non-IID,FLGMM,Benign,,5050,accuracy,0.8214356863005512,True,,,,
main,adult,non-IID,FLGMM,Benign,,5050,aeod,0.03423697812984994,True,,,,
main,adult,non-IID,FLGMM,Benign,,5050,aspd,0.09060328605975795,True,,,,
main,adult,non-IID,FLGMM,Benign,,6060,accuracy,0.8098811342054585,True,,,,
main,adult,non-IID,FLGMM,Benign,,6060,aeod,0.02948560278433565,True,,,,
main,adult,non-IID,FLGMM,Benign,,6060,aspd,0.09409334483887172,True,,,,
main,adult,non-IID,FLGMM,Benign,,7070,accuracy,0.8098147287336477,True,,,,
main,adult,non-IID,FLGMM,Benign,,7070,aeod,0.0173472611045834,True,,,,
main,adult,non-IID,FLGMM,Benign,,7070,aspd,0.06264026587760083,True,,,,
main,adult,non-IID,FLGMM,FedSA,,123,accuracy,0.8328574274520221,True,,70,performance_defended_max_acc,0.8328574274520221
main,adult,non-IID,FLGMM,FedSA,,123,aeod,0.026465583374413293,True,,70,performance_defended_max_acc,0.8328574274520221
main,adult,non-IID,FLGMM,FedSA,,123,aspd,0.13613847234006546,True,,70,performance_defended_max_acc,0.8328574274520221
main,adult,non-IID,FLGMM,FedSA,,456,accuracy,0.8234278504548774,True,,69,performance_defended_max_acc,0.8234278504548774
main,adult,non-IID,FLGMM,FedSA,,456,aeod,0.01237368270431971,True,,69,performance_defended_max_acc,0.8234278504548774
main,adult,non-IID,FLGMM,FedSA,,456,aspd,0.10794398524870898,True,,69,performance_defended_max_acc,0.8234278504548774
main,adult,non-IID,FLGMM,FedSA,,789,accuracy,0.8224981738495252,True,,70,performance_defended_max_acc,0.8224981738495252
main,adult,non-IID,FLGMM,FedSA,,789,aeod,0.027783378868775077,True,,70,performance_defended_max_acc,0.8224981738495252
main,adult,non-IID,FLGMM,FedSA,,789,aspd,0.08536633219317125,True,,70,performance_defended_max_acc,0.8224981738495252
main,adult,non-IID,FLGMM,FedSA,,1001,accuracy,0.8180490072381964,True,,68,performance_defended_max_acc,0.8180490072381964
main,adult,non-IID,FLGMM,FedSA,,1001,aeod,0.11559528426853782,True,,68,performance_defended_max_acc,0.8180490072381964
main,adult,non-IID,FLGMM,FedSA,,1001,aspd,0.06195300696138034,True,,68,performance_defended_max_acc,0.8180490072381964
main,adult,non-IID,FLGMM,FedSA,,2024,accuracy,0.824224716116608,True,,69,performance_defended_max_acc,0.824224716116608
main,adult,non-IID,FLGMM,FedSA,,2024,aeod,0.07027899906948909,True,,69,performance_defended_max_acc,0.824224716116608
main,adult,non-IID,FLGMM,FedSA,,2024,aspd,0.09425722533646656,True,,69,performance_defended_max_acc,0.824224716116608
main,adult,non-IID,FLGMM,FedSA,,3141,accuracy,0.8066272660867255,True,,69,performance_defended_max_acc,0.8066272660867255
main,adult,non-IID,FLGMM,FedSA,,3141,aeod,0.08121264603853079,True,,69,performance_defended_max_acc,0.8066272660867255
main,adult,non-IID,FLGMM,FedSA,,3141,aspd,0.04712127024417652,True,,69,performance_defended_max_acc,0.8066272660867255
main,adult,non-IID,FLGMM,FedSA,,4242,accuracy,0.8132678132678133,True,,70,performance_defended_max_acc,0.8132678132678133
main,adult,non-IID,FLGMM,FedSA,,4242,aeod,0.03923397638935461,True,,70,performance_defended_max_acc,0.8132678132678133
main,adult,non-IID,FLGMM,FedSA,,4242,aspd,0.08045073977730949,True,,70,performance_defended_max_acc,0.8132678132678133
main,adult,non-IID,FLGMM,FedSA,,5050,accuracy,0.804767912876021,True,,69,performance_defended_max_acc,0.804767912876021
main,adult,non-IID,FLGMM,FedSA,,5050,aeod,0.08723440594384602,True,,69,performance_defended_max_acc,0.804767912876021
main,adult,non-IID,FLGMM,FedSA,,5050,aspd,0.04998218760021858,True,,69,performance_defended_max_acc,0.804767912876021
main,adult,non-IID,FLGMM,FedSA,,6060,accuracy,0.8273457732917192,True,,68,performance_defended_max_acc,0.8273457732917192
main,adult,non-IID,FLGMM,FedSA,,6060,aeod,0.016054027901620582,True,,68,performance_defended_max_acc,0.8273457732917192
main,adult,non-IID,FLGMM,FedSA,,6060,aspd,0.09796815867532079,True,,68,performance_defended_max_acc,0.8273457732917192
main,adult,non-IID,FLGMM,FedSA,,7070,accuracy,0.8098147287336477,True,,69,performance_defended_max_acc,0.8098147287336477
main,adult,non-IID,FLGMM,FedSA,,7070,aeod,0.0424167923818054,True,,69,performance_defended_max_acc,0.8098147287336477
main,adult,non-IID,FLGMM,FedSA,,7070,aspd,0.0961162829728504,True,,69,performance_defended_max_acc,0.8098147287336477
main,adult,non-IID,FLTG,Benign,,123,accuracy,0.8333222657546981,True,,,,
main,adult,non-IID,FLTG,Benign,,123,aeod,0.05077939577905588,True,,,,
main,adult,non-IID,FLTG,Benign,,123,aspd,0.1127780085492297,True,,,,
main,adult,non-IID,FLTG,Benign,,456,accuracy,0.8357128627398898,True,,,,
main,adult,non-IID,FLTG,Benign,,456,aeod,0.02532714972887229,True,,,,
main,adult,non-IID,FLTG,Benign,,456,aspd,0.1270040153430182,True,,,,
main,adult,non-IID,FLTG,Benign,,789,accuracy,0.8352480244372136,True,,,,
main,adult,non-IID,FLTG,Benign,,789,aeod,0.030371558922937747,True,,,,
main,adult,non-IID,FLTG,Benign,,789,aspd,0.12900582896188273,True,,,,
main,adult,non-IID,FLTG,Benign,,1001,accuracy,0.812869380436948,True,,,,
main,adult,non-IID,FLTG,Benign,,1001,aeod,0.040071950377316784,True,,,,
main,adult,non-IID,FLTG,Benign,,1001,aspd,0.06834697439367726,True,,,,
main,adult,non-IID,FLTG,Benign,,2024,accuracy,0.8368417557606747,True,,,,
main,adult,non-IID,FLTG,Benign,,2024,aeod,0.01382914127373186,True,,,,
main,adult,non-IID,FLTG,Benign,,2024,aspd,0.11099143227382155,True,,,,
main,adult,non-IID,FLTG,Benign,,3141,accuracy,0.8284082608406933,True,,,,
main,adult,non-IID,FLTG,Benign,,3141,aeod,0.09988912695905694,True,,,,
main,adult,non-IID,FLTG,Benign,,3141,aspd,0.11437988073094754,True,,,,
main,adult,non-IID,FLTG,Benign,,4242,accuracy,0.8374394050069726,True,,,,
main,adult,non-IID,FLTG,Benign,,4242,aeod,0.06202835402373175,True,,,,
main,adult,non-IID,FLTG,Benign,,4242,aspd,0.12457511739151839,True,,,,
main,adult,non-IID,FLTG,Benign,,5050,accuracy,0.83345507669832,True,,,,
main,adult,non-IID,FLTG,Benign,,5050,aeod,0.06127777609586371,True,,,,
main,adult,non-IID,FLTG,Benign,,5050,aspd,0.12672911578878357,True,,,,
main,adult,non-IID,FLTG,Benign,,6060,accuracy,0.8282090444252607,True,,,,
main,adult,non-IID,FLTG,Benign,,6060,aeod,0.026347912862129563,True,,,,
main,adult,non-IID,FLTG,Benign,,6060,aspd,0.14255892064600975,True,,,,
main,adult,non-IID,FLTG,Benign,,7070,accuracy,0.8362441065143768,True,,,,
main,adult,non-IID,FLTG,Benign,,7070,aeod,0.06432864117405468,True,,,,
main,adult,non-IID,FLTG,Benign,,7070,aspd,0.1900256659849447,True,,,,
main,adult,non-IID,FLTG,FedSA,,123,accuracy,0.8414237333156253,True,,70,performance_defended_max_acc,0.8414237333156253
main,adult,non-IID,FLTG,FedSA,,123,aeod,0.04330446216864475,True,,70,performance_defended_max_acc,0.8414237333156253
main,adult,non-IID,FLTG,FedSA,,123,aspd,0.13857982833894025,True,,70,performance_defended_max_acc,0.8414237333156253
main,adult,non-IID,FLTG,FedSA,,456,accuracy,0.839896407463975,True,,69,performance_defended_max_acc,0.839896407463975
main,adult,non-IID,FLTG,FedSA,,456,aeod,0.024008211802352353,True,,69,performance_defended_max_acc,0.839896407463975
main,adult,non-IID,FLTG,FedSA,,456,aspd,0.1342057697891669,True,,69,performance_defended_max_acc,0.839896407463975
main,adult,non-IID,FLTG,FedSA,,789,accuracy,0.8432830865263298,True,,64,performance_defended_max_acc,0.8432830865263298
main,adult,non-IID,FLTG,FedSA,,789,aeod,0.03291804020333011,True,,64,performance_defended_max_acc,0.8432830865263298
main,adult,non-IID,FLTG,FedSA,,789,aspd,0.11569479653641407,True,,64,performance_defended_max_acc,0.8432830865263298
main,adult,non-IID,FLTG,FedSA,,1001,accuracy,0.8035062089116143,True,,70,performance_defended_max_acc,0.8035062089116143
main,adult,non-IID,FLTG,FedSA,,1001,aeod,0.02900349641361985,True,,70,performance_defended_max_acc,0.8035062089116143
main,adult,non-IID,FLTG,FedSA,,1001,aspd,0.052017944884394735,True,,70,performance_defended_max_acc,0.8035062089116143
main,adult,non-IID,FLTG,FedSA,,2024,accuracy,0.8402284348230294,True,,70,performance_defended_max_acc,0.8402284348230294
main,adult,non-IID,FLTG,FedSA,,2024,aeod,0.04635075751820328,True,,70,performance_defended_max_acc,0.8402284348230294
main,adult,non-IID,FLTG,FedSA,,2024,aspd,0.15161405538972245,True,,70,performance_defended_max_acc,0.8402284348230294
main,adult,non-IID,FLTG,FedSA,,3141,accuracy,0.8369081612324856,True,,65,performance_defended_max_acc,0.8369081612324856
main,adult,non-IID,FLTG,FedSA,,3141,aeod,0.07471163584289497,True,,65,performance_defended_max_acc,0.8369081612324856
main,adult,non-IID,FLTG,FedSA,,3141,aspd,0.14328734528399112,True,,65,performance_defended_max_acc,0.8369081612324856
main,adult,non-IID,FLTG,FedSA,,4242,accuracy,0.8381034597250814,True,,70,performance_defended_max_acc,0.8381034597250814
main,adult,non-IID,FLTG,FedSA,,4242,aeod,0.010714871210766752,True,,70,performance_defended_max_acc,0.8381034597250814
main,adult,non-IID,FLTG,FedSA,,4242,aspd,0.12052013330792775,True,,70,performance_defended_max_acc,0.8381034597250814
main,adult,non-IID,FLTG,FedSA,,5050,accuracy,0.8098811342054585,True,,70,performance_defended_max_acc,0.8098811342054585
main,adult,non-IID,FLTG,FedSA,,5050,aeod,0.09086619777442795,True,,70,performance_defended_max_acc,0.8098811342054585
main,adult,non-IID,FLTG,FedSA,,5050,aspd,0.11147332399039961,True,,70,performance_defended_max_acc,0.8098811342054585
main,adult,non-IID,FLTG,FedSA,,6060,accuracy,0.8412909223720034,True,,69,performance_defended_max_acc,0.8412909223720034
main,adult,non-IID,FLTG,FedSA,,6060,aeod,0.005489386519643258,True,,69,performance_defended_max_acc,0.8412909223720034
main,adult,non-IID,FLTG,FedSA,,6060,aspd,0.13479448775739059,True,,69,performance_defended_max_acc,0.8412909223720034
main,adult,non-IID,FLTG,FedSA,,7070,accuracy,0.8377714323660269,True,,65,performance_defended_max_acc,0.8377714323660269
main,adult,non-IID,FLTG,FedSA,,7070,aeod,0.06907544679093663,True,,65,performance_defended_max_acc,0.8377714323660269
main,adult,non-IID,FLTG,FedSA,,7070,aspd,0.15039619599842705,True,,65,performance_defended_max_acc,0.8377714323660269
main,adult,non-IID,FLTrust,Benign,,123,accuracy,0.8377714323660269,True,,,,
main,adult,non-IID,FLTrust,Benign,,123,aeod,0.01803329161551903,True,,,,
main,adult,non-IID,FLTrust,Benign,,123,aspd,0.1293539922665417,True,,,,
main,adult,non-IID,FLTrust,Benign,,456,accuracy,0.8335214821701308,True,,,,
main,adult,non-IID,FLTrust,Benign,,456,aeod,0.06555104358321562,True,,,,
main,adult,non-IID,FLTrust,Benign,,456,aspd,0.11159112375559453,True,,,,
main,adult,non-IID,FLTrust,Benign,,789,accuracy,0.8349824025499701,True,,,,
main,adult,non-IID,FLTrust,Benign,,789,aeod,0.02784849750178653,True,,,,
main,adult,non-IID,FLTrust,Benign,,789,aspd,0.13449126169286046,True,,,,
main,adult,non-IID,FLTrust,Benign,,1001,accuracy,0.8132014077960024,True,,,,
main,adult,non-IID,FLTrust,Benign,,1001,aeod,0.058798127096720026,True,,,,
main,adult,non-IID,FLTrust,Benign,,1001,aspd,0.0725057955999942,True,,,,
main,adult,non-IID,FLTrust,Benign,,2024,accuracy,0.8276113951789628,True,,,,
main,adult,non-IID,FLTrust,Benign,,2024,aeod,0.06534769065907486,True,,,,
main,adult,non-IID,FLTrust,Benign,,2024,aspd,0.10094388666763843,True,,,,
main,adult,non-IID,FLTrust,Benign,,3141,accuracy,0.8332558602828873,True,,,,
main,adult,non-IID,FLTrust,Benign,,3141,aeod,0.07916369396298867,True,,,,
main,adult,non-IID,FLTrust,Benign,,3141,aspd,0.11650555261791722,True,,,,
main,adult,non-IID,FLTrust,Benign,,4242,accuracy,0.8364433229298094,True,,,,
main,adult,non-IID,FLTrust,Benign,,4242,aeod,0.0674851812268693,True,,,,
main,adult,non-IID,FLTrust,Benign,,4242,aspd,0.09193932638033861,True,,,,
main,adult,non-IID,FLTrust,Benign,,5050,accuracy,0.8297363702769108,True,,,,
main,adult,non-IID,FLTrust,Benign,,5050,aeod,0.026508995796420853,True,,,,
main,adult,non-IID,FLTrust,Benign,,5050,aspd,0.122152237820393,True,,,,
main,adult,non-IID,FLTrust,Benign,,6060,accuracy,0.8318613453748589,True,,,,
main,adult,non-IID,FLTrust,Benign,,6060,aeod,0.023963656948186696,True,,,,
main,adult,non-IID,FLTrust,Benign,,6060,aspd,0.12097706880722,True,,,,
main,adult,non-IID,FLTrust,Benign,,7070,accuracy,0.8385682980277575,True,,,,
main,adult,non-IID,FLTrust,Benign,,7070,aeod,0.059962265465818176,True,,,,
main,adult,non-IID,FLTrust,Benign,,7070,aspd,0.1439704715790212,True,,,,
main,adult,non-IID,FLTrust,FedSA,,123,accuracy,0.8410917059565708,True,,68,performance_defended_max_acc,0.8410917059565708
main,adult,non-IID,FLTrust,FedSA,,123,aeod,0.04039525867805749,True,,68,performance_defended_max_acc,0.8410917059565708
main,adult,non-IID,FLTrust,FedSA,,123,aspd,0.13545570714785785,True,,68,performance_defended_max_acc,0.8410917059565708
main,adult,non-IID,FLTrust,FedSA,,456,accuracy,0.8407596785975164,True,,70,performance_defended_max_acc,0.8407596785975164
main,adult,non-IID,FLTrust,FedSA,,456,aeod,0.009761511574837067,True,,70,performance_defended_max_acc,0.8407596785975164
main,adult,non-IID,FLTrust,FedSA,,456,aspd,0.13631330628994173,True,,70,performance_defended_max_acc,0.8407596785975164
main,adult,non-IID,FLTrust,FedSA,,789,accuracy,0.8376386214224052,True,,66,performance_defended_max_acc,0.8376386214224052
main,adult,non-IID,FLTrust,FedSA,,789,aeod,0.023804287662132495,True,,66,performance_defended_max_acc,0.8376386214224052
main,adult,non-IID,FLTrust,FedSA,,789,aspd,0.12045858533796555,True,,66,performance_defended_max_acc,0.8376386214224052
main,adult,non-IID,FLTrust,FedSA,,1001,accuracy,0.7988578258848529,True,,68,performance_defended_max_acc,0.7988578258848529
main,adult,non-IID,FLTrust,FedSA,,1001,aeod,0.019685248516123438,True,,68,performance_defended_max_acc,0.7988578258848529
main,adult,non-IID,FLTrust,FedSA,,1001,aspd,0.0449834813513864,True,,68,performance_defended_max_acc,0.7988578258848529
main,adult,non-IID,FLTrust,FedSA,,2024,accuracy,0.8319941563184806,True,,70,performance_defended_max_acc,0.8319941563184806
main,adult,non-IID,FLTrust,FedSA,,2024,aeod,0.00037528896393401734,True,,70,performance_defended_max_acc,0.8319941563184806
main,adult,non-IID,FLTrust,FedSA,,2024,aspd,0.11514194811522183,True,,70,performance_defended_max_acc,0.8319941563184806
main,adult,non-IID,FLTrust,FedSA,,3141,accuracy,0.8373729995351616,True,,69,performance_defended_max_acc,0.8373729995351616
main,adult,non-IID,FLTrust,FedSA,,3141,aeod,0.13091244342818753,True,,69,performance_defended_max_acc,0.8373729995351616
main,adult,non-IID,FLTrust,FedSA,,3141,aspd,0.15545490549959198,True,,69,performance_defended_max_acc,0.8373729995351616
main,adult,non-IID,FLTrust,FedSA,,4242,accuracy,0.838302676140514,True,,69,performance_defended_max_acc,0.838302676140514
main,adult,non-IID,FLTrust,FedSA,,4242,aeod,0.08175758617794182,True,,69,performance_defended_max_acc,0.838302676140514
main,adult,non-IID,FLTrust,FedSA,,4242,aspd,0.16512521902390778,True,,69,performance_defended_max_acc,0.838302676140514
main,adult,non-IID,FLTrust,FedSA,,5050,accuracy,0.8120061093034066,True,,69,performance_defended_max_acc,0.8120061093034066
main,adult,non-IID,FLTrust,FedSA,,5050,aeod,0.03999140891017111,True,,69,performance_defended_max_acc,0.8120061093034066
main,adult,non-IID,FLTrust,FedSA,,5050,aspd,0.05014339994918079,True,,69,performance_defended_max_acc,0.8120061093034066
main,adult,non-IID,FLTrust,FedSA,,6060,accuracy,0.8391659472740554,True,,70,performance_defended_max_acc,0.8391659472740554
main,adult,non-IID,FLTrust,FedSA,,6060,aeod,0.03575812654835264,True,,70,performance_defended_max_acc,0.8391659472740554
main,adult,non-IID,FLTrust,FedSA,,6060,aspd,0.11692964782163318,True,,70,performance_defended_max_acc,0.8391659472740554
main,adult,non-IID,FLTrust,FedSA,,7070,accuracy,0.8336542931137526,True,,67,performance_defended_max_acc,0.8336542931137526
main,adult,non-IID,FLTrust,FedSA,,7070,aeod,0.2345875905591691,True,,67,performance_defended_max_acc,0.8336542931137526
main,adult,non-IID,FLTrust,FedSA,,7070,aspd,0.18440766839558687,True,,67,performance_defended_max_acc,0.8336542931137526
main,adult,non-IID,FLTrust+FairGuard,Benign,,123,accuracy,0.8340527259446179,True,,,,
main,adult,non-IID,FLTrust+FairGuard,Benign,,123,aeod,0.007170475440279045,True,,,,
main,adult,non-IID,FLTrust+FairGuard,Benign,,123,aspd,0.11626313225643643,True,,,,
main,adult,non-IID,FLTrust+FairGuard,Benign,,456,accuracy,0.8335878876419417,True,,,,
main,adult,non-IID,FLTrust+FairGuard,Benign,,456,aeod,0.036780603329847006,True,,,,
main,adult,non-IID,FLTrust+FairGuard,Benign,,456,aspd,0.11816221212231003,True,,,,
main,adult,non-IID,FLTrust+FairGuard,Benign,,789,accuracy,0.8315957234876153,True,,,,
main,adult,non-IID,FLTrust+FairGuard,Benign,,789,aeod,0.1535234607011906,True,,,,
main,adult,non-IID,FLTrust+FairGuard,Benign,,789,aspd,0.06901541584059381,True,,,,
main,adult,non-IID,FLTrust+FairGuard,Benign,,1001,accuracy,0.8179826017663856,True,,,,
main,adult,non-IID,FLTrust+FairGuard,Benign,,1001,aeod,0.022922330036083738,True,,,,
main,adult,non-IID,FLTrust+FairGuard,Benign,,1001,aspd,0.06928237113273422,True,,,,
main,adult,non-IID,FLTrust+FairGuard,Benign,,2024,accuracy,0.8402948402948403,True,,,,
main,adult,non-IID,FLTrust+FairGuard,Benign,,2024,aeod,0.0337137442014428,True,,,,
main,adult,non-IID,FLTrust+FairGuard,Benign,,2024,aspd,0.12796733736701235,True,,,,
main,adult,non-IID,FLTrust+FairGuard,Benign,,3141,accuracy,0.8357128627398898,True,,,,
main,adult,non-IID,FLTrust+FairGuard,Benign,,3141,aeod,0.07977832246404337,True,,,,
main,adult,non-IID,FLTrust+FairGuard,Benign,,3141,aspd,0.13026595744467434,True,,,,
main,adult,non-IID,FLTrust+FairGuard,Benign,,4242,accuracy,0.8379706487814595,True,,,,
main,adult,non-IID,FLTrust+FairGuard,Benign,,4242,aeod,0.031443160287230265,True,,,,
main,adult,non-IID,FLTrust+FairGuard,Benign,,4242,aspd,0.15953141532365506,True,,,,
main,adult,non-IID,FLTrust+FairGuard,Benign,,5050,accuracy,0.7081479513911947,False,accuracy_not_above_majority_baseline,,,
main,adult,non-IID,FLTrust+FairGuard,Benign,,5050,aeod,0.06025015836965786,False,accuracy_not_above_majority_baseline,,,
main,adult,non-IID,FLTrust+FairGuard,Benign,,5050,aspd,0.11953953853225902,False,accuracy_not_above_majority_baseline,,,
main,adult,non-IID,FLTrust+FairGuard,Benign,,6060,accuracy,0.796666445315094,True,,,,
main,adult,non-IID,FLTrust+FairGuard,Benign,,6060,aeod,0.028765870524736226,True,,,,
main,adult,non-IID,FLTrust+FairGuard,Benign,,6060,aspd,0.20773194165910455,True,,,,
main,adult,non-IID,FLTrust+FairGuard,Benign,,7070,accuracy,0.8386347034995684,True,,,,
main,adult,non-IID,FLTrust+FairGuard,Benign,,7070,aeod,0.061599370748367355,True,,,,
main,adult,non-IID,FLTrust+FairGuard,Benign,,7070,aspd,0.15778223325163984,True,,,,
main,adult,non-IID,FLTrust+FairGuard,FedSA,,123,accuracy,0.8236270668703101,True,,70,performance_defended_max_acc,0.8236270668703101
main,adult,non-IID,FLTrust+FairGuard,FedSA,,123,aeod,0.007124206937876243,True,,70,performance_defended_max_acc,0.8236270668703101
main,adult,non-IID,FLTrust+FairGuard,FedSA,,123,aspd,0.0940400821725583,True,,70,performance_defended_max_acc,0.8236270668703101
main,adult,non-IID,FLTrust+FairGuard,FedSA,,456,accuracy,0.8399628129357859,True,,68,performance_defended_max_acc,0.8399628129357859
main,adult,non-IID,FLTrust+FairGuard,FedSA,,456,aeod,0.02207693023909396,True,,68,performance_defended_max_acc,0.8399628129357859
main,adult,non-IID,FLTrust+FairGuard,FedSA,,456,aspd,0.12905680464365388,True,,68,performance_defended_max_acc,0.8399628129357859
main,adult,non-IID,FLTrust+FairGuard,FedSA,,789,accuracy,0.8400956238794076,True,,69,performance_defended_max_acc,0.8400956238794076
main,adult,non-IID,FLTrust+FairGuard,FedSA,,789,aeod,0.06484901902206663,True,,69,performance_defended_max_acc,0.8400956238794076
main,adult,non-IID,FLTrust+FairGuard,FedSA,,789,aspd,0.1480590582863689,True,,69,performance_defended_max_acc,0.8400956238794076
main,adult,non-IID,FLTrust+FairGuard,FedSA,,1001,accuracy,0.7989906368284747,True,,70,performance_defended_max_acc,0.7989906368284747
main,adult,non-IID,FLTrust+FairGuard,FedSA,,1001,aeod,0.015253754174875511,True,,70,performance_defended_max_acc,0.7989906368284747
main,adult,non-IID,FLTrust+FairGuard,FedSA,,1001,aspd,0.04476068090992615,True,,70,performance_defended_max_acc,0.7989906368284747
main,adult,non-IID,FLTrust+FairGuard,FedSA,,2024,accuracy,0.8414237333156253,True,,69,performance_defended_max_acc,0.8414237333156253
main,adult,non-IID,FLTrust+FairGuard,FedSA,,2024,aeod,0.023397581813850987,True,,69,performance_defended_max_acc,0.8414237333156253
main,adult,non-IID,FLTrust+FairGuard,FedSA,,2024,aspd,0.14579253623737037,True,,69,performance_defended_max_acc,0.8414237333156253
main,adult,non-IID,FLTrust+FairGuard,FedSA,,3141,accuracy,0.8225645793213361,True,,68,performance_defended_max_acc,0.8225645793213361
main,adult,non-IID,FLTrust+FairGuard,FedSA,,3141,aeod,0.01457914798552079,True,,68,performance_defended_max_acc,0.8225645793213361
main,adult,non-IID,FLTrust+FairGuard,FedSA,,3141,aspd,0.09385353244221983,True,,68,performance_defended_max_acc,0.8225645793213361
main,adult,non-IID,FLTrust+FairGuard,FedSA,,4242,accuracy,0.8392323527458663,True,,61,performance_defended_max_acc,0.8392323527458663
main,adult,non-IID,FLTrust+FairGuard,FedSA,,4242,aeod,0.019647548254906333,True,,61,performance_defended_max_acc,0.8392323527458663
main,adult,non-IID,FLTrust+FairGuard,FedSA,,4242,aspd,0.14259137977749567,True,,61,performance_defended_max_acc,0.8392323527458663
main,adult,non-IID,FLTrust+FairGuard,FedSA,,5050,accuracy,0.7920844677601434,False,accuracy_not_above_majority_baseline,69,performance_defended_max_acc,0.7920844677601434
main,adult,non-IID,FLTrust+FairGuard,FedSA,,5050,aeod,0.007450371319012189,False,accuracy_not_above_majority_baseline,69,performance_defended_max_acc,0.7920844677601434
main,adult,non-IID,FLTrust+FairGuard,FedSA,,5050,aspd,0.03157465024483373,False,accuracy_not_above_majority_baseline,69,performance_defended_max_acc,0.7920844677601434
main,adult,non-IID,FLTrust+FairGuard,FedSA,,6060,accuracy,0.8411581114283817,True,,70,performance_defended_max_acc,0.8411581114283817
main,adult,non-IID,FLTrust+FairGuard,FedSA,,6060,aeod,0.047165882863003494,True,,70,performance_defended_max_acc,0.8411581114283817
main,adult,non-IID,FLTrust+FairGuard,FedSA,,6060,aspd,0.12433267696876972,True,,70,performance_defended_max_acc,0.8411581114283817
main,adult,non-IID,FLTrust+FairGuard,FedSA,,7070,accuracy,0.8283418553688824,True,,68,performance_defended_max_acc,0.8283418553688824
main,adult,non-IID,FLTrust+FairGuard,FedSA,,7070,aeod,0.17520396698142576,True,,68,performance_defended_max_acc,0.8283418553688824
main,adult,non-IID,FLTrust+FairGuard,FedSA,,7070,aspd,0.1480496094291811,True,,68,performance_defended_max_acc,0.8283418553688824
main,adult,non-IID,FairFed,Benign,,123,accuracy,0.8375058104787835,True,,,,
main,adult,non-IID,FairFed,Benign,,123,aeod,0.009804923996844628,True,,,,
main,adult,non-IID,FairFed,Benign,,123,aspd,0.13235010250706064,True,,,,
main,adult,non-IID,FairFed,Benign,,456,accuracy,0.8365761338734312,True,,,,
main,adult,non-IID,FairFed,Benign,,456,aeod,0.016442454835372655,True,,,,
main,adult,non-IID,FairFed,Benign,,456,aspd,0.12561094083775615,True,,,,
main,adult,non-IID,FairFed,Benign,,789,accuracy,0.8374394050069726,True,,,,
main,adult,non-IID,FairFed,Benign,,789,aeod,0.08516374765730006,True,,,,
main,adult,non-IID,FairFed,Benign,,789,aspd,0.1079247264315109,True,,,,
main,adult,non-IID,FairFed,Benign,,1001,accuracy,0.8294707483896673,True,,,,
main,adult,non-IID,FairFed,Benign,,1001,aeod,0.044438326085553315,True,,,,
main,adult,non-IID,FairFed,Benign,,1001,aspd,0.11537760782941536,True,,,,
main,adult,non-IID,FairFed,Benign,,2024,accuracy,0.8322597782057242,True,,,,
main,adult,non-IID,FairFed,Benign,,2024,aeod,0.026781465866126397,True,,,,
main,adult,non-IID,FairFed,Benign,,2024,aspd,0.11343808444742581,True,,,,
main,adult,non-IID,FairFed,Benign,,3141,accuracy,0.8189786838435487,True,,,,
main,adult,non-IID,FairFed,Benign,,3141,aeod,0.027711976858894205,True,,,,
main,adult,non-IID,FairFed,Benign,,3141,aspd,0.08769666913540629,True,,,,
main,adult,non-IID,FairFed,Benign,,4242,accuracy,0.8356464572680788,True,,,,
main,adult,non-IID,FairFed,Benign,,4242,aeod,0.006533569512141457,True,,,,
main,adult,non-IID,FairFed,Benign,,4242,aspd,0.11809462571070552,True,,,,
main,adult,non-IID,FairFed,Benign,,5050,accuracy,0.8326582110365894,True,,,,
main,adult,non-IID,FairFed,Benign,,5050,aeod,0.06675573829392611,True,,,,
main,adult,non-IID,FairFed,Benign,,5050,aspd,0.11222516012803743,True,,,,
main,adult,non-IID,FairFed,Benign,,6060,accuracy,0.828541071784315,True,,,,
main,adult,non-IID,FairFed,Benign,,6060,aeod,0.03469052369661352,True,,,,
main,adult,non-IID,FairFed,Benign,,6060,aspd,0.10304576589086133,True,,,,
main,adult,non-IID,FairFed,Benign,,7070,accuracy,0.8238926887575536,True,,,,
main,adult,non-IID,FairFed,Benign,,7070,aeod,0.10079850295690007,True,,,,
main,adult,non-IID,FairFed,Benign,,7070,aspd,0.11278629385287844,True,,,,
main,adult,non-IID,FairFed,FedSA,,123,accuracy,0.789096221528654,True,,61,unprotected_min_acc,0.789096221528654
main,adult,non-IID,FairFed,FedSA,,123,aeod,0.1748458144998632,True,,61,unprotected_min_acc,0.789096221528654
main,adult,non-IID,FairFed,FedSA,,123,aspd,0.000788447951582047,True,,61,unprotected_min_acc,0.789096221528654
main,adult,non-IID,FairFed,FedSA,,456,accuracy,0.7780729132080484,True,,61,unprotected_min_acc,0.7780729132080484
main,adult,non-IID,FairFed,FedSA,,456,aeod,0.294789195562108,True,,61,unprotected_min_acc,0.7780729132080484
main,adult,non-IID,FairFed,FedSA,,456,aspd,0.04006477943899789,True,,61,unprotected_min_acc,0.7780729132080484
main,adult,non-IID,FairFed,FedSA,,789,accuracy,0.7985257985257985,True,,64,unprotected_min_acc,0.7985257985257985
main,adult,non-IID,FairFed,FedSA,,789,aeod,0.15243815015100098,True,,64,unprotected_min_acc,0.7985257985257985
main,adult,non-IID,FairFed,FedSA,,789,aspd,0.01379781909141796,True,,64,unprotected_min_acc,0.7985257985257985
main,adult,non-IID,FairFed,FedSA,,1001,accuracy,0.5110565110565111,False,accuracy_not_above_majority_baseline,66,unprotected_min_acc,0.5110565110565111
main,adult,non-IID,FairFed,FedSA,,1001,aeod,0.4771259377225957,False,accuracy_not_above_majority_baseline,66,unprotected_min_acc,0.5110565110565111
main,adult,non-IID,FairFed,FedSA,,1001,aspd,0.34454152359471923,False,accuracy_not_above_majority_baseline,66,unprotected_min_acc,0.5110565110565111
main,adult,non-IID,FairFed,FedSA,,2024,accuracy,0.7927485224782522,True,,62,unprotected_min_acc,0.7927485224782522
main,adult,non-IID,FairFed,FedSA,,2024,aeod,0.1446656129634062,True,,62,unprotected_min_acc,0.7927485224782522
main,adult,non-IID,FairFed,FedSA,,2024,aspd,0.007049228626193532,True,,62,unprotected_min_acc,0.7927485224782522
main,adult,non-IID,FairFed,FedSA,,3141,accuracy,0.5573411249086925,False,accuracy_not_above_majority_baseline,64,unprotected_min_acc,0.5573411249086925
main,adult,non-IID,FairFed,FedSA,,3141,aeod,0.40969902053578927,False,accuracy_not_above_majority_baseline,64,unprotected_min_acc,0.5573411249086925
main,adult,non-IID,FairFed,FedSA,,3141,aspd,0.30501556975064126,False,accuracy_not_above_majority_baseline,64,unprotected_min_acc,0.5573411249086925
main,adult,non-IID,FairFed,FedSA,,4242,accuracy,0.7495849658011821,False,accuracy_not_above_majority_baseline,64,unprotected_min_acc,0.7495849658011821
main,adult,non-IID,FairFed,FedSA,,4242,aeod,0.3315806519974569,False,accuracy_not_above_majority_baseline,64,unprotected_min_acc,0.7495849658011821
main,adult,non-IID,FairFed,FedSA,,4242,aspd,0.06708217163546157,False,accuracy_not_above_majority_baseline,64,unprotected_min_acc,0.7495849658011821
main,adult,non-IID,FairFed,FedSA,,5050,accuracy,0.6810545188923567,False,accuracy_not_above_majority_baseline,61,unprotected_min_acc,0.6810545188923567
main,adult,non-IID,FairFed,FedSA,,5050,aeod,0.5066897971097609,False,accuracy_not_above_majority_baseline,61,unprotected_min_acc,0.6810545188923567
main,adult,non-IID,FairFed,FedSA,,5050,aspd,0.2075138556156043,False,accuracy_not_above_majority_baseline,61,unprotected_min_acc,0.6810545188923567
main,adult,non-IID,FairFed,FedSA,,6060,accuracy,0.7389600903114416,False,accuracy_not_above_majority_baseline,70,unprotected_min_acc,0.7389600903114416
main,adult,non-IID,FairFed,FedSA,,6060,aeod,0.35797540457806837,False,accuracy_not_above_majority_baseline,70,unprotected_min_acc,0.7389600903114416
main,adult,non-IID,FairFed,FedSA,,6060,aspd,0.11466643588184057,False,accuracy_not_above_majority_baseline,70,unprotected_min_acc,0.7389600903114416
main,adult,non-IID,FairFed,FedSA,,7070,accuracy,0.7936781990836045,True,,61,unprotected_min_acc,0.7936781990836045
main,adult,non-IID,FairFed,FedSA,,7070,aeod,0.23695356755858243,True,,61,unprotected_min_acc,0.7936781990836045
main,adult,non-IID,FairFed,FedSA,,7070,aspd,0.005260686346529736,True,,61,unprotected_min_acc,0.7936781990836045
main,adult,non-IID,FairGuard,Benign,,123,accuracy,0.8374394050069726,True,,,,
main,adult,non-IID,FairGuard,Benign,,123,aeod,0.004784505878099088,True,,,,
main,adult,non-IID,FairGuard,Benign,,123,aspd,0.12798735851239118,True,,,,
main,adult,non-IID,FairGuard,Benign,,456,accuracy,0.838302676140514,True,,,,
main,adult,non-IID,FairGuard,Benign,,456,aeod,0.01716904168792066,True,,,,
main,adult,non-IID,FairGuard,Benign,,456,aspd,0.11672987771573898,True,,,,
main,adult,non-IID,FairGuard,Benign,,789,accuracy,0.8385682980277575,True,,,,
main,adult,non-IID,FairGuard,Benign,,789,aeod,0.05652925683074472,True,,,,
main,adult,non-IID,FairGuard,Benign,,789,aspd,0.12046085226123991,True,,,,
main,adult,non-IID,FairGuard,Benign,,1001,accuracy,0.8291387210306129,True,,,,
main,adult,non-IID,FairGuard,Benign,,1001,aeod,0.04691569022038089,True,,,,
main,adult,non-IID,FairGuard,Benign,,1001,aspd,0.11231994961893421,True,,,,
main,adult,non-IID,FairGuard,Benign,,2024,accuracy,0.8359120791553224,True,,,,
main,adult,non-IID,FairGuard,Benign,,2024,aeod,0.04730411715413296,True,,,,
main,adult,non-IID,FairGuard,Benign,,2024,aspd,0.13946914434559723,True,,,,
main,adult,non-IID,FairGuard,Benign,,3141,accuracy,0.8217013081877946,True,,,,
main,adult,non-IID,FairGuard,Benign,,3141,aeod,0.04960040579190256,True,,,,
main,adult,non-IID,FairGuard,Benign,,3141,aspd,0.08340568429606757,True,,,,
main,adult,non-IID,FairGuard,Benign,,4242,accuracy,0.8373729995351616,True,,,,
main,adult,non-IID,FairGuard,Benign,,4242,aeod,0.0238048588782116,True,,,,
main,adult,non-IID,FairGuard,Benign,,4242,aspd,0.11641720279402104,True,,,,
main,adult,non-IID,FairGuard,Benign,,5050,accuracy,0.8341855368882396,True,,,,
main,adult,non-IID,FairGuard,Benign,,5050,aeod,0.04230369159815406,True,,,,
main,adult,non-IID,FairGuard,Benign,,5050,aspd,0.1107973395067472,True,,,,
main,adult,non-IID,FairGuard,Benign,,6060,accuracy,0.8278770170662062,True,,,,
main,adult,non-IID,FairGuard,Benign,,6060,aeod,0.020667740172084503,True,,,,
main,adult,non-IID,FairGuard,Benign,,6060,aspd,0.11836388804865612,True,,,,
main,adult,non-IID,FairGuard,Benign,,7070,accuracy,0.8295371538614782,True,,,,
main,adult,non-IID,FairGuard,Benign,,7070,aeod,0.02235054274095749,True,,,,
main,adult,non-IID,FairGuard,Benign,,7070,aspd,0.11403436551365333,True,,,,
main,adult,non-IID,FairGuard,FedSA,,123,accuracy,0.8077561591075104,False,accuracy_not_above_majority_baseline,61,performance_defended_max_acc,0.8077561591075104
main,adult,non-IID,FairGuard,FedSA,,123,aeod,0.17291453293660475,False,accuracy_not_above_majority_baseline,61,performance_defended_max_acc,0.8077561591075104
main,adult,non-IID,FairGuard,FedSA,,123,aspd,0.02477131257947021,False,accuracy_not_above_majority_baseline,61,performance_defended_max_acc,0.8077561591075104
main,adult,non-IID,FairGuard,FedSA,,456,accuracy,0.8357128627398898,True,,70,performance_defended_max_acc,0.8357128627398898
main,adult,non-IID,FairGuard,FedSA,,456,aeod,0.03462369141536492,True,,70,performance_defended_max_acc,0.8357128627398898
main,adult,non-IID,FairGuard,FedSA,,456,aspd,0.13241845124684593,True,,70,performance_defended_max_acc,0.8357128627398898
main,adult,non-IID,FairGuard,FedSA,,789,accuracy,0.8346503751909158,True,,70,performance_defended_max_acc,0.8346503751909158
main,adult,non-IID,FairGuard,FedSA,,789,aeod,0.0006477590336395056,True,,70,performance_defended_max_acc,0.8346503751909158
main,adult,non-IID,FairGuard,FedSA,,789,aspd,0.11707465066612036,True,,70,performance_defended_max_acc,0.8346503751909158
main,adult,non-IID,FairGuard,FedSA,,1001,accuracy,0.7542997542997543,False,accuracy_not_above_majority_baseline;degenerate_positive_rate,70,performance_defended_max_acc,0.7542997542997543
main,adult,non-IID,FairGuard,FedSA,,1001,aeod,0.0,False,accuracy_not_above_majority_baseline;degenerate_positive_rate,70,performance_defended_max_acc,0.7542997542997543
main,adult,non-IID,FairGuard,FedSA,,1001,aspd,0.0,False,accuracy_not_above_majority_baseline;degenerate_positive_rate,70,performance_defended_max_acc,0.7542997542997543
main,adult,non-IID,FairGuard,FedSA,,2024,accuracy,0.7533036722225911,False,accuracy_not_above_majority_baseline;degenerate_positive_rate,61,performance_defended_max_acc,0.7533036722225911
main,adult,non-IID,FairGuard,FedSA,,2024,aeod,0.0017953321364452424,False,accuracy_not_above_majority_baseline;degenerate_positive_rate,61,performance_defended_max_acc,0.7533036722225911
main,adult,non-IID,FairGuard,FedSA,,2024,aspd,0.0028560023454029543,False,accuracy_not_above_majority_baseline;degenerate_positive_rate,61,performance_defended_max_acc,0.7533036722225911
main,adult,non-IID,FairGuard,FedSA,,3141,accuracy,0.7542997542997543,False,accuracy_not_above_majority_baseline;degenerate_positive_rate,70,performance_defended_max_acc,0.7542997542997543
main,adult,non-IID,FairGuard,FedSA,,3141,aeod,0.0,False,accuracy_not_above_majority_baseline;degenerate_positive_rate,70,performance_defended_max_acc,0.7542997542997543
main,adult,non-IID,FairGuard,FedSA,,3141,aspd,0.0,False,accuracy_not_above_majority_baseline;degenerate_positive_rate,70,performance_defended_max_acc,0.7542997542997543
main,adult,non-IID,FairGuard,FedSA,,4242,accuracy,0.2457002457002457,False,accuracy_not_above_majority_baseline;degenerate_positive_rate,70,performance_defended_max_acc,0.2457002457002457
main,adult,non-IID,FairGuard,FedSA,,4242,aeod,0.0,False,accuracy_not_above_majority_baseline;degenerate_positive_rate,70,performance_defended_max_acc,0.2457002457002457
main,adult,non-IID,FairGuard,FedSA,,4242,aspd,0.0,False,accuracy_not_above_majority_baseline;degenerate_positive_rate,70,performance_defended_max_acc,0.2457002457002457
main,adult,non-IID,FairGuard,FedSA,,5050,accuracy,0.2457002457002457,False,accuracy_not_above_majority_baseline;degenerate_positive_rate,70,performance_defended_max_acc,0.2457002457002457
main,adult,non-IID,FairGuard,FedSA,,5050,aeod,0.0,False,accuracy_not_above_majority_baseline;degenerate_positive_rate,70,performance_defended_max_acc,0.2457002457002457
main,adult,non-IID,FairGuard,FedSA,,5050,aspd,0.0,False,accuracy_not_above_majority_baseline;degenerate_positive_rate,70,performance_defended_max_acc,0.2457002457002457
main,adult,non-IID,FairGuard,FedSA,,6060,accuracy,0.2457002457002457,False,accuracy_not_above_majority_baseline;degenerate_positive_rate,70,performance_defended_max_acc,0.2457002457002457
main,adult,non-IID,FairGuard,FedSA,,6060,aeod,0.0,False,accuracy_not_above_majority_baseline;degenerate_positive_rate,70,performance_defended_max_acc,0.2457002457002457
main,adult,non-IID,FairGuard,FedSA,,6060,aspd,0.0,False,accuracy_not_above_majority_baseline;degenerate_positive_rate,70,performance_defended_max_acc,0.2457002457002457
main,adult,non-IID,FairGuard,FedSA,,7070,accuracy,0.7432764459791487,False,accuracy_not_above_majority_baseline,61,performance_defended_max_acc,0.7432764459791487
main,adult,non-IID,FairGuard,FedSA,,7070,aeod,0.00718132854578097,False,accuracy_not_above_majority_baseline,61,performance_defended_max_acc,0.7432764459791487
main,adult,non-IID,FairGuard,FedSA,,7070,aspd,0.012758545107098885,False,accuracy_not_above_majority_baseline,61,performance_defended_max_acc,0.7432764459791487
main,adult,non-IID,Fed-NGA,Benign,,123,accuracy,0.822630984793147,True,,,,
main,adult,non-IID,Fed-NGA,Benign,,123,aeod,0.09052918028779011,True,,,,
main,adult,non-IID,Fed-NGA,Benign,,123,aspd,0.07863019977532183,True,,,,
main,adult,non-IID,Fed-NGA,Benign,,456,accuracy,0.8244239325320406,True,,,,
main,adult,non-IID,Fed-NGA,Benign,,456,aeod,0.21583742276444584,True,,,,
main,adult,non-IID,Fed-NGA,Benign,,456,aspd,0.03361201243044307,True,,,,
main,adult,non-IID,Fed-NGA,Benign,,789,accuracy,0.8307988578258848,True,,,,
main,adult,non-IID,Fed-NGA,Benign,,789,aeod,0.07975604503696054,True,,,,
main,adult,non-IID,Fed-NGA,Benign,,789,aspd,0.09292607996525708,True,,,,
main,adult,non-IID,Fed-NGA,Benign,,1001,accuracy,0.8288730991433694,True,,,,
main,adult,non-IID,Fed-NGA,Benign,,1001,aeod,0.0071704754402791004,True,,,,
main,adult,non-IID,Fed-NGA,Benign,,1001,aspd,0.10458761475897851,True,,,,
main,adult,non-IID,Fed-NGA,Benign,,2024,accuracy,0.8250215817783385,True,,,,
main,adult,non-IID,Fed-NGA,Benign,,2024,aeod,0.03091935514274402,True,,,,
main,adult,non-IID,Fed-NGA,Benign,,2024,aspd,0.09267041916695265,True,,,,
main,adult,non-IID,Fed-NGA,Benign,,3141,accuracy,0.8230294176240123,True,,,,
main,adult,non-IID,Fed-NGA,Benign,,3141,aeod,0.08012276575970878,True,,,,
main,adult,non-IID,Fed-NGA,Benign,,3141,aspd,0.06422819547811798,True,,,,
main,adult,non-IID,Fed-NGA,Benign,,4242,accuracy,0.8333886712265091,True,,,,
main,adult,non-IID,Fed-NGA,Benign,,4242,aeod,0.06723498858424665,True,,,,
main,adult,non-IID,Fed-NGA,Benign,,4242,aspd,0.09229958662955011,True,,,,
main,adult,non-IID,Fed-NGA,Benign,,5050,accuracy,0.8203731987515771,True,,,,
main,adult,non-IID,Fed-NGA,Benign,,5050,aeod,0.06939361414696588,True,,,,
main,adult,non-IID,Fed-NGA,Benign,,5050,aspd,0.0909484401742297,True,,,,
main,adult,non-IID,Fed-NGA,Benign,,6060,accuracy,0.8298691812205325,True,,,,
main,adult,non-IID,Fed-NGA,Benign,,6060,aeod,0.013692620630839647,True,,,,
main,adult,non-IID,Fed-NGA,Benign,,6060,aspd,0.11125539843704267,True,,,,
main,adult,non-IID,Fed-NGA,Benign,,7070,accuracy,0.8343183478318613,True,,,,
main,adult,non-IID,Fed-NGA,Benign,,7070,aeod,0.0036472146647161807,True,,,,
main,adult,non-IID,Fed-NGA,Benign,,7070,aspd,0.12366766599866658,True,,,,
main,adult,non-IID,Fed-NGA,FedSA,,123,accuracy,0.8194435221462248,True,,66,performance_defended_max_acc,0.8194435221462248
main,adult,non-IID,Fed-NGA,FedSA,,123,aeod,0.12116464103924768,True,,66,performance_defended_max_acc,0.8194435221462248
main,adult,non-IID,Fed-NGA,FedSA,,123,aspd,0.05893914249875691,True,,66,performance_defended_max_acc,0.8194435221462248
main,adult,non-IID,Fed-NGA,FedSA,,456,accuracy,0.8309316687695066,True,,70,performance_defended_max_acc,0.8309316687695066
main,adult,non-IID,Fed-NGA,FedSA,,456,aeod,0.04230426281423311,True,,70,performance_defended_max_acc,0.8309316687695066
main,adult,non-IID,Fed-NGA,FedSA,,456,aspd,0.09427345490220955,True,,70,performance_defended_max_acc,0.8309316687695066
main,adult,non-IID,Fed-NGA,FedSA,,789,accuracy,0.8287402881997477,True,,67,performance_defended_max_acc,0.8287402881997477
main,adult,non-IID,Fed-NGA,FedSA,,789,aeod,0.08996024907305905,True,,67,performance_defended_max_acc,0.8287402881997477
main,adult,non-IID,Fed-NGA,FedSA,,789,aspd,0.08512692102187765,True,,67,performance_defended_max_acc,0.8287402881997477
main,adult,non-IID,Fed-NGA,FedSA,,1001,accuracy,0.784779865860947,True,,70,performance_defended_max_acc,0.784779865860947
main,adult,non-IID,Fed-NGA,FedSA,,1001,aeod,0.1572814912852419,True,,70,performance_defended_max_acc,0.784779865860947
main,adult,non-IID,Fed-NGA,FedSA,,1001,aspd,0.0028582492074093954,True,,70,performance_defended_max_acc,0.784779865860947
main,adult,non-IID,Fed-NGA,FedSA,,2024,accuracy,0.8236270668703101,True,,63,performance_defended_max_acc,0.8236270668703101
main,adult,non-IID,Fed-NGA,FedSA,,2024,aeod,0.05673546583528072,True,,63,performance_defended_max_acc,0.8236270668703101
main,adult,non-IID,Fed-NGA,FedSA,,2024,aspd,0.0900311788213676,True,,63,performance_defended_max_acc,0.8236270668703101
main,adult,non-IID,Fed-NGA,FedSA,,3141,accuracy,0.7863071917125971,True,,68,performance_defended_max_acc,0.7863071917125971
main,adult,non-IID,Fed-NGA,FedSA,,3141,aeod,0.12042034648824923,True,,68,performance_defended_max_acc,0.7863071917125971
main,adult,non-IID,Fed-NGA,FedSA,,3141,aspd,0.006024699673791746,True,,68,performance_defended_max_acc,0.7863071917125971
main,adult,non-IID,Fed-NGA,FedSA,,4242,accuracy,0.7954047413506873,False,accuracy_not_above_majority_baseline,69,performance_defended_max_acc,0.7954047413506873
main,adult,non-IID,Fed-NGA,FedSA,,4242,aeod,0.030584622520422405,False,accuracy_not_above_majority_baseline,69,performance_defended_max_acc,0.7954047413506873
main,adult,non-IID,Fed-NGA,FedSA,,4242,aspd,0.03155577259172603,False,accuracy_not_above_majority_baseline,69,performance_defended_max_acc,0.7954047413506873
main,adult,non-IID,Fed-NGA,FedSA,,5050,accuracy,0.8157248157248157,True,,66,performance_defended_max_acc,0.8157248157248157
main,adult,non-IID,Fed-NGA,FedSA,,5050,aeod,0.1329128421370107,True,,66,performance_defended_max_acc,0.8157248157248157
main,adult,non-IID,Fed-NGA,FedSA,,5050,aspd,0.05306099038708176,True,,66,performance_defended_max_acc,0.8157248157248157
main,adult,non-IID,Fed-NGA,FedSA,,6060,accuracy,0.8323925891493459,True,,70,performance_defended_max_acc,0.8323925891493459
main,adult,non-IID,Fed-NGA,FedSA,,6060,aeod,0.044144149804843935,True,,70,performance_defended_max_acc,0.8323925891493459
main,adult,non-IID,Fed-NGA,FedSA,,6060,aspd,0.125311486291594,True,,70,performance_defended_max_acc,0.8323925891493459
main,adult,non-IID,Fed-NGA,FedSA,,7070,accuracy,0.833919915000996,True,,63,performance_defended_max_acc,0.833919915000996
main,adult,non-IID,Fed-NGA,FedSA,,7070,aeod,0.03398564305506924,True,,63,performance_defended_max_acc,0.833919915000996
main,adult,non-IID,Fed-NGA,FedSA,,7070,aspd,0.11936799463032079,True,,63,performance_defended_max_acc,0.833919915000996
main,adult,non-IID,FedAA,Benign,,123,accuracy,0.8356464572680788,True,,,,
main,adult,non-IID,FedAA,Benign,,123,aeod,0.010850249421500924,True,,,,
main,adult,non-IID,FedAA,Benign,,123,aspd,0.13466420988355277,True,,,,
main,adult,non-IID,FedAA,Benign,,456,accuracy,0.8364433229298094,True,,,,
main,adult,non-IID,FedAA,Benign,,456,aeod,0.024441193590270083,True,,,,
main,adult,non-IID,FedAA,Benign,,456,aspd,0.11468388918492635,True,,,,
main,adult,non-IID,FedAA,Benign,,789,accuracy,0.8370409721761073,True,,,,
main,adult,non-IID,FedAA,Benign,,789,aeod,0.037873339689064256,True,,,,
main,adult,non-IID,FedAA,Benign,,789,aspd,0.10345359140629848,True,,,,
main,adult,non-IID,FedAA,Benign,,1001,accuracy,0.8387011089713793,True,,,,
main,adult,non-IID,FedAA,Benign,,1001,aeod,0.05264441627714489,True,,,,
main,adult,non-IID,FedAA,Benign,,1001,aspd,0.1057424015239502,True,,,,
main,adult,non-IID,FedAA,Benign,,2024,accuracy,0.8298691812205325,True,,,,
main,adult,non-IID,FedAA,Benign,,2024,aeod,0.005577353795816531,True,,,,
main,adult,non-IID,FedAA,Benign,,2024,aspd,0.09558758831822739,True,,,,
main,adult,non-IID,FedAA,Benign,,3141,accuracy,0.8266817185736105,True,,,,
main,adult,non-IID,FedAA,Benign,,3141,aeod,0.14643238429589905,True,,,,
main,adult,non-IID,FedAA,Benign,,3141,aspd,0.13137769272870115,True,,,,
main,adult,non-IID,FedAA,Benign,,4242,accuracy,0.8342519423600505,True,,,,
main,adult,non-IID,FedAA,Benign,,4242,aeod,0.09709530911643727,True,,,,
main,adult,non-IID,FedAA,Benign,,4242,aspd,0.13248565649436003,True,,,,
main,adult,non-IID,FedAA,Benign,,5050,accuracy,0.8327910219802112,True,,,,
main,adult,non-IID,FedAA,Benign,,5050,aeod,0.023373590738530958,True,,,,
main,adult,non-IID,FedAA,Benign,,5050,aspd,0.1222277684940917,True,,,,
main,adult,non-IID,FedAA,Benign,,6060,accuracy,0.8262168802709343,True,,,,
main,adult,non-IID,FedAA,Benign,,6060,aeod,0.0058949499357667245,True,,,,
main,adult,non-IID,FedAA,Benign,,6060,aspd,0.08710265499245315,True,,,,
main,adult,non-IID,FedAA,Benign,,7070,accuracy,0.8214356863005512,True,,,,
main,adult,non-IID,FedAA,Benign,,7070,aeod,0.06861961635985703,True,,,,
main,adult,non-IID,FedAA,Benign,,7070,aspd,0.11010249743125496,True,,,,
main,adult,non-IID,FedAA,FedSA,,123,accuracy,0.8399628129357859,True,,66,performance_defended_max_acc,0.8399628129357859
main,adult,non-IID,FedAA,FedSA,,123,aeod,0.002828662023441564,True,,66,performance_defended_max_acc,0.8399628129357859
main,adult,non-IID,FedAA,FedSA,,123,aspd,0.12466196262032096,True,,66,performance_defended_max_acc,0.8399628129357859
main,adult,non-IID,FedAA,FedSA,,456,accuracy,0.8373729995351616,True,,70,performance_defended_max_acc,0.8373729995351616
main,adult,non-IID,FedAA,FedSA,,456,aeod,0.012624446563021419,True,,70,performance_defended_max_acc,0.8373729995351616
main,adult,non-IID,FedAA,FedSA,,456,aspd,0.1126628167488637,True,,70,performance_defended_max_acc,0.8373729995351616
main,adult,non-IID,FedAA,FedSA,,789,accuracy,0.8400956238794076,True,,68,performance_defended_max_acc,0.8400956238794076
main,adult,non-IID,FedAA,FedSA,,789,aeod,0.019237415110150424,True,,68,performance_defended_max_acc,0.8400956238794076
main,adult,non-IID,FedAA,FedSA,,789,aspd,0.11872639515987406,True,,68,performance_defended_max_acc,0.8400956238794076
main,adult,non-IID,FedAA,FedSA,,1001,accuracy,0.8351152134935919,True,,62,performance_defended_max_acc,0.8351152134935919
main,adult,non-IID,FedAA,FedSA,,1001,aeod,0.023464985311178577,True,,62,performance_defended_max_acc,0.8351152134935919
main,adult,non-IID,FedAA,FedSA,,1001,aspd,0.12337009721168839,True,,62,performance_defended_max_acc,0.8351152134935919
main,adult,non-IID,FedAA,FedSA,,2024,accuracy,0.8343847533036722,True,,66,performance_defended_max_acc,0.8343847533036722
main,adult,non-IID,FedAA,FedSA,,2024,aeod,0.047621142078004164,True,,66,performance_defended_max_acc,0.8343847533036722
main,adult,non-IID,FedAA,FedSA,,2024,aspd,0.12339463214234801,True,,66,performance_defended_max_acc,0.8343847533036722
main,adult,non-IID,FedAA,FedSA,,3141,accuracy,0.8201739823361445,True,,69,performance_defended_max_acc,0.8201739823361445
main,adult,non-IID,FedAA,FedSA,,3141,aeod,0.07286775033973075,True,,69,performance_defended_max_acc,0.8201739823361445
main,adult,non-IID,FedAA,FedSA,,3141,aspd,0.09445394612963776,True,,69,performance_defended_max_acc,0.8201739823361445
main,adult,non-IID,FedAA,FedSA,,4242,accuracy,0.8359120791553224,True,,66,performance_defended_max_acc,0.8359120791553224
main,adult,non-IID,FedAA,FedSA,,4242,aeod,0.01469224876917219,True,,66,performance_defended_max_acc,0.8359120791553224
main,adult,non-IID,FedAA,FedSA,,4242,aspd,0.12329456653798967,True,,66,performance_defended_max_acc,0.8359120791553224
main,adult,non-IID,FedAA,FedSA,,5050,accuracy,0.8171857361046551,True,,68,performance_defended_max_acc,0.8171857361046551
main,adult,non-IID,FedAA,FedSA,,5050,aeod,0.047326965797294784,True,,68,performance_defended_max_acc,0.8171857361046551
main,adult,non-IID,FedAA,FedSA,,5050,aspd,0.08447362583223669,True,,68,performance_defended_max_acc,0.8171857361046551
main,adult,non-IID,FedAA,FedSA,,6060,accuracy,0.8296035593332891,True,,70,performance_defended_max_acc,0.8296035593332891
main,adult,non-IID,FedAA,FedSA,,6060,aeod,0.02605487901357839,True,,70,performance_defended_max_acc,0.8296035593332891
main,adult,non-IID,FedAA,FedSA,,6060,aspd,0.1173382356652511,True,,70,performance_defended_max_acc,0.8296035593332891
main,adult,non-IID,FedAA,FedSA,,7070,accuracy,0.8281426389534498,True,,70,performance_defended_max_acc,0.8281426389534498
main,adult,non-IID,FedAA,FedSA,,7070,aeod,0.11520857098302284,True,,70,performance_defended_max_acc,0.8281426389534498
main,adult,non-IID,FedAA,FedSA,,7070,aspd,0.13847938157049156,True,,70,performance_defended_max_acc,0.8281426389534498
main,adult,non-IID,FedAMM,Benign,,123,accuracy,0.834517564247294,True,,,,
main,adult,non-IID,FedAMM,Benign,,123,aeod,0.021803888953309425,True,,,,
main,adult,non-IID,FedAMM,Benign,,123,aspd,0.1314698541935011,True,,,,
main,adult,non-IID,FedAMM,Benign,,456,accuracy,0.8342519423600505,True,,,,
main,adult,non-IID,FedAMM,Benign,,456,aeod,0.021328065959463127,True,,,,
main,adult,non-IID,FedAMM,Benign,,456,aspd,0.10989291736535049,True,,,,
main,adult,non-IID,FedAMM,Benign,,789,accuracy,0.8369081612324856,True,,,,
main,adult,non-IID,FedAMM,Benign,,789,aeod,0.06680143558024987,True,,,,
main,adult,non-IID,FedAMM,Benign,,789,aspd,0.11343960910378734,True,,,,
main,adult,non-IID,FedAMM,Benign,,1001,accuracy,0.8282754498970715,True,,,,
main,adult,non-IID,FedAMM,Benign,,1001,aeod,0.04325648001800475,True,,,,
main,adult,non-IID,FedAMM,Benign,,1001,aspd,0.12080488294470845,True,,,,
main,adult,non-IID,FedAMM,Benign,,2024,accuracy,0.8298027757487217,True,,,,
main,adult,non-IID,FedAMM,Benign,,2024,aeod,0.009986570709981601,True,,,,
main,adult,non-IID,FedAMM,Benign,,2024,aspd,0.10224706663137488,True,,,,
main,adult,non-IID,FedAMM,Benign,,3141,accuracy,0.8159904376120592,True,,,,
main,adult,non-IID,FedAMM,Benign,,3141,aeod,0.020944208754343385,True,,,,
main,adult,non-IID,FedAMM,Benign,,3141,aspd,0.0727671337371185,True,,,,
main,adult,non-IID,FedAMM,Benign,,4242,accuracy,0.8331894548110764,True,,,,
main,adult,non-IID,FedAMM,Benign,,4242,aeod,0.004693682521530573,True,,,,
main,adult,non-IID,FedAMM,Benign,,4242,aspd,0.1057548595713252,True,,,,
main,adult,non-IID,FedAMM,Benign,,5050,accuracy,0.8296035593332891,True,,,,
main,adult,non-IID,FedAMM,Benign,,5050,aeod,0.07098273727887505,True,,,,
main,adult,non-IID,FedAMM,Benign,,5050,aspd,0.10588327174724696,True,,,,
main,adult,non-IID,FedAMM,Benign,,6060,accuracy,0.825818447440069,True,,,,
main,adult,non-IID,FedAMM,Benign,,6060,aeod,0.04780507365545733,True,,,,
main,adult,non-IID,FedAMM,Benign,,6060,aspd,0.08404614027424315,True,,,,
main,adult,non-IID,FedAMM,Benign,,7070,accuracy,0.8199747659207118,True,,,,
main,adult,non-IID,FedAMM,Benign,,7070,aeod,0.10159249330677556,True,,,,
main,adult,non-IID,FedAMM,Benign,,7070,aspd,0.09712943718634458,True,,,,
main,adult,non-IID,FedAMM,FedSA,,123,accuracy,0.8363769174579986,True,,65,performance_defended_max_acc,0.8363769174579986
main,adult,non-IID,FedAMM,FedSA,,123,aeod,0.027259002508209784,True,,65,performance_defended_max_acc,0.8363769174579986
main,adult,non-IID,FedAMM,FedSA,,123,aspd,0.11666379589922807,True,,65,performance_defended_max_acc,0.8363769174579986
main,adult,non-IID,FedAMM,FedSA,,456,accuracy,0.8376386214224052,True,,70,performance_defended_max_acc,0.8376386214224052
main,adult,non-IID,FedAMM,FedSA,,456,aeod,0.017965316902112338,True,,70,performance_defended_max_acc,0.8376386214224052
main,adult,non-IID,FedAMM,FedSA,,456,aspd,0.13061829349305953,True,,70,performance_defended_max_acc,0.8376386214224052
main,adult,non-IID,FedAMM,FedSA,,789,accuracy,0.8380370542532705,True,,66,performance_defended_max_acc,0.8380370542532705
main,adult,non-IID,FedAMM,FedSA,,789,aeod,0.0477348140777345,True,,66,performance_defended_max_acc,0.8380370542532705
main,adult,non-IID,FedAMM,FedSA,,789,aspd,0.11642173664056975,True,,66,performance_defended_max_acc,0.8380370542532705
main,adult,non-IID,FedAMM,FedSA,,1001,accuracy,0.8264825021581779,True,,70,performance_defended_max_acc,0.8264825021581779
main,adult,non-IID,FedAMM,FedSA,,1001,aeod,0.04668834622092011,True,,70,performance_defended_max_acc,0.8264825021581779
main,adult,non-IID,FedAMM,FedSA,,1001,aspd,0.10814640344196791,True,,70,performance_defended_max_acc,0.8264825021581779
main,adult,non-IID,FedAMM,FedSA,,2024,accuracy,0.8327910219802112,True,,68,performance_defended_max_acc,0.8327910219802112
main,adult,non-IID,FedAMM,FedSA,,2024,aeod,0.03669035118935754,True,,68,performance_defended_max_acc,0.8327910219802112
main,adult,non-IID,FedAMM,FedSA,,2024,aspd,0.12030110438483547,True,,68,performance_defended_max_acc,0.8327910219802112
main,adult,non-IID,FedAMM,FedSA,,3141,accuracy,0.8272129623480975,True,,70,performance_defended_max_acc,0.8272129623480975
main,adult,non-IID,FedAMM,FedSA,,3141,aeod,0.16677224643861055,True,,70,performance_defended_max_acc,0.8272129623480975
main,adult,non-IID,FedAMM,FedSA,,3141,aspd,0.14137729190456824,True,,70,performance_defended_max_acc,0.8272129623480975
main,adult,non-IID,FedAMM,FedSA,,4242,accuracy,0.8341855368882396,True,,69,performance_defended_max_acc,0.8341855368882396
main,adult,non-IID,FedAMM,FedSA,,4242,aeod,0.00605603287005807,True,,69,performance_defended_max_acc,0.8341855368882396
main,adult,non-IID,FedAMM,FedSA,,4242,aspd,0.1138583880715059,True,,69,performance_defended_max_acc,0.8341855368882396
main,adult,non-IID,FedAMM,FedSA,,5050,accuracy,0.8322597782057242,True,,70,performance_defended_max_acc,0.8322597782057242
main,adult,non-IID,FedAMM,FedSA,,5050,aeod,0.08664091243771599,True,,70,performance_defended_max_acc,0.8322597782057242
main,adult,non-IID,FedAMM,FedSA,,5050,aspd,0.10573523965130467,True,,70,performance_defended_max_acc,0.8322597782057242
main,adult,non-IID,FedAMM,FedSA,,6060,accuracy,0.8282754498970715,True,,69,performance_defended_max_acc,0.8282754498970715
main,adult,non-IID,FedAMM,FedSA,,6060,aeod,0.019965715610935575,True,,69,performance_defended_max_acc,0.8282754498970715
main,adult,non-IID,FedAMM,FedSA,,6060,aspd,0.09361713046111347,True,,69,performance_defended_max_acc,0.8282754498970715
main,adult,non-IID,FedAMM,FedSA,,7070,accuracy,0.8244903380038515,True,,70,performance_defended_max_acc,0.8244903380038515
main,adult,non-IID,FedAMM,FedSA,,7070,aeod,0.10723153843912919,True,,70,performance_defended_max_acc,0.8244903380038515
main,adult,non-IID,FedAMM,FedSA,,7070,aspd,0.13049820674332238,True,,70,performance_defended_max_acc,0.8244903380038515
main,adult,non-IID,FedAvg,Benign,,123,accuracy,0.8392323527458663,True,,,,
main,adult,non-IID,FedAvg,Benign,,123,aeod,0.013418436912897014,True,,,,
main,adult,non-IID,FedAvg,Benign,,123,aspd,0.12865614100086228,True,,,,
main,adult,non-IID,FedAvg,Benign,,456,accuracy,0.8394315691612989,True,,,,
main,adult,non-IID,FedAvg,Benign,,456,aeod,0.01539712941071636,True,,,,
main,adult,non-IID,FedAvg,Benign,,456,aspd,0.12968819292873207,True,,,,
main,adult,non-IID,FedAvg,Benign,,789,accuracy,0.8390995418022446,True,,,,
main,adult,non-IID,FedAvg,Benign,,789,aeod,0.07723298361580921,True,,,,
main,adult,non-IID,FedAvg,Benign,,789,aspd,0.10654222421443989,True,,,,
main,adult,non-IID,FedAvg,Benign,,1001,accuracy,0.8316621289594263,True,,,,
main,adult,non-IID,FedAvg,Benign,,1001,aeod,0.039802336388006454,True,,,,
main,adult,non-IID,FedAvg,Benign,,1001,aspd,0.11821850404007855,True,,,,
main,adult,non-IID,FedAvg,Benign,,2024,accuracy,0.833919915000996,True,,,,
main,adult,non-IID,FedAvg,Benign,,2024,aeod,0.008601371718292228,True,,,,
main,adult,non-IID,FedAvg,Benign,,2024,aspd,0.11613171089032749,True,,,,
main,adult,non-IID,FedAvg,Benign,,3141,accuracy,0.8248887708347168,True,,,,
main,adult,non-IID,FedAvg,Benign,,3141,aeod,0.05141573049111442,True,,,,
main,adult,non-IID,FedAvg,Benign,,3141,aspd,0.10851645358992175,True,,,,
main,adult,non-IID,FedAvg,Benign,,4242,accuracy,0.836642539345242,True,,,,
main,adult,non-IID,FedAvg,Benign,,4242,aeod,0.024532016946838597,True,,,,
main,adult,non-IID,FedAvg,Benign,,4242,aspd,0.11755499766506904,True,,,,
main,adult,non-IID,FedAvg,Benign,,5050,accuracy,0.8331894548110764,True,,,,
main,adult,non-IID,FedAvg,Benign,,5050,aeod,0.05855193296665073,True,,,,
main,adult,non-IID,FedAvg,Benign,,5050,aspd,0.11349549979619757,True,,,,
main,adult,non-IID,FedAvg,Benign,,6060,accuracy,0.8349824025499701,True,,,,
main,adult,non-IID,FedAvg,Benign,,6060,aeod,0.033531526272226775,True,,,,
main,adult,non-IID,FedAvg,Benign,,6060,aspd,0.10890542151351915,True,,,,
main,adult,non-IID,FedAvg,Benign,,7070,accuracy,0.8247559598910951,True,,,,
main,adult,non-IID,FedAvg,Benign,,7070,aeod,0.08168675538414,True,,,,
main,adult,non-IID,FedAvg,Benign,,7070,aspd,0.11004433981557034,True,,,,
main,adult,non-IID,FedAvg,FedSA,,123,accuracy,0.7967992562587157,True,,61,unprotected_min_acc,0.7967992562587157
main,adult,non-IID,FedAvg,FedSA,,123,aeod,0.12348434953625825,True,,61,unprotected_min_acc,0.7967992562587157
main,adult,non-IID,FedAvg,FedSA,,123,aspd,0.02121218285492625,True,,61,unprotected_min_acc,0.7967992562587157
main,adult,non-IID,FedAvg,FedSA,,456,accuracy,0.7436748788100139,True,,61,unprotected_min_acc,0.7436748788100139
main,adult,non-IID,FedAvg,FedSA,,456,aeod,0.2605830631005266,True,,61,unprotected_min_acc,0.7436748788100139
main,adult,non-IID,FedAvg,FedSA,,456,aspd,0.05067004835447653,True,,61,unprotected_min_acc,0.7436748788100139
main,adult,non-IID,FedAvg,FedSA,,789,accuracy,0.8059632113686168,True,,64,unprotected_min_acc,0.8059632113686168
main,adult,non-IID,FedAvg,FedSA,,789,aeod,0.12389391146493506,True,,64,unprotected_min_acc,0.8059632113686168
main,adult,non-IID,FedAvg,FedSA,,789,aspd,0.029104606632840965,True,,64,unprotected_min_acc,0.8059632113686168
main,adult,non-IID,FedAvg,FedSA,,1001,accuracy,0.4969121455607942,False,accuracy_not_above_majority_baseline,65,unprotected_min_acc,0.4969121455607942
main,adult,non-IID,FedAvg,FedSA,,1001,aeod,0.32943173710808155,False,accuracy_not_above_majority_baseline,65,unprotected_min_acc,0.4969121455607942
main,adult,non-IID,FedAvg,FedSA,,1001,aspd,0.2893704088033016,False,accuracy_not_above_majority_baseline,65,unprotected_min_acc,0.4969121455607942
main,adult,non-IID,FedAvg,FedSA,,2024,accuracy,0.8044358855169667,True,,62,unprotected_min_acc,0.8044358855169667
main,adult,non-IID,FedAvg,FedSA,,2024,aeod,0.05846567933871455,True,,62,unprotected_min_acc,0.8044358855169667
main,adult,non-IID,FedAvg,FedSA,,2024,aspd,0.04380757007130055,True,,62,unprotected_min_acc,0.8044358855169667
main,adult,non-IID,FedAvg,FedSA,,3141,accuracy,0.6228833255860283,False,accuracy_not_above_majority_baseline,61,unprotected_min_acc,0.6228833255860283
main,adult,non-IID,FedAvg,FedSA,,3141,aeod,0.13887633800226315,False,accuracy_not_above_majority_baseline,61,unprotected_min_acc,0.6228833255860283
main,adult,non-IID,FedAvg,FedSA,,3141,aspd,0.14583432385843664,False,accuracy_not_above_majority_baseline,61,unprotected_min_acc,0.6228833255860283
main,adult,non-IID,FedAvg,FedSA,,4242,accuracy,0.6086061491466896,False,accuracy_not_above_majority_baseline,70,unprotected_min_acc,0.6086061491466896
main,adult,non-IID,FedAvg,FedSA,,4242,aeod,0.6122042600152743,False,accuracy_not_above_majority_baseline,70,unprotected_min_acc,0.6086061491466896
main,adult,non-IID,FedAvg,FedSA,,4242,aspd,0.32413411856345753,False,accuracy_not_above_majority_baseline,70,unprotected_min_acc,0.6086061491466896
main,adult,non-IID,FedAvg,FedSA,,5050,accuracy,0.5708214356863005,False,accuracy_not_above_majority_baseline,63,unprotected_min_acc,0.5708214356863005
main,adult,non-IID,FedAvg,FedSA,,5050,aeod,0.614888975586796,False,accuracy_not_above_majority_baseline,63,unprotected_min_acc,0.5708214356863005
main,adult,non-IID,FedAvg,FedSA,,5050,aspd,0.33519523966976106,False,accuracy_not_above_majority_baseline,63,unprotected_min_acc,0.5708214356863005
main,adult,non-IID,FedAvg,FedSA,,6060,accuracy,0.77667839830002,True,,68,unprotected_min_acc,0.77667839830002
main,adult,non-IID,FedAvg,FedSA,,6060,aeod,0.224594165256239,True,,68,unprotected_min_acc,0.77667839830002
main,adult,non-IID,FedAvg,FedSA,,6060,aspd,0.028591339093244336,True,,68,unprotected_min_acc,0.77667839830002
main,adult,non-IID,FedAvg,FedSA,,7070,accuracy,0.7899594926621953,True,,63,unprotected_min_acc,0.7899594926621953
main,adult,non-IID,FedAvg,FedSA,,7070,aeod,0.2815883919753281,True,,63,unprotected_min_acc,0.7899594926621953
main,adult,non-IID,FedAvg,FedSA,,7070,aspd,0.0292113927619507,True,,63,unprotected_min_acc,0.7899594926621953
main,adult,non-IID,FedDNA,Benign,,123,accuracy,0.8343183478318613,True,,,,
main,adult,non-IID,FedDNA,Benign,,123,aeod,0.0337126017692847,True,,,,
main,adult,non-IID,FedDNA,Benign,,123,aspd,0.1248896780724203,True,,,,
main,adult,non-IID,FedDNA,Benign,,456,accuracy,0.836111295570755,True,,,,
main,adult,non-IID,FedDNA,Benign,,456,aeod,0.016601824121426856,True,,,,
main,adult,non-IID,FedDNA,Benign,,456,aspd,0.10804102160161218,True,,,,
main,adult,non-IID,FedDNA,Benign,,789,accuracy,0.839896407463975,True,,,,
main,adult,non-IID,FedDNA,Benign,,789,aeod,0.007646298434125343,True,,,,
main,adult,non-IID,FedDNA,Benign,,789,aspd,0.13043854453254417,True,,,,
main,adult,non-IID,FedDNA,Benign,,1001,accuracy,0.8249551763065277,True,,,,
main,adult,non-IID,FedDNA,Benign,,1001,aeod,0.0488464005675604,True,,,,
main,adult,non-IID,FedDNA,Benign,,1001,aspd,0.13405737659040215,True,,,,
main,adult,non-IID,FedDNA,Benign,,2024,accuracy,0.8308652632976957,True,,,,
main,adult,non-IID,FedDNA,Benign,,2024,aeod,0.03696167882690499,True,,,,
main,adult,non-IID,FedDNA,Benign,,2024,aspd,0.10901718283707172,True,,,,
main,adult,non-IID,FedDNA,Benign,,3141,accuracy,0.8230958230958231,True,,,,
main,adult,non-IID,FedDNA,Benign,,3141,aeod,0.14586288186508906,True,,,,
main,adult,non-IID,FedDNA,Benign,,3141,aspd,0.11277269231323231,True,,,,
main,adult,non-IID,FedDNA,Benign,,4242,accuracy,0.8329238329238329,True,,,,
main,adult,non-IID,FedDNA,Benign,,4242,aeod,0.025826392581959512,True,,,,
main,adult,non-IID,FedDNA,Benign,,4242,aspd,0.12358950729887105,True,,,,
main,adult,non-IID,FedDNA,Benign,,5050,accuracy,0.8141974898731655,True,,,,
main,adult,non-IID,FedDNA,Benign,,5050,aeod,0.04607543136810255,True,,,,
main,adult,non-IID,FedDNA,Benign,,5050,aspd,0.08637348808755893,True,,,,
main,adult,non-IID,FedDNA,Benign,,6060,accuracy,0.8289395046151803,True,,,,
main,adult,non-IID,FedDNA,Benign,,6060,aeod,0.026328491515441976,True,,,,
main,adult,non-IID,FedDNA,Benign,,6060,aspd,0.09493732238004154,True,,,,
main,adult,non-IID,FedDNA,Benign,,7070,accuracy,0.8256192310246364,True,,,,
main,adult,non-IID,FedDNA,Benign,,7070,aeod,0.13422778155097737,True,,,,
main,adult,non-IID,FedDNA,Benign,,7070,aspd,0.11602331985978458,True,,,,
main,adult,non-IID,FedDNA,FedSA,,123,accuracy,0.8369081612324856,True,,66,performance_defended_max_acc,0.8369081612324856
main,adult,non-IID,FedDNA,FedSA,,123,aeod,0.01280495084400024,True,,66,performance_defended_max_acc,0.8369081612324856
main,adult,non-IID,FedDNA,FedSA,,123,aspd,0.12825547735807064,True,,66,performance_defended_max_acc,0.8369081612324856
main,adult,non-IID,FedDNA,FedSA,,456,accuracy,0.8345839697191049,True,,70,performance_defended_max_acc,0.8345839697191049
main,adult,non-IID,FedDNA,FedSA,,456,aeod,0.02357808609482981,True,,70,performance_defended_max_acc,0.8345839697191049
main,adult,non-IID,FedDNA,FedSA,,456,aspd,0.11132828102337664,True,,70,performance_defended_max_acc,0.8345839697191049
main,adult,non-IID,FedDNA,FedSA,,789,accuracy,0.8402284348230294,True,,69,performance_defended_max_acc,0.8402284348230294
main,adult,non-IID,FedDNA,FedSA,,789,aeod,0.02610114751598125,True,,69,performance_defended_max_acc,0.8402284348230294
main,adult,non-IID,FedDNA,FedSA,,789,aspd,0.13564037111901228,True,,69,performance_defended_max_acc,0.8402284348230294
main,adult,non-IID,FedDNA,FedSA,,1001,accuracy,0.8273457732917192,True,,68,performance_defended_max_acc,0.8273457732917192
main,adult,non-IID,FedDNA,FedSA,,1001,aeod,0.03300772112774042,True,,68,performance_defended_max_acc,0.8273457732917192
main,adult,non-IID,FedDNA,FedSA,,1001,aspd,0.11211414107139767,True,,68,performance_defended_max_acc,0.8273457732917192
main,adult,non-IID,FedDNA,FedSA,,2024,accuracy,0.8347167806627266,True,,70,performance_defended_max_acc,0.8347167806627266
main,adult,non-IID,FedDNA,FedSA,,2024,aeod,0.0022608732408687104,True,,70,performance_defended_max_acc,0.8347167806627266
main,adult,non-IID,FedDNA,FedSA,,2024,aspd,0.11766790248089273,True,,70,performance_defended_max_acc,0.8347167806627266
main,adult,non-IID,FedDNA,FedSA,,3141,accuracy,0.8222989574340925,True,,69,performance_defended_max_acc,0.8222989574340925
main,adult,non-IID,FedDNA,FedSA,,3141,aeod,0.16343006116010556,True,,69,performance_defended_max_acc,0.8222989574340925
main,adult,non-IID,FedDNA,FedSA,,3141,aspd,0.12010472463321882,True,,69,performance_defended_max_acc,0.8222989574340925
main,adult,non-IID,FedDNA,FedSA,,4242,accuracy,0.836111295570755,True,,70,performance_defended_max_acc,0.836111295570755
main,adult,non-IID,FedDNA,FedSA,,4242,aeod,0.004466909738148894,True,,70,performance_defended_max_acc,0.836111295570755
main,adult,non-IID,FedDNA,FedSA,,4242,aspd,0.13752021222895572,True,,70,performance_defended_max_acc,0.836111295570755
main,adult,non-IID,FedDNA,FedSA,,5050,accuracy,0.8151271664785178,True,,70,performance_defended_max_acc,0.8151271664785178
main,adult,non-IID,FedDNA,FedSA,,5050,aeod,0.07446144320027237,True,,70,performance_defended_max_acc,0.8151271664785178
main,adult,non-IID,FedDNA,FedSA,,5050,aspd,0.0681045740934644,True,,70,performance_defended_max_acc,0.8151271664785178
main,adult,non-IID,FedDNA,FedSA,,6060,accuracy,0.8311308851849393,True,,69,performance_defended_max_acc,0.8311308851849393
main,adult,non-IID,FedDNA,FedSA,,6060,aeod,0.030463524711664358,True,,69,performance_defended_max_acc,0.8311308851849393
main,adult,non-IID,FedDNA,FedSA,,6060,aspd,0.11128599187061251,True,,69,performance_defended_max_acc,0.8311308851849393
main,adult,non-IID,FedDNA,FedSA,,7070,accuracy,0.8309316687695066,True,,70,performance_defended_max_acc,0.8309316687695066
main,adult,non-IID,FedDNA,FedSA,,7070,aeod,0.06443945709338977,True,,70,performance_defended_max_acc,0.8309316687695066
main,adult,non-IID,FedDNA,FedSA,,7070,aspd,0.13632841242468147,True,,70,performance_defended_max_acc,0.8309316687695066
main,adult,non-IID,GuardFed,Benign,,123,accuracy,0.8120725147752175,True,,,,
main,adult,non-IID,GuardFed,Benign,,123,aeod,0.006766054456313675,True,,,,
main,adult,non-IID,GuardFed,Benign,,123,aspd,0.057535475644035904,True,,,,
main,adult,non-IID,GuardFed,Benign,,456,accuracy,0.8269473404608539,True,,,,
main,adult,non-IID,GuardFed,Benign,,456,aeod,0.02680431450928822,True,,,,
main,adult,non-IID,GuardFed,Benign,,456,aspd,0.10476020184684835,True,,,,
main,adult,non-IID,GuardFed,Benign,,789,accuracy,0.8394979746331098,True,,,,
main,adult,non-IID,GuardFed,Benign,,789,aeod,0.02005539653534605,True,,,,
main,adult,non-IID,GuardFed,Benign,,789,aspd,0.12914780255491481,True,,,,
main,adult,non-IID,GuardFed,Benign,,1001,accuracy,0.8367089448170529,True,,,,
main,adult,non-IID,GuardFed,Benign,,1001,aeod,0.002669863953466467,True,,,,
main,adult,non-IID,GuardFed,Benign,,1001,aspd,0.11748135275055431,True,,,,
main,adult,non-IID,GuardFed,Benign,,2024,accuracy,0.8240254997011753,True,,,,
main,adult,non-IID,GuardFed,Benign,,2024,aeod,0.10854704906917484,True,,,,
main,adult,non-IID,GuardFed,Benign,,2024,aspd,0.10801608544559427,True,,,,
main,adult,non-IID,GuardFed,Benign,,3141,accuracy,0.822630984793147,True,,,,
main,adult,non-IID,GuardFed,Benign,,3141,aeod,0.02451145316799297,True,,,,
main,adult,non-IID,GuardFed,Benign,,3141,aspd,0.08225693597273818,True,,,,
main,adult,non-IID,GuardFed,Benign,,4242,accuracy,0.835580051796268,True,,,,
main,adult,non-IID,GuardFed,Benign,,4242,aeod,0.03734953454457801,True,,,,
main,adult,non-IID,GuardFed,Benign,,4242,aspd,0.11169496087832081,True,,,,
main,adult,non-IID,GuardFed,Benign,,5050,accuracy,0.8105451889235673,True,,,,
main,adult,non-IID,GuardFed,Benign,,5050,aeod,0.08322846758148827,True,,,,
main,adult,non-IID,GuardFed,Benign,,5050,aspd,0.07617407868326183,True,,,,
main,adult,non-IID,GuardFed,Benign,,6060,accuracy,0.831794939903048,True,,,,
main,adult,non-IID,GuardFed,Benign,,6060,aeod,0.0027161324558693245,True,,,,
main,adult,non-IID,GuardFed,Benign,,6060,aspd,0.11776080621260555,True,,,,
main,adult,non-IID,GuardFed,Benign,,7070,accuracy,0.822630984793147,True,,,,
main,adult,non-IID,GuardFed,Benign,,7070,aeod,0.03830118053227061,True,,,,
main,adult,non-IID,GuardFed,Benign,,7070,aspd,0.08641007984023527,True,,,,
main,adult,non-IID,GuardFed,FedSA,,123,accuracy,0.8352480244372136,True,,62,performance_defended_max_acc,0.8352480244372136
main,adult,non-IID,GuardFed,FedSA,,123,aeod,0.02171420802889895,True,,62,performance_defended_max_acc,0.8352480244372136
main,adult,non-IID,GuardFed,FedSA,,123,aspd,0.12177951952380649,True,,62,performance_defended_max_acc,0.8352480244372136
main,adult,non-IID,GuardFed,FedSA,,456,accuracy,0.8346503751909158,True,,68,performance_defended_max_acc,0.8346503751909158
main,adult,non-IID,GuardFed,FedSA,,456,aeod,0.033873684703575935,True,,68,performance_defended_max_acc,0.8346503751909158
main,adult,non-IID,GuardFed,FedSA,,456,aspd,0.09850212944340535,True,,68,performance_defended_max_acc,0.8346503751909158
main,adult,non-IID,GuardFed,FedSA,,789,accuracy,0.8404940567102729,True,,61,performance_defended_max_acc,0.8404940567102729
main,adult,non-IID,GuardFed,FedSA,,789,aeod,0.014191863483926759,True,,61,performance_defended_max_acc,0.8404940567102729
main,adult,non-IID,GuardFed,FedSA,,789,aspd,0.12327757464406598,True,,61,performance_defended_max_acc,0.8404940567102729
main,adult,non-IID,GuardFed,FedSA,,1001,accuracy,0.8329902383956438,True,,65,performance_defended_max_acc,0.8329902383956438
main,adult,non-IID,GuardFed,FedSA,,1001,aeod,0.011624247208609884,True,,65,performance_defended_max_acc,0.8329902383956438
main,adult,non-IID,GuardFed,FedSA,,1001,aspd,0.11404947164839305,True,,65,performance_defended_max_acc,0.8329902383956438
main,adult,non-IID,GuardFed,FedSA,,2024,accuracy,0.8259512583836908,True,,70,performance_defended_max_acc,0.8259512583836908
main,adult,non-IID,GuardFed,FedSA,,2024,aeod,0.10579892851287892,True,,70,performance_defended_max_acc,0.8259512583836908
main,adult,non-IID,GuardFed,FedSA,,2024,aspd,0.12894614668983662,True,,70,performance_defended_max_acc,0.8259512583836908
main,adult,non-IID,GuardFed,FedSA,,3141,accuracy,0.8216349027159838,True,,67,performance_defended_max_acc,0.8216349027159838
main,adult,non-IID,GuardFed,FedSA,,3141,aeod,0.02273668481039337,True,,67,performance_defended_max_acc,0.8216349027159838
main,adult,non-IID,GuardFed,FedSA,,3141,aspd,0.10283957617923443,True,,67,performance_defended_max_acc,0.8216349027159838
main,adult,non-IID,GuardFed,FedSA,,4242,accuracy,0.8349159970781592,True,,63,performance_defended_max_acc,0.8349159970781592
main,adult,non-IID,GuardFed,FedSA,,4242,aeod,0.01460142541260362,True,,63,performance_defended_max_acc,0.8349159970781592
main,adult,non-IID,GuardFed,FedSA,,4242,aspd,0.12340823368199415,True,,63,performance_defended_max_acc,0.8349159970781592
main,adult,non-IID,GuardFed,FedSA,,5050,accuracy,0.8172521415764659,True,,70,performance_defended_max_acc,0.8172521415764659
main,adult,non-IID,GuardFed,FedSA,,5050,aeod,0.09841196217864101,True,,70,performance_defended_max_acc,0.8172521415764659
main,adult,non-IID,GuardFed,FedSA,,5050,aspd,0.09991370043768472,True,,70,performance_defended_max_acc,0.8172521415764659
main,adult,non-IID,GuardFed,FedSA,,6060,accuracy,0.825353609137393,True,,69,performance_defended_max_acc,0.825353609137393
main,adult,non-IID,GuardFed,FedSA,,6060,aeod,0.012577606844539513,True,,69,performance_defended_max_acc,0.825353609137393
main,adult,non-IID,GuardFed,FedSA,,6060,aspd,0.09776953206169771,True,,69,performance_defended_max_acc,0.825353609137393
main,adult,non-IID,GuardFed,FedSA,,7070,accuracy,0.8164552759147353,True,,62,performance_defended_max_acc,0.8164552759147353
main,adult,non-IID,GuardFed,FedSA,,7070,aeod,0.07389136955338332,True,,62,performance_defended_max_acc,0.8164552759147353
main,adult,non-IID,GuardFed,FedSA,,7070,aspd,0.09960782628578985,True,,62,performance_defended_max_acc,0.8164552759147353
main,adult,non-IID,GuardFed-AD2,Benign,,123,accuracy,0.8191779002589813,True,,,,
main,adult,non-IID,GuardFed-AD2,Benign,,123,aeod,0.02040041104709045,True,,,,
main,adult,non-IID,GuardFed-AD2,Benign,,123,aspd,0.0697702611684188,True,,,,
main,adult,non-IID,GuardFed-AD2,Benign,,456,accuracy,0.8115412710007305,True,,,,
main,adult,non-IID,GuardFed-AD2,Benign,,456,aeod,0.07042123187317179,True,,,,
main,adult,non-IID,GuardFed-AD2,Benign,,456,aspd,0.043162941349398715,True,,,,
main,adult,non-IID,GuardFed-AD2,Benign,,789,accuracy,0.8007835845673683,True,,,,
main,adult,non-IID,GuardFed-AD2,Benign,,789,aeod,0.016594398312399228,True,,,,
main,adult,non-IID,GuardFed-AD2,Benign,,789,aspd,0.04453976622764989,True,,,,
main,adult,non-IID,GuardFed-AD2,Benign,,1001,accuracy,0.828009828009828,True,,,,
main,adult,non-IID,GuardFed-AD2,Benign,,1001,aeod,0.007303568786697079,True,,,,
main,adult,non-IID,GuardFed-AD2,Benign,,1001,aspd,0.09215871640625334,True,,,,
main,adult,non-IID,GuardFed-AD2,Benign,,2024,accuracy,0.8021116940035858,True,,,,
main,adult,non-IID,GuardFed-AD2,Benign,,2024,aeod,0.0900899151230028,True,,,,
main,adult,non-IID,GuardFed-AD2,Benign,,2024,aspd,0.060804218515515124,True,,,,
main,adult,non-IID,GuardFed-AD2,Benign,,3141,accuracy,0.8029085596653164,True,,,,
main,adult,non-IID,GuardFed-AD2,Benign,,3141,aeod,0.026697497102506434,True,,,,
main,adult,non-IID,GuardFed-AD2,Benign,,3141,aspd,0.04116150889462454,True,,,,
main,adult,non-IID,GuardFed-AD2,Benign,,4242,accuracy,0.816123248555681,True,,,,
main,adult,non-IID,GuardFed-AD2,Benign,,4242,aeod,0.028209506063744283,True,,,,
main,adult,non-IID,GuardFed-AD2,Benign,,4242,aspd,0.06805582521243178,True,,,,
main,adult,non-IID,GuardFed-AD2,Benign,,5050,accuracy,0.8015804502290989,True,,,,
main,adult,non-IID,GuardFed-AD2,Benign,,5050,aeod,0.053332160436317666,True,,,,
main,adult,non-IID,GuardFed-AD2,Benign,,5050,aspd,0.037208496235844116,True,,,,
main,adult,non-IID,GuardFed-AD2,Benign,,6060,accuracy,0.8146623281758417,True,,,,
main,adult,non-IID,GuardFed-AD2,Benign,,6060,aeod,0.02614113264151452,True,,,,
main,adult,non-IID,GuardFed-AD2,Benign,,6060,aspd,0.06521454783767819,True,,,,
main,adult,non-IID,GuardFed-AD2,Benign,,7070,accuracy,0.8090842685437281,True,,,,
main,adult,non-IID,GuardFed-AD2,Benign,,7070,aeod,0.018436570167326333,True,,,,
main,adult,non-IID,GuardFed-AD2,Benign,,7070,aspd,0.056331217792386666,True,,,,
main,adult,non-IID,GuardFed-AD2,FedSA,,123,accuracy,0.821502091772362,True,,67,performance_defended_max_acc,0.821502091772362
main,adult,non-IID,GuardFed-AD2,FedSA,,123,aeod,0.038012716412351766,True,,67,performance_defended_max_acc,0.821502091772362
main,adult,non-IID,GuardFed-AD2,FedSA,,123,aspd,0.06941038208329767,True,,67,performance_defended_max_acc,0.821502091772362
main,adult,non-IID,GuardFed-AD2,FedSA,,456,accuracy,0.830732452354074,True,,63,performance_defended_max_acc,0.830732452354074
main,adult,non-IID,GuardFed-AD2,FedSA,,456,aeod,0.02646615459049234,True,,63,performance_defended_max_acc,0.830732452354074
main,adult,non-IID,GuardFed-AD2,FedSA,,456,aspd,0.0886562196410325,True,,63,performance_defended_max_acc,0.830732452354074
main,adult,non-IID,GuardFed-AD2,FedSA,,789,accuracy,0.8302676140513978,True,,66,performance_defended_max_acc,0.8302676140513978
main,adult,non-IID,GuardFed-AD2,FedSA,,789,aeod,0.02185358475218646,True,,66,performance_defended_max_acc,0.8302676140513978
main,adult,non-IID,GuardFed-AD2,FedSA,,789,aspd,0.08404046293542329,True,,66,performance_defended_max_acc,0.8302676140513978
main,adult,non-IID,GuardFed-AD2,FedSA,,1001,accuracy,0.8228966066803904,True,,67,performance_defended_max_acc,0.8228966066803904
main,adult,non-IID,GuardFed-AD2,FedSA,,1001,aeod,0.004598289436329672,True,,67,performance_defended_max_acc,0.8228966066803904
main,adult,non-IID,GuardFed-AD2,FedSA,,1001,aspd,0.07631380541428745,True,,67,performance_defended_max_acc,0.8228966066803904
main,adult,non-IID,GuardFed-AD2,FedSA,,2024,accuracy,0.8174513579918985,True,,69,performance_defended_max_acc,0.8174513579918985
main,adult,non-IID,GuardFed-AD2,FedSA,,2024,aeod,0.0813206058774707,True,,69,performance_defended_max_acc,0.8174513579918985
main,adult,non-IID,GuardFed-AD2,FedSA,,2024,aspd,0.09204051541570016,True,,69,performance_defended_max_acc,0.8174513579918985
main,adult,non-IID,GuardFed-AD2,FedSA,,3141,accuracy,0.8102795670363238,True,,70,performance_defended_max_acc,0.8102795670363238
main,adult,non-IID,GuardFed-AD2,FedSA,,3141,aeod,0.06678429909787847,True,,70,performance_defended_max_acc,0.8102795670363238
main,adult,non-IID,GuardFed-AD2,FedSA,,3141,aspd,0.03883570579893819,True,,70,performance_defended_max_acc,0.8102795670363238
main,adult,non-IID,GuardFed-AD2,FedSA,,4242,accuracy,0.8144631117604091,True,,68,performance_defended_max_acc,0.8144631117604091
main,adult,non-IID,GuardFed-AD2,FedSA,,4242,aeod,0.03484532325403522,True,,68,performance_defended_max_acc,0.8144631117604091
main,adult,non-IID,GuardFed-AD2,FedSA,,4242,aspd,0.06888925052667849,True,,68,performance_defended_max_acc,0.8144631117604091
main,adult,non-IID,GuardFed-AD2,FedSA,,5050,accuracy,0.8122717311906501,True,,69,performance_defended_max_acc,0.8122717311906501
main,adult,non-IID,GuardFed-AD2,FedSA,,5050,aeod,0.05296601092964848,True,,69,performance_defended_max_acc,0.8122717311906501
main,adult,non-IID,GuardFed-AD2,FedSA,,5050,aspd,0.055925659200223854,True,,69,performance_defended_max_acc,0.8122717311906501
main,adult,non-IID,GuardFed-AD2,FedSA,,6060,accuracy,0.8251543927219603,True,,68,performance_defended_max_acc,0.8251543927219603
main,adult,non-IID,GuardFed-AD2,FedSA,,6060,aeod,0.033897104562816915,True,,68,performance_defended_max_acc,0.8251543927219603
main,adult,non-IID,GuardFed-AD2,FedSA,,6060,aspd,0.08397741037036752,True,,68,performance_defended_max_acc,0.8251543927219603
main,adult,non-IID,GuardFed-AD2,FedSA,,7070,accuracy,0.8133342187396242,True,,63,performance_defended_max_acc,0.8133342187396242
main,adult,non-IID,GuardFed-AD2,FedSA,,7070,aeod,0.02455772167039577,True,,63,performance_defended_max_acc,0.8133342187396242
main,adult,non-IID,GuardFed-AD2,FedSA,,7070,aspd,0.059868861898994014,True,,63,performance_defended_max_acc,0.8133342187396242
main,adult,non-IID,GuardFed-AD2+,Benign,,123,accuracy,0.8206388206388207,True,,,,
main,adult,non-IID,GuardFed-AD2+,Benign,,123,aeod,0.01901406962324298,True,,,,
main,adult,non-IID,GuardFed-AD2+,Benign,,123,aspd,0.07097867170252639,True,,,,
main,adult,non-IID,GuardFed-AD2+,Benign,,456,accuracy,0.8114748655289196,True,,,,
main,adult,non-IID,GuardFed-AD2+,Benign,,456,aeod,0.016970258492412238,True,,,,
main,adult,non-IID,GuardFed-AD2+,Benign,,456,aspd,0.052099513999735746,True,,,,
main,adult,non-IID,GuardFed-AD2+,Benign,,789,accuracy,0.800982800982801,True,,,,
main,adult,non-IID,GuardFed-AD2+,Benign,,789,aeod,0.019457904516662655,True,,,,
main,adult,non-IID,GuardFed-AD2+,Benign,,789,aspd,0.04480977083251333,True,,,,
main,adult,non-IID,GuardFed-AD2+,Benign,,1001,accuracy,0.8257520419682581,True,,,,
main,adult,non-IID,GuardFed-AD2+,Benign,,1001,aeod,0.07129919098666726,True,,,,
main,adult,non-IID,GuardFed-AD2+,Benign,,1001,aspd,0.10100956725879104,True,,,,
main,adult,non-IID,GuardFed-AD2+,Benign,,2024,accuracy,0.8027093432498837,True,,,,
main,adult,non-IID,GuardFed-AD2+,Benign,,2024,aeod,0.11249757947186503,True,,,,
main,adult,non-IID,GuardFed-AD2+,Benign,,2024,aspd,0.06372668384151935,True,,,,
main,adult,non-IID,GuardFed-AD2+,Benign,,3141,accuracy,0.8078889700511322,True,,,,
main,adult,non-IID,GuardFed-AD2+,Benign,,3141,aeod,0.04430980246776772,True,,,,
main,adult,non-IID,GuardFed-AD2+,Benign,,3141,aspd,0.04018231840770988,True,,,,
main,adult,non-IID,GuardFed-AD2+,Benign,,4242,accuracy,0.8183810345972509,True,,,,
main,adult,non-IID,GuardFed-AD2+,Benign,,4242,aeod,0.02857337070609728,True,,,,
main,adult,non-IID,GuardFed-AD2+,Benign,,4242,aspd,0.07339095892419284,True,,,,
main,adult,non-IID,GuardFed-AD2+,Benign,,5050,accuracy,0.8134670296832459,True,,,,
main,adult,non-IID,GuardFed-AD2+,Benign,,5050,aeod,0.010311021442880375,True,,,,
main,adult,non-IID,GuardFed-AD2+,Benign,,5050,aspd,0.06283851132713353,True,,,,
main,adult,non-IID,GuardFed-AD2+,Benign,,6060,accuracy,0.8385682980277575,True,,,,
main,adult,non-IID,GuardFed-AD2+,Benign,,6060,aeod,0.043416420520137944,True,,,,
main,adult,non-IID,GuardFed-AD2+,Benign,,6060,aspd,0.11669210234825567,True,,,,
main,adult,non-IID,GuardFed-AD2+,Benign,,7070,accuracy,0.823162228567634,True,,,,
main,adult,non-IID,GuardFed-AD2+,Benign,,7070,aeod,0.04459541050729127,True,,,,
main,adult,non-IID,GuardFed-AD2+,Benign,,7070,aspd,0.08055154764858066,True,,,,
main,adult,non-IID,GuardFed-AD2+,FedSA,,123,accuracy,0.8232950395112557,True,,61,performance_defended_max_acc,0.8232950395112557
main,adult,non-IID,GuardFed-AD2+,FedSA,,123,aeod,0.04078539926004665,True,,61,performance_defended_max_acc,0.8232950395112557
main,adult,non-IID,GuardFed-AD2+,FedSA,,123,aspd,0.06633988466135116,True,,61,performance_defended_max_acc,0.8232950395112557
main,adult,non-IID,GuardFed-AD2+,FedSA,,456,accuracy,0.831794939903048,True,,63,performance_defended_max_acc,0.831794939903048
main,adult,non-IID,GuardFed-AD2+,FedSA,,456,aeod,0.03162480700036724,True,,63,performance_defended_max_acc,0.831794939903048
main,adult,non-IID,GuardFed-AD2+,FedSA,,456,aspd,0.08922190727369014,True,,63,performance_defended_max_acc,0.831794939903048
main,adult,non-IID,GuardFed-AD2+,FedSA,,789,accuracy,0.8297363702769108,True,,69,performance_defended_max_acc,0.8297363702769108
main,adult,non-IID,GuardFed-AD2+,FedSA,,789,aeod,0.02303543081973508,True,,69,performance_defended_max_acc,0.8297363702769108
main,adult,non-IID,GuardFed-AD2+,FedSA,,789,aspd,0.08177997932806708,True,,69,performance_defended_max_acc,0.8297363702769108
main,adult,non-IID,GuardFed-AD2+,FedSA,,1001,accuracy,0.8265489076299887,True,,64,performance_defended_max_acc,0.8265489076299887
main,adult,non-IID,GuardFed-AD2+,FedSA,,1001,aeod,0.036869713038178376,True,,64,performance_defended_max_acc,0.8265489076299887
main,adult,non-IID,GuardFed-AD2+,FedSA,,1001,aspd,0.0943119524753378,True,,64,performance_defended_max_acc,0.8265489076299887
main,adult,non-IID,GuardFed-AD2+,FedSA,,2024,accuracy,0.8262832857427452,True,,70,performance_defended_max_acc,0.8262832857427452
main,adult,non-IID,GuardFed-AD2+,FedSA,,2024,aeod,0.10134230066415295,True,,70,performance_defended_max_acc,0.8262832857427452
main,adult,non-IID,GuardFed-AD2+,FedSA,,2024,aspd,0.0988880480542797,True,,70,performance_defended_max_acc,0.8262832857427452
main,adult,non-IID,GuardFed-AD2+,FedSA,,3141,accuracy,0.8244239325320406,True,,67,performance_defended_max_acc,0.8244239325320406
main,adult,non-IID,GuardFed-AD2+,FedSA,,3141,aeod,0.05132947686317829,True,,67,performance_defended_max_acc,0.8244239325320406
main,adult,non-IID,GuardFed-AD2+,FedSA,,3141,aspd,0.06639615651785177,True,,67,performance_defended_max_acc,0.8244239325320406
main,adult,non-IID,GuardFed-AD2+,FedSA,,4242,accuracy,0.8205724151670097,True,,65,performance_defended_max_acc,0.8205724151670097
main,adult,non-IID,GuardFed-AD2+,FedSA,,4242,aeod,0.005234052932309163,True,,65,performance_defended_max_acc,0.8205724151670097
main,adult,non-IID,GuardFed-AD2+,FedSA,,4242,aspd,0.06998210815759764,True,,65,performance_defended_max_acc,0.8205724151670097
main,adult,non-IID,GuardFed-AD2+,FedSA,,5050,accuracy,0.8292715319742346,True,,70,performance_defended_max_acc,0.8292715319742346
main,adult,non-IID,GuardFed-AD2+,FedSA,,5050,aeod,0.04385168717237187,True,,70,performance_defended_max_acc,0.8292715319742346
main,adult,non-IID,GuardFed-AD2+,FedSA,,5050,aspd,0.08680055235892627,True,,70,performance_defended_max_acc,0.8292715319742346
main,adult,non-IID,GuardFed-AD2+,FedSA,,6060,accuracy,0.8370409721761073,True,,68,performance_defended_max_acc,0.8370409721761073
main,adult,non-IID,GuardFed-AD2+,FedSA,,6060,aeod,0.026485575937179928,True,,68,performance_defended_max_acc,0.8370409721761073
main,adult,non-IID,GuardFed-AD2+,FedSA,,6060,aspd,0.1122976414890131,True,,68,performance_defended_max_acc,0.8370409721761073
main,adult,non-IID,GuardFed-AD2+,FedSA,,7070,accuracy,0.8343183478318613,True,,68,performance_defended_max_acc,0.8343183478318613
main,adult,non-IID,GuardFed-AD2+,FedSA,,7070,aeod,0.0014903027502340405,True,,68,performance_defended_max_acc,0.8343183478318613
main,adult,non-IID,GuardFed-AD2+,FedSA,,7070,aspd,0.10081962717417503,True,,68,performance_defended_max_acc,0.8343183478318613
main,adult,non-IID,Huber-BRFL,Benign,,123,accuracy,0.8372401885915399,True,,,,
main,adult,non-IID,Huber-BRFL,Benign,,123,aeod,0.010645754065202073,True,,,,
main,adult,non-IID,Huber-BRFL,Benign,,123,aspd,0.1323244240841299,True,,,,
main,adult,non-IID,Huber-BRFL,Benign,,456,accuracy,0.8367753502888639,True,,,,
main,adult,non-IID,Huber-BRFL,Benign,,456,aeod,0.013624645917432954,True,,,,
main,adult,non-IID,Huber-BRFL,Benign,,456,aspd,0.12629029561441826,True,,,,
main,adult,non-IID,Huber-BRFL,Benign,,789,accuracy,0.8371737831197291,True,,,,
main,adult,non-IID,Huber-BRFL,Benign,,789,aeod,0.07702791704343126,True,,,,
main,adult,non-IID,Huber-BRFL,Benign,,789,aspd,0.11144497741883623,True,,,,
main,adult,non-IID,Huber-BRFL,Benign,,1001,accuracy,0.8289395046151803,True,,,,
main,adult,non-IID,Huber-BRFL,Benign,,1001,aeod,0.04782449500214492,True,,,,
main,adult,non-IID,Huber-BRFL,Benign,,1001,aspd,0.11477340256236157,True,,,,
main,adult,non-IID,Huber-BRFL,Benign,,2024,accuracy,0.8346503751909158,True,,,,
main,adult,non-IID,Huber-BRFL,Benign,,2024,aeod,0.020669453820321648,True,,,,
main,adult,non-IID,Huber-BRFL,Benign,,2024,aspd,0.11041101967051453,True,,,,
main,adult,non-IID,Huber-BRFL,Benign,,3141,accuracy,0.8254864200810147,True,,,,
main,adult,non-IID,Huber-BRFL,Benign,,3141,aeod,0.13281973391612606,True,,,,
main,adult,non-IID,Huber-BRFL,Benign,,3141,aspd,0.12804399147171427,True,,,,
main,adult,non-IID,Huber-BRFL,Benign,,4242,accuracy,0.8353808353808354,True,,,,
main,adult,non-IID,Huber-BRFL,Benign,,4242,aeod,0.009442773002728722,True,,,,
main,adult,non-IID,Huber-BRFL,Benign,,4242,aspd,0.11305932770919698,True,,,,
main,adult,non-IID,Huber-BRFL,Benign,,5050,accuracy,0.8328574274520221,True,,,,
main,adult,non-IID,Huber-BRFL,Benign,,5050,aeod,0.06325589737760406,True,,,,
main,adult,non-IID,Huber-BRFL,Benign,,5050,aspd,0.11198310086937913,True,,,,
main,adult,non-IID,Huber-BRFL,Benign,,6060,accuracy,0.8268809349890431,True,,,,
main,adult,non-IID,Huber-BRFL,Benign,,6060,aeod,0.03357722355855053,True,,,,
main,adult,non-IID,Huber-BRFL,Benign,,6060,aspd,0.10065877592803525,True,,,,
main,adult,non-IID,Huber-BRFL,Benign,,7070,accuracy,0.8268809349890431,True,,,,
main,adult,non-IID,Huber-BRFL,Benign,,7070,aeod,0.105775508653638,True,,,,
main,adult,non-IID,Huber-BRFL,Benign,,7070,aspd,0.11858402034148369,True,,,,
main,adult,non-IID,Huber-BRFL,FedSA,,123,accuracy,0.8179826017663856,True,,70,performance_defended_max_acc,0.8179826017663856
main,adult,non-IID,Huber-BRFL,FedSA,,123,aeod,0.08832542865482607,True,,70,performance_defended_max_acc,0.8179826017663856
main,adult,non-IID,Huber-BRFL,FedSA,,123,aspd,0.06403033119267568,True,,70,performance_defended_max_acc,0.8179826017663856
main,adult,non-IID,Huber-BRFL,FedSA,,456,accuracy,0.8211700644133076,True,,63,performance_defended_max_acc,0.8211700644133076
main,adult,non-IID,Huber-BRFL,FedSA,,456,aeod,0.0474183603699424,True,,63,performance_defended_max_acc,0.8211700644133076
main,adult,non-IID,Huber-BRFL,FedSA,,456,aspd,0.07306169333390951,True,,63,performance_defended_max_acc,0.8211700644133076
main,adult,non-IID,Huber-BRFL,FedSA,,789,accuracy,0.825353609137393,True,,70,performance_defended_max_acc,0.825353609137393
main,adult,non-IID,Huber-BRFL,FedSA,,789,aeod,0.10459708988256361,True,,70,performance_defended_max_acc,0.825353609137393
main,adult,non-IID,Huber-BRFL,FedSA,,789,aspd,0.06677681907653248,True,,70,performance_defended_max_acc,0.825353609137393
main,adult,non-IID,Huber-BRFL,FedSA,,1001,accuracy,0.8064944551431038,True,,69,performance_defended_max_acc,0.8064944551431038
main,adult,non-IID,Huber-BRFL,FedSA,,1001,aeod,0.13916023239354958,True,,69,performance_defended_max_acc,0.8064944551431038
main,adult,non-IID,Huber-BRFL,FedSA,,1001,aspd,0.05354324320648235,True,,69,performance_defended_max_acc,0.8064944551431038
main,adult,non-IID,Huber-BRFL,FedSA,,2024,accuracy,0.807955375522943,True,,70,performance_defended_max_acc,0.807955375522943
main,adult,non-IID,Huber-BRFL,FedSA,,2024,aeod,0.04801185387607243,True,,70,performance_defended_max_acc,0.807955375522943
main,adult,non-IID,Huber-BRFL,FedSA,,2024,aspd,0.05140280622632745,True,,70,performance_defended_max_acc,0.807955375522943
main,adult,non-IID,Huber-BRFL,FedSA,,3141,accuracy,0.8098147287336477,True,,69,performance_defended_max_acc,0.8098147287336477
main,adult,non-IID,Huber-BRFL,FedSA,,3141,aeod,0.06162450425584537,True,,69,performance_defended_max_acc,0.8098147287336477
main,adult,non-IID,Huber-BRFL,FedSA,,3141,aspd,0.04897314594664691,True,,69,performance_defended_max_acc,0.8098147287336477
main,adult,non-IID,Huber-BRFL,FedSA,,4242,accuracy,0.8116076764725413,True,,70,performance_defended_max_acc,0.8116076764725413
main,adult,non-IID,Huber-BRFL,FedSA,,4242,aeod,0.06316507402103566,True,,70,performance_defended_max_acc,0.8116076764725413
main,adult,non-IID,Huber-BRFL,FedSA,,4242,aspd,0.08990469252716565,True,,70,performance_defended_max_acc,0.8116076764725413
main,adult,non-IID,Huber-BRFL,FedSA,,5050,accuracy,0.7988578258848529,True,,69,performance_defended_max_acc,0.7988578258848529
main,adult,non-IID,Huber-BRFL,FedSA,,5050,aeod,0.163228993100281,True,,69,performance_defended_max_acc,0.7988578258848529
main,adult,non-IID,Huber-BRFL,FedSA,,5050,aspd,0.02226012330698446,True,,69,performance_defended_max_acc,0.7988578258848529
main,adult,non-IID,Huber-BRFL,FedSA,,6060,accuracy,0.8112756491134869,True,,63,performance_defended_max_acc,0.8112756491134869
main,adult,non-IID,Huber-BRFL,FedSA,,6060,aeod,0.062215141681580155,True,,63,performance_defended_max_acc,0.8112756491134869
main,adult,non-IID,Huber-BRFL,FedSA,,6060,aspd,0.052482824645781204,True,,63,performance_defended_max_acc,0.8112756491134869
main,adult,non-IID,Huber-BRFL,FedSA,,7070,accuracy,0.8087522411846736,True,,70,performance_defended_max_acc,0.8087522411846736
main,adult,non-IID,Huber-BRFL,FedSA,,7070,aeod,0.10793813272891051,True,,70,performance_defended_max_acc,0.8087522411846736
main,adult,non-IID,Huber-BRFL,FedSA,,7070,aspd,0.044230902946835765,True,,70,performance_defended_max_acc,0.8087522411846736
main,adult,non-IID,LASA,Benign,,123,accuracy,0.8369745667042965,True,,,,
main,adult,non-IID,LASA,Benign,,123,aeod,0.03189442098967754,True,,,,
main,adult,non-IID,LASA,Benign,,123,aspd,0.1255988639544715,True,,,,
main,adult,non-IID,LASA,Benign,,456,accuracy,0.8360448900989441,True,,,,
main,adult,non-IID,LASA,Benign,,456,aeod,0.009148025505940405,True,,,,
main,adult,non-IID,LASA,Benign,,456,aspd,0.12722266310202007,True,,,,
main,adult,non-IID,LASA,Benign,,789,accuracy,0.8367753502888639,True,,,,
main,adult,non-IID,LASA,Benign,,789,aeod,0.07271009470191381,True,,,,
main,adult,non-IID,LASA,Benign,,789,aspd,0.11007796250059532,True,,,,
main,adult,non-IID,LASA,Benign,,1001,accuracy,0.8296699648050999,True,,,,
main,adult,non-IID,LASA,Benign,,1001,aeod,0.03696110761082594,True,,,,
main,adult,non-IID,LASA,Benign,,1001,aspd,0.1285783634651571,True,,,,
main,adult,non-IID,LASA,Benign,,2024,accuracy,0.8323925891493459,True,,,,
main,adult,non-IID,LASA,Benign,,2024,aeod,0.06741549286522563,True,,,,
main,adult,non-IID,LASA,Benign,,2024,aspd,0.10837863267934804,True,,,,
main,adult,non-IID,LASA,Benign,,3141,accuracy,0.8198419549770901,True,,,,
main,adult,non-IID,LASA,Benign,,3141,aeod,0.013780587907012865,True,,,,
main,adult,non-IID,LASA,Benign,,3141,aspd,0.0839252911963252,True,,,,
main,adult,non-IID,LASA,Benign,,4242,accuracy,0.8367089448170529,True,,,,
main,adult,non-IID,LASA,Benign,,4242,aeod,0.04212261610109613,True,,,,
main,adult,non-IID,LASA,Benign,,4242,aspd,0.10776271163183207,True,,,,
main,adult,non-IID,LASA,Benign,,5050,accuracy,0.8332558602828873,True,,,,
main,adult,non-IID,LASA,Benign,,5050,aeod,0.0657783875826764,True,,,,
main,adult,non-IID,LASA,Benign,,5050,aspd,0.11285089113556365,True,,,,
main,adult,non-IID,LASA,Benign,,6060,accuracy,0.8309316687695066,True,,,,
main,adult,non-IID,LASA,Benign,,6060,aeod,0.057644841833123794,True,,,,
main,adult,non-IID,LASA,Benign,,6060,aspd,0.09050622964558681,True,,,,
main,adult,non-IID,LASA,Benign,,7070,accuracy,0.8238262832857427,True,,,,
main,adult,non-IID,LASA,Benign,,7070,aeod,0.10204775252177617,True,,,,
main,adult,non-IID,LASA,Benign,,7070,aspd,0.10680578915230268,True,,,,
main,adult,non-IID,LASA,FedSA,,123,accuracy,0.8344511587754831,True,,70,performance_defended_max_acc,0.8344511587754831
main,adult,non-IID,LASA,FedSA,,123,aeod,0.03423583569769184,True,,70,performance_defended_max_acc,0.8344511587754831
main,adult,non-IID,LASA,FedSA,,123,aspd,0.11097105002562023,True,,70,performance_defended_max_acc,0.8344511587754831
main,adult,non-IID,LASA,FedSA,,456,accuracy,0.8326582110365894,True,,67,performance_defended_max_acc,0.8326582110365894
main,adult,non-IID,LASA,FedSA,,456,aeod,0.02805470650632247,True,,67,performance_defended_max_acc,0.8326582110365894
main,adult,non-IID,LASA,FedSA,,456,aspd,0.10799269400720578,True,,67,performance_defended_max_acc,0.8326582110365894
main,adult,non-IID,LASA,FedSA,,789,accuracy,0.8357128627398898,True,,70,performance_defended_max_acc,0.8357128627398898
main,adult,non-IID,LASA,FedSA,,789,aeod,0.09055088649879384,True,,70,performance_defended_max_acc,0.8357128627398898
main,adult,non-IID,LASA,FedSA,,789,aspd,0.09616537289543757,True,,70,performance_defended_max_acc,0.8357128627398898
main,adult,non-IID,LASA,FedSA,,1001,accuracy,0.8216349027159838,True,,68,performance_defended_max_acc,0.8216349027159838
main,adult,non-IID,LASA,FedSA,,1001,aeod,0.1303880670676223,True,,68,performance_defended_max_acc,0.8216349027159838
main,adult,non-IID,LASA,FedSA,,1001,aspd,0.07688595277521362,True,,68,performance_defended_max_acc,0.8216349027159838
main,adult,non-IID,LASA,FedSA,,2024,accuracy,0.8320605617902915,True,,68,performance_defended_max_acc,0.8320605617902915
main,adult,non-IID,LASA,FedSA,,2024,aeod,0.06957468964402391,True,,68,performance_defended_max_acc,0.8320605617902915
main,adult,non-IID,LASA,FedSA,,2024,aspd,0.1034033780527081,True,,68,performance_defended_max_acc,0.8320605617902915
main,adult,non-IID,LASA,FedSA,,3141,accuracy,0.8098147287336477,True,,69,performance_defended_max_acc,0.8098147287336477
main,adult,non-IID,LASA,FedSA,,3141,aeod,0.0733281504994428,True,,69,performance_defended_max_acc,0.8098147287336477
main,adult,non-IID,LASA,FedSA,,3141,aspd,0.047464899702286775,True,,69,performance_defended_max_acc,0.8098147287336477
main,adult,non-IID,LASA,FedSA,,4242,accuracy,0.8288066936715586,True,,66,performance_defended_max_acc,0.8288066936715586
main,adult,non-IID,LASA,FedSA,,4242,aeod,0.027736539150293282,True,,66,performance_defended_max_acc,0.8288066936715586
main,adult,non-IID,LASA,FedSA,,4242,aspd,0.10303065975612158,True,,66,performance_defended_max_acc,0.8288066936715586
main,adult,non-IID,LASA,FedSA,,5050,accuracy,0.8284746663125041,True,,69,performance_defended_max_acc,0.8284746663125041
main,adult,non-IID,LASA,FedSA,,5050,aeod,0.08964093928487171,True,,69,performance_defended_max_acc,0.8284746663125041
main,adult,non-IID,LASA,FedSA,,5050,aspd,0.09670425867416124,True,,69,performance_defended_max_acc,0.8284746663125041
main,adult,non-IID,LASA,FedSA,,6060,accuracy,0.817716979879142,True,,69,performance_defended_max_acc,0.817716979879142
main,adult,non-IID,LASA,FedSA,,6060,aeod,0.0728043453549565,True,,69,performance_defended_max_acc,0.817716979879142
main,adult,non-IID,LASA,FedSA,,6060,aspd,0.06386265911544492,True,,69,performance_defended_max_acc,0.817716979879142
main,adult,non-IID,LASA,FedSA,,7070,accuracy,0.821502091772362,True,,70,performance_defended_max_acc,0.821502091772362
main,adult,non-IID,LASA,FedSA,,7070,aeod,0.0038979785234178332,True,,70,performance_defended_max_acc,0.821502091772362
main,adult,non-IID,LASA,FedSA,,7070,aspd,0.09288302848431222,True,,70,performance_defended_max_acc,0.821502091772362
main,adult,non-IID,LayerGuard,Benign,,123,accuracy,0.8363105119861877,True,,,,
main,adult,non-IID,LayerGuard,Benign,,123,aeod,0.027257860076051688,True,,,,
main,adult,non-IID,LayerGuard,Benign,,123,aspd,0.13227986800809144,True,,,,
main,adult,non-IID,LayerGuard,Benign,,456,accuracy,0.8363769174579986,True,,,,
main,adult,non-IID,LayerGuard,Benign,,456,aeod,0.02439663873610448,True,,,,
main,adult,non-IID,LayerGuard,Benign,,456,aspd,0.10473299876755607,True,,,,
main,adult,non-IID,LayerGuard,Benign,,789,accuracy,0.8374394050069726,True,,,,
main,adult,non-IID,LayerGuard,Benign,,789,aeod,0.09898146460945101,True,,,,
main,adult,non-IID,LayerGuard,Benign,,789,aspd,0.10439767467436249,True,,,,
main,adult,non-IID,LayerGuard,Benign,,1001,accuracy,0.8275449897071518,True,,,,
main,adult,non-IID,LayerGuard,Benign,,1001,aeod,0.06598174050681715,True,,,,
main,adult,non-IID,LayerGuard,Benign,,1001,aspd,0.12201594156618076,True,,,,
main,adult,non-IID,LayerGuard,Benign,,2024,accuracy,0.8321933727339133,True,,,,
main,adult,non-IID,LayerGuard,Benign,,2024,aeod,0.06857391907353327,True,,,,
main,adult,non-IID,LayerGuard,Benign,,2024,aspd,0.11551392414489549,True,,,,
main,adult,non-IID,LayerGuard,Benign,,3141,accuracy,0.8220333355468491,True,,,,
main,adult,non-IID,LayerGuard,Benign,,3141,aeod,0.007508064142995929,True,,,,
main,adult,non-IID,LayerGuard,Benign,,3141,aspd,0.08383503555197715,True,,,,
main,adult,non-IID,LayerGuard,Benign,,4242,accuracy,0.8377714323660269,True,,,,
main,adult,non-IID,LayerGuard,Benign,,4242,aeod,0.01128265999333955,True,,,,
main,adult,non-IID,LayerGuard,Benign,,4242,aspd,0.12217452588904619,True,,,,
main,adult,non-IID,LayerGuard,Benign,,5050,accuracy,0.833919915000996,True,,,,
main,adult,non-IID,LayerGuard,Benign,,5050,aeod,0.06048435696206722,True,,,,
main,adult,non-IID,LayerGuard,Benign,,5050,aspd,0.10285052963151582,True,,,,
main,adult,non-IID,LayerGuard,Benign,,6060,accuracy,0.8304004249950195,True,,,,
main,adult,non-IID,LayerGuard,Benign,,6060,aeod,0.04407788873967455,True,,,,
main,adult,non-IID,LayerGuard,Benign,,6060,aspd,0.09063235483696627,True,,,,
main,adult,non-IID,LayerGuard,Benign,,7070,accuracy,0.826349691214556,True,,,,
main,adult,non-IID,LayerGuard,Benign,,7070,aeod,0.05539196561736176,True,,,,
main,adult,non-IID,LayerGuard,Benign,,7070,aspd,0.10004397831152251,True,,,,
main,adult,non-IID,LayerGuard,FedSA,,123,accuracy,0.8254864200810147,True,,62,performance_defended_max_acc,0.8254864200810147
main,adult,non-IID,LayerGuard,FedSA,,123,aeod,0.0832341797422787,True,,62,performance_defended_max_acc,0.8254864200810147
main,adult,non-IID,LayerGuard,FedSA,,123,aspd,0.0777023661342687,True,,62,performance_defended_max_acc,0.8254864200810147
main,adult,non-IID,LayerGuard,FedSA,,456,accuracy,0.8233614449830666,True,,65,performance_defended_max_acc,0.8233614449830666
main,adult,non-IID,LayerGuard,FedSA,,456,aeod,0.07762083933348224,True,,65,performance_defended_max_acc,0.8233614449830666
main,adult,non-IID,LayerGuard,FedSA,,456,aspd,0.0727531710946499,True,,65,performance_defended_max_acc,0.8233614449830666
main,adult,non-IID,LayerGuard,FedSA,,789,accuracy,0.8325254000929677,True,,66,performance_defended_max_acc,0.8325254000929677
main,adult,non-IID,LayerGuard,FedSA,,789,aeod,0.11500464684280304,True,,66,performance_defended_max_acc,0.8325254000929677
main,adult,non-IID,LayerGuard,FedSA,,789,aspd,0.07587464419836758,True,,66,performance_defended_max_acc,0.8325254000929677
main,adult,non-IID,LayerGuard,FedSA,,1001,accuracy,0.8065608606149147,True,,67,performance_defended_max_acc,0.8065608606149147
main,adult,non-IID,LayerGuard,FedSA,,1001,aeod,0.16554641673297532,True,,67,performance_defended_max_acc,0.8065608606149147
main,adult,non-IID,LayerGuard,FedSA,,1001,aspd,0.03729048663781134,True,,67,performance_defended_max_acc,0.8065608606149147
main,adult,non-IID,LayerGuard,FedSA,,2024,accuracy,0.8064944551431038,True,,69,performance_defended_max_acc,0.8064944551431038
main,adult,non-IID,LayerGuard,FedSA,,2024,aeod,0.06991913293968927,True,,69,performance_defended_max_acc,0.8064944551431038
main,adult,non-IID,LayerGuard,FedSA,,2024,aspd,0.04443556800210113,True,,69,performance_defended_max_acc,0.8064944551431038
main,adult,non-IID,LayerGuard,FedSA,,3141,accuracy,0.7978617438076897,True,,61,performance_defended_max_acc,0.7978617438076897
main,adult,non-IID,LayerGuard,FedSA,,3141,aeod,0.17000361579778034,True,,61,performance_defended_max_acc,0.7978617438076897
main,adult,non-IID,LayerGuard,FedSA,,3141,aspd,0.011971621811878358,True,,61,performance_defended_max_acc,0.7978617438076897
main,adult,non-IID,LayerGuard,FedSA,,4242,accuracy,0.8185802510126834,True,,70,performance_defended_max_acc,0.8185802510126834
main,adult,non-IID,LayerGuard,FedSA,,4242,aeod,0.04966723807315104,True,,70,performance_defended_max_acc,0.8185802510126834
main,adult,non-IID,LayerGuard,FedSA,,4242,aspd,0.08589237876042949,True,,70,performance_defended_max_acc,0.8185802510126834
main,adult,non-IID,LayerGuard,FedSA,,5050,accuracy,0.800451557208314,True,,69,performance_defended_max_acc,0.800451557208314
main,adult,non-IID,LayerGuard,FedSA,,5050,aeod,0.17088900072030344,True,,69,performance_defended_max_acc,0.800451557208314
main,adult,non-IID,LayerGuard,FedSA,,5050,aspd,0.01926778458483347,True,,69,performance_defended_max_acc,0.800451557208314
main,adult,non-IID,LayerGuard,FedSA,,6060,accuracy,0.8157248157248157,True,,69,performance_defended_max_acc,0.8157248157248157
main,adult,non-IID,LayerGuard,FedSA,,6060,aeod,0.05723813598484223,True,,69,performance_defended_max_acc,0.8157248157248157
main,adult,non-IID,LayerGuard,FedSA,,6060,aspd,0.059133235265831266,True,,69,performance_defended_max_acc,0.8157248157248157
main,adult,non-IID,LayerGuard,FedSA,,7070,accuracy,0.8132014077960024,True,,69,performance_defended_max_acc,0.8132014077960024
main,adult,non-IID,LayerGuard,FedSA,,7070,aeod,0.03723814740916381,True,,69,performance_defended_max_acc,0.8132014077960024
main,adult,non-IID,LayerGuard,FedSA,,7070,aspd,0.06933525263495728,True,,69,performance_defended_max_acc,0.8132014077960024
main,adult,non-IID,LoGoFair,Benign,,123,accuracy,0.8226973902649578,True,,,,
main,adult,non-IID,LoGoFair,Benign,,123,aeod,0.03387654078397123,True,,,,
main,adult,non-IID,LoGoFair,Benign,,123,aspd,0.07291779385915763,True,,,,
main,adult,non-IID,LoGoFair,Benign,,456,accuracy,0.8338535095291852,True,,,,
main,adult,non-IID,LoGoFair,Benign,,456,aeod,0.04700936965734459,True,,,,
main,adult,non-IID,LoGoFair,Benign,,456,aspd,0.09325913713517632,True,,,,
main,adult,non-IID,LoGoFair,Benign,,789,accuracy,0.8029085596653164,True,,,,
main,adult,non-IID,LoGoFair,Benign,,789,aeod,0.004481761356204067,True,,,,
main,adult,non-IID,LoGoFair,Benign,,789,aspd,0.04405564771033326,True,,,,
main,adult,non-IID,LoGoFair,Benign,,1001,accuracy,0.8267481240454213,True,,,,
main,adult,non-IID,LoGoFair,Benign,,1001,aeod,0.013712041977527178,True,,,,
main,adult,non-IID,LoGoFair,Benign,,1001,aspd,0.0896410674054991,True,,,,
main,adult,non-IID,LoGoFair,Benign,,2024,accuracy,0.802576532306262,True,,,,
main,adult,non-IID,LoGoFair,Benign,,2024,aeod,0.09758941102481306,True,,,,
main,adult,non-IID,LoGoFair,Benign,,2024,aspd,0.06073133592918115,True,,,,
main,adult,non-IID,LoGoFair,Benign,,3141,accuracy,0.8153263828939504,True,,,,
main,adult,non-IID,LoGoFair,Benign,,3141,aeod,0.06569327638689837,True,,,,
main,adult,non-IID,LoGoFair,Benign,,3141,aspd,0.04692601392356311,True,,,,
main,adult,non-IID,LoGoFair,Benign,,4242,accuracy,0.8194435221462248,True,,,,
main,adult,non-IID,LoGoFair,Benign,,4242,aeod,0.03777737538778431,True,,,,
main,adult,non-IID,LoGoFair,Benign,,4242,aspd,0.07358808094272232,True,,,,
main,adult,non-IID,LoGoFair,Benign,,5050,accuracy,0.8151271664785178,True,,,,
main,adult,non-IID,LoGoFair,Benign,,5050,aeod,0.02644616202772565,True,,,,
main,adult,non-IID,LoGoFair,Benign,,5050,aspd,0.06125738249643943,True,,,,
main,adult,non-IID,LoGoFair,Benign,,6060,accuracy,0.8141310844013546,True,,,,
main,adult,non-IID,LoGoFair,Benign,,6060,aeod,0.025800116642323345,True,,,,
main,adult,non-IID,LoGoFair,Benign,,6060,aspd,0.06518660249147307,True,,,,
main,adult,non-IID,LoGoFair,Benign,,7070,accuracy,0.8076233481638887,True,,,,
main,adult,non-IID,LoGoFair,Benign,,7070,aeod,0.009209716842477428,True,,,,
main,adult,non-IID,LoGoFair,Benign,,7070,aspd,0.05217881619180241,True,,,,
main,adult,non-IID,LoGoFair,FedSA,,123,accuracy,0.7997210970183943,True,,63,performance_defended_max_acc,0.7997210970183943
main,adult,non-IID,LoGoFair,FedSA,,123,aeod,0.01012994594582245,True,,63,performance_defended_max_acc,0.7997210970183943
main,adult,non-IID,LoGoFair,FedSA,,123,aspd,0.04920952786648536,True,,63,performance_defended_max_acc,0.7997210970183943
main,adult,non-IID,LoGoFair,FedSA,,456,accuracy,0.7970648781459593,True,,66,performance_defended_max_acc,0.7970648781459593
main,adult,non-IID,LoGoFair,FedSA,,456,aeod,0.12584861288743443,True,,66,performance_defended_max_acc,0.7970648781459593
main,adult,non-IID,LoGoFair,FedSA,,456,aspd,0.025087397916733617,True,,66,performance_defended_max_acc,0.7970648781459593
main,adult,non-IID,LoGoFair,FedSA,,789,accuracy,0.7956703632379308,True,,69,performance_defended_max_acc,0.7956703632379308
main,adult,non-IID,LoGoFair,FedSA,,789,aeod,0.038524526019177996,True,,69,performance_defended_max_acc,0.7956703632379308
main,adult,non-IID,LoGoFair,FedSA,,789,aspd,0.04859133989569504,True,,69,performance_defended_max_acc,0.7956703632379308
main,adult,non-IID,LoGoFair,FedSA,,1001,accuracy,0.7541005378843216,False,accuracy_not_above_majority_baseline;degenerate_positive_rate,70,performance_defended_max_acc,0.7541005378843216
main,adult,non-IID,LoGoFair,FedSA,,1001,aeod,0.0,False,accuracy_not_above_majority_baseline;degenerate_positive_rate,70,performance_defended_max_acc,0.7541005378843216
main,adult,non-IID,LoGoFair,FedSA,,1001,aspd,0.0006106248727864848,False,accuracy_not_above_majority_baseline;degenerate_positive_rate,70,performance_defended_max_acc,0.7541005378843216
main,adult,non-IID,LoGoFair,FedSA,,2024,accuracy,0.7878345175642473,True,,61,performance_defended_max_acc,0.7878345175642473
main,adult,non-IID,LoGoFair,FedSA,,2024,aeod,0.02661524198712366,True,,61,performance_defended_max_acc,0.7878345175642473
main,adult,non-IID,LoGoFair,FedSA,,2024,aspd,0.03501333211681805,True,,61,performance_defended_max_acc,0.7878345175642473
main,adult,non-IID,LoGoFair,FedSA,,3141,accuracy,0.7537685105252673,False,accuracy_not_above_majority_baseline;degenerate_positive_rate,70,performance_defended_max_acc,0.7537685105252673
main,adult,non-IID,LoGoFair,FedSA,,3141,aeod,0.0,False,accuracy_not_above_majority_baseline;degenerate_positive_rate,70,performance_defended_max_acc,0.7537685105252673
main,adult,non-IID,LoGoFair,FedSA,,3141,aspd,0.00011781982646281053,False,accuracy_not_above_majority_baseline;degenerate_positive_rate,70,performance_defended_max_acc,0.7537685105252673
main,adult,non-IID,LoGoFair,FedSA,,4242,accuracy,0.7546981871306195,False,degenerate_positive_rate,70,performance_defended_max_acc,0.7546981871306195
main,adult,non-IID,LoGoFair,FedSA,,4242,aeod,0.004431494341247913,False,degenerate_positive_rate,70,performance_defended_max_acc,0.7546981871306195
main,adult,non-IID,LoGoFair,FedSA,,4242,aspd,0.0003149418449922802,False,degenerate_positive_rate,70,performance_defended_max_acc,0.7546981871306195
main,adult,non-IID,LoGoFair,FedSA,,5050,accuracy,0.7542997542997543,False,accuracy_not_above_majority_baseline;degenerate_positive_rate,66,performance_defended_max_acc,0.7542997542997543
main,adult,non-IID,LoGoFair,FedSA,,5050,aeod,0.0,False,accuracy_not_above_majority_baseline;degenerate_positive_rate,66,performance_defended_max_acc,0.7542997542997543
main,adult,non-IID,LoGoFair,FedSA,,5050,aspd,0.0,False,accuracy_not_above_majority_baseline;degenerate_positive_rate,66,performance_defended_max_acc,0.7542997542997543
main,adult,non-IID,LoGoFair,FedSA,,6060,accuracy,0.7548309980742414,False,degenerate_positive_rate,67,performance_defended_max_acc,0.7548309980742414
main,adult,non-IID,LoGoFair,FedSA,,6060,aeod,0.0007500067117889287,False,degenerate_positive_rate,67,performance_defended_max_acc,0.7548309980742414
main,adult,non-IID,LoGoFair,FedSA,,6060,aspd,0.0006835074591204522,False,degenerate_positive_rate,67,performance_defended_max_acc,0.7548309980742414
main,adult,non-IID,LoGoFair,FedSA,,7070,accuracy,0.7856431369944884,True,,68,performance_defended_max_acc,0.7856431369944884
main,adult,non-IID,LoGoFair,FedSA,,7070,aeod,0.01715476128594448,True,,68,performance_defended_max_acc,0.7856431369944884
main,adult,non-IID,LoGoFair,FedSA,,7070,aspd,0.02565457008321695,True,,68,performance_defended_max_acc,0.7856431369944884
main,adult,non-IID,Median,Benign,,123,accuracy,0.8326582110365894,True,,,,
main,adult,non-IID,Median,Benign,,123,aeod,0.07959724696698545,True,,,,
main,adult,non-IID,Median,Benign,,123,aspd,0.09439127472867236,True,,,,
main,adult,non-IID,Median,Benign,,456,accuracy,0.8371073776479182,True,,,,
main,adult,non-IID,Median,Benign,,456,aeod,0.021282368673139374,True,,,,
main,adult,non-IID,Median,Benign,,456,aspd,0.11565439314283393,True,,,,
main,adult,non-IID,Median,Benign,,789,accuracy,0.8367089448170529,True,,,,
main,adult,non-IID,Median,Benign,,789,aeod,0.08098244595867488,True,,,,
main,adult,non-IID,Median,Benign,,789,aspd,0.10656186419572833,True,,,,
main,adult,non-IID,Median,Benign,,1001,accuracy,0.8218341191314165,True,,,,
main,adult,non-IID,Median,Benign,,1001,aeod,0.07857305653725388,True,,,,
main,adult,non-IID,Median,Benign,,1001,aspd,0.0903585987750028,True,,,,
main,adult,non-IID,Median,Benign,,2024,accuracy,0.8333886712265091,True,,,,
main,adult,non-IID,Median,Benign,,2024,aeod,0.07266439741558994,True,,,,
main,adult,non-IID,Median,Benign,,2024,aspd,0.11422847834199559,True,,,,
main,adult,non-IID,Median,Benign,,3141,accuracy,0.8241583106447972,True,,,,
main,adult,non-IID,Median,Benign,,3141,aeod,0.04139602924854813,True,,,,
main,adult,non-IID,Median,Benign,,3141,aspd,0.0889723049782959,True,,,,
main,adult,non-IID,Median,Benign,,4242,accuracy,0.8288730991433694,True,,,,
main,adult,non-IID,Median,Benign,,4242,aeod,0.04939591043560365,True,,,,
main,adult,non-IID,Median,Benign,,4242,aspd,0.08517298169300971,True,,,,
main,adult,non-IID,Median,Benign,,5050,accuracy,0.8151271664785178,True,,,,
main,adult,non-IID,Median,Benign,,5050,aeod,0.1078455957241049,True,,,,
main,adult,non-IID,Median,Benign,,5050,aspd,0.059712163335312596,True,,,,
main,adult,non-IID,Median,Benign,,6060,accuracy,0.8230958230958231,True,,,,
main,adult,non-IID,Median,Benign,,6060,aeod,0.05871130225270493,True,,,,
main,adult,non-IID,Median,Benign,,6060,aspd,0.09292910921671221,True,,,,
main,adult,non-IID,Median,Benign,,7070,accuracy,0.8347167806627266,True,,,,
main,adult,non-IID,Median,Benign,,7070,aeod,0.007556046293635821,True,,,,
main,adult,non-IID,Median,Benign,,7070,aspd,0.12115870352691936,True,,,,
main,adult,non-IID,Median,FedSA,,123,accuracy,0.8325918055647785,True,,70,performance_defended_max_acc,0.8325918055647785
main,adult,non-IID,Median,FedSA,,123,aeod,0.04953128864633788,True,,70,performance_defended_max_acc,0.8325918055647785
main,adult,non-IID,Median,FedSA,,123,aspd,0.09649503971107923,True,,70,performance_defended_max_acc,0.8325918055647785
main,adult,non-IID,Median,FedSA,,456,accuracy,0.8300683976359652,True,,70,performance_defended_max_acc,0.8300683976359652
main,adult,non-IID,Median,FedSA,,456,aeod,0.005761856589348691,True,,70,performance_defended_max_acc,0.8300683976359652
main,adult,non-IID,Median,FedSA,,456,aspd,0.11989743155185663,True,,70,performance_defended_max_acc,0.8300683976359652
main,adult,non-IID,Median,FedSA,,789,accuracy,0.8303340195232087,True,,70,performance_defended_max_acc,0.8303340195232087
main,adult,non-IID,Median,FedSA,,789,aeod,0.056780591905525424,True,,70,performance_defended_max_acc,0.8303340195232087
main,adult,non-IID,Median,FedSA,,789,aspd,0.09868075497291749,True,,70,performance_defended_max_acc,0.8303340195232087
main,adult,non-IID,Median,FedSA,,1001,accuracy,0.8219005246032273,True,,70,performance_defended_max_acc,0.8219005246032273
main,adult,non-IID,Median,FedSA,,1001,aeod,0.09125405349210092,True,,70,performance_defended_max_acc,0.8219005246032273
main,adult,non-IID,Median,FedSA,,1001,aspd,0.09358316673453393,True,,70,performance_defended_max_acc,0.8219005246032273
main,adult,non-IID,Median,FedSA,,2024,accuracy,0.8180490072381964,True,,70,performance_defended_max_acc,0.8180490072381964
main,adult,non-IID,Median,FedSA,,2024,aeod,0.04269211853190613,True,,70,performance_defended_max_acc,0.8180490072381964
main,adult,non-IID,Median,FedSA,,2024,aspd,0.07588294956328424,True,,70,performance_defended_max_acc,0.8180490072381964
main,adult,non-IID,Median,FedSA,,3141,accuracy,0.8178497908227638,True,,70,performance_defended_max_acc,0.8178497908227638
main,adult,non-IID,Median,FedSA,,3141,aeod,0.01682973933696663,True,,70,performance_defended_max_acc,0.8178497908227638
main,adult,non-IID,Median,FedSA,,3141,aspd,0.08354087718054447,True,,70,performance_defended_max_acc,0.8178497908227638
main,adult,non-IID,Median,FedSA,,4242,accuracy,0.8273457732917192,True,,70,performance_defended_max_acc,0.8273457732917192
main,adult,non-IID,Median,FedSA,,4242,aeod,0.02105673832191568,True,,70,performance_defended_max_acc,0.8273457732917192
main,adult,non-IID,Median,FedSA,,4242,aspd,0.08817701613435497,True,,70,performance_defended_max_acc,0.8273457732917192
main,adult,non-IID,Median,FedSA,,5050,accuracy,0.8086858357128628,True,,70,performance_defended_max_acc,0.8086858357128628
main,adult,non-IID,Median,FedSA,,5050,aeod,0.08416583316720466,True,,70,performance_defended_max_acc,0.8086858357128628
main,adult,non-IID,Median,FedSA,,5050,aspd,0.061580288664793814,True,,70,performance_defended_max_acc,0.8086858357128628
main,adult,non-IID,Median,FedSA,,6060,accuracy,0.8153927883657613,True,,70,performance_defended_max_acc,0.8153927883657613
main,adult,non-IID,Median,FedSA,,6060,aeod,0.008576238210814158,True,,70,performance_defended_max_acc,0.8153927883657613
main,adult,non-IID,Median,FedSA,,6060,aspd,0.08025512235387362,True,,70,performance_defended_max_acc,0.8153927883657613
main,adult,non-IID,Median,FedSA,,7070,accuracy,0.8217677136596055,True,,70,performance_defended_max_acc,0.8217677136596055
main,adult,non-IID,Median,FedSA,,7070,aeod,0.025350569588113214,True,,70,performance_defended_max_acc,0.8217677136596055
main,adult,non-IID,Median,FedSA,,7070,aspd,0.10547315924726752,True,,70,performance_defended_max_acc,0.8217677136596055
main,adult,non-IID,SmartFL,Benign,,123,accuracy,0.8373065940633508,True,,,,
main,adult,non-IID,SmartFL,Benign,,123,aeod,0.027530901361836335,True,,,,
main,adult,non-IID,SmartFL,Benign,,123,aspd,0.12831363497375525,True,,,,
main,adult,non-IID,SmartFL,Benign,,456,accuracy,0.8369745667042965,True,,,,
main,adult,non-IID,SmartFL,Benign,,456,aeod,0.02962383707546501,True,,,,
main,adult,non-IID,SmartFL,Benign,,456,aspd,0.13510074307337583,True,,,,
main,adult,non-IID,SmartFL,Benign,,789,accuracy,0.8319941563184806,True,,,,
main,adult,non-IID,SmartFL,Benign,,789,aeod,0.07559587833325998,True,,,,
main,adult,non-IID,SmartFL,Benign,,789,aspd,0.11045559580782091,True,,,,
main,adult,non-IID,SmartFL,Benign,,1001,accuracy,0.8296699648050999,True,,,,
main,adult,non-IID,SmartFL,Benign,,1001,aeod,0.047233286360331084,True,,,,
main,adult,non-IID,SmartFL,Benign,,1001,aspd,0.11728047927492483,True,,,,
main,adult,non-IID,SmartFL,Benign,,2024,accuracy,0.83345507669832,True,,,,
main,adult,non-IID,SmartFL,Benign,,2024,aeod,0.062052345099051776,True,,,,
main,adult,non-IID,SmartFL,Benign,,2024,aspd,0.10710149224136481,True,,,,
main,adult,non-IID,SmartFL,Benign,,3141,accuracy,0.8230294176240123,True,,,,
main,adult,non-IID,SmartFL,Benign,,3141,aeod,0.0452357437319032,True,,,,
main,adult,non-IID,SmartFL,Benign,,3141,aspd,0.11158809450413942,True,,,,
main,adult,non-IID,SmartFL,Benign,,4242,accuracy,0.8359120791553224,True,,,,
main,adult,non-IID,SmartFL,Benign,,4242,aeod,0.034463179697152624,True,,,,
main,adult,non-IID,SmartFL,Benign,,4242,aspd,0.11510607856819038,True,,,,
main,adult,non-IID,SmartFL,Benign,,5050,accuracy,0.8317285344312372,True,,,,
main,adult,non-IID,SmartFL,Benign,,5050,aeod,0.07639158233137266,True,,,,
main,adult,non-IID,SmartFL,Benign,,5050,aspd,0.10723291360747375,True,,,,
main,adult,non-IID,SmartFL,Benign,,6060,accuracy,0.8321933727339133,True,,,,
main,adult,non-IID,SmartFL,Benign,,6060,aeod,0.03939448810756685,True,,,,
main,adult,non-IID,SmartFL,Benign,,6060,aspd,0.10740170911570775,True,,,,
main,adult,non-IID,SmartFL,Benign,,7070,accuracy,0.8286738827279367,True,,,,
main,adult,non-IID,SmartFL,Benign,,7070,aeod,0.06716644265476107,True,,,,
main,adult,non-IID,SmartFL,Benign,,7070,aspd,0.1373397009402596,True,,,,
main,adult,non-IID,SmartFL,FedSA,,123,accuracy,0.8279434225380171,True,,70,performance_defended_max_acc,0.8279434225380171
main,adult,non-IID,SmartFL,FedSA,,123,aeod,0.055031528271483,True,,70,performance_defended_max_acc,0.8279434225380171
main,adult,non-IID,SmartFL,FedSA,,123,aspd,0.08699239826399419,True,,70,performance_defended_max_acc,0.8279434225380171
main,adult,non-IID,SmartFL,FedSA,,456,accuracy,0.8228966066803904,True,,66,performance_defended_max_acc,0.8228966066803904
main,adult,non-IID,SmartFL,FedSA,,456,aeod,0.05457626905648244,True,,66,performance_defended_max_acc,0.8228966066803904
main,adult,non-IID,SmartFL,FedSA,,456,aspd,0.08147827791989848,True,,66,performance_defended_max_acc,0.8228966066803904
main,adult,non-IID,SmartFL,FedSA,,789,accuracy,0.8321933727339133,True,,61,performance_defended_max_acc,0.8321933727339133
main,adult,non-IID,SmartFL,FedSA,,789,aeod,0.11295855084765616,True,,61,performance_defended_max_acc,0.8321933727339133
main,adult,non-IID,SmartFL,FedSA,,789,aspd,0.08912071823832858,True,,61,performance_defended_max_acc,0.8321933727339133
main,adult,non-IID,SmartFL,FedSA,,1001,accuracy,0.8195763330898466,True,,70,performance_defended_max_acc,0.8195763330898466
main,adult,non-IID,SmartFL,FedSA,,1001,aeod,0.14831853978891285,True,,70,performance_defended_max_acc,0.8195763330898466
main,adult,non-IID,SmartFL,FedSA,,1001,aspd,0.06893725714079829,True,,70,performance_defended_max_acc,0.8195763330898466
main,adult,non-IID,SmartFL,FedSA,,2024,accuracy,0.8266817185736105,True,,69,performance_defended_max_acc,0.8266817185736105
main,adult,non-IID,SmartFL,FedSA,,2024,aeod,0.013216226420914301,True,,69,performance_defended_max_acc,0.8266817185736105
main,adult,non-IID,SmartFL,FedSA,,2024,aspd,0.09784656733049002,True,,69,performance_defended_max_acc,0.8266817185736105
main,adult,non-IID,SmartFL,FedSA,,3141,accuracy,0.8256192310246364,True,,67,performance_defended_max_acc,0.8256192310246364
main,adult,non-IID,SmartFL,FedSA,,3141,aeod,0.08479988301494701,True,,67,performance_defended_max_acc,0.8256192310246364
main,adult,non-IID,SmartFL,FedSA,,3141,aspd,0.11642889851321529,True,,67,performance_defended_max_acc,0.8256192310246364
main,adult,non-IID,SmartFL,FedSA,,4242,accuracy,0.8159904376120592,True,,67,performance_defended_max_acc,0.8159904376120592
main,adult,non-IID,SmartFL,FedSA,,4242,aeod,0.01359951240995494,True,,67,performance_defended_max_acc,0.8159904376120592
main,adult,non-IID,SmartFL,FedSA,,4242,aspd,0.0834932918530509,True,,67,performance_defended_max_acc,0.8159904376120592
main,adult,non-IID,SmartFL,FedSA,,5050,accuracy,0.8233614449830666,True,,69,performance_defended_max_acc,0.8233614449830666
main,adult,non-IID,SmartFL,FedSA,,5050,aeod,0.057894463259667406,True,,69,performance_defended_max_acc,0.8233614449830666
main,adult,non-IID,SmartFL,FedSA,,5050,aspd,0.0876936599452191,True,,69,performance_defended_max_acc,0.8233614449830666
main,adult,non-IID,SmartFL,FedSA,,6060,accuracy,0.8151935719503287,True,,68,performance_defended_max_acc,0.8151935719503287
main,adult,non-IID,SmartFL,FedSA,,6060,aeod,0.0796452291176254,True,,68,performance_defended_max_acc,0.8151935719503287
main,adult,non-IID,SmartFL,FedSA,,6060,aspd,0.05813101444335057,True,,68,performance_defended_max_acc,0.8151935719503287
main,adult,non-IID,SmartFL,FedSA,,7070,accuracy,0.8134670296832459,True,,67,performance_defended_max_acc,0.8134670296832459
main,adult,non-IID,SmartFL,FedSA,,7070,aeod,0.0006728925411175757,True,,67,performance_defended_max_acc,0.8134670296832459
main,adult,non-IID,SmartFL,FedSA,,7070,aspd,0.07215008925859934,True,,67,performance_defended_max_acc,0.8134670296832459
main,compas,IID,AdaAggRL,Benign,,123,accuracy,0.661987041036717,True,,,,
main,compas,IID,AdaAggRL,Benign,,123,aeod,0.19343389529724936,True,,,,
main,compas,IID,AdaAggRL,Benign,,123,aspd,0.22412100655152573,True,,,,
main,compas,IID,AdaAggRL,Benign,,456,accuracy,0.6684665226781857,True,,,,
main,compas,IID,AdaAggRL,Benign,,456,aeod,0.24520944741532974,True,,,,
main,compas,IID,AdaAggRL,Benign,,456,aspd,0.22938627155974867,True,,,,
main,compas,IID,AdaAggRL,Benign,,789,accuracy,0.6803455723542117,True,,,,
main,compas,IID,AdaAggRL,Benign,,789,aeod,0.24721106648817498,True,,,,
main,compas,IID,AdaAggRL,Benign,,789,aspd,0.2346958903853763,True,,,,
main,compas,IID,AdaAggRL,Benign,,1001,accuracy,0.6846652267818575,True,,,,
main,compas,IID,AdaAggRL,Benign,,1001,aeod,0.2746820796133907,True,,,,
main,compas,IID,AdaAggRL,Benign,,1001,aspd,0.2573210060846434,True,,,,
main,compas,IID,AdaAggRL,Benign,,2024,accuracy,0.7095032397408207,True,,,,
main,compas,IID,AdaAggRL,Benign,,2024,aeod,0.2707766541758636,True,,,,
main,compas,IID,AdaAggRL,Benign,,2024,aspd,0.21299403441155906,True,,,,
main,compas,IID,AdaAggRL,Benign,,3141,accuracy,0.6700863930885529,True,,,,
main,compas,IID,AdaAggRL,Benign,,3141,aeod,0.27972300120185434,True,,,,
main,compas,IID,AdaAggRL,Benign,,3141,aspd,0.24439186831118173,True,,,,
main,compas,IID,AdaAggRL,Benign,,4242,accuracy,0.6657667386609071,True,,,,
main,compas,IID,AdaAggRL,Benign,,4242,aeod,0.23692018711939028,True,,,,
main,compas,IID,AdaAggRL,Benign,,4242,aspd,0.2384297814874169,True,,,,
main,compas,IID,AdaAggRL,Benign,,5050,accuracy,0.6862850971922246,True,,,,
main,compas,IID,AdaAggRL,Benign,,5050,aeod,0.2606910830299136,True,,,,
main,compas,IID,AdaAggRL,Benign,,5050,aspd,0.2293232424508052,True,,,,
main,compas,IID,AdaAggRL,Benign,,6060,accuracy,0.6922246220302376,True,,,,
main,compas,IID,AdaAggRL,Benign,,6060,aeod,0.26827699146098954,True,,,,
main,compas,IID,AdaAggRL,Benign,,6060,aspd,0.25706888964886954,True,,,,
main,compas,IID,AdaAggRL,Benign,,7070,accuracy,0.6695464362850972,True,,,,
main,compas,IID,AdaAggRL,Benign,,7070,aeod,0.23124999999999996,True,,,,
main,compas,IID,AdaAggRL,Benign,,7070,aspd,0.18563006348431918,True,,,,
main,compas,IID,AdaAggRL,FedSA,,123,accuracy,0.6609071274298056,True,,70,performance_defended_max_acc,0.6609071274298056
main,compas,IID,AdaAggRL,FedSA,,123,aeod,0.1971901804199941,True,,70,performance_defended_max_acc,0.6609071274298056
main,compas,IID,AdaAggRL,FedSA,,123,aspd,0.22640872976502982,True,,70,performance_defended_max_acc,0.6609071274298056
main,compas,IID,AdaAggRL,FedSA,,456,accuracy,0.6711663066954644,True,,70,performance_defended_max_acc,0.6711663066954644
main,compas,IID,AdaAggRL,FedSA,,456,aeod,0.23768939393939392,True,,70,performance_defended_max_acc,0.6711663066954644
main,compas,IID,AdaAggRL,FedSA,,456,aspd,0.2266981967838813,True,,70,performance_defended_max_acc,0.6711663066954644
main,compas,IID,AdaAggRL,FedSA,,789,accuracy,0.6803455723542117,True,,68,performance_defended_max_acc,0.6803455723542117
main,compas,IID,AdaAggRL,FedSA,,789,aeod,0.24604400508014962,True,,68,performance_defended_max_acc,0.6803455723542117
main,compas,IID,AdaAggRL,FedSA,,789,aspd,0.23488497771220676,True,,68,performance_defended_max_acc,0.6803455723542117
main,compas,IID,AdaAggRL,FedSA,,1001,accuracy,0.6943844492440605,True,,65,performance_defended_max_acc,0.6943844492440605
main,compas,IID,AdaAggRL,FedSA,,1001,aeod,0.28349650032330886,True,,65,performance_defended_max_acc,0.6943844492440605
main,compas,IID,AdaAggRL,FedSA,,1001,aspd,0.2802355888027621,True,,65,performance_defended_max_acc,0.6943844492440605
main,compas,IID,AdaAggRL,FedSA,,2024,accuracy,0.7095032397408207,True,,70,performance_defended_max_acc,0.7095032397408207
main,compas,IID,AdaAggRL,FedSA,,2024,aeod,0.2687062608011225,True,,70,performance_defended_max_acc,0.7095032397408207
main,compas,IID,AdaAggRL,FedSA,,2024,aspd,0.21089539852488542,True,,70,performance_defended_max_acc,0.7095032397408207
main,compas,IID,AdaAggRL,FedSA,,3141,accuracy,0.6727861771058316,True,,69,performance_defended_max_acc,0.6727861771058316
main,compas,IID,AdaAggRL,FedSA,,3141,aeod,0.29053396669146686,True,,69,performance_defended_max_acc,0.6727861771058316
main,compas,IID,AdaAggRL,FedSA,,3141,aspd,0.24976451624575285,True,,69,performance_defended_max_acc,0.6727861771058316
main,compas,IID,AdaAggRL,FedSA,,4242,accuracy,0.6754859611231101,True,,61,performance_defended_max_acc,0.6754859611231101
main,compas,IID,AdaAggRL,FedSA,,4242,aeod,0.2271993108646495,True,,61,performance_defended_max_acc,0.6754859611231101
main,compas,IID,AdaAggRL,FedSA,,4242,aspd,0.22886336339666202,True,,61,performance_defended_max_acc,0.6754859611231101
main,compas,IID,AdaAggRL,FedSA,,5050,accuracy,0.6825053995680346,True,,66,performance_defended_max_acc,0.6825053995680346
main,compas,IID,AdaAggRL,FedSA,,5050,aeod,0.23838080959520241,True,,66,performance_defended_max_acc,0.6825053995680346
main,compas,IID,AdaAggRL,FedSA,,5050,aspd,0.22191498773850393,True,,66,performance_defended_max_acc,0.6825053995680346
main,compas,IID,AdaAggRL,FedSA,,6060,accuracy,0.6884449244060475,True,,66,performance_defended_max_acc,0.6884449244060475
main,compas,IID,AdaAggRL,FedSA,,6060,aeod,0.27061644636799626,True,,66,performance_defended_max_acc,0.6884449244060475
main,compas,IID,AdaAggRL,FedSA,,6060,aspd,0.25952352328050177,True,,66,performance_defended_max_acc,0.6884449244060475
main,compas,IID,AdaAggRL,FedSA,,7070,accuracy,0.6663066954643628,True,,69,performance_defended_max_acc,0.6663066954643628
main,compas,IID,AdaAggRL,FedSA,,7070,aeod,0.19015151515151513,True,,69,performance_defended_max_acc,0.6663066954643628
main,compas,IID,AdaAggRL,FedSA,,7070,aspd,0.16044643284423524,True,,69,performance_defended_max_acc,0.6663066954643628
main,compas,IID,FLAURA,Benign,,123,accuracy,0.6652267818574514,True,,,,
main,compas,IID,FLAURA,Benign,,123,aeod,0.20881396036675542,True,,,,
main,compas,IID,FLAURA,Benign,,123,aspd,0.23914527859449755,True,,,,
main,compas,IID,FLAURA,Benign,,456,accuracy,0.6727861771058316,True,,,,
main,compas,IID,FLAURA,Benign,,456,aeod,0.240051247771836,True,,,,
main,compas,IID,FLAURA,Benign,,456,aspd,0.23366524773357833,True,,,,
main,compas,IID,FLAURA,Benign,,789,accuracy,0.6868250539956804,True,,,,
main,compas,IID,FLAURA,Benign,,789,aeod,0.2265643771667868,True,,,,
main,compas,IID,FLAURA,Benign,,789,aspd,0.2355969732021238,True,,,,
main,compas,IID,FLAURA,Benign,,1001,accuracy,0.6846652267818575,True,,,,
main,compas,IID,FLAURA,Benign,,1001,aeod,0.28732515796757835,True,,,,
main,compas,IID,FLAURA,Benign,,1001,aspd,0.26571554963133803,True,,,,
main,compas,IID,FLAURA,Benign,,2024,accuracy,0.7003239740820735,True,,,,
main,compas,IID,FLAURA,Benign,,2024,aeod,0.27277860479441507,True,,,,
main,compas,IID,FLAURA,Benign,,2024,aspd,0.2130792404292049,True,,,,
main,compas,IID,FLAURA,Benign,,3141,accuracy,0.6700863930885529,True,,,,
main,compas,IID,FLAURA,Benign,,3141,aeod,0.2722314427974589,True,,,,
main,compas,IID,FLAURA,Benign,,3141,aspd,0.22842215963405765,True,,,,
main,compas,IID,FLAURA,Benign,,4242,accuracy,0.6673866090712743,True,,,,
main,compas,IID,FLAURA,Benign,,4242,aeod,0.22181544093894684,True,,,,
main,compas,IID,FLAURA,Benign,,4242,aspd,0.2318595804829197,True,,,,
main,compas,IID,FLAURA,Benign,,5050,accuracy,0.6825053995680346,True,,,,
main,compas,IID,FLAURA,Benign,,5050,aeod,0.2582815734989648,True,,,,
main,compas,IID,FLAURA,Benign,,5050,aspd,0.23196696340926787,True,,,,
main,compas,IID,FLAURA,Benign,,6060,accuracy,0.6911447084233261,True,,,,
main,compas,IID,FLAURA,Benign,,6060,aeod,0.26681483214411045,True,,,,
main,compas,IID,FLAURA,Benign,,6060,aspd,0.26821103546321146,True,,,,
main,compas,IID,FLAURA,Benign,,7070,accuracy,0.6630669546436285,True,,,,
main,compas,IID,FLAURA,Benign,,7070,aeod,0.2109848484848485,True,,,,
main,compas,IID,FLAURA,Benign,,7070,aspd,0.1952595106840176,True,,,,
main,compas,IID,FLAURA,FedSA,,123,accuracy,0.6636069114470843,True,,65,performance_defended_max_acc,0.6636069114470843
main,compas,IID,FLAURA,FedSA,,123,aeod,0.19192546583850933,True,,65,performance_defended_max_acc,0.6636069114470843
main,compas,IID,FLAURA,FedSA,,123,aspd,0.21931562059744591,True,,65,performance_defended_max_acc,0.6636069114470843
main,compas,IID,FLAURA,FedSA,,456,accuracy,0.6781857451403888,True,,63,performance_defended_max_acc,0.6781857451403888
main,compas,IID,FLAURA,FedSA,,456,aeod,0.23957219251336898,True,,63,performance_defended_max_acc,0.6781857451403888
main,compas,IID,FLAURA,FedSA,,456,aspd,0.235385708966591,True,,63,performance_defended_max_acc,0.6781857451403888
main,compas,IID,FLAURA,FedSA,,789,accuracy,0.6862850971922246,True,,67,performance_defended_max_acc,0.6862850971922246
main,compas,IID,FLAURA,FedSA,,789,aeod,0.23109532145676726,True,,67,performance_defended_max_acc,0.6862850971922246
main,compas,IID,FLAURA,FedSA,,789,aspd,0.23696143669017805,True,,67,performance_defended_max_acc,0.6862850971922246
main,compas,IID,FLAURA,FedSA,,1001,accuracy,0.6879049676025918,True,,70,performance_defended_max_acc,0.6879049676025918
main,compas,IID,FLAURA,FedSA,,1001,aeod,0.2912615852344273,True,,70,performance_defended_max_acc,0.6879049676025918
main,compas,IID,FLAURA,FedSA,,1001,aspd,0.27838906935186236,True,,70,performance_defended_max_acc,0.6879049676025918
main,compas,IID,FLAURA,FedSA,,2024,accuracy,0.7095032397408207,True,,69,performance_defended_max_acc,0.7095032397408207
main,compas,IID,FLAURA,FedSA,,2024,aeod,0.27009222661396576,True,,69,performance_defended_max_acc,0.7095032397408207
main,compas,IID,FLAURA,FedSA,,2024,aspd,0.2171913061849064,True,,69,performance_defended_max_acc,0.7095032397408207
main,compas,IID,FLAURA,FedSA,,3141,accuracy,0.6771058315334774,True,,68,performance_defended_max_acc,0.6771058315334774
main,compas,IID,FLAURA,FedSA,,3141,aeod,0.25258398672237165,True,,68,performance_defended_max_acc,0.6771058315334774
main,compas,IID,FLAURA,FedSA,,3141,aspd,0.24178549793579668,True,,68,performance_defended_max_acc,0.6771058315334774
main,compas,IID,FLAURA,FedSA,,4242,accuracy,0.6765658747300216,True,,67,performance_defended_max_acc,0.6765658747300216
main,compas,IID,FLAURA,FedSA,,4242,aeod,0.23121328499814559,True,,67,performance_defended_max_acc,0.6765658747300216
main,compas,IID,FLAURA,FedSA,,4242,aspd,0.23343880982367024,True,,67,performance_defended_max_acc,0.6765658747300216
main,compas,IID,FLAURA,FedSA,,5050,accuracy,0.6900647948164147,True,,63,performance_defended_max_acc,0.6900647948164147
main,compas,IID,FLAURA,FedSA,,5050,aeod,0.25735346612408083,True,,63,performance_defended_max_acc,0.6900647948164147
main,compas,IID,FLAURA,FedSA,,5050,aspd,0.2222301332832213,True,,63,performance_defended_max_acc,0.6900647948164147
main,compas,IID,FLAURA,FedSA,,6060,accuracy,0.6889848812095032,True,,68,performance_defended_max_acc,0.6889848812095032
main,compas,IID,FLAURA,FedSA,,6060,aeod,0.25488361211837646,True,,68,performance_defended_max_acc,0.6889848812095032
main,compas,IID,FLAURA,FedSA,,6060,aspd,0.25415087534593056,True,,68,performance_defended_max_acc,0.6889848812095032
main,compas,IID,FLAURA,FedSA,,7070,accuracy,0.6690064794816415,True,,65,performance_defended_max_acc,0.6690064794816415
main,compas,IID,FLAURA,FedSA,,7070,aeod,0.20776515151515146,True,,65,performance_defended_max_acc,0.6690064794816415
main,compas,IID,FLAURA,FedSA,,7070,aspd,0.17740243035575265,True,,65,performance_defended_max_acc,0.6690064794816415
main,compas,IID,FLGMM,Benign,,123,accuracy,0.6609071274298056,True,,,,
main,compas,IID,FLGMM,Benign,,123,aeod,0.19139307897071872,True,,,,
main,compas,IID,FLGMM,Benign,,123,aspd,0.22412100655152573,True,,,,
main,compas,IID,FLGMM,Benign,,456,accuracy,0.6652267818574514,True,,,,
main,compas,IID,FLGMM,Benign,,456,aeod,0.24264705882352944,True,,,,
main,compas,IID,FLGMM,Benign,,456,aspd,0.2237206549891625,True,,,,
main,compas,IID,FLGMM,Benign,,789,accuracy,0.6787257019438445,True,,,,
main,compas,IID,FLGMM,Benign,,789,aeod,0.25594686438059927,True,,,,
main,compas,IID,FLGMM,Benign,,789,aspd,0.2366276158539219,True,,,,
main,compas,IID,FLGMM,Benign,,1001,accuracy,0.6889848812095032,True,,,,
main,compas,IID,FLGMM,Benign,,1001,aeod,0.28249254120770045,True,,,,
main,compas,IID,FLGMM,Benign,,1001,aspd,0.2643919383435249,True,,,,
main,compas,IID,FLGMM,Benign,,2024,accuracy,0.6997840172786177,True,,,,
main,compas,IID,FLGMM,Benign,,2024,aeod,0.2605102407473949,True,,,,
main,compas,IID,FLGMM,Benign,,2024,aspd,0.22350588913646624,True,,,,
main,compas,IID,FLGMM,Benign,,3141,accuracy,0.67170626349892,True,,,,
main,compas,IID,FLGMM,Benign,,3141,aeod,0.2820236936988497,True,,,,
main,compas,IID,FLGMM,Benign,,3141,aspd,0.24703558926964436,True,,,,
main,compas,IID,FLGMM,Benign,,4242,accuracy,0.6657667386609071,True,,,,
main,compas,IID,FLGMM,Benign,,4242,aeod,0.21685031645191005,True,,,,
main,compas,IID,FLGMM,Benign,,4242,aspd,0.23099934986641335,True,,,,
main,compas,IID,FLGMM,Benign,,5050,accuracy,0.6884449244060475,True,,,,
main,compas,IID,FLGMM,Benign,,5050,aeod,0.2494110087813236,True,,,,
main,compas,IID,FLGMM,Benign,,5050,aspd,0.2217480773203758,True,,,,
main,compas,IID,FLGMM,Benign,,6060,accuracy,0.6906047516198704,True,,,,
main,compas,IID,FLGMM,Benign,,6060,aeod,0.2640464771708192,True,,,,
main,compas,IID,FLGMM,Benign,,6060,aspd,0.25085818800649434,True,,,,
main,compas,IID,FLGMM,Benign,,7070,accuracy,0.658207343412527,True,,,,
main,compas,IID,FLGMM,Benign,,7070,aeod,0.22253787878787884,True,,,,
main,compas,IID,FLGMM,Benign,,7070,aspd,0.1972729405530454,True,,,,
main,compas,IID,FLGMM,FedSA,,123,accuracy,0.66792656587473,True,,61,performance_defended_max_acc,0.66792656587473
main,compas,IID,FLGMM,FedSA,,123,aeod,0.2042886719905353,True,,61,performance_defended_max_acc,0.66792656587473
main,compas,IID,FLGMM,FedSA,,123,aspd,0.2332497224968398,True,,61,performance_defended_max_acc,0.66792656587473
main,compas,IID,FLGMM,FedSA,,456,accuracy,0.6744060475161987,True,,66,performance_defended_max_acc,0.6744060475161987
main,compas,IID,FLGMM,FedSA,,456,aeod,0.24133244206773619,True,,66,performance_defended_max_acc,0.6744060475161987
main,compas,IID,FLGMM,FedSA,,456,aspd,0.2321747260276371,True,,66,performance_defended_max_acc,0.6744060475161987
main,compas,IID,FLGMM,FedSA,,789,accuracy,0.6862850971922246,True,,69,performance_defended_max_acc,0.6862850971922246
main,compas,IID,FLGMM,FedSA,,789,aeod,0.23950502866165518,True,,69,performance_defended_max_acc,0.6862850971922246
main,compas,IID,FLGMM,FedSA,,789,aspd,0.23389868887781343,True,,69,performance_defended_max_acc,0.6862850971922246
main,compas,IID,FLGMM,FedSA,,1001,accuracy,0.6906047516198704,True,,69,performance_defended_max_acc,0.6906047516198704
main,compas,IID,FLGMM,FedSA,,1001,aeod,0.29223718392304115,True,,69,performance_defended_max_acc,0.6906047516198704
main,compas,IID,FLGMM,FedSA,,1001,aspd,0.2751150573039649,True,,69,performance_defended_max_acc,0.6906047516198704
main,compas,IID,FLGMM,FedSA,,2024,accuracy,0.708963282937365,True,,68,performance_defended_max_acc,0.708963282937365
main,compas,IID,FLGMM,FedSA,,2024,aeod,0.27217973067775436,True,,68,performance_defended_max_acc,0.708963282937365
main,compas,IID,FLGMM,FedSA,,2024,aspd,0.2198980562523125,True,,68,performance_defended_max_acc,0.708963282937365
main,compas,IID,FLGMM,FedSA,,3141,accuracy,0.6765658747300216,True,,63,performance_defended_max_acc,0.6765658747300216
main,compas,IID,FLGMM,FedSA,,3141,aeod,0.2574543581525782,True,,63,performance_defended_max_acc,0.6765658747300216
main,compas,IID,FLGMM,FedSA,,3141,aspd,0.24499648087475068,True,,63,performance_defended_max_acc,0.6765658747300216
main,compas,IID,FLGMM,FedSA,,4242,accuracy,0.6744060475161987,True,,67,performance_defended_max_acc,0.6744060475161987
main,compas,IID,FLGMM,FedSA,,4242,aeod,0.2250278166612828,True,,67,performance_defended_max_acc,0.6744060475161987
main,compas,IID,FLGMM,FedSA,,4242,aspd,0.23994248010206048,True,,67,performance_defended_max_acc,0.6744060475161987
main,compas,IID,FLGMM,FedSA,,5050,accuracy,0.6868250539956804,True,,62,performance_defended_max_acc,0.6868250539956804
main,compas,IID,FLGMM,FedSA,,5050,aeod,0.25240950953094876,True,,62,performance_defended_max_acc,0.6868250539956804
main,compas,IID,FLGMM,FedSA,,5050,aspd,0.21987938096077375,True,,62,performance_defended_max_acc,0.6868250539956804
main,compas,IID,FLGMM,FedSA,,6060,accuracy,0.687365010799136,True,,66,performance_defended_max_acc,0.687365010799136
main,compas,IID,FLGMM,FedSA,,6060,aeod,0.2687253869848325,True,,66,performance_defended_max_acc,0.687365010799136
main,compas,IID,FLGMM,FedSA,,6060,aspd,0.2538579067099155,True,,66,performance_defended_max_acc,0.687365010799136
main,compas,IID,FLGMM,FedSA,,7070,accuracy,0.6706263498920086,True,,62,performance_defended_max_acc,0.6706263498920086
main,compas,IID,FLGMM,FedSA,,7070,aeod,0.20416666666666672,True,,62,performance_defended_max_acc,0.6706263498920086
main,compas,IID,FLGMM,FedSA,,7070,aspd,0.1762270541945289,True,,62,performance_defended_max_acc,0.6706263498920086
main,compas,IID,FLTG,Benign,,123,accuracy,0.6646868250539957,True,,,,
main,compas,IID,FLTG,Benign,,123,aeod,0.20721679976338359,True,,,,
main,compas,IID,FLTG,Benign,,123,aspd,0.24319431524125557,True,,,,
main,compas,IID,FLTG,Benign,,456,accuracy,0.677645788336933,True,,,,
main,compas,IID,FLTG,Benign,,456,aeod,0.23273172905525846,True,,,,
main,compas,IID,FLTG,Benign,,456,aspd,0.24591974060020055,True,,,,
main,compas,IID,FLTG,Benign,,789,accuracy,0.6781857451403888,True,,,,
main,compas,IID,FLTG,Benign,,789,aeod,0.24110115676380733,True,,,,
main,compas,IID,FLTG,Benign,,789,aspd,0.21820327354516558,True,,,,
main,compas,IID,FLTG,Benign,,1001,accuracy,0.6760259179265659,True,,,,
main,compas,IID,FLTG,Benign,,1001,aeod,0.24448389694955242,True,,,,
main,compas,IID,FLTG,Benign,,1001,aspd,0.2320556710440772,True,,,,
main,compas,IID,FLTG,Benign,,2024,accuracy,0.6819654427645788,True,,,,
main,compas,IID,FLTG,Benign,,2024,aeod,0.27811713977721886,True,,,,
main,compas,IID,FLTG,Benign,,2024,aspd,0.20573751644301058,True,,,,
main,compas,IID,FLTG,Benign,,3141,accuracy,0.6646868250539957,True,,,,
main,compas,IID,FLTG,Benign,,3141,aeod,0.26104847478967547,True,,,,
main,compas,IID,FLTG,Benign,,3141,aspd,0.21797333401809402,True,,,,
main,compas,IID,FLTG,Benign,,4242,accuracy,0.6657667386609071,True,,,,
main,compas,IID,FLTG,Benign,,4242,aeod,0.23689027673091412,True,,,,
main,compas,IID,FLTG,Benign,,4242,aspd,0.2359529709470824,True,,,,
main,compas,IID,FLTG,Benign,,5050,accuracy,0.6884449244060475,True,,,,
main,compas,IID,FLTG,Benign,,5050,aeod,0.22290640394088673,True,,,,
main,compas,IID,FLTG,Benign,,5050,aspd,0.22191148612134037,True,,,,
main,compas,IID,FLTG,Benign,,6060,accuracy,0.6852051835853131,True,,,,
main,compas,IID,FLTG,Benign,,6060,aeod,0.28611533512691545,True,,,,
main,compas,IID,FLTG,Benign,,6060,aspd,0.26850400409922653,True,,,,
main,compas,IID,FLTG,Benign,,7070,accuracy,0.6630669546436285,True,,,,
main,compas,IID,FLTG,Benign,,7070,aeod,0.20359848484848486,True,,,,
main,compas,IID,FLTG,Benign,,7070,aspd,0.19548594859392565,True,,,,
main,compas,IID,FLTG,FedSA,,123,accuracy,0.6668466522678186,True,,61,performance_defended_max_acc,0.6668466522678186
main,compas,IID,FLTG,FedSA,,123,aeod,0.2167406092871932,True,,61,performance_defended_max_acc,0.6668466522678186
main,compas,IID,FLTG,FedSA,,123,aspd,0.2378881980327915,True,,61,performance_defended_max_acc,0.6668466522678186
main,compas,IID,FLTG,FedSA,,456,accuracy,0.6803455723542117,True,,61,performance_defended_max_acc,0.6803455723542117
main,compas,IID,FLTG,FedSA,,456,aeod,0.2476158645276293,True,,61,performance_defended_max_acc,0.6803455723542117
main,compas,IID,FLTG,FedSA,,456,aspd,0.2522378251689238,True,,61,performance_defended_max_acc,0.6803455723542117
main,compas,IID,FLTG,FedSA,,789,accuracy,0.683585313174946,True,,68,performance_defended_max_acc,0.683585313174946
main,compas,IID,FLTG,FedSA,,789,aeod,0.2569251364432087,True,,68,performance_defended_max_acc,0.683585313174946
main,compas,IID,FLTG,FedSA,,789,aspd,0.2370466427078239,True,,68,performance_defended_max_acc,0.683585313174946
main,compas,IID,FLTG,FedSA,,1001,accuracy,0.6830453563714903,True,,70,performance_defended_max_acc,0.6830453563714903
main,compas,IID,FLTG,FedSA,,1001,aeod,0.26689997844607544,True,,70,performance_defended_max_acc,0.6830453563714903
main,compas,IID,FLTG,FedSA,,1001,aspd,0.262882741346045,True,,70,performance_defended_max_acc,0.6830453563714903
main,compas,IID,FLTG,FedSA,,2024,accuracy,0.6960043196544277,True,,67,performance_defended_max_acc,0.6960043196544277
main,compas,IID,FLTG,FedSA,,2024,aeod,0.2748147767910613,True,,67,performance_defended_max_acc,0.6960043196544277
main,compas,IID,FLTG,FedSA,,2024,aspd,0.20716150742284478,True,,67,performance_defended_max_acc,0.6960043196544277
main,compas,IID,FLTG,FedSA,,3141,accuracy,0.673866090712743,True,,62,performance_defended_max_acc,0.673866090712743
main,compas,IID,FLTG,FedSA,,3141,aeod,0.29096320036627943,True,,62,performance_defended_max_acc,0.673866090712743
main,compas,IID,FLTG,FedSA,,3141,aspd,0.23792905023303265,True,,62,performance_defended_max_acc,0.673866090712743
main,compas,IID,FLTG,FedSA,,4242,accuracy,0.6711663066954644,True,,67,performance_defended_max_acc,0.6711663066954644
main,compas,IID,FLTG,FedSA,,4242,aeod,0.24911166146225905,True,,67,performance_defended_max_acc,0.6711663066954644
main,compas,IID,FLTG,FedSA,,4242,aspd,0.23872625174059553,True,,67,performance_defended_max_acc,0.6711663066954644
main,compas,IID,FLTG,FedSA,,5050,accuracy,0.6911447084233261,True,,65,performance_defended_max_acc,0.6911447084233261
main,compas,IID,FLTG,FedSA,,5050,aeod,0.24864353537516953,True,,65,performance_defended_max_acc,0.6911447084233261
main,compas,IID,FLTG,FedSA,,5050,aspd,0.2331201626617893,True,,65,performance_defended_max_acc,0.6911447084233261
main,compas,IID,FLTG,FedSA,,6060,accuracy,0.6949244060475162,True,,63,performance_defended_max_acc,0.6949244060475162
main,compas,IID,FLTG,FedSA,,6060,aeod,0.2673802004133037,True,,63,performance_defended_max_acc,0.6949244060475162
main,compas,IID,FLTG,FedSA,,6060,aspd,0.25551533883398486,True,,63,performance_defended_max_acc,0.6949244060475162
main,compas,IID,FLTG,FedSA,,7070,accuracy,0.6636069114470843,True,,67,performance_defended_max_acc,0.6636069114470843
main,compas,IID,FLTG,FedSA,,7070,aeod,0.19886363636363635,True,,67,performance_defended_max_acc,0.6636069114470843
main,compas,IID,FLTG,FedSA,,7070,aspd,0.19972407256751412,True,,67,performance_defended_max_acc,0.6636069114470843
main,compas,IID,FLTrust,Benign,,123,accuracy,0.6598272138228942,True,,,,
main,compas,IID,FLTrust,Benign,,123,aeod,0.21410825199645073,True,,,,
main,compas,IID,FLTrust,Benign,,123,aspd,0.25074730346298263,True,,,,
main,compas,IID,FLTrust,Benign,,456,accuracy,0.6760259179265659,True,,,,
main,compas,IID,FLTrust,Benign,,456,aeod,0.23077094474153298,True,,,,
main,compas,IID,FLTrust,Benign,,456,aspd,0.24480739354792025,True,,,,
main,compas,IID,FLTrust,Benign,,789,accuracy,0.6808855291576674,True,,,,
main,compas,IID,FLTrust,Benign,,789,aeod,0.268509937184636,True,,,,
main,compas,IID,FLTrust,Benign,,789,aspd,0.24330169816760375,True,,,,
main,compas,IID,FLTrust,Benign,,1001,accuracy,0.6841252699784017,True,,,,
main,compas,IID,FLTrust,Benign,,1001,aeod,0.25717802407233037,True,,,,
main,compas,IID,FLTrust,Benign,,1001,aspd,0.25646077546813706,True,,,,
main,compas,IID,FLTrust,Benign,,2024,accuracy,0.6922246220302376,True,,,,
main,compas,IID,FLTrust,Benign,,2024,aeod,0.26514723747925334,True,,,,
main,compas,IID,FLTrust,Benign,,2024,aspd,0.20197794681510411,True,,,,
main,compas,IID,FLTrust,Benign,,3141,accuracy,0.6695464362850972,True,,,,
main,compas,IID,FLTrust,Benign,,3141,aeod,0.2841126309162708,True,,,,
main,compas,IID,FLTrust,Benign,,3141,aspd,0.23990162790181935,True,,,,
main,compas,IID,FLTrust,Benign,,4242,accuracy,0.66792656587473,True,,,,
main,compas,IID,FLTrust,Benign,,4242,aeod,0.25208475407678593,True,,,,
main,compas,IID,FLTrust,Benign,,4242,aspd,0.23828504797799116,True,,,,
main,compas,IID,FLTrust,Benign,,5050,accuracy,0.6906047516198704,True,,,,
main,compas,IID,FLTrust,Benign,,5050,aeod,0.25414078674948243,True,,,,
main,compas,IID,FLTrust,Benign,,5050,aspd,0.2206765824683366,True,,,,
main,compas,IID,FLTrust,Benign,,6060,accuracy,0.6916846652267818,True,,,,
main,compas,IID,FLTrust,Benign,,6060,aeod,0.2740671423558311,True,,,,
main,compas,IID,FLTrust,Benign,,6060,aspd,0.26277535841969685,True,,,,
main,compas,IID,FLTrust,Benign,,7070,accuracy,0.6641468682505399,True,,,,
main,compas,IID,FLTrust,Benign,,7070,aeod,0.2054924242424243,True,,,,
main,compas,IID,FLTrust,Benign,,7070,aspd,0.19504474483132128,True,,,,
main,compas,IID,FLTrust,FedSA,,123,accuracy,0.6636069114470843,True,,61,performance_defended_max_acc,0.6636069114470843
main,compas,IID,FLTrust,FedSA,,123,aeod,0.21085477669328606,True,,61,performance_defended_max_acc,0.6636069114470843
main,compas,IID,FLTrust,FedSA,,123,aspd,0.24439186831118173,True,,61,performance_defended_max_acc,0.6636069114470843
main,compas,IID,FLTrust,FedSA,,456,accuracy,0.677645788336933,True,,62,performance_defended_max_acc,0.677645788336933
main,compas,IID,FLTrust,FedSA,,456,aeod,0.22969028520499113,True,,62,performance_defended_max_acc,0.677645788336933
main,compas,IID,FLTrust,FedSA,,456,aspd,0.24184852704474014,True,,62,performance_defended_max_acc,0.677645788336933
main,compas,IID,FLTrust,FedSA,,789,accuracy,0.6846652267818575,True,,70,performance_defended_max_acc,0.6846652267818575
main,compas,IID,FLTrust,FedSA,,789,aeod,0.2532351628737171,True,,70,performance_defended_max_acc,0.6846652267818575
main,compas,IID,FLTrust,FedSA,,789,aspd,0.2390822494855541,True,,70,performance_defended_max_acc,0.6846652267818575
main,compas,IID,FLTrust,FedSA,,1001,accuracy,0.6852051835853131,True,,66,performance_defended_max_acc,0.6852051835853131
main,compas,IID,FLTrust,FedSA,,1001,aeod,0.27370648092477684,True,,66,performance_defended_max_acc,0.6852051835853131
main,compas,IID,FLTrust,FedSA,,1001,aspd,0.26294577045498846,True,,66,performance_defended_max_acc,0.6852051835853131
main,compas,IID,FLTrust,FedSA,,2024,accuracy,0.6981641468682506,True,,68,performance_defended_max_acc,0.6981641468682506
main,compas,IID,FLTrust,FedSA,,2024,aeod,0.2679705011720822,True,,68,performance_defended_max_acc,0.6981641468682506
main,compas,IID,FLTrust,FedSA,,2024,aspd,0.21251197844871356,True,,68,performance_defended_max_acc,0.6981641468682506
main,compas,IID,FLTrust,FedSA,,3141,accuracy,0.6733261339092873,True,,68,performance_defended_max_acc,0.6733261339092873
main,compas,IID,FLTrust,FedSA,,3141,aeod,0.2855033480226636,True,,68,performance_defended_max_acc,0.6733261339092873
main,compas,IID,FLTrust,FedSA,,3141,aspd,0.2447070138558991,True,,68,performance_defended_max_acc,0.6733261339092873
main,compas,IID,FLTrust,FedSA,,4242,accuracy,0.6684665226781857,True,,66,performance_defended_max_acc,0.6684665226781857
main,compas,IID,FLTrust,FedSA,,4242,aeod,0.24212459471423614,True,,66,performance_defended_max_acc,0.6684665226781857
main,compas,IID,FLTrust,FedSA,,4242,aspd,0.22890421559690316,True,,66,performance_defended_max_acc,0.6684665226781857
main,compas,IID,FLTrust,FedSA,,5050,accuracy,0.6911447084233261,True,,66,performance_defended_max_acc,0.6911447084233261
main,compas,IID,FLTrust,FedSA,,5050,aeod,0.25701434996787326,True,,66,performance_defended_max_acc,0.6911447084233261
main,compas,IID,FLTrust,FedSA,,5050,aspd,0.22617528862079472,True,,66,performance_defended_max_acc,0.6911447084233261
main,compas,IID,FLTrust,FedSA,,6060,accuracy,0.6949244060475162,True,,68,performance_defended_max_acc,0.6949244060475162
main,compas,IID,FLTrust,FedSA,,6060,aeod,0.27451553787967403,True,,68,performance_defended_max_acc,0.6949244060475162
main,compas,IID,FLTrust,FedSA,,6060,aspd,0.25895626130001037,True,,68,performance_defended_max_acc,0.6949244060475162
main,compas,IID,FLTrust,FedSA,,7070,accuracy,0.6646868250539957,True,,68,performance_defended_max_acc,0.6646868250539957
main,compas,IID,FLTrust,FedSA,,7070,aeod,0.2068181818181818,True,,68,performance_defended_max_acc,0.6646868250539957
main,compas,IID,FLTrust,FedSA,,7070,aspd,0.19380633956115395,True,,68,performance_defended_max_acc,0.6646868250539957
main,compas,IID,FLTrust+FairGuard,Benign,,123,accuracy,0.66792656587473,True,,,,
main,compas,IID,FLTrust+FairGuard,Benign,,123,aeod,0.20934634723454598,True,,,,
main,compas,IID,FLTrust+FairGuard,Benign,,123,aspd,0.2343398926404178,True,,,,
main,compas,IID,FLTrust+FairGuard,Benign,,456,accuracy,0.6722462203023758,True,,,,
main,compas,IID,FLTrust+FairGuard,Benign,,456,aeod,0.2343360071301247,True,,,,
main,compas,IID,FLTrust+FairGuard,Benign,,456,aspd,0.2517300906802124,True,,,,
main,compas,IID,FLTrust+FairGuard,Benign,,789,accuracy,0.677645788336933,True,,,,
main,compas,IID,FLTrust+FairGuard,Benign,,789,aeod,0.261644870078605,True,,,,
main,compas,IID,FLTrust+FairGuard,Benign,,789,aspd,0.23669064496286535,True,,,,
main,compas,IID,FLTrust+FairGuard,Benign,,1001,accuracy,0.6814254859611231,True,,,,
main,compas,IID,FLTrust+FairGuard,Benign,,1001,aeod,0.25814795067554536,True,,,,
main,compas,IID,FLTrust+FairGuard,Benign,,1001,aspd,0.2488634334290053,True,,,,
main,compas,IID,FLTrust+FairGuard,Benign,,2024,accuracy,0.6960043196544277,True,,,,
main,compas,IID,FLTrust+FairGuard,Benign,,2024,aeod,0.2618277638040484,True,,,,
main,compas,IID,FLTrust+FairGuard,Benign,,2024,aspd,0.2216185174853253,True,,,,
main,compas,IID,FLTrust+FairGuard,Benign,,3141,accuracy,0.6700863930885529,True,,,,
main,compas,IID,FLTrust+FairGuard,Benign,,3141,aeod,0.2928918903451039,True,,,,
main,compas,IID,FLTrust+FairGuard,Benign,,3141,aspd,0.23425818823993547,True,,,,
main,compas,IID,FLTrust+FairGuard,Benign,,4242,accuracy,0.6630669546436285,True,,,,
main,compas,IID,FLTrust+FairGuard,Benign,,4242,aeod,0.2437277915365565,True,,,,
main,compas,IID,FLTrust+FairGuard,Benign,,4242,aspd,0.25036912880932183,True,,,,
main,compas,IID,FLTrust+FairGuard,Benign,,5050,accuracy,0.6803455723542117,True,,,,
main,compas,IID,FLTrust+FairGuard,Benign,,5050,aeod,0.2499107589062612,True,,,,
main,compas,IID,FLTrust+FairGuard,Benign,,5050,aspd,0.2366241142367584,True,,,,
main,compas,IID,FLTrust+FairGuard,Benign,,6060,accuracy,0.687365010799136,True,,,,
main,compas,IID,FLTrust+FairGuard,Benign,,6060,aeod,0.2553320076422193,True,,,,
main,compas,IID,FLTrust+FairGuard,Benign,,6060,aspd,0.24896731473818992,True,,,,
main,compas,IID,FLTrust+FairGuard,Benign,,7070,accuracy,0.6592872570194385,True,,,,
main,compas,IID,FLTrust+FairGuard,Benign,,7070,aeod,0.21609848484848487,True,,,,
main,compas,IID,FLTrust+FairGuard,Benign,,7070,aspd,0.19708385322621497,True,,,,
main,compas,IID,FLTrust+FairGuard,FedSA,,123,accuracy,0.5971922246220303,True,,65,performance_defended_max_acc,0.5971922246220303
main,compas,IID,FLTrust+FairGuard,FedSA,,123,aeod,0.09834368530020703,True,,65,performance_defended_max_acc,0.5971922246220303
main,compas,IID,FLTrust+FairGuard,FedSA,,123,aspd,0.08769800186052593,True,,65,performance_defended_max_acc,0.5971922246220303
main,compas,IID,FLTrust+FairGuard,FedSA,,456,accuracy,0.6868250539956804,True,,70,performance_defended_max_acc,0.6868250539956804
main,compas,IID,FLTrust+FairGuard,FedSA,,456,aeod,0.21512923351158642,True,,70,performance_defended_max_acc,0.6868250539956804
main,compas,IID,FLTrust+FairGuard,FedSA,,456,aspd,0.24069182617505513,True,,70,performance_defended_max_acc,0.6868250539956804
main,compas,IID,FLTrust+FairGuard,FedSA,,789,accuracy,0.5593952483801296,False,degenerate_positive_rate,61,performance_defended_max_acc,0.5593952483801296
main,compas,IID,FLTrust+FairGuard,FedSA,,789,aeod,0.002093845467339442,False,degenerate_positive_rate,61,performance_defended_max_acc,0.5593952483801296
main,compas,IID,FLTrust+FairGuard,FedSA,,789,aspd,0.0034817746662667085,False,degenerate_positive_rate,61,performance_defended_max_acc,0.5593952483801296
main,compas,IID,FLTrust+FairGuard,FedSA,,1001,accuracy,0.5847732181425486,True,,68,performance_defended_max_acc,0.5847732181425486
main,compas,IID,FLTrust+FairGuard,FedSA,,1001,aeod,0.12802463953897292,True,,68,performance_defended_max_acc,0.5847732181425486
main,compas,IID,FLTrust+FairGuard,FedSA,,1001,aspd,0.18187866429646093,True,,68,performance_defended_max_acc,0.5847732181425486
main,compas,IID,FLTrust+FairGuard,FedSA,,2024,accuracy,0.6339092872570194,True,,67,performance_defended_max_acc,0.6339092872570194
main,compas,IID,FLTrust+FairGuard,FedSA,,2024,aeod,0.17843026538678713,True,,67,performance_defended_max_acc,0.6339092872570194
main,compas,IID,FLTrust+FairGuard,FedSA,,2024,aspd,0.1241906887330799,True,,67,performance_defended_max_acc,0.6339092872570194
main,compas,IID,FLTrust+FairGuard,FedSA,,3141,accuracy,0.6236501079913607,True,,62,performance_defended_max_acc,0.6236501079913607
main,compas,IID,FLTrust+FairGuard,FedSA,,3141,aeod,0.20282721913809879,True,,62,performance_defended_max_acc,0.6236501079913607
main,compas,IID,FLTrust+FairGuard,FedSA,,3141,aspd,0.1404125138459779,True,,62,performance_defended_max_acc,0.6236501079913607
main,compas,IID,FLTrust+FairGuard,FedSA,,4242,accuracy,0.5907127429805615,True,,65,performance_defended_max_acc,0.5907127429805615
main,compas,IID,FLTrust+FairGuard,FedSA,,4242,aeod,0.08624959620975556,True,,65,performance_defended_max_acc,0.5907127429805615
main,compas,IID,FLTrust+FairGuard,FedSA,,4242,aspd,0.0700078319503891,True,,65,performance_defended_max_acc,0.5907127429805615
main,compas,IID,FLTrust+FairGuard,FedSA,,5050,accuracy,0.6592872570194385,True,,61,performance_defended_max_acc,0.6592872570194385
main,compas,IID,FLTrust+FairGuard,FedSA,,5050,aeod,0.22376311844077962,True,,61,performance_defended_max_acc,0.6592872570194385
main,compas,IID,FLTrust+FairGuard,FedSA,,5050,aspd,0.19473660252093095,True,,61,performance_defended_max_acc,0.6592872570194385
main,compas,IID,FLTrust+FairGuard,FedSA,,6060,accuracy,0.5777537796976242,True,,66,performance_defended_max_acc,0.5777537796976242
main,compas,IID,FLTrust+FairGuard,FedSA,,6060,aeod,0.035579210044059735,True,,66,performance_defended_max_acc,0.5777537796976242
main,compas,IID,FLTrust+FairGuard,FedSA,,6060,aspd,0.029862958376276776,True,,66,performance_defended_max_acc,0.5777537796976242
main,compas,IID,FLTrust+FairGuard,FedSA,,7070,accuracy,0.531317494600432,False,accuracy_not_above_majority_baseline,66,performance_defended_max_acc,0.531317494600432
main,compas,IID,FLTrust+FairGuard,FedSA,,7070,aeod,0.008522727272727272,False,accuracy_not_above_majority_baseline,66,performance_defended_max_acc,0.531317494600432
main,compas,IID,FLTrust+FairGuard,FedSA,,7070,aspd,0.02420084342285412,False,accuracy_not_above_majority_baseline,66,performance_defended_max_acc,0.531317494600432
main,compas,IID,FairFed,Benign,,123,accuracy,0.6652267818574514,True,,,,
main,compas,IID,FairFed,Benign,,123,aeod,0.20192250813368823,True,,,,
main,compas,IID,FairFed,Benign,,123,aspd,0.23022782688471624,True,,,,
main,compas,IID,FairFed,Benign,,456,accuracy,0.6657667386609071,True,,,,
main,compas,IID,FairFed,Benign,,456,aeod,0.23992869875222816,True,,,,
main,compas,IID,FairFed,Benign,,456,aspd,0.22739151698225962,True,,,,
main,compas,IID,FairFed,Benign,,789,accuracy,0.6808855291576674,True,,,,
main,compas,IID,FairFed,Benign,,789,aeod,0.24772594652112728,True,,,,
main,compas,IID,FairFed,Benign,,789,aspd,0.23192611120902673,True,,,,
main,compas,IID,FairFed,Benign,,1001,accuracy,0.6889848812095032,True,,,,
main,compas,IID,FairFed,Benign,,1001,aeod,0.275691710814398,True,,,,
main,compas,IID,FairFed,Benign,,1001,aspd,0.2706248168946025,True,,,,
main,compas,IID,FairFed,Benign,,2024,accuracy,0.7035637149028078,True,,,,
main,compas,IID,FairFed,Benign,,2024,aeod,0.2755505364201016,True,,,,
main,compas,IID,FairFed,Benign,,2024,aspd,0.21505181809799162,True,,,,
main,compas,IID,FairFed,Benign,,3141,accuracy,0.67170626349892,True,,,,
main,compas,IID,FairFed,Benign,,3141,aeod,0.2864133234132662,True,,,,
main,compas,IID,FairFed,Benign,,3141,aspd,0.24149603091694516,True,,,,
main,compas,IID,FairFed,Benign,,4242,accuracy,0.6630669546436285,True,,,,
main,compas,IID,FairFed,Benign,,4242,aeod,0.24292619312539626,True,,,,
main,compas,IID,FairFed,Benign,,4242,aspd,0.23947909943075374,True,,,,
main,compas,IID,FairFed,Benign,,5050,accuracy,0.6852051835853131,True,,,,
main,compas,IID,FairFed,Benign,,5050,aeod,0.25240950953094876,True,,,,
main,compas,IID,FairFed,Benign,,5050,aspd,0.23167399477325282,True,,,,
main,compas,IID,FairFed,Benign,,6060,accuracy,0.6900647948164147,True,,,,
main,compas,IID,FairFed,Benign,,6060,aeod,0.2645923499824541,True,,,,
main,compas,IID,FairFed,Benign,,6060,aspd,0.26088798676855596,True,,,,
main,compas,IID,FairFed,Benign,,7070,accuracy,0.6700863930885529,True,,,,
main,compas,IID,FairFed,Benign,,7070,aeod,0.22007575757575754,True,,,,
main,compas,IID,FairFed,Benign,,7070,aspd,0.18961607102213374,True,,,,
main,compas,IID,FairFed,FedSA,,123,accuracy,0.5334773218142549,False,accuracy_not_above_majority_baseline,69,unprotected_min_acc,0.5334773218142549
main,compas,IID,FairFed,FedSA,,123,aeod,0.08189884649511975,False,accuracy_not_above_majority_baseline,69,unprotected_min_acc,0.5334773218142549
main,compas,IID,FairFed,FedSA,,123,aspd,0.029634186054926348,False,accuracy_not_above_majority_baseline,69,unprotected_min_acc,0.5334773218142549
main,compas,IID,FairFed,FedSA,,456,accuracy,0.5707343412526998,True,,61,unprotected_min_acc,0.5707343412526998
main,compas,IID,FairFed,FedSA,,456,aeod,0.09496434937611407,True,,61,unprotected_min_acc,0.5707343412526998
main,compas,IID,FairFed,FedSA,,456,aspd,0.06282951676515938,True,,61,unprotected_min_acc,0.5707343412526998
main,compas,IID,FairFed,FedSA,,789,accuracy,0.531317494600432,True,,61,unprotected_min_acc,0.531317494600432
main,compas,IID,FairFed,FedSA,,789,aeod,0.022071190745889535,True,,61,unprotected_min_acc,0.531317494600432
main,compas,IID,FairFed,FedSA,,789,aspd,0.03808475547623741,True,,61,unprotected_min_acc,0.531317494600432
main,compas,IID,FairFed,FedSA,,1001,accuracy,0.6025917926565875,True,,69,unprotected_min_acc,0.6025917926565875
main,compas,IID,FairFed,FedSA,,1001,aeod,0.08703815044639313,True,,69,unprotected_min_acc,0.6025917926565875
main,compas,IID,FairFed,FedSA,,1001,aspd,0.15582313098265882,True,,69,unprotected_min_acc,0.6025917926565875
main,compas,IID,FairFed,FedSA,,2024,accuracy,0.6711663066954644,True,,61,unprotected_min_acc,0.6711663066954644
main,compas,IID,FairFed,FedSA,,2024,aeod,0.26514723747925334,True,,61,unprotected_min_acc,0.6711663066954644
main,compas,IID,FairFed,FedSA,,2024,aspd,0.2299313566315377,True,,61,unprotected_min_acc,0.6711663066954644
main,compas,IID,FairFed,FedSA,,3141,accuracy,0.5826133909287257,True,,68,unprotected_min_acc,0.5826133909287257
main,compas,IID,FairFed,FedSA,,3141,aeod,0.13790991815944598,True,,68,unprotected_min_acc,0.5826133909287257
main,compas,IID,FairFed,FedSA,,3141,aspd,0.10442055822780821,True,,68,unprotected_min_acc,0.5826133909287257
main,compas,IID,FairFed,FedSA,,4242,accuracy,0.6306695464362851,True,,68,unprotected_min_acc,0.6306695464362851
main,compas,IID,FairFed,FedSA,,4242,aeod,0.20266681023653144,True,,68,unprotected_min_acc,0.6306695464362851
main,compas,IID,FairFed,FedSA,,4242,aspd,0.23659843571089245,True,,68,unprotected_min_acc,0.6306695464362851
main,compas,IID,FairFed,FedSA,,5050,accuracy,0.5934125269978402,True,,61,unprotected_min_acc,0.5934125269978402
main,compas,IID,FairFed,FedSA,,5050,aeod,0.09459555936317557,True,,61,unprotected_min_acc,0.5934125269978402
main,compas,IID,FairFed,FedSA,,5050,aspd,0.07594774186545153,True,,61,unprotected_min_acc,0.5934125269978402
main,compas,IID,FairFed,FedSA,,6060,accuracy,0.5550755939524838,True,,62,unprotected_min_acc,0.5550755939524838
main,compas,IID,FairFed,FedSA,,6060,aeod,0.0853511131906266,True,,62,unprotected_min_acc,0.5550755939524838
main,compas,IID,FairFed,FedSA,,6060,aspd,0.18592770094321887,True,,62,unprotected_min_acc,0.5550755939524838
main,compas,IID,FairFed,FedSA,,7070,accuracy,0.6009719222462203,True,,63,unprotected_min_acc,0.6009719222462203
main,compas,IID,FairFed,FedSA,,7070,aeod,0.12481060606060605,True,,63,unprotected_min_acc,0.6009719222462203
main,compas,IID,FairFed,FedSA,,7070,aspd,0.0986323850564986,True,,63,unprotected_min_acc,0.6009719222462203
main,compas,IID,FairGuard,Benign,,123,accuracy,0.6430885529157667,True,,,,
main,compas,IID,FairGuard,Benign,,123,aeod,0.20831115054717542,True,,,,
main,compas,IID,FairGuard,Benign,,123,aspd,0.19640103787932728,True,,,,
main,compas,IID,FairGuard,Benign,,456,accuracy,0.6625269978401728,True,,,,
main,compas,IID,FairGuard,Benign,,456,aeod,0.25360962566844913,True,,,,
main,compas,IID,FairGuard,Benign,,456,aspd,0.23849631221352394,True,,,,
main,compas,IID,FairGuard,Benign,,789,accuracy,0.6668466522678186,True,,,,
main,compas,IID,FairGuard,Benign,,789,aeod,0.2090756187141729,True,,,,
main,compas,IID,FairGuard,Benign,,789,aspd,0.18005315454854232,True,,,,
main,compas,IID,FairGuard,Benign,,1001,accuracy,0.6911447084233261,True,,,,
main,compas,IID,FairGuard,Benign,,1001,aeod,0.27668432575920865,True,,,,
main,compas,IID,FairGuard,Benign,,1001,aspd,0.2761013461383582,True,,,,
main,compas,IID,FairGuard,Benign,,2024,accuracy,0.6787257019438445,True,,,,
main,compas,IID,FairGuard,Benign,,2024,aeod,0.23877966565713604,True,,,,
main,compas,IID,FairGuard,Benign,,2024,aspd,0.16999767726061488,True,,,,
main,compas,IID,FairGuard,Benign,,3141,accuracy,0.6533477321814255,True,,,,
main,compas,IID,FairGuard,Benign,,3141,aeod,0.25350540834430263,True,,,,
main,compas,IID,FairGuard,Benign,,3141,aspd,0.20011625368982908,True,,,,
main,compas,IID,FairGuard,Benign,,4242,accuracy,0.673866090712743,True,,,,
main,compas,IID,FairGuard,Benign,,4242,aeod,0.2332651376476078,True,,,,
main,compas,IID,FairGuard,Benign,,4242,aspd,0.22628267154714288,True,,,,
main,compas,IID,FairGuard,Benign,,5050,accuracy,0.683585313174946,True,,,,
main,compas,IID,FairGuard,Benign,,5050,aeod,0.22444135075319482,True,,,,
main,compas,IID,FairGuard,Benign,,5050,aspd,0.20244132748641078,True,,,,
main,compas,IID,FairGuard,Benign,,6060,accuracy,0.6760259179265659,True,,,,
main,compas,IID,FairGuard,Benign,,6060,aeod,0.2651187273365306,True,,,,
main,compas,IID,FairGuard,Benign,,6060,aspd,0.2833800410156091,True,,,,
main,compas,IID,FairGuard,Benign,,7070,accuracy,0.656047516198704,True,,,,
main,compas,IID,FairGuard,Benign,,7070,aeod,0.187689393939394,True,,,,
main,compas,IID,FairGuard,Benign,,7070,aspd,0.1612249590602593,True,,,,
main,compas,IID,FairGuard,FedSA,,123,accuracy,0.5647948164146869,False,accuracy_not_above_majority_baseline,62,performance_defended_max_acc,0.5647948164146869
main,compas,IID,FairGuard,FedSA,,123,aeod,0.0583555161194913,False,accuracy_not_above_majority_baseline,62,performance_defended_max_acc,0.5647948164146869
main,compas,IID,FairGuard,FedSA,,123,aspd,0.0168789619339198,False,accuracy_not_above_majority_baseline,62,performance_defended_max_acc,0.5647948164146869
main,compas,IID,FairGuard,FedSA,,456,accuracy,0.5113390928725702,False,accuracy_not_above_majority_baseline,63,performance_defended_max_acc,0.5113390928725702
main,compas,IID,FairGuard,FedSA,,456,aeod,0.013680926916221033,False,accuracy_not_above_majority_baseline,63,performance_defended_max_acc,0.5113390928725702
main,compas,IID,FairGuard,FedSA,,456,aspd,0.050478145823679564,False,accuracy_not_above_majority_baseline,63,performance_defended_max_acc,0.5113390928725702
main,compas,IID,FairGuard,FedSA,,789,accuracy,0.5118790496760259,False,accuracy_not_above_majority_baseline,69,performance_defended_max_acc,0.5118790496760259
main,compas,IID,FairGuard,FedSA,,789,aeod,0.02466275357841624,False,accuracy_not_above_majority_baseline,69,performance_defended_max_acc,0.5118790496760259
main,compas,IID,FairGuard,FedSA,,789,aspd,0.0016142455123858146,False,accuracy_not_above_majority_baseline,69,performance_defended_max_acc,0.5118790496760259
main,compas,IID,FairGuard,FedSA,,1001,accuracy,0.4919006479481641,False,accuracy_not_above_majority_baseline,65,performance_defended_max_acc,0.4919006479481641
main,compas,IID,FairGuard,FedSA,,1001,aeod,0.022711029937266702,False,accuracy_not_above_majority_baseline,65,performance_defended_max_acc,0.4919006479481641
main,compas,IID,FairGuard,FedSA,,1001,aspd,0.006046125635689403,False,accuracy_not_above_majority_baseline,65,performance_defended_max_acc,0.4919006479481641
main,compas,IID,FairGuard,FedSA,,2024,accuracy,0.4325053995680346,False,accuracy_not_above_majority_baseline,70,performance_defended_max_acc,0.4325053995680346
main,compas,IID,FairGuard,FedSA,,2024,aeod,0.064284858751262,False,accuracy_not_above_majority_baseline,70,performance_defended_max_acc,0.4325053995680346
main,compas,IID,FairGuard,FedSA,,2024,aspd,0.04329282740412288,False,accuracy_not_above_majority_baseline,70,performance_defended_max_acc,0.4325053995680346
main,compas,IID,FairGuard,FedSA,,3141,accuracy,0.5199784017278618,False,accuracy_not_above_majority_baseline,64,performance_defended_max_acc,0.5199784017278618
main,compas,IID,FairGuard,FedSA,,3141,aeod,0.004492645796371542,False,accuracy_not_above_majority_baseline,64,performance_defended_max_acc,0.5199784017278618
main,compas,IID,FairGuard,FedSA,,3141,aspd,0.008609309399390946,False,accuracy_not_above_majority_baseline,64,performance_defended_max_acc,0.5199784017278618
main,compas,IID,FairGuard,FedSA,,4242,accuracy,0.5259179265658748,False,accuracy_not_above_majority_baseline,67,performance_defended_max_acc,0.5259179265658748
main,compas,IID,FairGuard,FedSA,,4242,aeod,0.06065826782958261,False,accuracy_not_above_majority_baseline,67,performance_defended_max_acc,0.5259179265658748
main,compas,IID,FairGuard,FedSA,,4242,aspd,0.08003646350672955,False,accuracy_not_above_majority_baseline,67,performance_defended_max_acc,0.5259179265658748
main,compas,IID,FairGuard,FedSA,,5050,accuracy,0.5512958963282938,False,accuracy_not_above_majority_baseline;degenerate_positive_rate,70,performance_defended_max_acc,0.5512958963282938
main,compas,IID,FairGuard,FedSA,,5050,aeod,0.0,False,accuracy_not_above_majority_baseline;degenerate_positive_rate,70,performance_defended_max_acc,0.5512958963282938
main,compas,IID,FairGuard,FedSA,,5050,aspd,0.0,False,accuracy_not_above_majority_baseline;degenerate_positive_rate,70,performance_defended_max_acc,0.5512958963282938
main,compas,IID,FairGuard,FedSA,,6060,accuracy,0.531317494600432,False,accuracy_not_above_majority_baseline,67,performance_defended_max_acc,0.531317494600432
main,compas,IID,FairGuard,FedSA,,6060,aeod,0.06993020626194091,False,accuracy_not_above_majority_baseline,67,performance_defended_max_acc,0.531317494600432
main,compas,IID,FairGuard,FedSA,,6060,aspd,0.1659428045852509,False,accuracy_not_above_majority_baseline,67,performance_defended_max_acc,0.531317494600432
main,compas,IID,FairGuard,FedSA,,7070,accuracy,0.5280777537796977,False,accuracy_not_above_majority_baseline,69,performance_defended_max_acc,0.5280777537796977
main,compas,IID,FairGuard,FedSA,,7070,aeod,0.033522727272727273,False,accuracy_not_above_majority_baseline,69,performance_defended_max_acc,0.5280777537796977
main,compas,IID,FairGuard,FedSA,,7070,aspd,0.02626212872645016,False,accuracy_not_above_majority_baseline,69,performance_defended_max_acc,0.5280777537796977
main,compas,IID,Fed-NGA,Benign,,123,accuracy,0.658207343412527,True,,,,
main,compas,IID,Fed-NGA,Benign,,123,aeod,0.1825791186039633,True,,,,
main,compas,IID,Fed-NGA,Benign,,123,aspd,0.20863335383724715,True,,,,
main,compas,IID,Fed-NGA,Benign,,456,accuracy,0.6684665226781857,True,,,,
main,compas,IID,Fed-NGA,Benign,,456,aeod,0.2725378787878788,True,,,,
main,compas,IID,Fed-NGA,Benign,,456,aspd,0.24966063493656818,True,,,,
main,compas,IID,Fed-NGA,Benign,,789,accuracy,0.687365010799136,True,,,,
main,compas,IID,Fed-NGA,Benign,,789,aeod,0.24721106648817498,True,,,,
main,compas,IID,Fed-NGA,Benign,,789,aspd,0.23618641209131752,True,,,,
main,compas,IID,Fed-NGA,Benign,,1001,accuracy,0.687365010799136,True,,,,
main,compas,IID,Fed-NGA,Benign,,1001,aeod,0.2863552313643634,True,,,,
main,compas,IID,Fed-NGA,Benign,,1001,aspd,0.25818123670114984,True,,,,
main,compas,IID,Fed-NGA,Benign,,2024,accuracy,0.699244060475162,True,,,,
main,compas,IID,Fed-NGA,Benign,,2024,aeod,0.26656742467019146,True,,,,
main,compas,IID,Fed-NGA,Benign,,2024,aspd,0.21969029363394327,True,,,,
main,compas,IID,Fed-NGA,Benign,,3141,accuracy,0.6625269978401728,True,,,,
main,compas,IID,Fed-NGA,Benign,,3141,aeod,0.24001030160819553,True,,,,
main,compas,IID,Fed-NGA,Benign,,3141,aspd,0.228377805816653,True,,,,
main,compas,IID,Fed-NGA,Benign,,4242,accuracy,0.6690064794816415,True,,,,
main,compas,IID,Fed-NGA,Benign,,4242,aeod,0.24869291602359334,True,,,,
main,compas,IID,Fed-NGA,Benign,,4242,aspd,0.26661313083092214,True,,,,
main,compas,IID,Fed-NGA,Benign,,5050,accuracy,0.6884449244060475,True,,,,
main,compas,IID,Fed-NGA,Benign,,5050,aeod,0.24480616834439922,True,,,,
main,compas,IID,Fed-NGA,Benign,,5050,aspd,0.21570428609612874,True,,,,
main,compas,IID,Fed-NGA,Benign,,6060,accuracy,0.6949244060475162,True,,,,
main,compas,IID,Fed-NGA,Benign,,6060,aeod,0.2818653253791867,True,,,,
main,compas,IID,Fed-NGA,Benign,,6060,aspd,0.2848518874300115,True,,,,
main,compas,IID,Fed-NGA,Benign,,7070,accuracy,0.6733261339092873,True,,,,
main,compas,IID,Fed-NGA,Benign,,7070,aeod,0.21647727272727268,True,,,,
main,compas,IID,Fed-NGA,Benign,,7070,aspd,0.17828483788096136,True,,,,
main,compas,IID,Fed-NGA,FedSA,,123,accuracy,0.6587473002159827,True,,64,performance_defended_max_acc,0.6587473002159827
main,compas,IID,Fed-NGA,FedSA,,123,aeod,0.1514640638864242,True,,64,performance_defended_max_acc,0.6587473002159827
main,compas,IID,Fed-NGA,FedSA,,123,aspd,0.20302726475844096,True,,64,performance_defended_max_acc,0.6587473002159827
main,compas,IID,Fed-NGA,FedSA,,456,accuracy,0.6727861771058316,True,,63,performance_defended_max_acc,0.6727861771058316
main,compas,IID,Fed-NGA,FedSA,,456,aeod,0.2588569518716578,True,,63,performance_defended_max_acc,0.6727861771058316
main,compas,IID,Fed-NGA,FedSA,,456,aspd,0.24942719379233308,True,,63,performance_defended_max_acc,0.6727861771058316
main,compas,IID,Fed-NGA,FedSA,,789,accuracy,0.6771058315334774,True,,69,performance_defended_max_acc,0.6771058315334774
main,compas,IID,Fed-NGA,FedSA,,789,aeod,0.23193629217725603,True,,69,performance_defended_max_acc,0.6771058315334774
main,compas,IID,Fed-NGA,FedSA,,789,aspd,0.2289859199973855,True,,69,performance_defended_max_acc,0.6771058315334774
main,compas,IID,Fed-NGA,FedSA,,1001,accuracy,0.6808855291576674,True,,64,performance_defended_max_acc,0.6808855291576674
main,compas,IID,Fed-NGA,FedSA,,1001,aeod,0.23974203355605722,True,,64,performance_defended_max_acc,0.6808855291576674
main,compas,IID,Fed-NGA,FedSA,,1001,aspd,0.24625706305362027,True,,64,performance_defended_max_acc,0.6808855291576674
main,compas,IID,Fed-NGA,FedSA,,2024,accuracy,0.7035637149028078,True,,61,performance_defended_max_acc,0.7035637149028078
main,compas,IID,Fed-NGA,FedSA,,2024,aeod,0.23636705850144585,True,,61,performance_defended_max_acc,0.7035637149028078
main,compas,IID,Fed-NGA,FedSA,,2024,aspd,0.21444020230009558,True,,61,performance_defended_max_acc,0.7035637149028078
main,compas,IID,Fed-NGA,FedSA,,3141,accuracy,0.6690064794816415,True,,64,performance_defended_max_acc,0.6690064794816415
main,compas,IID,Fed-NGA,FedSA,,3141,aeod,0.24653465346534653,True,,64,performance_defended_max_acc,0.6690064794816415
main,compas,IID,Fed-NGA,FedSA,,3141,aspd,0.24304257849750271,True,,64,performance_defended_max_acc,0.6690064794816415
main,compas,IID,Fed-NGA,FedSA,,4242,accuracy,0.6798056155507559,True,,67,performance_defended_max_acc,0.6798056155507559
main,compas,IID,Fed-NGA,FedSA,,4242,aeod,0.2337377217855306,True,,67,performance_defended_max_acc,0.6798056155507559
main,compas,IID,Fed-NGA,FedSA,,4242,aspd,0.2545885774913715,True,,67,performance_defended_max_acc,0.6798056155507559
main,compas,IID,Fed-NGA,FedSA,,5050,accuracy,0.6868250539956804,True,,67,performance_defended_max_acc,0.6868250539956804
main,compas,IID,Fed-NGA,FedSA,,5050,aeod,0.2256193331905476,True,,67,performance_defended_max_acc,0.6868250539956804
main,compas,IID,Fed-NGA,FedSA,,5050,aspd,0.20913408509163145,True,,67,performance_defended_max_acc,0.6868250539956804
main,compas,IID,Fed-NGA,FedSA,,6060,accuracy,0.6900647948164147,True,,66,performance_defended_max_acc,0.6900647948164147
main,compas,IID,Fed-NGA,FedSA,,6060,aeod,0.2744180605918821,True,,66,performance_defended_max_acc,0.6900647948164147
main,compas,IID,Fed-NGA,FedSA,,6060,aspd,0.2575731225204173,True,,66,performance_defended_max_acc,0.6900647948164147
main,compas,IID,Fed-NGA,FedSA,,7070,accuracy,0.6695464362850972,True,,62,performance_defended_max_acc,0.6695464362850972
main,compas,IID,Fed-NGA,FedSA,,7070,aeod,0.19848484848484854,True,,62,performance_defended_max_acc,0.6695464362850972
main,compas,IID,Fed-NGA,FedSA,,7070,aspd,0.1717146368764641,True,,62,performance_defended_max_acc,0.6695464362850972
main,compas,IID,FedAA,Benign,,123,accuracy,0.6625269978401728,True,,,,
main,compas,IID,FedAA,Benign,,123,aeod,0.19636202307009765,True,,,,
main,compas,IID,FedAA,Benign,,123,aspd,0.24401369365752085,True,,,,
main,compas,IID,FedAA,Benign,,456,accuracy,0.6841252699784017,True,,,,
main,compas,IID,FedAA,Benign,,456,aeod,0.22933377896613194,True,,,,
main,compas,IID,FedAA,Benign,,456,aspd,0.2419302314452224,True,,,,
main,compas,IID,FedAA,Benign,,789,accuracy,0.6852051835853131,True,,,,
main,compas,IID,FedAA,Benign,,789,aeod,0.2468849758006384,True,,,,
main,compas,IID,FedAA,Benign,,789,aspd,0.22556717444006222,True,,,,
main,compas,IID,FedAA,Benign,,1001,accuracy,0.6830453563714903,True,,,,
main,compas,IID,FedAA,Benign,,1001,aeod,0.2591575818765528,True,,,,
main,compas,IID,FedAA,Benign,,1001,aspd,0.25876717397317994,True,,,,
main,compas,IID,FedAA,Benign,,2024,accuracy,0.6943844492440605,True,,,,
main,compas,IID,FedAA,Benign,,2024,aeod,0.2755334257310542,True,,,,
main,compas,IID,FedAA,Benign,,2024,aspd,0.22036143692361926,True,,,,
main,compas,IID,FedAA,Benign,,3141,accuracy,0.6598272138228942,True,,,,
main,compas,IID,FedAA,Benign,,3141,aeod,0.25109597664968814,True,,,,
main,compas,IID,FedAA,Benign,,3141,aspd,0.19732429760477715,True,,,,
main,compas,IID,FedAA,Benign,,4242,accuracy,0.6690064794816415,True,,,,
main,compas,IID,FedAA,Benign,,4242,aeod,0.23210461457473408,True,,,,
main,compas,IID,FedAA,Benign,,4242,aspd,0.2318630821000832,True,,,,
main,compas,IID,FedAA,Benign,,5050,accuracy,0.6846652267818575,True,,,,
main,compas,IID,FedAA,Benign,,5050,aeod,0.2592096808738488,True,,,,
main,compas,IID,FedAA,Benign,,5050,aspd,0.23146273053771999,True,,,,
main,compas,IID,FedAA,Benign,,6060,accuracy,0.6706263498920086,True,,,,
main,compas,IID,FedAA,Benign,,6060,aeod,0.2576519670916677,True,,,,
main,compas,IID,FedAA,Benign,,6060,aspd,0.28228987087203106,True,,,,
main,compas,IID,FedAA,Benign,,7070,accuracy,0.6636069114470843,True,,,,
main,compas,IID,FedAA,Benign,,7070,aeod,0.22045454545454551,True,,,,
main,compas,IID,FedAA,Benign,,7070,aspd,0.19280487705238536,True,,,,
main,compas,IID,FedAA,FedSA,,123,accuracy,0.658207343412527,True,,65,performance_defended_max_acc,0.658207343412527
main,compas,IID,FedAA,FedSA,,123,aeod,0.2003253475303165,True,,65,performance_defended_max_acc,0.658207343412527
main,compas,IID,FedAA,FedSA,,123,aspd,0.2511920088427505,True,,65,performance_defended_max_acc,0.658207343412527
main,compas,IID,FedAA,FedSA,,456,accuracy,0.6862850971922246,True,,62,performance_defended_max_acc,0.6862850971922246
main,compas,IID,FedAA,FedSA,,456,aeod,0.23725490196078436,True,,62,performance_defended_max_acc,0.6862850971922246
main,compas,IID,FedAA,FedSA,,456,aspd,0.24967580861094352,True,,62,performance_defended_max_acc,0.6862850971922246
main,compas,IID,FedAA,FedSA,,789,accuracy,0.6841252699784017,True,,69,performance_defended_max_acc,0.6841252699784017
main,compas,IID,FedAA,FedSA,,789,aeod,0.2696769985926612,True,,69,performance_defended_max_acc,0.6841252699784017
main,compas,IID,FedAA,FedSA,,789,aspd,0.23897836817636944,True,,69,performance_defended_max_acc,0.6841252699784017
main,compas,IID,FedAA,FedSA,,1001,accuracy,0.683585313174946,True,,62,performance_defended_max_acc,0.683585313174946
main,compas,IID,FedAA,FedSA,,1001,aeod,0.25332100600106633,True,,62,performance_defended_max_acc,0.683585313174946
main,compas,IID,FedAA,FedSA,,1001,aspd,0.2535836133654393,True,,62,performance_defended_max_acc,0.683585313174946
main,compas,IID,FedAA,FedSA,,2024,accuracy,0.6733261339092873,True,,69,performance_defended_max_acc,0.6733261339092873
main,compas,IID,FedAA,FedSA,,2024,aeod,0.22704173297058672,True,,69,performance_defended_max_acc,0.6733261339092873
main,compas,IID,FedAA,FedSA,,2024,aspd,0.17234842958306243,True,,69,performance_defended_max_acc,0.6733261339092873
main,compas,IID,FedAA,FedSA,,3141,accuracy,0.6609071274298056,True,,66,performance_defended_max_acc,0.6609071274298056
main,compas,IID,FedAA,FedSA,,3141,aeod,0.2658673381789046,True,,66,performance_defended_max_acc,0.6609071274298056
main,compas,IID,FedAA,FedSA,,3141,aspd,0.20571884115147177,True,,66,performance_defended_max_acc,0.6609071274298056
main,compas,IID,FedAA,FedSA,,4242,accuracy,0.6695464362850972,True,,69,performance_defended_max_acc,0.6695464362850972
main,compas,IID,FedAA,FedSA,,4242,aeod,0.23314549609370327,True,,69,performance_defended_max_acc,0.6695464362850972
main,compas,IID,FedAA,FedSA,,4242,aspd,0.22909330292373362,True,,69,performance_defended_max_acc,0.6695464362850972
main,compas,IID,FedAA,FedSA,,5050,accuracy,0.693304535637149,True,,61,performance_defended_max_acc,0.693304535637149
main,compas,IID,FedAA,FedSA,,5050,aeod,0.2672413793103448,True,,61,performance_defended_max_acc,0.693304535637149
main,compas,IID,FedAA,FedSA,,5050,aspd,0.2245808856056689,True,,61,performance_defended_max_acc,0.693304535637149
main,compas,IID,FedAA,FedSA,,6060,accuracy,0.6781857451403888,True,,64,performance_defended_max_acc,0.6781857451403888
main,compas,IID,FedAA,FedSA,,6060,aeod,0.27227356026045924,True,,64,performance_defended_max_acc,0.6781857451403888
main,compas,IID,FedAA,FedSA,,6060,aspd,0.2769393998461623,True,,64,performance_defended_max_acc,0.6781857451403888
main,compas,IID,FedAA,FedSA,,7070,accuracy,0.6652267818574514,True,,69,performance_defended_max_acc,0.6652267818574514
main,compas,IID,FedAA,FedSA,,7070,aeod,0.21458333333333335,True,,69,performance_defended_max_acc,0.6652267818574514
main,compas,IID,FedAA,FedSA,,7070,aspd,0.21011337069169783,True,,69,performance_defended_max_acc,0.6652267818574514
main,compas,IID,FedAMM,Benign,,123,accuracy,0.6646868250539957,True,,,,
main,compas,IID,FedAMM,Benign,,123,aeod,0.18881987577639747,True,,,,
main,compas,IID,FedAMM,Benign,,123,aspd,0.22288260128135842,True,,,,
main,compas,IID,FedAMM,Benign,,456,accuracy,0.66792656587473,True,,,,
main,compas,IID,FedAMM,Benign,,456,aeod,0.23952762923351156,True,,,,
main,compas,IID,FedAMM,Benign,,456,aspd,0.22814786628958145,True,,,,
main,compas,IID,FedAMM,Benign,,789,accuracy,0.6803455723542117,True,,,,
main,compas,IID,FedAMM,Benign,,789,aeod,0.24319500223114682,True,,,,
main,compas,IID,FedAMM,Benign,,789,aspd,0.23049861861202897,True,,,,
main,compas,IID,FedAMM,Benign,,1001,accuracy,0.6868250539956804,True,,,,
main,compas,IID,FedAMM,Benign,,1001,aeod,0.28344545155471856,True,,,,
main,compas,IID,FedAMM,Benign,,1001,aspd,0.2631757099820601,True,,,,
main,compas,IID,FedAMM,Benign,,2024,accuracy,0.7057235421166307,True,,,,
main,compas,IID,FedAMM,Benign,,2024,aeod,0.2810943996714747,True,,,,
main,compas,IID,FedAMM,Benign,,2024,aspd,0.21874485699979107,True,,,,
main,compas,IID,FedAMM,Benign,,3141,accuracy,0.6706263498920086,True,,,,
main,compas,IID,FedAMM,Benign,,3141,aeod,0.2750128770102444,True,,,,
main,compas,IID,FedAMM,Benign,,3141,aspd,0.24735073481436176,True,,,,
main,compas,IID,FedAMM,Benign,,4242,accuracy,0.6641468682505399,True,,,,
main,compas,IID,FedAMM,Benign,,4242,aeod,0.2279410884988574,True,,,,
main,compas,IID,FedAMM,Benign,,4242,aspd,0.23305713355284585,True,,,,
main,compas,IID,FedAMM,Benign,,5050,accuracy,0.6846652267818575,True,,,,
main,compas,IID,FedAMM,Benign,,5050,aeod,0.24953594631255793,True,,,,
main,compas,IID,FedAMM,Benign,,5050,aspd,0.22617528862079472,True,,,,
main,compas,IID,FedAMM,Benign,,6060,accuracy,0.6895248380129589,True,,,,
main,compas,IID,FedAMM,Benign,,6060,aeod,0.2734042967988458,True,,,,
main,compas,IID,FedAMM,Benign,,6060,aspd,0.26581943094052274,True,,,,
main,compas,IID,FedAMM,Benign,,7070,accuracy,0.6690064794816415,True,,,,
main,compas,IID,FedAMM,Benign,,7070,aeod,0.22007575757575754,True,,,,
main,compas,IID,FedAMM,Benign,,7070,aspd,0.18955304191319022,True,,,,
main,compas,IID,FedAMM,FedSA,,123,accuracy,0.6636069114470843,True,,62,performance_defended_max_acc,0.6636069114470843
main,compas,IID,FedAMM,FedSA,,123,aeod,0.19290150842945875,True,,62,performance_defended_max_acc,0.6636069114470843
main,compas,IID,FedAMM,FedSA,,123,aspd,0.23134017393699655,True,,62,performance_defended_max_acc,0.6636069114470843
main,compas,IID,FedAMM,FedSA,,456,accuracy,0.66792656587473,True,,67,performance_defended_max_acc,0.66792656587473
main,compas,IID,FedAMM,FedSA,,456,aeod,0.24297014260249555,True,,67,performance_defended_max_acc,0.66792656587473
main,compas,IID,FedAMM,FedSA,,456,aspd,0.2294271237599898,True,,67,performance_defended_max_acc,0.66792656587473
main,compas,IID,FedAMM,FedSA,,789,accuracy,0.6825053995680346,True,,70,performance_defended_max_acc,0.6825053995680346
main,compas,IID,FedAMM,FedSA,,789,aeod,0.2557580750351835,True,,70,performance_defended_max_acc,0.6825053995680346
main,compas,IID,FedAMM,FedSA,,789,aspd,0.23717270092571086,True,,70,performance_defended_max_acc,0.6825053995680346
main,compas,IID,FedAMM,FedSA,,1001,accuracy,0.6884449244060475,True,,67,performance_defended_max_acc,0.6884449244060475
main,compas,IID,FedAMM,FedSA,,1001,aeod,0.2727592426631575,True,,67,performance_defended_max_acc,0.6884449244060475
main,compas,IID,FedAMM,FedSA,,1001,aspd,0.2660715473762966,True,,67,performance_defended_max_acc,0.6884449244060475
main,compas,IID,FedAMM,FedSA,,2024,accuracy,0.7051835853131749,True,,68,performance_defended_max_acc,0.7051835853131749
main,compas,IID,FedAMM,FedSA,,2024,aeod,0.2693564669849255,True,,68,performance_defended_max_acc,0.7051835853131749
main,compas,IID,FedAMM,FedSA,,2024,aspd,0.20949008283659004,True,,68,performance_defended_max_acc,0.7051835853131749
main,compas,IID,FedAMM,FedSA,,3141,accuracy,0.6700863930885529,True,,70,performance_defended_max_acc,0.6700863930885529
main,compas,IID,FedAMM,FedSA,,3141,aeod,0.27956275396325764,True,,70,performance_defended_max_acc,0.6700863930885529
main,compas,IID,FedAMM,FedSA,,3141,aspd,0.24254534886028195,True,,70,performance_defended_max_acc,0.6700863930885529
main,compas,IID,FedAMM,FedSA,,4242,accuracy,0.6663066954643628,True,,64,performance_defended_max_acc,0.6663066954643628
main,compas,IID,FedAMM,FedSA,,4242,aeod,0.22895205962935045,True,,64,performance_defended_max_acc,0.6663066954643628
main,compas,IID,FedAMM,FedSA,,4242,aspd,0.23330924998861968,True,,64,performance_defended_max_acc,0.6663066954643628
main,compas,IID,FedAMM,FedSA,,5050,accuracy,0.6830453563714903,True,,65,performance_defended_max_acc,0.6830453563714903
main,compas,IID,FedAMM,FedSA,,5050,aeod,0.25126722353109165,True,,65,performance_defended_max_acc,0.6830453563714903
main,compas,IID,FedAMM,FedSA,,5050,aspd,0.23098067457487448,True,,65,performance_defended_max_acc,0.6830453563714903
main,compas,IID,FedAMM,FedSA,,6060,accuracy,0.6889848812095032,True,,67,performance_defended_max_acc,0.6889848812095032
main,compas,IID,FedAMM,FedSA,,6060,aeod,0.2686084142394822,True,,67,performance_defended_max_acc,0.6889848812095032
main,compas,IID,FedAMM,FedSA,,6060,aspd,0.2585372344461083,True,,67,performance_defended_max_acc,0.6889848812095032
main,compas,IID,FedAMM,FedSA,,7070,accuracy,0.6695464362850972,True,,70,performance_defended_max_acc,0.6695464362850972
main,compas,IID,FedAMM,FedSA,,7070,aeod,0.2183712121212122,True,,70,performance_defended_max_acc,0.6695464362850972
main,compas,IID,FedAMM,FedSA,,7070,aspd,0.18296416561715417,True,,70,performance_defended_max_acc,0.6695464362850972
main,compas,IID,FedAvg,Benign,,123,accuracy,0.6646868250539957,True,,,,
main,compas,IID,FedAvg,Benign,,123,aeod,0.1998816918071576,True,,,,
main,compas,IID,FedAvg,Benign,,123,aspd,0.2291785089413794,True,,,,
main,compas,IID,FedAvg,Benign,,456,accuracy,0.6668466522678186,True,,,,
main,compas,IID,FedAvg,Benign,,456,aeod,0.23992869875222816,True,,,,
main,compas,IID,FedAvg,Benign,,456,aspd,0.22529288109558598,True,,,,
main,compas,IID,FedAvg,Benign,,789,accuracy,0.6819654427645788,True,,,,
main,compas,IID,FedAvg,Benign,,789,aeod,0.24118697010263274,True,,,,
main,compas,IID,FedAvg,Benign,,789,aspd,0.22957535888657912,True,,,,
main,compas,IID,FedAvg,Benign,,1001,accuracy,0.6889848812095032,True,,,,
main,compas,IID,FedAvg,Benign,,1001,aeod,0.28734217422377517,True,,,,
main,compas,IID,FedAvg,Benign,,1001,aspd,0.2650222294329598,True,,,,
main,compas,IID,FedAvg,Benign,,2024,accuracy,0.7035637149028078,True,,,,
main,compas,IID,FedAvg,Benign,,2024,aeod,0.2755505364201016,True,,,,
main,compas,IID,FedAvg,Benign,,2024,aspd,0.21505181809799162,True,,,,
main,compas,IID,FedAvg,Benign,,3141,accuracy,0.6706263498920086,True,,,,
main,compas,IID,FedAvg,Benign,,3141,aeod,0.2835231500028616,True,,,,
main,compas,IID,FedAvg,Benign,,3141,aspd,0.2413699726990582,True,,,,
main,compas,IID,FedAvg,Benign,,4242,accuracy,0.661987041036717,True,,,,
main,compas,IID,FedAvg,Benign,,4242,aeod,0.24292619312539626,True,,,,
main,compas,IID,FedAvg,Benign,,4242,aspd,0.23725440532619313,True,,,,
main,compas,IID,FedAvg,Benign,,5050,accuracy,0.6857451403887689,True,,,,
main,compas,IID,FedAvg,Benign,,5050,aeod,0.25447990290569,True,,,,
main,compas,IID,FedAvg,Benign,,5050,aspd,0.2327233127165896,True,,,,
main,compas,IID,FedAvg,Benign,,6060,accuracy,0.6906047516198704,True,,,,
main,compas,IID,FedAvg,Benign,,6060,aeod,0.2645923499824541,True,,,,
main,compas,IID,FedAvg,Benign,,6060,aspd,0.2598386688252191,True,,,,
main,compas,IID,FedAvg,Benign,,7070,accuracy,0.6706263498920086,True,,,,
main,compas,IID,FedAvg,Benign,,7070,aeod,0.21590909090909088,True,,,,
main,compas,IID,FedAvg,Benign,,7070,aspd,0.18436948130544956,True,,,,
main,compas,IID,FedAvg,FedSA,,123,accuracy,0.5205183585313174,False,accuracy_not_above_majority_baseline,64,unprotected_min_acc,0.5205183585313174
main,compas,IID,FedAvg,FedSA,,123,aeod,0.07985803016858917,False,accuracy_not_above_majority_baseline,64,unprotected_min_acc,0.5205183585313174
main,compas,IID,FedAvg,FedSA,,123,aspd,0.013809210887228085,False,accuracy_not_above_majority_baseline,64,unprotected_min_acc,0.5205183585313174
main,compas,IID,FedAvg,FedSA,,456,accuracy,0.57829373650108,True,,61,unprotected_min_acc,0.57829373650108
main,compas,IID,FedAvg,FedSA,,456,aeod,0.09468582887700536,True,,61,unprotected_min_acc,0.57829373650108
main,compas,IID,FedAvg,FedSA,,456,aspd,0.06436089067134171,True,,61,unprotected_min_acc,0.57829373650108
main,compas,IID,FedAvg,FedSA,,789,accuracy,0.6058315334773218,True,,61,unprotected_min_acc,0.6058315334773218
main,compas,IID,FedAvg,FedSA,,789,aeod,0.10179178251467413,True,,61,unprotected_min_acc,0.6058315334773218
main,compas,IID,FedAvg,FedSA,,789,aspd,0.12235233972222836,True,,61,unprotected_min_acc,0.6058315334773218
main,compas,IID,FedAvg,FedSA,,1001,accuracy,0.6247300215982722,True,,63,unprotected_min_acc,0.6247300215982722
main,compas,IID,FedAvg,FedSA,,1001,aeod,0.11423012784880487,True,,63,unprotected_min_acc,0.6247300215982722
main,compas,IID,FedAvg,FedSA,,1001,aspd,0.17280480702004208,True,,63,unprotected_min_acc,0.6247300215982722
main,compas,IID,FedAvg,FedSA,,2024,accuracy,0.6781857451403888,True,,61,unprotected_min_acc,0.6781857451403888
main,compas,IID,FedAvg,FedSA,,2024,aeod,0.2520917817360505,True,,61,unprotected_min_acc,0.6781857451403888
main,compas,IID,FedAvg,FedSA,,2024,aspd,0.22602705349420543,True,,61,unprotected_min_acc,0.6781857451403888
main,compas,IID,FedAvg,FedSA,,3141,accuracy,0.5842332613390929,True,,67,unprotected_min_acc,0.5842332613390929
main,compas,IID,FedAvg,FedSA,,3141,aeod,0.13790991815944598,True,,67,unprotected_min_acc,0.5842332613390929
main,compas,IID,FedAvg,FedSA,,3141,aspd,0.10343426939341485,True,,67,unprotected_min_acc,0.5842332613390929
main,compas,IID,FedAvg,FedSA,,4242,accuracy,0.6301295896328294,True,,64,unprotected_min_acc,0.6301295896328294
main,compas,IID,FedAvg,FedSA,,4242,aeod,0.21583934532141696,True,,64,unprotected_min_acc,0.6301295896328294
main,compas,IID,FedAvg,FedSA,,4242,aspd,0.2201466710709229,True,,64,unprotected_min_acc,0.6301295896328294
main,compas,IID,FedAvg,FedSA,,5050,accuracy,0.5955723542116631,True,,62,unprotected_min_acc,0.5955723542116631
main,compas,IID,FedAvg,FedSA,,5050,aeod,0.09345327336331834,True,,62,unprotected_min_acc,0.5955723542116631
main,compas,IID,FedAvg,FedSA,,5050,aspd,0.07766820309846431,True,,62,unprotected_min_acc,0.5955723542116631
main,compas,IID,FedAvg,FedSA,,6060,accuracy,0.6409287257019438,True,,70,unprotected_min_acc,0.6409287257019438
main,compas,IID,FedAvg,FedSA,,6060,aeod,0.15594416500955277,True,,70,unprotected_min_acc,0.6409287257019438
main,compas,IID,FedAvg,FedSA,,6060,aspd,0.19465489812044862,True,,70,unprotected_min_acc,0.6409287257019438
main,compas,IID,FedAvg,FedSA,,7070,accuracy,0.6220302375809935,True,,62,unprotected_min_acc,0.6220302375809935
main,compas,IID,FedAvg,FedSA,,7070,aeod,0.1178030303030303,True,,62,unprotected_min_acc,0.6220302375809935
main,compas,IID,FedAvg,FedSA,,7070,aspd,0.10205113061382182,True,,62,unprotected_min_acc,0.6220302375809935
main,compas,IID,FedDNA,Benign,,123,accuracy,0.6749460043196545,True,,,,
main,compas,IID,FedDNA,Benign,,123,aeod,0.2261165335699497,True,,,,
main,compas,IID,FedDNA,Benign,,123,aspd,0.2533945260386088,True,,,,
main,compas,IID,FedDNA,Benign,,456,accuracy,0.6706263498920086,True,,,,
main,compas,IID,FedDNA,Benign,,456,aeod,0.25041221033868094,True,,,,
main,compas,IID,FedDNA,Benign,,456,aspd,0.23536703367505224,True,,,,
main,compas,IID,FedDNA,Benign,,789,accuracy,0.6830453563714903,True,,,,
main,compas,IID,FedDNA,Benign,,789,aeod,0.25543198434764697,True,,,,
main,compas,IID,FedDNA,Benign,,789,aspd,0.23211519853585716,True,,,,
main,compas,IID,FedDNA,Benign,,1001,accuracy,0.6792656587473002,True,,,,
main,compas,IID,FedDNA,Benign,,1001,aeod,0.27662193281982056,True,,,,
main,compas,IID,FedDNA,Benign,,1001,aspd,0.2550963119800828,True,,,,
main,compas,IID,FedDNA,Benign,,2024,accuracy,0.7024838012958964,True,,,,
main,compas,IID,FedDNA,Benign,,2024,aeod,0.27483188748010884,True,,,,
main,compas,IID,FedDNA,Benign,,2024,aspd,0.21142180830513563,True,,,,
main,compas,IID,FedDNA,Benign,,3141,accuracy,0.6657667386609071,True,,,,
main,compas,IID,FedDNA,Benign,,3141,aeod,0.27876151777027414,True,,,,
main,compas,IID,FedDNA,Benign,,3141,aspd,0.2308989701743922,True,,,,
main,compas,IID,FedDNA,Benign,,4242,accuracy,0.6636069114470843,True,,,,
main,compas,IID,FedDNA,Benign,,4242,aeod,0.23894212938037634,True,,,,
main,compas,IID,FedDNA,Benign,,4242,aspd,0.23639417470968677,True,,,,
main,compas,IID,FedDNA,Benign,,5050,accuracy,0.6884449244060475,True,,,,
main,compas,IID,FedDNA,Benign,,5050,aeod,0.25794245734275717,True,,,,
main,compas,IID,FedDNA,Benign,,5050,aspd,0.23511491723927835,True,,,,
main,compas,IID,FedDNA,Benign,,6060,accuracy,0.6922246220302376,True,,,,
main,compas,IID,FedDNA,Benign,,6060,aeod,0.25377237103754824,True,,,,
main,compas,IID,FedDNA,Benign,,6060,aspd,0.25070995287990505,True,,,,
main,compas,IID,FedDNA,Benign,,7070,accuracy,0.6700863930885529,True,,,,
main,compas,IID,FedDNA,Benign,,7070,aeod,0.23049242424242417,True,,,,
main,compas,IID,FedDNA,Benign,,7070,aspd,0.19362425546865064,True,,,,
main,compas,IID,FedDNA,FedSA,,123,accuracy,0.6711663066954644,True,,63,performance_defended_max_acc,0.6711663066954644
main,compas,IID,FedDNA,FedSA,,123,aeod,0.22363206152026022,True,,63,performance_defended_max_acc,0.6711663066954644
main,compas,IID,FedDNA,FedSA,,123,aspd,0.24489610118272956,True,,63,performance_defended_max_acc,0.6711663066954644
main,compas,IID,FedDNA,FedSA,,456,accuracy,0.673866090712743,True,,61,performance_defended_max_acc,0.673866090712743
main,compas,IID,FedDNA,FedSA,,456,aeod,0.24553253119429597,True,,61,performance_defended_max_acc,0.673866090712743
main,compas,IID,FedDNA,FedSA,,456,aspd,0.2363311456007433,True,,61,performance_defended_max_acc,0.673866090712743
main,compas,IID,FedDNA,FedSA,,789,accuracy,0.6825053995680346,True,,69,performance_defended_max_acc,0.6825053995680346
main,compas,IID,FedDNA,FedSA,,789,aeod,0.2765420656986922,True,,69,performance_defended_max_acc,0.6825053995680346
main,compas,IID,FedDNA,FedSA,,789,aspd,0.23990162790181935,True,,69,performance_defended_max_acc,0.6825053995680346
main,compas,IID,FedDNA,FedSA,,1001,accuracy,0.6841252699784017,True,,68,performance_defended_max_acc,0.6841252699784017
main,compas,IID,FedDNA,FedSA,,1001,aeod,0.2708023732005309,True,,68,performance_defended_max_acc,0.6841252699784017
main,compas,IID,FedDNA,FedSA,,1001,aspd,0.25570442616081523,True,,68,performance_defended_max_acc,0.6841252699784017
main,compas,IID,FedDNA,FedSA,,2024,accuracy,0.7014038876889849,True,,68,performance_defended_max_acc,0.7014038876889849
main,compas,IID,FedDNA,FedSA,,2024,aeod,0.2852009650428623,True,,68,performance_defended_max_acc,0.7014038876889849
main,compas,IID,FedDNA,FedSA,,2024,aspd,0.2149257598801046,True,,68,performance_defended_max_acc,0.7014038876889849
main,compas,IID,FedDNA,FedSA,,3141,accuracy,0.6652267818574514,True,,70,performance_defended_max_acc,0.6652267818574514
main,compas,IID,FedDNA,FedSA,,3141,aeod,0.2712699593658788,True,,70,performance_defended_max_acc,0.6652267818574514
main,compas,IID,FedDNA,FedSA,,3141,aspd,0.22462523942307355,True,,70,performance_defended_max_acc,0.6652267818574514
main,compas,IID,FedDNA,FedSA,,4242,accuracy,0.6641468682505399,True,,70,performance_defended_max_acc,0.6641468682505399
main,compas,IID,FedDNA,FedSA,,4242,aeod,0.2269600277568405,True,,70,performance_defended_max_acc,0.6641468682505399
main,compas,IID,FedDNA,FedSA,,4242,aspd,0.23324622087967622,True,,70,performance_defended_max_acc,0.6641468682505399
main,compas,IID,FedDNA,FedSA,,5050,accuracy,0.6862850971922246,True,,70,performance_defended_max_acc,0.6862850971922246
main,compas,IID,FedDNA,FedSA,,5050,aeod,0.24932176768758474,True,,70,performance_defended_max_acc,0.6862850971922246
main,compas,IID,FedDNA,FedSA,,5050,aspd,0.2326381066989438,True,,70,performance_defended_max_acc,0.6862850971922246
main,compas,IID,FedDNA,FedSA,,6060,accuracy,0.6916846652267818,True,,69,performance_defended_max_acc,0.6916846652267818
main,compas,IID,FedDNA,FedSA,,6060,aeod,0.26258431785394004,True,,69,performance_defended_max_acc,0.6916846652267818
main,compas,IID,FedDNA,FedSA,,6060,aspd,0.25131806706063753,True,,69,performance_defended_max_acc,0.6916846652267818
main,compas,IID,FedDNA,FedSA,,7070,accuracy,0.6603671706263499,True,,69,performance_defended_max_acc,0.6603671706263499
main,compas,IID,FedDNA,FedSA,,7070,aeod,0.22196969696969693,True,,69,performance_defended_max_acc,0.6603671706263499
main,compas,IID,FedDNA,FedSA,,7070,aspd,0.19339081432441552,True,,69,performance_defended_max_acc,0.6603671706263499
main,compas,IID,GuardFed,Benign,,123,accuracy,0.6571274298056156,True,,,,
main,compas,IID,GuardFed,Benign,,123,aeod,0.19650990831115056,True,,,,
main,compas,IID,GuardFed,Benign,,123,aspd,0.24405104424059848,True,,,,
main,compas,IID,GuardFed,Benign,,456,accuracy,0.6814254859611231,True,,,,
main,compas,IID,GuardFed,Benign,,456,aeod,0.23097147950089125,True,,,,
main,compas,IID,GuardFed,Benign,,456,aspd,0.24480739354792025,True,,,,
main,compas,IID,GuardFed,Benign,,789,accuracy,0.6852051835853131,True,,,,
main,compas,IID,GuardFed,Benign,,789,aeod,0.26066659801599557,True,,,,
main,compas,IID,GuardFed,Benign,,789,aspd,0.2272689603815362,True,,,,
main,compas,IID,GuardFed,Benign,,1001,accuracy,0.6846652267818575,True,,,,
main,compas,IID,GuardFed,Benign,,1001,aeod,0.2552268266951027,True,,,,
main,compas,IID,GuardFed,Benign,,1001,aspd,0.2536279671828439,True,,,,
main,compas,IID,GuardFed,Benign,,2024,accuracy,0.6884449244060475,True,,,,
main,compas,IID,GuardFed,Benign,,2024,aeod,0.26098934004072344,True,,,,
main,compas,IID,GuardFed,Benign,,2024,aspd,0.20556710440771894,True,,,,
main,compas,IID,GuardFed,Benign,,3141,accuracy,0.66792656587473,True,,,,
main,compas,IID,GuardFed,Benign,,3141,aeod,0.27967149316087675,True,,,,
main,compas,IID,GuardFed,Benign,,3141,aspd,0.23115108661016612,True,,,,
main,compas,IID,GuardFed,Benign,,4242,accuracy,0.6565874730021598,True,,,,
main,compas,IID,GuardFed,Benign,,4242,aeod,0.24013256284172618,True,,,,
main,compas,IID,GuardFed,Benign,,4242,aspd,0.2239505945162341,True,,,,
main,compas,IID,GuardFed,Benign,,5050,accuracy,0.6906047516198704,True,,,,
main,compas,IID,GuardFed,Benign,,5050,aeod,0.2626365388734204,True,,,,
main,compas,IID,GuardFed,Benign,,5050,aspd,0.22810701408934028,True,,,,
main,compas,IID,GuardFed,Benign,,6060,accuracy,0.6857451403887689,True,,,,
main,compas,IID,GuardFed,Benign,,6060,aeod,0.2643584044917534,True,,,,
main,compas,IID,GuardFed,Benign,,6060,aspd,0.265482108487103,True,,,,
main,compas,IID,GuardFed,Benign,,7070,accuracy,0.6636069114470843,True,,,,
main,compas,IID,GuardFed,Benign,,7070,aeod,0.2261363636363637,True,,,,
main,compas,IID,GuardFed,Benign,,7070,aspd,0.2101542228919389,True,,,,
main,compas,IID,GuardFed,FedSA,,123,accuracy,0.6657667386609071,True,,65,performance_defended_max_acc,0.6657667386609071
main,compas,IID,GuardFed,FedSA,,123,aeod,0.22354333037562857,True,,65,performance_defended_max_acc,0.6657667386609071
main,compas,IID,GuardFed,FedSA,,123,aspd,0.2578847664479712,True,,65,performance_defended_max_acc,0.6657667386609071
main,compas,IID,GuardFed,FedSA,,456,accuracy,0.6808855291576674,True,,70,performance_defended_max_acc,0.6808855291576674
main,compas,IID,GuardFed,FedSA,,456,aeod,0.2445744206773618,True,,70,performance_defended_max_acc,0.6808855291576674
main,compas,IID,GuardFed,FedSA,,456,aspd,0.23847063368765808,True,,70,performance_defended_max_acc,0.6808855291576674
main,compas,IID,GuardFed,FedSA,,789,accuracy,0.683585313174946,True,,62,performance_defended_max_acc,0.683585313174946
main,compas,IID,GuardFed,FedSA,,789,aeod,0.25290907218618064,True,,62,performance_defended_max_acc,0.683585313174946
main,compas,IID,GuardFed,FedSA,,789,aspd,0.24149603091694516,True,,62,performance_defended_max_acc,0.683585313174946
main,compas,IID,GuardFed,FedSA,,1001,accuracy,0.6846652267818575,True,,69,performance_defended_max_acc,0.6846652267818575
main,compas,IID,GuardFed,FedSA,,1001,aeod,0.2561797370421208,True,,69,performance_defended_max_acc,0.6846652267818575
main,compas,IID,GuardFed,FedSA,,1001,aspd,0.2438911370567974,True,,69,performance_defended_max_acc,0.6846652267818575
main,compas,IID,GuardFed,FedSA,,2024,accuracy,0.6976241900647948,True,,67,performance_defended_max_acc,0.6976241900647948
main,compas,IID,GuardFed,FedSA,,2024,aeod,0.270023783857776,True,,67,performance_defended_max_acc,0.6976241900647948
main,compas,IID,GuardFed,FedSA,,2024,aspd,0.2117778060500941,True,,67,performance_defended_max_acc,0.6976241900647948
main,compas,IID,GuardFed,FedSA,,3141,accuracy,0.6663066954643628,True,,62,performance_defended_max_acc,0.6663066954643628
main,compas,IID,GuardFed,FedSA,,3141,aeod,0.2712699593658788,True,,62,performance_defended_max_acc,0.6663066954643628
main,compas,IID,GuardFed,FedSA,,3141,aspd,0.21820327354516558,True,,62,performance_defended_max_acc,0.6663066954643628
main,compas,IID,GuardFed,FedSA,,4242,accuracy,0.6641468682505399,True,,70,performance_defended_max_acc,0.6641468682505399
main,compas,IID,GuardFed,FedSA,,4242,aeod,0.24188531160642712,True,,70,performance_defended_max_acc,0.6641468682505399
main,compas,IID,GuardFed,FedSA,,4242,aspd,0.23910092477709283,True,,70,performance_defended_max_acc,0.6641468682505399
main,compas,IID,GuardFed,FedSA,,5050,accuracy,0.6916846652267818,True,,65,performance_defended_max_acc,0.6916846652267818
main,compas,IID,GuardFed,FedSA,,5050,aeod,0.24221817662597267,True,,65,performance_defended_max_acc,0.6916846652267818
main,compas,IID,GuardFed,FedSA,,5050,aspd,0.2310623789753568,True,,65,performance_defended_max_acc,0.6916846652267818
main,compas,IID,GuardFed,FedSA,,6060,accuracy,0.6884449244060475,True,,69,performance_defended_max_acc,0.6884449244060475
main,compas,IID,GuardFed,FedSA,,6060,aeod,0.2756267789605022,True,,69,performance_defended_max_acc,0.6884449244060475
main,compas,IID,GuardFed,FedSA,,6060,aspd,0.26653142643043976,True,,69,performance_defended_max_acc,0.6884449244060475
main,compas,IID,GuardFed,FedSA,,7070,accuracy,0.6700863930885529,True,,65,performance_defended_max_acc,0.6700863930885529
main,compas,IID,GuardFed,FedSA,,7070,aeod,0.23617424242424234,True,,65,performance_defended_max_acc,0.6700863930885529
main,compas,IID,GuardFed,FedSA,,7070,aspd,0.213658174466908,True,,65,performance_defended_max_acc,0.6700863930885529
main,compas,IID,GuardFed-AD2,Benign,,123,accuracy,0.6420086393088553,True,,,,
main,compas,IID,GuardFed-AD2,Benign,,123,aeod,0.07607216799763383,True,,,,
main,compas,IID,GuardFed-AD2,Benign,,123,aspd,0.025407734138549687,True,,,,
main,compas,IID,GuardFed-AD2,Benign,,456,accuracy,0.6495680345572354,True,,,,
main,compas,IID,GuardFed-AD2,Benign,,456,aeod,0.03439171122994644,True,,,,
main,compas,IID,GuardFed-AD2,Benign,,456,aspd,0.03107685232629931,True,,,,
main,compas,IID,GuardFed-AD2,Benign,,789,accuracy,0.6592872570194385,True,,,,
main,compas,IID,GuardFed-AD2,Benign,,789,aeod,0.052792366045378125,True,,,,
main,compas,IID,GuardFed-AD2,Benign,,789,aspd,0.0073440583976366325,True,,,,
main,compas,IID,GuardFed-AD2,Benign,,1001,accuracy,0.658207343412527,True,,,,
main,compas,IID,GuardFed-AD2,Benign,,1001,aeod,0.012348129913444028,True,,,,
main,compas,IID,GuardFed-AD2,Benign,,1001,aspd,0.03186705059953521,True,,,,
main,compas,IID,GuardFed-AD2,Benign,,2024,accuracy,0.6895248380129589,True,,,,
main,compas,IID,GuardFed-AD2,Benign,,2024,aeod,0.009821535513235058,True,,,,
main,compas,IID,GuardFed-AD2,Benign,,2024,aspd,0.0020601180978748745,True,,,,
main,compas,IID,GuardFed-AD2,Benign,,3141,accuracy,0.6544276457883369,True,,,,
main,compas,IID,GuardFed-AD2,Benign,,3141,aeod,0.02143306816230761,True,,,,
main,compas,IID,GuardFed-AD2,Benign,,3141,aspd,0.0015558852263269918,True,,,,
main,compas,IID,GuardFed-AD2,Benign,,4242,accuracy,0.656047516198704,True,,,,
main,compas,IID,GuardFed-AD2,Benign,,4242,aeod,0.03596425110369328,True,,,,
main,compas,IID,GuardFed-AD2,Benign,,4242,aspd,0.0015593868434905511,True,,,,
main,compas,IID,GuardFed-AD2,Benign,,5050,accuracy,0.67170626349892,True,,,,
main,compas,IID,GuardFed-AD2,Benign,,5050,aeod,0.01733062040408373,True,,,,
main,compas,IID,GuardFed-AD2,Benign,,5050,aspd,0.001462508768632964,True,,,,
main,compas,IID,GuardFed-AD2,Benign,,6060,accuracy,0.6684665226781857,True,,,,
main,compas,IID,GuardFed-AD2,Benign,,6060,aeod,0.006316528248918041,True,,,,
main,compas,IID,GuardFed-AD2,Benign,,6060,aspd,0.016619842263818796,True,,,,
main,compas,IID,GuardFed-AD2,Benign,,7070,accuracy,0.6517278617710583,True,,,,
main,compas,IID,GuardFed-AD2,Benign,,7070,aeod,0.06761363636363638,True,,,,
main,compas,IID,GuardFed-AD2,Benign,,7070,aspd,0.055137631062612436,True,,,,
main,compas,IID,GuardFed-AD2,FedSA,,123,accuracy,0.6533477321814255,True,,69,performance_defended_max_acc,0.6533477321814255
main,compas,IID,GuardFed-AD2,FedSA,,123,aeod,0.06477373558118904,True,,69,performance_defended_max_acc,0.6533477321814255
main,compas,IID,GuardFed-AD2,FedSA,,123,aspd,0.016953663100075067,True,,69,performance_defended_max_acc,0.6533477321814255
main,compas,IID,GuardFed-AD2,FedSA,,456,accuracy,0.6609071274298056,True,,61,performance_defended_max_acc,0.6609071274298056
main,compas,IID,GuardFed-AD2,FedSA,,456,aeod,0.06316844919786091,True,,61,performance_defended_max_acc,0.6609071274298056
main,compas,IID,GuardFed-AD2,FedSA,,456,aspd,0.024859147449597108,True,,61,performance_defended_max_acc,0.6609071274298056
main,compas,IID,GuardFed-AD2,FedSA,,789,accuracy,0.6587473002159827,True,,68,performance_defended_max_acc,0.6587473002159827
main,compas,IID,GuardFed-AD2,FedSA,,789,aeod,0.020423574640442088,True,,68,performance_defended_max_acc,0.6587473002159827
main,compas,IID,GuardFed-AD2,FedSA,,789,aspd,0.006089312247372913,True,,68,performance_defended_max_acc,0.6587473002159827
main,compas,IID,GuardFed-AD2,FedSA,,1001,accuracy,0.6706263498920086,True,,68,performance_defended_max_acc,0.6706263498920086
main,compas,IID,GuardFed-AD2,FedSA,,1001,aeod,0.0035166929473290365,True,,68,performance_defended_max_acc,0.6706263498920086
main,compas,IID,GuardFed-AD2,FedSA,,1001,aspd,0.01659416373795297,True,,68,performance_defended_max_acc,0.6706263498920086
main,compas,IID,GuardFed-AD2,FedSA,,2024,accuracy,0.6857451403887689,True,,70,performance_defended_max_acc,0.6857451403887689
main,compas,IID,GuardFed-AD2,FedSA,,2024,aeod,0.004585664664716105,True,,70,performance_defended_max_acc,0.6857451403887689
main,compas,IID,GuardFed-AD2,FedSA,,2024,aspd,0.013534917542751823,True,,70,performance_defended_max_acc,0.6857451403887689
main,compas,IID,GuardFed-AD2,FedSA,,3141,accuracy,0.6592872570194385,True,,63,performance_defended_max_acc,0.6592872570194385
main,compas,IID,GuardFed-AD2,FedSA,,3141,aeod,0.017913352028844587,True,,63,performance_defended_max_acc,0.6592872570194385
main,compas,IID,GuardFed-AD2,FedSA,,3141,aspd,0.003954492983342828,True,,63,performance_defended_max_acc,0.6592872570194385
main,compas,IID,GuardFed-AD2,FedSA,,4242,accuracy,0.6652267818574514,True,,70,performance_defended_max_acc,0.6652267818574514
main,compas,IID,GuardFed-AD2,FedSA,,4242,aeod,0.034032040008135644,True,,70,performance_defended_max_acc,0.6652267818574514
main,compas,IID,GuardFed-AD2,FedSA,,4242,aspd,0.01665719284689643,True,,70,performance_defended_max_acc,0.6652267818574514
main,compas,IID,GuardFed-AD2,FedSA,,5050,accuracy,0.6787257019438445,True,,61,performance_defended_max_acc,0.6787257019438445
main,compas,IID,GuardFed-AD2,FedSA,,5050,aeod,0.07758620689655171,True,,61,performance_defended_max_acc,0.6787257019438445
main,compas,IID,GuardFed-AD2,FedSA,,5050,aspd,0.06717268925365366,True,,61,performance_defended_max_acc,0.6787257019438445
main,compas,IID,GuardFed-AD2,FedSA,,6060,accuracy,0.6727861771058316,True,,66,performance_defended_max_acc,0.6727861771058316
main,compas,IID,GuardFed-AD2,FedSA,,6060,aeod,0.06889694701134641,True,,66,performance_defended_max_acc,0.6727861771058316
main,compas,IID,GuardFed-AD2,FedSA,,6060,aspd,0.07649749576012527,True,,66,performance_defended_max_acc,0.6727861771058316
main,compas,IID,GuardFed-AD2,FedSA,,7070,accuracy,0.6587473002159827,True,,69,performance_defended_max_acc,0.6587473002159827
main,compas,IID,GuardFed-AD2,FedSA,,7070,aeod,0.08768939393939401,True,,69,performance_defended_max_acc,0.6587473002159827
main,compas,IID,GuardFed-AD2,FedSA,,7070,aspd,0.06153742003181806,True,,69,performance_defended_max_acc,0.6587473002159827
main,compas,IID,GuardFed-AD2+,Benign,,123,accuracy,0.6517278617710583,True,,,,
main,compas,IID,GuardFed-AD2+,Benign,,123,aeod,0.10556048506359061,True,,,,
main,compas,IID,GuardFed-AD2+,Benign,,123,aspd,0.020447109823553467,True,,,,
main,compas,IID,GuardFed-AD2+,Benign,,456,accuracy,0.6409287257019438,True,,,,
main,compas,IID,GuardFed-AD2+,Benign,,456,aeod,0.03399064171123001,True,,,,
main,compas,IID,GuardFed-AD2+,Benign,,456,aspd,0.043019701265367694,True,,,,
main,compas,IID,GuardFed-AD2+,Benign,,789,accuracy,0.658207343412527,True,,,,
main,compas,IID,GuardFed-AD2+,Benign,,789,aeod,0.12472110664881747,True,,,,
main,compas,IID,GuardFed-AD2+,Benign,,789,aspd,0.08151531315545896,True,,,,
main,compas,IID,GuardFed-AD2+,Benign,,1001,accuracy,0.6571274298056156,True,,,,
main,compas,IID,GuardFed-AD2+,Benign,,1001,aeod,0.04639765856314737,True,,,,
main,compas,IID,GuardFed-AD2+,Benign,,1001,aspd,0.05648341925912781,True,,,,
main,compas,IID,GuardFed-AD2+,Benign,,2024,accuracy,0.6663066954643628,True,,,,
main,compas,IID,GuardFed-AD2+,Benign,,2024,aeod,0.010112417227041703,True,,,,
main,compas,IID,GuardFed-AD2+,Benign,,2024,aspd,0.007327717517540189,True,,,,
main,compas,IID,GuardFed-AD2+,Benign,,3141,accuracy,0.6538876889848813,True,,,,
main,compas,IID,GuardFed-AD2+,Benign,,3141,aeod,0.004898987008527478,True,,,,
main,compas,IID,GuardFed-AD2+,Benign,,3141,aspd,0.01840683422293865,True,,,,
main,compas,IID,GuardFed-AD2+,Benign,,4242,accuracy,0.6598272138228942,True,,,,
main,compas,IID,GuardFed-AD2+,Benign,,4242,aeod,0.08707512293169661,True,,,,
main,compas,IID,GuardFed-AD2+,Benign,,4242,aspd,0.0322230483444938,True,,,,
main,compas,IID,GuardFed-AD2+,Benign,,5050,accuracy,0.673866090712743,True,,,,
main,compas,IID,GuardFed-AD2+,Benign,,5050,aeod,0.046476761619190454,True,,,,
main,compas,IID,GuardFed-AD2+,Benign,,5050,aspd,0.05344284835546548,True,,,,
main,compas,IID,GuardFed-AD2+,Benign,,6060,accuracy,0.6765658747300216,True,,,,
main,compas,IID,GuardFed-AD2+,Benign,,6060,aeod,0.0025539049401489544,True,,,,
main,compas,IID,GuardFed-AD2+,Benign,,6060,aspd,0.04154785485096535,True,,,,
main,compas,IID,GuardFed-AD2+,Benign,,7070,accuracy,0.6495680345572354,True,,,,
main,compas,IID,GuardFed-AD2+,Benign,,7070,aeod,0.05094696969696971,True,,,,
main,compas,IID,GuardFed-AD2+,Benign,,7070,aspd,0.04816707849575197,True,,,,
main,compas,IID,GuardFed-AD2+,FedSA,,123,accuracy,0.652267818574514,True,,70,performance_defended_max_acc,0.652267818574514
main,compas,IID,GuardFed-AD2+,FedSA,,123,aeod,0.09547471162377996,True,,70,performance_defended_max_acc,0.652267818574514
main,compas,IID,GuardFed-AD2+,FedSA,,123,aspd,0.0142550834727172,True,,70,performance_defended_max_acc,0.652267818574514
main,compas,IID,GuardFed-AD2+,FedSA,,456,accuracy,0.6609071274298056,True,,69,performance_defended_max_acc,0.6609071274298056
main,compas,IID,GuardFed-AD2+,FedSA,,456,aeod,0.030481283422459926,True,,69,performance_defended_max_acc,0.6609071274298056
main,compas,IID,GuardFed-AD2+,FedSA,,456,aspd,0.00404320061815211,True,,69,performance_defended_max_acc,0.6609071274298056
main,compas,IID,GuardFed-AD2+,FedSA,,789,accuracy,0.6652267818574514,True,,66,performance_defended_max_acc,0.6652267818574514
main,compas,IID,GuardFed-AD2+,FedSA,,789,aeod,0.049617272508838794,True,,66,performance_defended_max_acc,0.6652267818574514
main,compas,IID,GuardFed-AD2+,FedSA,,789,aspd,0.008330347232029967,True,,66,performance_defended_max_acc,0.6652267818574514
main,compas,IID,GuardFed-AD2+,FedSA,,1001,accuracy,0.6668466522678186,True,,68,performance_defended_max_acc,0.6668466522678186
main,compas,IID,GuardFed-AD2+,FedSA,,1001,aeod,0.052954589284296305,True,,68,performance_defended_max_acc,0.6668466522678186
main,compas,IID,GuardFed-AD2+,FedSA,,1001,aspd,0.018953086500448746,True,,68,performance_defended_max_acc,0.6668466522678186
main,compas,IID,GuardFed-AD2+,FedSA,,2024,accuracy,0.6819654427645788,True,,70,performance_defended_max_acc,0.6819654427645788
main,compas,IID,GuardFed-AD2+,FedSA,,2024,aeod,0.014920520849374563,True,,70,performance_defended_max_acc,0.6819654427645788
main,compas,IID,GuardFed-AD2+,FedSA,,2024,aspd,0.014521206377145157,True,,70,performance_defended_max_acc,0.6819654427645788
main,compas,IID,GuardFed-AD2+,FedSA,,3141,accuracy,0.658207343412527,True,,62,performance_defended_max_acc,0.658207343412527
main,compas,IID,GuardFed-AD2+,FedSA,,3141,aeod,0.010084129800263186,True,,62,performance_defended_max_acc,0.658207343412527
main,compas,IID,GuardFed-AD2+,FedSA,,3141,aspd,0.0006769793182818673,True,,62,performance_defended_max_acc,0.658207343412527
main,compas,IID,GuardFed-AD2+,FedSA,,4242,accuracy,0.6652267818574514,True,,65,performance_defended_max_acc,0.6652267818574514
main,compas,IID,GuardFed-AD2+,FedSA,,4242,aeod,0.010899345560700047,True,,65,performance_defended_max_acc,0.6652267818574514
main,compas,IID,GuardFed-AD2+,FedSA,,4242,aspd,0.026942609661895545,True,,65,performance_defended_max_acc,0.6652267818574514
main,compas,IID,GuardFed-AD2+,FedSA,,5050,accuracy,0.6819654427645788,True,,66,performance_defended_max_acc,0.6819654427645788
main,compas,IID,GuardFed-AD2+,FedSA,,5050,aeod,0.03316199043335477,True,,66,performance_defended_max_acc,0.6819654427645788
main,compas,IID,GuardFed-AD2+,FedSA,,5050,aspd,0.017087891758010232,True,,66,performance_defended_max_acc,0.6819654427645788
main,compas,IID,GuardFed-AD2+,FedSA,,6060,accuracy,0.673866090712743,True,,68,performance_defended_max_acc,0.673866090712743
main,compas,IID,GuardFed-AD2+,FedSA,,6060,aeod,0.02126954419620225,True,,68,performance_defended_max_acc,0.673866090712743
main,compas,IID,GuardFed-AD2+,FedSA,,6060,aspd,0.035974447532352016,True,,68,performance_defended_max_acc,0.673866090712743
main,compas,IID,GuardFed-AD2+,FedSA,,7070,accuracy,0.646328293736501,True,,64,performance_defended_max_acc,0.646328293736501
main,compas,IID,GuardFed-AD2+,FedSA,,7070,aeod,0.10492424242424242,True,,64,performance_defended_max_acc,0.646328293736501
main,compas,IID,GuardFed-AD2+,FedSA,,7070,aspd,0.06140786019676753,True,,64,performance_defended_max_acc,0.646328293736501
main,compas,IID,Huber-BRFL,Benign,,123,accuracy,0.6646868250539957,True,,,,
main,compas,IID,Huber-BRFL,Benign,,123,aeod,0.1998816918071576,True,,,,
main,compas,IID,Huber-BRFL,Benign,,123,aspd,0.2291785089413794,True,,,,
main,compas,IID,Huber-BRFL,Benign,,456,accuracy,0.6668466522678186,True,,,,
main,compas,IID,Huber-BRFL,Benign,,456,aeod,0.23992869875222816,True,,,,
main,compas,IID,Huber-BRFL,Benign,,456,aspd,0.22745454609120308,True,,,,
main,compas,IID,Huber-BRFL,Benign,,789,accuracy,0.6819654427645788,True,,,,
main,compas,IID,Huber-BRFL,Benign,,789,aeod,0.24118697010263274,True,,,,
main,compas,IID,Huber-BRFL,Benign,,789,aspd,0.22957535888657912,True,,,,
main,compas,IID,Huber-BRFL,Benign,,1001,accuracy,0.6895248380129589,True,,,,
main,compas,IID,Huber-BRFL,Benign,,1001,aeod,0.2776372361062268,True,,,,
main,compas,IID,Huber-BRFL,Benign,,1001,aspd,0.27167413483793934,True,,,,
main,compas,IID,Huber-BRFL,Benign,,2024,accuracy,0.7035637149028078,True,,,,
main,compas,IID,Huber-BRFL,Benign,,2024,aeod,0.28037575073148197,True,,,,
main,compas,IID,Huber-BRFL,Benign,,2024,aspd,0.21721348309360877,True,,,,
main,compas,IID,Huber-BRFL,Benign,,3141,accuracy,0.6706263498920086,True,,,,
main,compas,IID,Huber-BRFL,Benign,,3141,aeod,0.2835231500028616,True,,,,
main,compas,IID,Huber-BRFL,Benign,,3141,aspd,0.2413699726990582,True,,,,
main,compas,IID,Huber-BRFL,Benign,,4242,accuracy,0.6636069114470843,True,,,,
main,compas,IID,Huber-BRFL,Benign,,4242,aeod,0.24292619312539626,True,,,,
main,compas,IID,Huber-BRFL,Benign,,4242,aspd,0.23626811649179974,True,,,,
main,compas,IID,Huber-BRFL,Benign,,5050,accuracy,0.6862850971922246,True,,,,
main,compas,IID,Huber-BRFL,Benign,,5050,aeod,0.25447990290569,True,,,,
main,compas,IID,Huber-BRFL,Benign,,5050,aspd,0.2338356597688699,True,,,,
main,compas,IID,Huber-BRFL,Benign,,6060,accuracy,0.6906047516198704,True,,,,
main,compas,IID,Huber-BRFL,Benign,,6060,aeod,0.2645923499824541,True,,,,
main,compas,IID,Huber-BRFL,Benign,,6060,aspd,0.2598386688252191,True,,,,
main,compas,IID,Huber-BRFL,Benign,,7070,accuracy,0.6711663066954644,True,,,,
main,compas,IID,Huber-BRFL,Benign,,7070,aeod,0.2179924242424242,True,,,,
main,compas,IID,Huber-BRFL,Benign,,7070,aspd,0.1854187992487864,True,,,,
main,compas,IID,Huber-BRFL,FedSA,,123,accuracy,0.6517278617710583,True,,70,performance_defended_max_acc,0.6517278617710583
main,compas,IID,Huber-BRFL,FedSA,,123,aeod,0.18320023661638574,True,,70,performance_defended_max_acc,0.6517278617710583
main,compas,IID,Huber-BRFL,FedSA,,123,aspd,0.201877567123083,True,,70,performance_defended_max_acc,0.6517278617710583
main,compas,IID,Huber-BRFL,FedSA,,456,accuracy,0.6668466522678186,True,,70,performance_defended_max_acc,0.6668466522678186
main,compas,IID,Huber-BRFL,FedSA,,456,aeod,0.24520944741532974,True,,70,performance_defended_max_acc,0.6668466522678186
main,compas,IID,Huber-BRFL,FedSA,,456,aspd,0.2282108953985249,True,,70,performance_defended_max_acc,0.6668466522678186
main,compas,IID,Huber-BRFL,FedSA,,789,accuracy,0.6787257019438445,True,,70,performance_defended_max_acc,0.6787257019438445
main,compas,IID,Huber-BRFL,FedSA,,789,aeod,0.22816050526893905,True,,70,performance_defended_max_acc,0.6787257019438445
main,compas,IID,Huber-BRFL,FedSA,,789,aspd,0.21773989287385892,True,,70,performance_defended_max_acc,0.6787257019438445
main,compas,IID,Huber-BRFL,FedSA,,1001,accuracy,0.6754859611231101,True,,69,performance_defended_max_acc,0.6754859611231101
main,compas,IID,Huber-BRFL,FedSA,,1001,aeod,0.2621297546255856,True,,69,performance_defended_max_acc,0.6754859611231101
main,compas,IID,Huber-BRFL,FedSA,,1001,aspd,0.2768541938285165,True,,69,performance_defended_max_acc,0.6754859611231101
main,compas,IID,Huber-BRFL,FedSA,,2024,accuracy,0.7068034557235421,True,,70,performance_defended_max_acc,0.7068034557235421
main,compas,IID,Huber-BRFL,FedSA,,2024,aeod,0.2838663312971613,True,,70,performance_defended_max_acc,0.7068034557235421
main,compas,IID,Huber-BRFL,FedSA,,2024,aspd,0.22059137645069082,True,,70,performance_defended_max_acc,0.7068034557235421
main,compas,IID,Huber-BRFL,FedSA,,3141,accuracy,0.6733261339092873,True,,70,performance_defended_max_acc,0.6733261339092873
main,compas,IID,Huber-BRFL,FedSA,,3141,aeod,0.2852343615864477,True,,70,performance_defended_max_acc,0.6733261339092873
main,compas,IID,Huber-BRFL,FedSA,,3141,aspd,0.24332037345914254,True,,70,performance_defended_max_acc,0.6733261339092873
main,compas,IID,Huber-BRFL,FedSA,,4242,accuracy,0.6744060475161987,True,,63,performance_defended_max_acc,0.6744060475161987
main,compas,IID,Huber-BRFL,FedSA,,4242,aeod,0.22217436560066045,True,,63,performance_defended_max_acc,0.6744060475161987
main,compas,IID,Huber-BRFL,FedSA,,4242,aspd,0.2306468537386183,True,,63,performance_defended_max_acc,0.6744060475161987
main,compas,IID,Huber-BRFL,FedSA,,5050,accuracy,0.6700863930885529,True,,70,performance_defended_max_acc,0.6700863930885529
main,compas,IID,Huber-BRFL,FedSA,,5050,aeod,0.23377596915827803,True,,70,performance_defended_max_acc,0.6700863930885529
main,compas,IID,Huber-BRFL,FedSA,,5050,aspd,0.21406552926359823,True,,70,performance_defended_max_acc,0.6700863930885529
main,compas,IID,Huber-BRFL,FedSA,,6060,accuracy,0.6868250539956804,True,,61,performance_defended_max_acc,0.6868250539956804
main,compas,IID,Huber-BRFL,FedSA,,6060,aeod,0.26270129059929037,True,,61,performance_defended_max_acc,0.6868250539956804
main,compas,IID,Huber-BRFL,FedSA,,6060,aspd,0.25725797697569996,True,,61,performance_defended_max_acc,0.6868250539956804
main,compas,IID,Huber-BRFL,FedSA,,7070,accuracy,0.6641468682505399,True,,65,performance_defended_max_acc,0.6641468682505399
main,compas,IID,Huber-BRFL,FedSA,,7070,aeod,0.18617424242424246,True,,65,performance_defended_max_acc,0.6641468682505399
main,compas,IID,Huber-BRFL,FedSA,,7070,aspd,0.16036472844375296,True,,65,performance_defended_max_acc,0.6641468682505399
main,compas,IID,LASA,Benign,,123,accuracy,0.6625269978401728,True,,,,
main,compas,IID,LASA,Benign,,123,aeod,0.19804791481810113,True,,,,
main,compas,IID,LASA,Benign,,123,aspd,0.2255484991485234,True,,,,
main,compas,IID,LASA,Benign,,456,accuracy,0.6657667386609071,True,,,,
main,compas,IID,LASA,Benign,,456,aeod,0.23952762923351156,True,,,,
main,compas,IID,LASA,Benign,,456,aspd,0.22153681308484302,True,,,,
main,compas,IID,LASA,Benign,,789,accuracy,0.6798056155507559,True,,,,
main,compas,IID,LASA,Benign,,789,aeod,0.24772594652112728,True,,,,
main,compas,IID,LASA,Benign,,789,aspd,0.23402474709570037,True,,,,
main,compas,IID,LASA,Benign,,1001,accuracy,0.6895248380129589,True,,,,
main,compas,IID,LASA,Benign,,1001,aeod,0.26791528173248175,True,,,,
main,compas,IID,LASA,Benign,,1001,aspd,0.26518913985108783,True,,,,
main,compas,IID,LASA,Benign,,2024,accuracy,0.7068034557235421,True,,,,
main,compas,IID,LASA,Benign,,2024,aeod,0.2693906883630204,True,,,,
main,compas,IID,LASA,Benign,,2024,aspd,0.21194471646822227,True,,,,
main,compas,IID,LASA,Benign,,3141,accuracy,0.6700863930885529,True,,,,
main,compas,IID,LASA,Benign,,3141,aeod,0.2845933726320609,True,,,,
main,compas,IID,LASA,Benign,,3141,aspd,0.24655353330679883,True,,,,
main,compas,IID,LASA,Benign,,4242,accuracy,0.6641468682505399,True,,,,
main,compas,IID,LASA,Benign,,4242,aeod,0.22996303075984348,True,,,,
main,compas,IID,LASA,Benign,,4242,aspd,0.23114758499300253,True,,,,
main,compas,IID,LASA,Benign,,5050,accuracy,0.683585313174946,True,,,,
main,compas,IID,LASA,Benign,,5050,aeod,0.24552009709431005,True,,,,
main,compas,IID,LASA,Benign,,5050,aspd,0.22980529841365072,True,,,,
main,compas,IID,LASA,Benign,,6060,accuracy,0.6808855291576674,True,,,,
main,compas,IID,LASA,Benign,,6060,aeod,0.2715132374156821,True,,,,
main,compas,IID,LASA,Benign,,6060,aspd,0.25971261060733214,True,,,,
main,compas,IID,LASA,Benign,,7070,accuracy,0.6695464362850972,True,,,,
main,compas,IID,LASA,Benign,,7070,aeod,0.22159090909090912,True,,,,
main,compas,IID,LASA,Benign,,7070,aspd,0.18875584040562737,True,,,,
main,compas,IID,LASA,FedSA,,123,accuracy,0.6625269978401728,True,,70,performance_defended_max_acc,0.6625269978401728
main,compas,IID,LASA,FedSA,,123,aeod,0.19665779355220347,True,,70,performance_defended_max_acc,0.6625269978401728
main,compas,IID,LASA,FedSA,,123,aspd,0.2293045671592664,True,,70,performance_defended_max_acc,0.6625269978401728
main,compas,IID,LASA,FedSA,,456,accuracy,0.6722462203023758,True,,64,performance_defended_max_acc,0.6722462203023758
main,compas,IID,LASA,FedSA,,456,aeod,0.24425133689839568,True,,64,performance_defended_max_acc,0.6722462203023758
main,compas,IID,LASA,FedSA,,456,aspd,0.23566000231106737,True,,64,performance_defended_max_acc,0.6722462203023758
main,compas,IID,LASA,FedSA,,789,accuracy,0.6808855291576674,True,,65,performance_defended_max_acc,0.6808855291576674
main,compas,IID,LASA,FedSA,,789,aeod,0.2602890193251639,True,,65,performance_defended_max_acc,0.6808855291576674
main,compas,IID,LASA,FedSA,,789,aspd,0.23847413530482162,True,,65,performance_defended_max_acc,0.6808855291576674
main,compas,IID,LASA,FedSA,,1001,accuracy,0.6889848812095032,True,,68,performance_defended_max_acc,0.6889848812095032
main,compas,IID,LASA,FedSA,,1001,aeod,0.2795657451418589,True,,68,performance_defended_max_acc,0.6889848812095032
main,compas,IID,LASA,FedSA,,1001,aspd,0.26928253031525057,True,,68,performance_defended_max_acc,0.6889848812095032
main,compas,IID,LASA,FedSA,,2024,accuracy,0.7051835853131749,True,,70,performance_defended_max_acc,0.7051835853131749
main,compas,IID,LASA,FedSA,,2024,aeod,0.2693564669849255,True,,70,performance_defended_max_acc,0.7051835853131749
main,compas,IID,LASA,FedSA,,2024,aspd,0.20949008283659004,True,,70,performance_defended_max_acc,0.7051835853131749
main,compas,IID,LASA,FedSA,,3141,accuracy,0.6700863930885529,True,,70,performance_defended_max_acc,0.6700863930885529
main,compas,IID,LASA,FedSA,,3141,aeod,0.2815429519830596,True,,70,performance_defended_max_acc,0.6700863930885529
main,compas,IID,LASA,FedSA,,3141,aspd,0.2424823197513385,True,,70,performance_defended_max_acc,0.6700863930885529
main,compas,IID,LASA,FedSA,,4242,accuracy,0.6657667386609071,True,,62,performance_defended_max_acc,0.6657667386609071
main,compas,IID,LASA,FedSA,,4242,aeod,0.2269600277568405,True,,62,performance_defended_max_acc,0.6657667386609071
main,compas,IID,LASA,FedSA,,4242,aspd,0.23225993204528284,True,,62,performance_defended_max_acc,0.6657667386609071
main,compas,IID,LASA,FedSA,,5050,accuracy,0.6868250539956804,True,,63,performance_defended_max_acc,0.6868250539956804
main,compas,IID,LASA,FedSA,,5050,aeod,0.2372385235953452,True,,63,performance_defended_max_acc,0.6868250539956804
main,compas,IID,LASA,FedSA,,5050,aspd,0.22376150718940363,True,,63,performance_defended_max_acc,0.6868250539956804
main,compas,IID,LASA,FedSA,,6060,accuracy,0.6895248380129589,True,,70,performance_defended_max_acc,0.6895248380129589
main,compas,IID,LASA,FedSA,,6060,aeod,0.27016805084415324,True,,70,performance_defended_max_acc,0.6895248380129589
main,compas,IID,LASA,FedSA,,6060,aspd,0.2614330718403449,True,,70,performance_defended_max_acc,0.6895248380129589
main,compas,IID,LASA,FedSA,,7070,accuracy,0.6700863930885529,True,,66,performance_defended_max_acc,0.6700863930885529
main,compas,IID,LASA,FedSA,,7070,aeod,0.22045454545454551,True,,66,performance_defended_max_acc,0.6700863930885529
main,compas,IID,LASA,FedSA,,7070,aspd,0.18617514855610817,True,,66,performance_defended_max_acc,0.6700863930885529
main,compas,IID,LayerGuard,Benign,,123,accuracy,0.6690064794816415,True,,,,
main,compas,IID,LayerGuard,Benign,,123,aeod,0.20343093759242825,True,,,,
main,compas,IID,LayerGuard,Benign,,123,aspd,0.23318669338789627,True,,,,
main,compas,IID,LayerGuard,Benign,,456,accuracy,0.6663066954643628,True,,,,
main,compas,IID,LayerGuard,Benign,,456,aeod,0.2370877896613191,True,,,,
main,compas,IID,LayerGuard,Benign,,456,aspd,0.22627916992997932,True,,,,
main,compas,IID,LayerGuard,Benign,,789,accuracy,0.6808855291576674,True,,,,
main,compas,IID,LayerGuard,Benign,,789,aeod,0.24655888511310198,True,,,,
main,compas,IID,LayerGuard,Benign,,789,aspd,0.23211519853585716,True,,,,
main,compas,IID,LayerGuard,Benign,,1001,accuracy,0.6857451403887689,True,,,,
main,compas,IID,LayerGuard,Benign,,1001,aeod,0.2775975315084344,True,,,,
main,compas,IID,LayerGuard,Benign,,1001,aspd,0.26393205928938185,True,,,,
main,compas,IID,LayerGuard,Benign,,2024,accuracy,0.7073434125269978,True,,,,
main,compas,IID,LayerGuard,Benign,,2024,aeod,0.27010933730301323,True,,,,
main,compas,IID,LayerGuard,Benign,,2024,aspd,0.2231090391912665,True,,,,
main,compas,IID,LayerGuard,Benign,,3141,accuracy,0.6706263498920086,True,,,,
main,compas,IID,LayerGuard,Benign,,3141,aeod,0.28111371830824705,True,,,,
main,compas,IID,LayerGuard,Benign,,3141,aspd,0.2511698319340481,True,,,,
main,compas,IID,LayerGuard,Benign,,4242,accuracy,0.6614470842332614,True,,,,
main,compas,IID,LayerGuard,Benign,,4242,aeod,0.2329062129858942,True,,,,
main,compas,IID,LayerGuard,Benign,,4242,aspd,0.23150358273796118,True,,,,
main,compas,IID,LayerGuard,Benign,,5050,accuracy,0.683585313174946,True,,,,
main,compas,IID,LayerGuard,Benign,,5050,aeod,0.25506889412436634,True,,,,
main,compas,IID,LayerGuard,Benign,,5050,aspd,0.2315257596466635,True,,,,
main,compas,IID,LayerGuard,Benign,,6060,accuracy,0.6927645788336934,True,,,,
main,compas,IID,LayerGuard,Benign,,6060,aeod,0.2707334191133466,True,,,,
main,compas,IID,LayerGuard,Benign,,6060,aspd,0.2562716881413066,True,,,,
main,compas,IID,LayerGuard,Benign,,7070,accuracy,0.6684665226781857,True,,,,
main,compas,IID,LayerGuard,Benign,,7070,aeod,0.22045454545454551,True,,,,
main,compas,IID,LayerGuard,Benign,,7070,aspd,0.19200767554482245,True,,,,
main,compas,IID,LayerGuard,FedSA,,123,accuracy,0.652267818574514,True,,68,performance_defended_max_acc,0.652267818574514
main,compas,IID,LayerGuard,FedSA,,123,aeod,0.17622005323868678,True,,68,performance_defended_max_acc,0.652267818574514
main,compas,IID,LayerGuard,FedSA,,123,aspd,0.19656794829745536,True,,68,performance_defended_max_acc,0.652267818574514
main,compas,IID,LayerGuard,FedSA,,456,accuracy,0.6630669546436285,True,,69,performance_defended_max_acc,0.6630669546436285
main,compas,IID,LayerGuard,FedSA,,456,aeod,0.22844251336898397,True,,69,performance_defended_max_acc,0.6630669546436285
main,compas,IID,LayerGuard,FedSA,,456,aspd,0.21895612123532382,True,,69,performance_defended_max_acc,0.6630669546436285
main,compas,IID,LayerGuard,FedSA,,789,accuracy,0.6803455723542117,True,,69,performance_defended_max_acc,0.6803455723542117
main,compas,IID,LayerGuard,FedSA,,789,aeod,0.2098994267668966,True,,69,performance_defended_max_acc,0.6803455723542117
main,compas,IID,LayerGuard,FedSA,,789,aspd,0.20359452673893225,True,,69,performance_defended_max_acc,0.6803455723542117
main,compas,IID,LayerGuard,FedSA,,1001,accuracy,0.677645788336933,True,,68,performance_defended_max_acc,0.677645788336933
main,compas,IID,LayerGuard,FedSA,,1001,aeod,0.25436466971446725,True,,68,performance_defended_max_acc,0.677645788336933
main,compas,IID,LayerGuard,FedSA,,1001,aspd,0.27844859684364226,True,,68,performance_defended_max_acc,0.677645788336933
main,compas,IID,LayerGuard,FedSA,,2024,accuracy,0.7068034557235421,True,,70,performance_defended_max_acc,0.7068034557235421
main,compas,IID,LayerGuard,FedSA,,2024,aeod,0.26593432917543586,True,,70,performance_defended_max_acc,0.7068034557235421
main,compas,IID,LayerGuard,FedSA,,2024,aspd,0.20787350291276185,True,,70,performance_defended_max_acc,0.7068034557235421
main,compas,IID,LayerGuard,FedSA,,3141,accuracy,0.6733261339092873,True,,64,performance_defended_max_acc,0.6733261339092873
main,compas,IID,LayerGuard,FedSA,,3141,aeod,0.3071767870428661,True,,64,performance_defended_max_acc,0.6733261339092873
main,compas,IID,LayerGuard,FedSA,,3141,aspd,0.27257521765468684,True,,64,performance_defended_max_acc,0.6733261339092873
main,compas,IID,LayerGuard,FedSA,,4242,accuracy,0.6744060475161987,True,,69,performance_defended_max_acc,0.6744060475161987
main,compas,IID,LayerGuard,FedSA,,4242,aeod,0.21923118337460967,True,,69,performance_defended_max_acc,0.6744060475161987
main,compas,IID,LayerGuard,FedSA,,4242,aspd,0.22256745573664105,True,,69,performance_defended_max_acc,0.6744060475161987
main,compas,IID,LayerGuard,FedSA,,5050,accuracy,0.6587473002159827,True,,70,performance_defended_max_acc,0.6587473002159827
main,compas,IID,LayerGuard,FedSA,,5050,aeod,0.23525737131434282,True,,70,performance_defended_max_acc,0.6587473002159827
main,compas,IID,LayerGuard,FedSA,,5050,aspd,0.20900802687374453,True,,70,performance_defended_max_acc,0.6587473002159827
main,compas,IID,LayerGuard,FedSA,,6060,accuracy,0.6819654427645788,True,,62,performance_defended_max_acc,0.6819654427645788
main,compas,IID,LayerGuard,FedSA,,6060,aeod,0.2667173548563184,True,,62,performance_defended_max_acc,0.6819654427645788
main,compas,IID,LayerGuard,FedSA,,6060,aspd,0.25576745526975875,True,,62,performance_defended_max_acc,0.6819654427645788
main,compas,IID,LayerGuard,FedSA,,7070,accuracy,0.6603671706263499,True,,61,performance_defended_max_acc,0.6603671706263499
main,compas,IID,LayerGuard,FedSA,,7070,aeod,0.18257575757575756,True,,61,performance_defended_max_acc,0.6603671706263499
main,compas,IID,LayerGuard,FedSA,,7070,aspd,0.15238921175096032,True,,61,performance_defended_max_acc,0.6603671706263499
main,compas,IID,LoGoFair,Benign,,123,accuracy,0.6452483801295896,True,,,,
main,compas,IID,LoGoFair,Benign,,123,aeod,0.07468204673173617,True,,,,
main,compas,IID,LoGoFair,Benign,,123,aspd,0.03329804481369647,True,,,,
main,compas,IID,LoGoFair,Benign,,456,accuracy,0.6490280777537797,True,,,,
main,compas,IID,LoGoFair,Benign,,456,aeod,0.08341131907308375,True,,,,
main,compas,IID,LoGoFair,Benign,,456,aspd,0.06303844658924973,True,,,,
main,compas,IID,LoGoFair,Benign,,789,accuracy,0.6609071274298056,True,,,,
main,compas,IID,LoGoFair,Benign,,789,aeod,0.09614526481996355,True,,,,
main,compas,IID,LoGoFair,Benign,,789,aspd,0.07389929582478838,True,,,,
main,compas,IID,LoGoFair,Benign,,1001,accuracy,0.6652267818574514,True,,,,
main,compas,IID,LoGoFair,Benign,,1001,aeod,0.030498803189980772,True,,,,
main,compas,IID,LoGoFair,Benign,,1001,aspd,0.008129587847987785,True,,,,
main,compas,IID,LoGoFair,Benign,,2024,accuracy,0.6900647948164147,True,,,,
main,compas,IID,LoGoFair,Benign,,2024,aeod,0.008435569700391832,True,,,,
main,compas,IID,LoGoFair,Benign,,2024,aspd,0.00329852336804215,True,,,,
main,compas,IID,LoGoFair,Benign,,3141,accuracy,0.6576673866090713,True,,,,
main,compas,IID,LoGoFair,Benign,,3141,aeod,0.018823327419447144,True,,,,
main,compas,IID,LoGoFair,Benign,,3141,aspd,0.016801926356322272,True,,,,
main,compas,IID,LoGoFair,Benign,,4242,accuracy,0.661987041036717,True,,,,
main,compas,IID,LoGoFair,Benign,,4242,aeod,0.016869459100534834,True,,,,
main,compas,IID,LoGoFair,Benign,,4242,aspd,0.04838884758277534,True,,,,
main,compas,IID,LoGoFair,Benign,,5050,accuracy,0.6646868250539957,True,,,,
main,compas,IID,LoGoFair,Benign,,5050,aeod,0.044620546869422406,True,,,,
main,compas,IID,LoGoFair,Benign,,5050,aspd,0.044440190628038334,True,,,,
main,compas,IID,LoGoFair,Benign,,6060,accuracy,0.6690064794816415,True,,,,
main,compas,IID,LoGoFair,Benign,,6060,aeod,0.007252310211720681,True,,,,
main,compas,IID,LoGoFair,Benign,,6060,aspd,0.02847048195091434,True,,,,
main,compas,IID,LoGoFair,Benign,,7070,accuracy,0.6490280777537797,True,,,,
main,compas,IID,LoGoFair,Benign,,7070,aeod,0.090719696969697,True,,,,
main,compas,IID,LoGoFair,Benign,,7070,aspd,0.05985430938188285,True,,,,
main,compas,IID,LoGoFair,FedSA,,123,accuracy,0.5539956803455723,False,degenerate_positive_rate,70,performance_defended_max_acc,0.5539956803455723
main,compas,IID,LoGoFair,FedSA,,123,aeod,0.015025140490979,False,degenerate_positive_rate,70,performance_defended_max_acc,0.5539956803455723
main,compas,IID,LoGoFair,FedSA,,123,aspd,0.008038545801736102,False,degenerate_positive_rate,70,performance_defended_max_acc,0.5539956803455723
main,compas,IID,LoGoFair,FedSA,,456,accuracy,0.5383369330453563,False,degenerate_positive_rate,64,performance_defended_max_acc,0.5383369330453563
main,compas,IID,LoGoFair,FedSA,,456,aeod,0.01568627450980392,False,degenerate_positive_rate,64,performance_defended_max_acc,0.5383369330453563
main,compas,IID,LoGoFair,FedSA,,456,aspd,0.00944386149003148,False,degenerate_positive_rate,64,performance_defended_max_acc,0.5383369330453563
main,compas,IID,LoGoFair,FedSA,,789,accuracy,0.6236501079913607,True,,68,performance_defended_max_acc,0.6236501079913607
main,compas,IID,LoGoFair,FedSA,,789,aeod,0.060464078536367705,True,,68,performance_defended_max_acc,0.6236501079913607
main,compas,IID,LoGoFair,FedSA,,789,aspd,0.053124201193584575,True,,68,performance_defended_max_acc,0.6236501079913607
main,compas,IID,LoGoFair,FedSA,,1001,accuracy,0.5404967602591793,False,degenerate_positive_rate,70,performance_defended_max_acc,0.5404967602591793
main,compas,IID,LoGoFair,FedSA,,1001,aeod,0.01749271137026239,False,degenerate_positive_rate,70,performance_defended_max_acc,0.5404967602591793
main,compas,IID,LoGoFair,FedSA,,1001,aspd,0.006674082313681869,False,degenerate_positive_rate,70,performance_defended_max_acc,0.5404967602591793
main,compas,IID,LoGoFair,FedSA,,2024,accuracy,0.6760259179265659,True,,63,performance_defended_max_acc,0.6760259179265659
main,compas,IID,LoGoFair,FedSA,,2024,aeod,0.0490050134318909,True,,63,performance_defended_max_acc,0.6760259179265659
main,compas,IID,LoGoFair,FedSA,,2024,aspd,0.033253690996291774,True,,63,performance_defended_max_acc,0.6760259179265659
main,compas,IID,LoGoFair,FedSA,,3141,accuracy,0.5869330453563715,True,,70,performance_defended_max_acc,0.5869330453563715
main,compas,IID,LoGoFair,FedSA,,3141,aeod,0.08743776111715218,True,,70,performance_defended_max_acc,0.5869330453563715
main,compas,IID,LoGoFair,FedSA,,3141,aspd,0.0548469968380397,True,,70,performance_defended_max_acc,0.5869330453563715
main,compas,IID,LoGoFair,FedSA,,4242,accuracy,0.6339092872570194,True,,70,performance_defended_max_acc,0.6339092872570194
main,compas,IID,LoGoFair,FedSA,,4242,aeod,0.026799708074608408,True,,70,performance_defended_max_acc,0.6339092872570194
main,compas,IID,LoGoFair,FedSA,,4242,aspd,0.05476645964327859,True,,70,performance_defended_max_acc,0.6339092872570194
main,compas,IID,LoGoFair,FedSA,,5050,accuracy,0.5907127429805615,True,,69,performance_defended_max_acc,0.5907127429805615
main,compas,IID,LoGoFair,FedSA,,5050,aeod,0.003034197187120724,True,,69,performance_defended_max_acc,0.5907127429805615
main,compas,IID,LoGoFair,FedSA,,5050,aspd,0.0025153283291333706,True,,69,performance_defended_max_acc,0.5907127429805615
main,compas,IID,LoGoFair,FedSA,,6060,accuracy,0.6468682505399568,True,,70,performance_defended_max_acc,0.6468682505399568
main,compas,IID,LoGoFair,FedSA,,6060,aeod,0.0005653682691932893,True,,70,performance_defended_max_acc,0.6468682505399568
main,compas,IID,LoGoFair,FedSA,,6060,aspd,0.06357886283815409,True,,70,performance_defended_max_acc,0.6468682505399568
main,compas,IID,LoGoFair,FedSA,,7070,accuracy,0.6295896328293736,True,,64,performance_defended_max_acc,0.6295896328293736
main,compas,IID,LoGoFair,FedSA,,7070,aeod,0.05473484848484844,True,,64,performance_defended_max_acc,0.6295896328293736
main,compas,IID,LoGoFair,FedSA,,7070,aspd,0.09159296735208877,True,,64,performance_defended_max_acc,0.6295896328293736
main,compas,IID,Median,Benign,,123,accuracy,0.6587473002159827,True,,,,
main,compas,IID,Median,Benign,,123,aeod,0.19225081336882577,True,,,,
main,compas,IID,Median,Benign,,123,aspd,0.21547434656905715,True,,,,
main,compas,IID,Median,Benign,,456,accuracy,0.67170626349892,True,,,,
main,compas,IID,Median,Benign,,456,aeod,0.25325311942959006,True,,,,
main,compas,IID,Median,Benign,,456,aspd,0.23981642188417351,True,,,,
main,compas,IID,Median,Benign,,789,accuracy,0.6798056155507559,True,,,,
main,compas,IID,Median,Benign,,789,aeod,0.24674767445851786,True,,,,
main,compas,IID,Median,Benign,,789,aspd,0.22416185875176686,True,,,,
main,compas,IID,Median,Benign,,1001,accuracy,0.6900647948164147,True,,,,
main,compas,IID,Median,Benign,,1001,aeod,0.24755816723576596,True,,,,
main,compas,IID,Median,Benign,,1001,aspd,0.2651856382339244,True,,,,
main,compas,IID,Median,Benign,,2024,accuracy,0.6981641468682506,True,,,,
main,compas,IID,Median,Benign,,2024,aeod,0.27344592166726556,True,,,,
main,compas,IID,Median,Benign,,2024,aspd,0.21352044419180927,True,,,,
main,compas,IID,Median,Benign,,3141,accuracy,0.6711663066954644,True,,,,
main,compas,IID,Median,Benign,,3141,aeod,0.2636124306072226,True,,,,
main,compas,IID,Median,Benign,,3141,aspd,0.24573415489053363,True,,,,
main,compas,IID,Median,Benign,,4242,accuracy,0.6733261339092873,True,,,,
main,compas,IID,Median,Benign,,4242,aeod,0.23995310051086943,True,,,,
main,compas,IID,Median,Benign,,4242,aspd,0.24573415489053363,True,,,,
main,compas,IID,Median,Benign,,5050,accuracy,0.687365010799136,True,,,,
main,compas,IID,Median,Benign,,5050,aeod,0.2658492182480189,True,,,,
main,compas,IID,Median,Benign,,5050,aspd,0.23274548962529193,True,,,,
main,compas,IID,Median,Benign,,6060,accuracy,0.6895248380129589,True,,,,
main,compas,IID,Median,Benign,,6060,aeod,0.29034584941708574,True,,,,
main,compas,IID,Median,Benign,,6060,aspd,0.2954080959723232,True,,,,
main,compas,IID,Median,Benign,,7070,accuracy,0.6668466522678186,True,,,,
main,compas,IID,Median,Benign,,7070,aeod,0.22992424242424242,True,,,,
main,compas,IID,Median,Benign,,7070,aspd,0.20508154682770996,True,,,,
main,compas,IID,Median,FedSA,,123,accuracy,0.661987041036717,True,,61,performance_defended_max_acc,0.661987041036717
main,compas,IID,Median,FedSA,,123,aeod,0.17775805974563735,True,,61,performance_defended_max_acc,0.661987041036717
main,compas,IID,Median,FedSA,,123,aspd,0.20237829837746732,True,,61,performance_defended_max_acc,0.661987041036717
main,compas,IID,Median,FedSA,,456,accuracy,0.6711663066954644,True,,65,performance_defended_max_acc,0.6711663066954644
main,compas,IID,Median,FedSA,,456,aeod,0.25993761140819965,True,,65,performance_defended_max_acc,0.6711663066954644
main,compas,IID,Median,FedSA,,456,aspd,0.25238606029551314,True,,65,performance_defended_max_acc,0.6711663066954644
main,compas,IID,Median,FedSA,,789,accuracy,0.6841252699784017,True,,66,performance_defended_max_acc,0.6841252699784017
main,compas,IID,Median,FedSA,,789,aeod,0.21484227508323894,True,,66,performance_defended_max_acc,0.6841252699784017
main,compas,IID,Median,FedSA,,789,aspd,0.2214516070671972,True,,66,performance_defended_max_acc,0.6841252699784017
main,compas,IID,Median,FedSA,,1001,accuracy,0.6889848812095032,True,,62,performance_defended_max_acc,0.6889848812095032
main,compas,IID,Median,FedSA,,1001,aeod,0.23784188494741976,True,,62,performance_defended_max_acc,0.6889848812095032
main,compas,IID,Median,FedSA,,1001,aspd,0.24967580861094352,True,,62,performance_defended_max_acc,0.6889848812095032
main,compas,IID,Median,FedSA,,2024,accuracy,0.7122030237580994,True,,67,performance_defended_max_acc,0.7122030237580994
main,compas,IID,Median,FedSA,,2024,aeod,0.24119227281282618,True,,67,performance_defended_max_acc,0.7122030237580994
main,compas,IID,Median,FedSA,,2024,aspd,0.21710610016726062,True,,67,performance_defended_max_acc,0.7122030237580994
main,compas,IID,Median,FedSA,,3141,accuracy,0.6695464362850972,True,,64,performance_defended_max_acc,0.6695464362850972
main,compas,IID,Median,FedSA,,3141,aeod,0.23310250100154523,True,,64,performance_defended_max_acc,0.6695464362850972
main,compas,IID,Median,FedSA,,3141,aspd,0.23269763419072376,True,,64,performance_defended_max_acc,0.6695464362850972
main,compas,IID,Median,FedSA,,4242,accuracy,0.6760259179265659,True,,62,performance_defended_max_acc,0.6760259179265659
main,compas,IID,Median,FedSA,,4242,aeod,0.2319849730208296,True,,62,performance_defended_max_acc,0.6760259179265659
main,compas,IID,Median,FedSA,,4242,aspd,0.2407396816096234,True,,62,performance_defended_max_acc,0.6760259179265659
main,compas,IID,Median,FedSA,,5050,accuracy,0.6841252699784017,True,,70,performance_defended_max_acc,0.6841252699784017
main,compas,IID,Median,FedSA,,5050,aeod,0.21483900906689507,True,,70,performance_defended_max_acc,0.6841252699784017
main,compas,IID,Median,FedSA,,5050,aspd,0.19933072423947795,True,,70,performance_defended_max_acc,0.6841252699784017
main,compas,IID,Median,FedSA,,6060,accuracy,0.6900647948164147,True,,61,performance_defended_max_acc,0.6900647948164147
main,compas,IID,Median,FedSA,,6060,aeod,0.2691737825086755,True,,61,performance_defended_max_acc,0.6900647948164147
main,compas,IID,Median,FedSA,,6060,aspd,0.26405811750726876,True,,61,performance_defended_max_acc,0.6900647948164147
main,compas,IID,Median,FedSA,,7070,accuracy,0.66792656587473,True,,70,performance_defended_max_acc,0.66792656587473
main,compas,IID,Median,FedSA,,7070,aeod,0.1946969696969697,True,,70,performance_defended_max_acc,0.66792656587473
main,compas,IID,Median,FedSA,,7070,aspd,0.1672243964671017,True,,70,performance_defended_max_acc,0.66792656587473
main,compas,IID,SmartFL,Benign,,123,accuracy,0.6625269978401728,True,,,,
main,compas,IID,SmartFL,Benign,,123,aeod,0.1942916296953564,True,,,,
main,compas,IID,SmartFL,Benign,,123,aspd,0.22535941182169297,True,,,,
main,compas,IID,SmartFL,Benign,,456,accuracy,0.6641468682505399,True,,,,
main,compas,IID,SmartFL,Benign,,456,aeod,0.24352718360071307,True,,,,
main,compas,IID,SmartFL,Benign,,456,aspd,0.22594534909372313,True,,,,
main,compas,IID,SmartFL,Benign,,789,accuracy,0.6846652267818575,True,,,,
main,compas,IID,SmartFL,Benign,,789,aeod,0.2404833007242646,True,,,,
main,compas,IID,SmartFL,Benign,,789,aspd,0.23826287106928884,True,,,,
main,compas,IID,SmartFL,Benign,,1001,accuracy,0.6846652267818575,True,,,,
main,compas,IID,SmartFL,Benign,,1001,aeod,0.2834284352985219,True,,,,
main,compas,IID,SmartFL,Benign,,1001,aspd,0.26615675339394246,True,,,,
main,compas,IID,SmartFL,Benign,,2024,accuracy,0.7003239740820735,True,,,,
main,compas,IID,SmartFL,Benign,,2024,aeod,0.28379788854097154,True,,,,
main,compas,IID,SmartFL,Benign,,2024,aspd,0.21981635185183024,True,,,,
main,compas,IID,SmartFL,Benign,,3141,accuracy,0.6673866090712743,True,,,,
main,compas,IID,SmartFL,Benign,,3141,aeod,0.2719624563612431,True,,,,
main,compas,IID,SmartFL,Benign,,3141,aspd,0.24092876893645382,True,,,,
main,compas,IID,SmartFL,Benign,,4242,accuracy,0.6646868250539957,True,,,,
main,compas,IID,SmartFL,Benign,,4242,aeod,0.23296603376284647,True,,,,
main,compas,IID,SmartFL,Benign,,4242,aspd,0.2344846261498435,True,,,,
main,compas,IID,SmartFL,Benign,,5050,accuracy,0.6862850971922246,True,,,,
main,compas,IID,SmartFL,Benign,,5050,aeod,0.25608624259298923,True,,,,
main,compas,IID,SmartFL,Benign,,5050,aspd,0.22976444621340955,True,,,,
main,compas,IID,SmartFL,Benign,,6060,accuracy,0.693304535637149,True,,,,
main,compas,IID,SmartFL,Benign,,6060,aeod,0.2642609272039615,True,,,,
main,compas,IID,SmartFL,Benign,,6060,aspd,0.25725797697569996,True,,,,
main,compas,IID,SmartFL,Benign,,7070,accuracy,0.6700863930885529,True,,,,
main,compas,IID,SmartFL,Benign,,7070,aeod,0.21647727272727268,True,,,,
main,compas,IID,SmartFL,Benign,,7070,aspd,0.18726531869968616,True,,,,
main,compas,IID,SmartFL,FedSA,,123,accuracy,0.652267818574514,True,,61,performance_defended_max_acc,0.652267818574514
main,compas,IID,SmartFL,FedSA,,123,aeod,0.18181011535048808,True,,61,performance_defended_max_acc,0.652267818574514
main,compas,IID,SmartFL,FedSA,,123,aspd,0.20458431719048914,True,,61,performance_defended_max_acc,0.652267818574514
main,compas,IID,SmartFL,FedSA,,456,accuracy,0.6598272138228942,True,,65,performance_defended_max_acc,0.6598272138228942
main,compas,IID,SmartFL,FedSA,,456,aeod,0.23372326203208554,True,,65,performance_defended_max_acc,0.6598272138228942
main,compas,IID,SmartFL,FedSA,,456,aspd,0.217361718220198,True,,65,performance_defended_max_acc,0.6598272138228942
main,compas,IID,SmartFL,FedSA,,789,accuracy,0.6695464362850972,True,,63,performance_defended_max_acc,0.6695464362850972
main,compas,IID,SmartFL,FedSA,,789,aeod,0.20439021041430683,True,,63,performance_defended_max_acc,0.6695464362850972
main,compas,IID,SmartFL,FedSA,,789,aspd,0.2100795217257837,True,,63,performance_defended_max_acc,0.6695464362850972
main,compas,IID,SmartFL,FedSA,,1001,accuracy,0.6814254859611231,True,,63,performance_defended_max_acc,0.6814254859611231
main,compas,IID,SmartFL,FedSA,,1001,aeod,0.2669850597270592,True,,63,performance_defended_max_acc,0.6814254859611231
main,compas,IID,SmartFL,FedSA,,1001,aspd,0.2829201619614659,True,,63,performance_defended_max_acc,0.6814254859611231
main,compas,IID,SmartFL,FedSA,,2024,accuracy,0.6997840172786177,True,,64,performance_defended_max_acc,0.6997840172786177
main,compas,IID,SmartFL,FedSA,,2024,aeod,0.2693051349177831,True,,64,performance_defended_max_acc,0.6997840172786177
main,compas,IID,SmartFL,FedSA,,2024,aspd,0.21266021357530285,True,,64,performance_defended_max_acc,0.6997840172786177
main,compas,IID,SmartFL,FedSA,,3141,accuracy,0.6727861771058316,True,,61,performance_defended_max_acc,0.6727861771058316
main,compas,IID,SmartFL,FedSA,,3141,aeod,0.2786470554569908,True,,61,performance_defended_max_acc,0.6727861771058316
main,compas,IID,SmartFL,FedSA,,3141,aspd,0.274670351924197,True,,61,performance_defended_max_acc,0.6727861771058316
main,compas,IID,SmartFL,FedSA,,4242,accuracy,0.67170626349892,True,,70,performance_defended_max_acc,0.67170626349892
main,compas,IID,SmartFL,FedSA,,4242,aeod,0.21723915150209971,True,,70,performance_defended_max_acc,0.67170626349892
main,compas,IID,SmartFL,FedSA,,4242,aspd,0.22571540956665154,True,,70,performance_defended_max_acc,0.67170626349892
main,compas,IID,SmartFL,FedSA,,5050,accuracy,0.6603671706263499,True,,63,performance_defended_max_acc,0.6603671706263499
main,compas,IID,SmartFL,FedSA,,5050,aeod,0.22583351181552086,True,,63,performance_defended_max_acc,0.6603671706263499
main,compas,IID,SmartFL,FedSA,,5050,aspd,0.2141915874814852,True,,63,performance_defended_max_acc,0.6603671706263499
main,compas,IID,SmartFL,FedSA,,6060,accuracy,0.6744060475161987,True,,64,performance_defended_max_acc,0.6744060475161987
main,compas,IID,SmartFL,FedSA,,6060,aeod,0.22655671228603735,True,,64,performance_defended_max_acc,0.6744060475161987
main,compas,IID,SmartFL,FedSA,,6060,aspd,0.23929351372108687,True,,64,performance_defended_max_acc,0.6744060475161987
main,compas,IID,SmartFL,FedSA,,7070,accuracy,0.6501079913606912,True,,62,performance_defended_max_acc,0.6501079913606912
main,compas,IID,SmartFL,FedSA,,7070,aeod,0.14943181818181817,True,,62,performance_defended_max_acc,0.6501079913606912
main,compas,IID,SmartFL,FedSA,,7070,aspd,0.13702761725456875,True,,62,performance_defended_max_acc,0.6501079913606912
main,compas,non-IID,AdaAggRL,Benign,,123,accuracy,0.6733261339092873,True,,,,
main,compas,non-IID,AdaAggRL,Benign,,123,aeod,0.21407867494824018,True,,,,
main,compas,non-IID,AdaAggRL,Benign,,123,aspd,0.24038368386466485,True,,,,
main,compas,non-IID,AdaAggRL,Benign,,456,accuracy,0.6706263498920086,True,,,,
main,compas,non-IID,AdaAggRL,Benign,,456,aeod,0.2626559714795009,True,,,,
main,compas,non-IID,AdaAggRL,Benign,,456,aspd,0.24006853831994743,True,,,,
main,compas,non-IID,AdaAggRL,Benign,,789,accuracy,0.6825053995680346,True,,,,
main,compas,non-IID,AdaAggRL,Benign,,789,aeod,0.22203343287680638,True,,,,
main,compas,non-IID,AdaAggRL,Benign,,789,aspd,0.23286804622601537,True,,,,
main,compas,non-IID,AdaAggRL,Benign,,1001,accuracy,0.6857451403887689,True,,,,
main,compas,non-IID,AdaAggRL,Benign,,1001,aeod,0.2737291692663724,True,,,,
main,compas,non-IID,AdaAggRL,Benign,,1001,aspd,0.260635870332782,True,,,,
main,compas,non-IID,AdaAggRL,Benign,,3141,accuracy,0.6684665226781857,True,,,,
main,compas,non-IID,AdaAggRL,Benign,,3141,aeod,0.2850226063068735,True,,,,
main,compas,non-IID,AdaAggRL,Benign,,3141,aspd,0.2356413270195285,True,,,,
main,compas,non-IID,AdaAggRL,Benign,,4242,accuracy,0.6754859611231101,True,,,,
main,compas,non-IID,AdaAggRL,Benign,,4242,aeod,0.2360587679312779,True,,,,
main,compas,non-IID,AdaAggRL,Benign,,4242,aspd,0.23396171798675688,True,,,,
main,compas,non-IID,AdaAggRL,Benign,,2024,accuracy,0.7095032397408207,True,,,,
main,compas,non-IID,AdaAggRL,Benign,,2024,aeod,0.2611433362421505,True,,,,
main,compas,non-IID,AdaAggRL,Benign,,2024,aspd,0.21471449564457185,True,,,,
main,compas,non-IID,AdaAggRL,Benign,,5050,accuracy,0.6857451403887689,True,,,,
main,compas,non-IID,AdaAggRL,Benign,,5050,aeod,0.25240950953094876,True,,,,
main,compas,non-IID,AdaAggRL,Benign,,5050,aspd,0.22630134683868164,True,,,,
main,compas,non-IID,AdaAggRL,Benign,,6060,accuracy,0.6922246220302376,True,,,,
main,compas,non-IID,AdaAggRL,Benign,,6060,aeod,0.27808320661285924,True,,,,
main,compas,non-IID,AdaAggRL,Benign,,6060,aspd,0.2659233122497074,True,,,,
main,compas,non-IID,AdaAggRL,Benign,,7070,accuracy,0.6700863930885529,True,,,,
main,compas,non-IID,AdaAggRL,Benign,,7070,aeod,0.21875,True,,,,
main,compas,non-IID,AdaAggRL,Benign,,7070,aspd,0.18548182835772986,True,,,,
main,compas,non-IID,AdaAggRL,FedSA,,123,accuracy,0.6641468682505399,True,,70,performance_defended_max_acc,0.6641468682505399
main,compas,non-IID,AdaAggRL,FedSA,,123,aeod,0.2050280981958001,True,,70,performance_defended_max_acc,0.6641468682505399
main,compas,non-IID,AdaAggRL,FedSA,,123,aspd,0.2244991812051866,True,,70,performance_defended_max_acc,0.6641468682505399
main,compas,non-IID,AdaAggRL,FedSA,,456,accuracy,0.6727861771058316,True,,68,performance_defended_max_acc,0.6727861771058316
main,compas,non-IID,AdaAggRL,FedSA,,456,aeod,0.21740196078431373,True,,68,performance_defended_max_acc,0.6727861771058316
main,compas,non-IID,AdaAggRL,FedSA,,456,aspd,0.21509267029823276,True,,68,performance_defended_max_acc,0.6727861771058316
main,compas,non-IID,AdaAggRL,FedSA,,789,accuracy,0.683585313174946,True,,61,performance_defended_max_acc,0.683585313174946
main,compas,non-IID,AdaAggRL,FedSA,,789,aeod,0.2565990457556723,True,,61,performance_defended_max_acc,0.683585313174946
main,compas,non-IID,AdaAggRL,FedSA,,789,aspd,0.23736178825254128,True,,61,performance_defended_max_acc,0.683585313174946
main,compas,non-IID,AdaAggRL,FedSA,,1001,accuracy,0.683585313174946,True,,66,performance_defended_max_acc,0.683585313174946
main,compas,non-IID,AdaAggRL,FedSA,,1001,aeod,0.2718063323161393,True,,66,performance_defended_max_acc,0.683585313174946
main,compas,non-IID,AdaAggRL,FedSA,,1001,aspd,0.2766055790099061,True,,66,performance_defended_max_acc,0.683585313174946
main,compas,non-IID,AdaAggRL,FedSA,,3141,accuracy,0.6652267818574514,True,,61,performance_defended_max_acc,0.6652267818574514
main,compas,non-IID,AdaAggRL,FedSA,,3141,aeod,0.2687002804326675,True,,61,performance_defended_max_acc,0.6652267818574514
main,compas,non-IID,AdaAggRL,FedSA,,3141,aspd,0.22825524921592955,True,,61,performance_defended_max_acc,0.6652267818574514
main,compas,non-IID,AdaAggRL,FedSA,,4242,accuracy,0.6706263498920086,True,,69,performance_defended_max_acc,0.6706263498920086
main,compas,non-IID,AdaAggRL,FedSA,,4242,aeod,0.23829008291159687,True,,69,performance_defended_max_acc,0.6706263498920086
main,compas,non-IID,AdaAggRL,FedSA,,4242,aspd,0.23289372475188122,True,,69,performance_defended_max_acc,0.6706263498920086
main,compas,non-IID,AdaAggRL,FedSA,,2024,accuracy,0.7084233261339092,True,,70,performance_defended_max_acc,0.7084233261339092
main,compas,non-IID,AdaAggRL,FedSA,,2024,aeod,0.2673716270554215,True,,70,performance_defended_max_acc,0.7084233261339092
main,compas,non-IID,AdaAggRL,FedSA,,2024,aspd,0.2248295004242793,True,,70,performance_defended_max_acc,0.7084233261339092
main,compas,non-IID,AdaAggRL,FedSA,,5050,accuracy,0.6781857451403888,True,,61,performance_defended_max_acc,0.6781857451403888
main,compas,non-IID,AdaAggRL,FedSA,,5050,aeod,0.2444670521881916,True,,61,performance_defended_max_acc,0.6781857451403888
main,compas,non-IID,AdaAggRL,FedSA,,5050,aspd,0.23087679326568988,True,,61,performance_defended_max_acc,0.6781857451403888
main,compas,non-IID,AdaAggRL,FedSA,,6060,accuracy,0.6868250539956804,True,,69,performance_defended_max_acc,0.6868250539956804
main,compas,non-IID,AdaAggRL,FedSA,,6060,aeod,0.26915428705111705,True,,69,performance_defended_max_acc,0.6868250539956804
main,compas,non-IID,AdaAggRL,FedSA,,6060,aspd,0.265229992051329,True,,69,performance_defended_max_acc,0.6868250539956804
main,compas,non-IID,AdaAggRL,FedSA,,7070,accuracy,0.6657667386609071,True,,70,performance_defended_max_acc,0.6657667386609071
main,compas,non-IID,AdaAggRL,FedSA,,7070,aeod,0.1801136363636363,True,,70,performance_defended_max_acc,0.6657667386609071
main,compas,non-IID,AdaAggRL,FedSA,,7070,aspd,0.16321621202058484,True,,70,performance_defended_max_acc,0.6657667386609071
main,compas,non-IID,FLAURA,Benign,,123,accuracy,0.6657667386609071,True,,,,
main,compas,non-IID,FLAURA,Benign,,123,aeod,0.20807453416149074,True,,,,
main,compas,non-IID,FLAURA,Benign,,123,aspd,0.24554506756370315,True,,,,
main,compas,non-IID,FLAURA,Benign,,456,accuracy,0.6684665226781857,True,,,,
main,compas,non-IID,FLAURA,Benign,,456,aeod,0.26793672014260245,True,,,,
main,compas,non-IID,FLAURA,Benign,,456,aspd,0.24502215940061656,True,,,,
main,compas,non-IID,FLAURA,Benign,,789,accuracy,0.6825053995680346,True,,,,
main,compas,non-IID,FLAURA,Benign,,789,aeod,0.21161569354340443,True,,,,
main,compas,non-IID,FLAURA,Benign,,789,aspd,0.23167049315608929,True,,,,
main,compas,non-IID,FLAURA,Benign,,1001,accuracy,0.6852051835853131,True,,,,
main,compas,non-IID,FLAURA,Benign,,1001,aeod,0.27663894907601727,True,,,,
main,compas,non-IID,FLAURA,Benign,,1001,aspd,0.2620633629297797,True,,,,
main,compas,non-IID,FLAURA,Benign,,3141,accuracy,0.6673866090712743,True,,,,
main,compas,non-IID,FLAURA,Benign,,3141,aeod,0.2804212213128827,True,,,,
main,compas,non-IID,FLAURA,Benign,,3141,aspd,0.23047994332049015,True,,,,
main,compas,non-IID,FLAURA,Benign,,4242,accuracy,0.673866090712743,True,,,,
main,compas,non-IID,FLAURA,Benign,,4242,aeod,0.22511754782671117,True,,,,
main,compas,non-IID,FLAURA,Benign,,4242,aspd,0.22896724470584662,True,,,,
main,compas,non-IID,FLAURA,Benign,,2024,accuracy,0.7035637149028078,True,,,,
main,compas,non-IID,FLAURA,Benign,,2024,aeod,0.2789897849186387,True,,,,
main,compas,non-IID,FLAURA,Benign,,2024,aspd,0.2238875654072906,True,,,,
main,compas,non-IID,FLAURA,Benign,,5050,accuracy,0.6900647948164147,True,,,,
main,compas,non-IID,FLAURA,Benign,,5050,aeod,0.23782751481402153,True,,,,
main,compas,non-IID,FLAURA,Benign,,5050,aspd,0.22071743466857774,True,,,,
main,compas,non-IID,FLAURA,Benign,,6060,accuracy,0.693304535637149,True,,,,
main,compas,non-IID,FLAURA,Benign,,6060,aeod,0.263032713377783,True,,,,
main,compas,non-IID,FLAURA,Benign,,6060,aspd,0.26145524874904724,True,,,,
main,compas,non-IID,FLAURA,Benign,,7070,accuracy,0.6668466522678186,True,,,,
main,compas,non-IID,FLAURA,Benign,,7070,aeod,0.22083333333333333,True,,,,
main,compas,non-IID,FLAURA,Benign,,7070,aspd,0.19656094506312832,True,,,,
main,compas,non-IID,FLAURA,FedSA,,123,accuracy,0.6641468682505399,True,,67,performance_defended_max_acc,0.6641468682505399
main,compas,non-IID,FLAURA,FedSA,,123,aeod,0.19923099674652472,True,,67,performance_defended_max_acc,0.6641468682505399
main,compas,non-IID,FLAURA,FedSA,,123,aspd,0.2178881280004482,True,,67,performance_defended_max_acc,0.6641468682505399
main,compas,non-IID,FLAURA,FedSA,,456,accuracy,0.6798056155507559,True,,66,performance_defended_max_acc,0.6798056155507559
main,compas,non-IID,FLAURA,FedSA,,456,aeod,0.24977718360071305,True,,66,performance_defended_max_acc,0.6798056155507559
main,compas,non-IID,FLAURA,FedSA,,456,aspd,0.23993897848489693,True,,66,performance_defended_max_acc,0.6798056155507559
main,compas,non-IID,FLAURA,FedSA,,789,accuracy,0.6868250539956804,True,,65,performance_defended_max_acc,0.6868250539956804
main,compas,non-IID,FLAURA,FedSA,,789,aeod,0.2206775821233653,True,,65,performance_defended_max_acc,0.6868250539956804
main,compas,non-IID,FLAURA,FedSA,,789,aspd,0.23039123568568087,True,,65,performance_defended_max_acc,0.6868250539956804
main,compas,non-IID,FLAURA,FedSA,,1001,accuracy,0.6852051835853131,True,,65,performance_defended_max_acc,0.6852051835853131
main,compas,non-IID,FLAURA,FedSA,,1001,aeod,0.2795827613980556,True,,65,performance_defended_max_acc,0.6852051835853131
main,compas,non-IID,FLAURA,FedSA,,1001,aspd,0.2756823192844562,True,,65,performance_defended_max_acc,0.6852051835853131
main,compas,non-IID,FLAURA,FedSA,,3141,accuracy,0.6733261339092873,True,,69,performance_defended_max_acc,0.6733261339092873
main,compas,non-IID,FLAURA,FedSA,,3141,aeod,0.2867338178904596,True,,69,performance_defended_max_acc,0.6733261339092873
main,compas,non-IID,FLAURA,FedSA,,3141,aspd,0.2463644459799684,True,,69,performance_defended_max_acc,0.6733261339092873
main,compas,non-IID,FLAURA,FedSA,,4242,accuracy,0.6695464362850972,True,,67,performance_defended_max_acc,0.6695464362850972
main,compas,non-IID,FLAURA,FedSA,,4242,aeod,0.21839967457497345,True,,67,performance_defended_max_acc,0.6695464362850972
main,compas,non-IID,FLAURA,FedSA,,4242,aspd,0.22296780729900428,True,,67,performance_defended_max_acc,0.6695464362850972
main,compas,non-IID,FLAURA,FedSA,,2024,accuracy,0.7095032397408207,True,,61,performance_defended_max_acc,0.7095032397408207
main,compas,non-IID,FLAURA,FedSA,,2024,aeod,0.2680560546173194,True,,61,performance_defended_max_acc,0.7095032397408207
main,compas,non-IID,FLAURA,FedSA,,2024,aspd,0.22285692275549251,True,,61,performance_defended_max_acc,0.7095032397408207
main,compas,non-IID,FLAURA,FedSA,,5050,accuracy,0.673866090712743,True,,66,performance_defended_max_acc,0.673866090712743
main,compas,non-IID,FLAURA,FedSA,,5050,aeod,0.23525737131434282,True,,66,performance_defended_max_acc,0.673866090712743
main,compas,non-IID,FLAURA,FedSA,,5050,aspd,0.2077287694033361,True,,66,performance_defended_max_acc,0.673866090712743
main,compas,non-IID,FLAURA,FedSA,,6060,accuracy,0.6830453563714903,True,,69,performance_defended_max_acc,0.6830453563714903
main,compas,non-IID,FLAURA,FedSA,,6060,aeod,0.2529730572776543,True,,69,performance_defended_max_acc,0.6830453563714903
main,compas,non-IID,FLAURA,FedSA,,6060,aspd,0.2700984071143523,True,,69,performance_defended_max_acc,0.6830453563714903
main,compas,non-IID,FLAURA,FedSA,,7070,accuracy,0.67170626349892,True,,68,performance_defended_max_acc,0.67170626349892
main,compas,non-IID,FLAURA,FedSA,,7070,aeod,0.19678030303030303,True,,68,performance_defended_max_acc,0.67170626349892
main,compas,non-IID,FLAURA,FedSA,,7070,aspd,0.17494779672412042,True,,68,performance_defended_max_acc,0.67170626349892
main,compas,non-IID,FLGMM,Benign,,123,accuracy,0.658207343412527,True,,,,
main,compas,non-IID,FLGMM,Benign,,123,aeod,0.20050280981958002,True,,,,
main,compas,non-IID,FLGMM,Benign,,123,aspd,0.21377606224474668,True,,,,
main,compas,non-IID,FLGMM,Benign,,456,accuracy,0.6722462203023758,True,,,,
main,compas,non-IID,FLGMM,Benign,,456,aeod,0.25589349376114084,True,,,,
main,compas,non-IID,FLGMM,Benign,,456,aspd,0.23914527859449755,True,,,,
main,compas,non-IID,FLGMM,Benign,,789,accuracy,0.6814254859611231,True,,,,
main,compas,non-IID,FLGMM,Benign,,789,aeod,0.21432739505028664,True,,,,
main,compas,non-IID,FLGMM,Benign,,789,aspd,0.2327419880081284,True,,,,
main,compas,non-IID,FLGMM,Benign,,1001,accuracy,0.6846652267818575,True,,,,
main,compas,non-IID,FLGMM,Benign,,1001,aeod,0.26309400914340164,True,,,,
main,compas,non-IID,FLGMM,Benign,,1001,aspd,0.2745886475237147,True,,,,
main,compas,non-IID,FLGMM,Benign,,3141,accuracy,0.6652267818574514,True,,,,
main,compas,non-IID,FLGMM,Benign,,3141,aeod,0.27448062725347677,True,,,,
main,compas,non-IID,FLGMM,Benign,,3141,aspd,0.22838130743381652,True,,,,
main,compas,non-IID,FLGMM,Benign,,4242,accuracy,0.661987041036717,True,,,,
main,compas,non-IID,FLGMM,Benign,,4242,aeod,0.22392711436536133,True,,,,
main,compas,non-IID,FLGMM,Benign,,4242,aspd,0.2284186580168941,True,,,,
main,compas,non-IID,FLGMM,Benign,,2024,accuracy,0.7100431965442765,True,,,,
main,compas,non-IID,FLGMM,Benign,,2024,aeod,0.2570196601817155,True,,,,
main,compas,non-IID,FLGMM,Benign,,2024,aspd,0.2155116971521347,True,,,,
main,compas,non-IID,FLGMM,Benign,,5050,accuracy,0.6884449244060475,True,,,,
main,compas,non-IID,FLGMM,Benign,,5050,aeod,0.2518205183122724,True,,,,
main,compas,non-IID,FLGMM,Benign,,5050,aspd,0.22212625197403668,True,,,,
main,compas,non-IID,FLGMM,Benign,,6060,accuracy,0.6943844492440605,True,,,,
main,compas,non-IID,FLGMM,Benign,,6060,aeod,0.2553320076422193,True,,,,
main,compas,non-IID,FLGMM,Benign,,6060,aspd,0.2569428314309825,True,,,,
main,compas,non-IID,FLGMM,Benign,,7070,accuracy,0.6722462203023758,True,,,,
main,compas,non-IID,FLGMM,Benign,,7070,aeod,0.21647727272727268,True,,,,
main,compas,non-IID,FLGMM,Benign,,7070,aspd,0.18955304191319022,True,,,,
main,compas,non-IID,FLGMM,FedSA,,123,accuracy,0.6673866090712743,True,,61,performance_defended_max_acc,0.6673866090712743
main,compas,non-IID,FLGMM,FedSA,,123,aeod,0.21245193729665773,True,,61,performance_defended_max_acc,0.6673866090712743
main,compas,non-IID,FLGMM,FedSA,,123,aspd,0.2318852590087856,True,,61,performance_defended_max_acc,0.6673866090712743
main,compas,non-IID,FLGMM,FedSA,,456,accuracy,0.6787257019438445,True,,68,performance_defended_max_acc,0.6787257019438445
main,compas,non-IID,FLGMM,FedSA,,456,aeod,0.23124999999999996,True,,68,performance_defended_max_acc,0.6787257019438445
main,compas,non-IID,FLGMM,FedSA,,456,aspd,0.22518549816923783,True,,68,performance_defended_max_acc,0.6787257019438445
main,compas,non-IID,FLGMM,FedSA,,789,accuracy,0.6852051835853131,True,,70,performance_defended_max_acc,0.6852051835853131
main,compas,non-IID,FLGMM,FedSA,,789,aeod,0.2428174235403151,True,,70,performance_defended_max_acc,0.6852051835853131
main,compas,non-IID,FLGMM,FedSA,,789,aspd,0.23467371347667398,True,,70,performance_defended_max_acc,0.6852051835853131
main,compas,non-IID,FLGMM,FedSA,,1001,accuracy,0.6814254859611231,True,,67,performance_defended_max_acc,0.6814254859611231
main,compas,non-IID,FLGMM,FedSA,,1001,aeod,0.2688965525064945,True,,67,performance_defended_max_acc,0.6814254859611231
main,compas,non-IID,FLGMM,FedSA,,1001,aspd,0.27393968114274114,True,,67,performance_defended_max_acc,0.6814254859611231
main,compas,non-IID,FLGMM,FedSA,,3141,accuracy,0.6706263498920086,True,,70,performance_defended_max_acc,0.6706263498920086
main,compas,non-IID,FLGMM,FedSA,,3141,aeod,0.2932638928632748,True,,70,performance_defended_max_acc,0.6706263498920086
main,compas,non-IID,FLGMM,FedSA,,3141,aspd,0.24569330269029244,True,,70,performance_defended_max_acc,0.6706263498920086
main,compas,non-IID,FLGMM,FedSA,,4242,accuracy,0.6771058315334774,True,,68,performance_defended_max_acc,0.6771058315334774
main,compas,non-IID,FLGMM,FedSA,,4242,aeod,0.23513752796621323,True,,68,performance_defended_max_acc,0.6771058315334774
main,compas,non-IID,FLGMM,FedSA,,4242,aspd,0.23811813755986308,True,,68,performance_defended_max_acc,0.6771058315334774
main,compas,non-IID,FLGMM,FedSA,,2024,accuracy,0.7073434125269978,True,,62,performance_defended_max_acc,0.7073434125269978
main,compas,non-IID,FLGMM,FedSA,,2024,aeod,0.270827986243006,True,,62,performance_defended_max_acc,0.7073434125269978
main,compas,non-IID,FLGMM,FedSA,,2024,aspd,0.2245143548795619,True,,62,performance_defended_max_acc,0.7073434125269978
main,compas,non-IID,FLGMM,FedSA,,5050,accuracy,0.6695464362850972,True,,64,performance_defended_max_acc,0.6695464362850972
main,compas,non-IID,FLGMM,FedSA,,5050,aeod,0.2355964874705505,True,,64,performance_defended_max_acc,0.6695464362850972
main,compas,non-IID,FLGMM,FedSA,,5050,aspd,0.20359452673893225,True,,64,performance_defended_max_acc,0.6695464362850972
main,compas,non-IID,FLGMM,FedSA,,6060,accuracy,0.6879049676025918,True,,70,performance_defended_max_acc,0.6879049676025918
main,compas,non-IID,FLGMM,FedSA,,6060,aeod,0.2653526728272313,True,,70,performance_defended_max_acc,0.6879049676025918
main,compas,non-IID,FLGMM,FedSA,,6060,aspd,0.27490379306843216,True,,70,performance_defended_max_acc,0.6879049676025918
main,compas,non-IID,FLGMM,FedSA,,7070,accuracy,0.6706263498920086,True,,62,performance_defended_max_acc,0.6706263498920086
main,compas,non-IID,FLGMM,FedSA,,7070,aeod,0.19962121212121214,True,,62,performance_defended_max_acc,0.6706263498920086
main,compas,non-IID,FLGMM,FedSA,,7070,aspd,0.17494779672412042,True,,62,performance_defended_max_acc,0.6706263498920086
main,compas,non-IID,FLTG,Benign,,123,accuracy,0.6609071274298056,True,,,,
main,compas,non-IID,FLTG,Benign,,123,aeod,0.21407867494824018,True,,,,
main,compas,non-IID,FLTG,Benign,,123,aspd,0.2515480065877091,True,,,,
main,compas,non-IID,FLTG,Benign,,456,accuracy,0.67170626349892,True,,,,
main,compas,non-IID,FLTG,Benign,,456,aeod,0.2580548128342246,True,,,,
main,compas,non-IID,FLTG,Benign,,456,aspd,0.24197808687979067,True,,,,
main,compas,non-IID,FLTG,Benign,,789,accuracy,0.6825053995680346,True,,,,
main,compas,non-IID,FLTG,Benign,,789,aeod,0.2626231421412144,True,,,,
main,compas,non-IID,FLTG,Benign,,789,aspd,0.24575633179923595,True,,,,
main,compas,non-IID,FLTG,Benign,,1001,accuracy,0.6879049676025918,True,,,,
main,compas,non-IID,FLTG,Benign,,1001,aeod,0.26498281358124126,True,,,,
main,compas,non-IID,FLTG,Benign,,1001,aspd,0.25624951123260425,True,,,,
main,compas,non-IID,FLTG,Benign,,3141,accuracy,0.6684665226781857,True,,,,
main,compas,non-IID,FLTG,Benign,,3141,aeod,0.28015223487666685,True,,,,
main,compas,non-IID,FLTG,Benign,,3141,aspd,0.2334796620239114,True,,,,
main,compas,non-IID,FLTG,Benign,,4242,accuracy,0.6657667386609071,True,,,,
main,compas,non-IID,FLTG,Benign,,4242,aeod,0.22386729358840907,True,,,,
main,compas,non-IID,FLTG,Benign,,4242,aspd,0.23125146630218718,True,,,,
main,compas,non-IID,FLTG,Benign,,2024,accuracy,0.6938444924406048,True,,,,
main,compas,non-IID,FLTG,Benign,,2024,aeod,0.2713755282925243,True,,,,
main,compas,non-IID,FLTG,Benign,,2024,aspd,0.21765468685621314,True,,,,
main,compas,non-IID,FLTG,Benign,,5050,accuracy,0.6900647948164147,True,,,,
main,compas,non-IID,FLTG,Benign,,5050,aeod,0.2551581352181052,True,,,,
main,compas,non-IID,FLTG,Benign,,5050,aspd,0.2208878467038694,True,,,,
main,compas,non-IID,FLTG,Benign,,6060,accuracy,0.6943844492440605,True,,,,
main,compas,non-IID,FLTG,Benign,,6060,aeod,0.28767497173158657,True,,,,
main,compas,non-IID,FLTG,Benign,,6060,aspd,0.27406573936062806,True,,,,
main,compas,non-IID,FLTG,Benign,,7070,accuracy,0.6652267818574514,True,,,,
main,compas,non-IID,FLTG,Benign,,7070,aeod,0.20511363636363633,True,,,,
main,compas,non-IID,FLTG,Benign,,7070,aspd,0.20555659955622835,True,,,,
main,compas,non-IID,FLTG,FedSA,,123,accuracy,0.6706263498920086,True,,70,performance_defended_max_acc,0.6706263498920086
main,compas,non-IID,FLTG,FedSA,,123,aeod,0.20485063590653652,True,,70,performance_defended_max_acc,0.6706263498920086
main,compas,non-IID,FLTG,FedSA,,123,aspd,0.24716164748753133,True,,70,performance_defended_max_acc,0.6706263498920086
main,compas,non-IID,FLTG,FedSA,,456,accuracy,0.677645788336933,True,,69,performance_defended_max_acc,0.677645788336933
main,compas,non-IID,FLTG,FedSA,,456,aeod,0.23605169340463455,True,,69,performance_defended_max_acc,0.677645788336933
main,compas,non-IID,FLTG,FedSA,,456,aspd,0.24457745402084868,True,,69,performance_defended_max_acc,0.677645788336933
main,compas,non-IID,FLTG,FedSA,,789,accuracy,0.6825053995680346,True,,65,performance_defended_max_acc,0.6825053995680346
main,compas,non-IID,FLTG,FedSA,,789,aeod,0.27135894003363886,True,,65,performance_defended_max_acc,0.6825053995680346
main,compas,non-IID,FLTG,FedSA,,789,aspd,0.24021677344653672,True,,65,performance_defended_max_acc,0.6825053995680346
main,compas,non-IID,FLTG,FedSA,,1001,accuracy,0.6884449244060475,True,,70,performance_defended_max_acc,0.6884449244060475
main,compas,non-IID,FLTG,FedSA,,1001,aeod,0.28539097684654735,True,,70,performance_defended_max_acc,0.6884449244060475
main,compas,non-IID,FLTG,FedSA,,1001,aspd,0.26861138702557463,True,,70,performance_defended_max_acc,0.6884449244060475
main,compas,non-IID,FLTG,FedSA,,3141,accuracy,0.6695464362850972,True,,69,performance_defended_max_acc,0.6695464362850972
main,compas,non-IID,FLTG,FedSA,,3141,aeod,0.2836318892004807,True,,69,performance_defended_max_acc,0.6695464362850972
main,compas,non-IID,FLTG,FedSA,,3141,aspd,0.23220040455350296,True,,69,performance_defended_max_acc,0.6695464362850972
main,compas,non-IID,FLTG,FedSA,,4242,accuracy,0.6727861771058316,True,,70,performance_defended_max_acc,0.6727861771058316
main,compas,non-IID,FLTG,FedSA,,4242,aeod,0.20320519722910163,True,,70,performance_defended_max_acc,0.6727861771058316
main,compas,non-IID,FLTG,FedSA,,4242,aspd,0.2166275458215786,True,,70,performance_defended_max_acc,0.6727861771058316
main,compas,non-IID,FLTG,FedSA,,2024,accuracy,0.6960043196544277,True,,61,performance_defended_max_acc,0.6960043196544277
main,compas,non-IID,FLTG,FedSA,,2024,aeod,0.2823777013500334,True,,61,performance_defended_max_acc,0.6960043196544277
main,compas,non-IID,FLTG,FedSA,,2024,aspd,0.2184740652724783,True,,61,performance_defended_max_acc,0.6960043196544277
main,compas,non-IID,FLTG,FedSA,,5050,accuracy,0.6916846652267818,True,,70,performance_defended_max_acc,0.6916846652267818
main,compas,non-IID,FLTG,FedSA,,5050,aeod,0.23025987006496756,True,,70,performance_defended_max_acc,0.6916846652267818
main,compas,non-IID,FLTG,FedSA,,5050,aspd,0.21815541811059747,True,,70,performance_defended_max_acc,0.6916846652267818
main,compas,non-IID,FLTG,FedSA,,6060,accuracy,0.6943844492440605,True,,66,performance_defended_max_acc,0.6943844492440605
main,compas,non-IID,FLTG,FedSA,,6060,aeod,0.2634811089016259,True,,66,performance_defended_max_acc,0.6943844492440605
main,compas,non-IID,FLTG,FedSA,,6060,aspd,0.24670176843338815,True,,66,performance_defended_max_acc,0.6943844492440605
main,compas,non-IID,FLTG,FedSA,,7070,accuracy,0.6695464362850972,True,,66,performance_defended_max_acc,0.6695464362850972
main,compas,non-IID,FLTG,FedSA,,7070,aeod,0.1946969696969697,True,,66,performance_defended_max_acc,0.6695464362850972
main,compas,non-IID,FLTG,FedSA,,7070,aspd,0.19479262839554734,True,,66,performance_defended_max_acc,0.6695464362850972
main,compas,non-IID,FLTrust,Benign,,123,accuracy,0.6630669546436285,True,,,,
main,compas,non-IID,FLTrust,Benign,,123,aeod,0.2164744158532978,True,,,,
main,compas,non-IID,FLTrust,Benign,,123,aspd,0.25488154612738656,True,,,,
main,compas,non-IID,FLTrust,Benign,,456,accuracy,0.6744060475161987,True,,,,
main,compas,non-IID,FLTrust,Benign,,456,aeod,0.23233065953654192,True,,,,
main,compas,non-IID,FLTrust,Benign,,456,aspd,0.24203761437157062,True,,,,
main,compas,non-IID,FLTrust,Benign,,789,accuracy,0.6825053995680346,True,,,,
main,compas,non-IID,FLTrust,Benign,,789,aeod,0.25917344592043384,True,,,,
main,compas,non-IID,FLTrust,Benign,,789,aspd,0.23085811797415107,True,,,,
main,compas,non-IID,FLTrust,Benign,,1001,accuracy,0.6879049676025918,True,,,,
main,compas,non-IID,FLTrust,Benign,,1001,aeod,0.26692833887307005,True,,,,
main,compas,non-IID,FLTrust,Benign,,1001,aspd,0.2561864821236608,True,,,,
main,compas,non-IID,FLTrust,Benign,,3141,accuracy,0.6684665226781857,True,,,,
main,compas,non-IID,FLTrust,Benign,,3141,aeod,0.27817203685686487,True,,,,
main,compas,non-IID,FLTrust,Benign,,3141,aspd,0.23354269113285486,True,,,,
main,compas,non-IID,FLTrust,Benign,,4242,accuracy,0.6657667386609071,True,,,,
main,compas,non-IID,FLTrust,Benign,,4242,aeod,0.2258892358493952,True,,,,
main,compas,non-IID,FLTrust,Benign,,4242,aspd,0.22934191774234403,True,,,,
main,compas,non-IID,FLTrust,Benign,,2024,accuracy,0.6927645788336934,True,,,,
main,compas,non-IID,FLTrust,Benign,,2024,aeod,0.27060554728538916,True,,,,
main,compas,non-IID,FLTrust,Benign,,2024,aspd,0.21534828835117015,True,,,,
main,compas,non-IID,FLTrust,Benign,,5050,accuracy,0.6889848812095032,True,,,,
main,compas,non-IID,FLTrust,Benign,,5050,aeod,0.228064539158992,True,,,,
main,compas,non-IID,FLTrust,Benign,,5050,aspd,0.21773639125669536,True,,,,
main,compas,non-IID,FLTrust,Benign,,6060,accuracy,0.693304535637149,True,,,,
main,compas,non-IID,FLTrust,Benign,,6060,aeod,0.2793114204390377,True,,,,
main,compas,non-IID,FLTrust,Benign,,6060,aspd,0.26611239957653776,True,,,,
main,compas,non-IID,FLTrust,Benign,,7070,accuracy,0.66792656587473,True,,,,
main,compas,non-IID,FLTrust,Benign,,7070,aeod,0.20700757575757583,True,,,,
main,compas,non-IID,FLTrust,Benign,,7070,aspd,0.20688371246120502,True,,,,
main,compas,non-IID,FLTrust,FedSA,,123,accuracy,0.6690064794816415,True,,69,performance_defended_max_acc,0.6690064794816415
main,compas,non-IID,FLTrust,FedSA,,123,aeod,0.20195208518189883,True,,69,performance_defended_max_acc,0.6690064794816415
main,compas,non-IID,FLTrust,FedSA,,123,aspd,0.2437615772217469,True,,69,performance_defended_max_acc,0.6690064794816415
main,compas,non-IID,FLTrust,FedSA,,456,accuracy,0.6749460043196545,True,,70,performance_defended_max_acc,0.6749460043196545
main,compas,non-IID,FLTrust,FedSA,,456,aeod,0.22772950089126565,True,,70,performance_defended_max_acc,0.6749460043196545
main,compas,non-IID,FLTrust,FedSA,,456,aspd,0.23851148588789917,True,,70,performance_defended_max_acc,0.6749460043196545
main,compas,non-IID,FLTrust,FedSA,,789,accuracy,0.6825053995680346,True,,63,performance_defended_max_acc,0.6825053995680346
main,compas,non-IID,FLTrust,FedSA,,789,aeod,0.2602890193251639,True,,63,performance_defended_max_acc,0.6825053995680346
main,compas,non-IID,FLTrust,FedSA,,789,aspd,0.23748784647042828,True,,63,performance_defended_max_acc,0.6825053995680346
main,compas,non-IID,FLTrust,FedSA,,1001,accuracy,0.6884449244060475,True,,67,performance_defended_max_acc,0.6884449244060475
main,compas,non-IID,FLTrust,FedSA,,1001,aeod,0.27372349718097355,True,,67,performance_defended_max_acc,0.6884449244060475
main,compas,non-IID,FLTrust,FedSA,,1001,aspd,0.26218942114766675,True,,67,performance_defended_max_acc,0.6884449244060475
main,compas,non-IID,FLTrust,FedSA,,3141,accuracy,0.6690064794816415,True,,64,performance_defended_max_acc,0.6690064794816415
main,compas,non-IID,FLTrust,FedSA,,3141,aeod,0.28668230984948206,True,,64,performance_defended_max_acc,0.6690064794816415
main,compas,non-IID,FLTrust,FedSA,,3141,aspd,0.235159271056683,True,,64,performance_defended_max_acc,0.6690064794816415
main,compas,non-IID,FLTrust,FedSA,,4242,accuracy,0.67170626349892,True,,67,performance_defended_max_acc,0.67170626349892
main,compas,non-IID,FLTrust,FedSA,,4242,aeod,0.21126305588456984,True,,67,performance_defended_max_acc,0.67170626349892
main,compas,non-IID,FLTrust,FedSA,,4242,aspd,0.21293450691977914,True,,67,performance_defended_max_acc,0.67170626349892
main,compas,non-IID,FLTrust,FedSA,,2024,accuracy,0.6965442764578834,True,,62,performance_defended_max_acc,0.6965442764578834
main,compas,non-IID,FLTrust,FedSA,,2024,aeod,0.25696832811457315,True,,62,performance_defended_max_acc,0.6965442764578834
main,compas,non-IID,FLTrust,FedSA,,2024,aspd,0.21064328208911148,True,,62,performance_defended_max_acc,0.6965442764578834
main,compas,non-IID,FLTrust,FedSA,,5050,accuracy,0.6927645788336934,True,,63,performance_defended_max_acc,0.6927645788336934
main,compas,non-IID,FLTrust,FedSA,,5050,aeod,0.24864353537516953,True,,63,performance_defended_max_acc,0.6927645788336934
main,compas,non-IID,FLTrust,FedSA,,5050,aspd,0.22781054383616162,True,,63,performance_defended_max_acc,0.6927645788336934
main,compas,non-IID,FLTrust,FedSA,,6060,accuracy,0.6938444924406048,True,,63,performance_defended_max_acc,0.6938444924406048
main,compas,non-IID,FLTrust,FedSA,,6060,aeod,0.2566771942137481,True,,63,performance_defended_max_acc,0.6938444924406048
main,compas,non-IID,FLTrust,FedSA,,6060,aspd,0.2394826010479173,True,,63,performance_defended_max_acc,0.6938444924406048
main,compas,non-IID,FLTrust,FedSA,,7070,accuracy,0.6668466522678186,True,,67,performance_defended_max_acc,0.6668466522678186
main,compas,non-IID,FLTrust,FedSA,,7070,aeod,0.2043560606060606,True,,67,performance_defended_max_acc,0.6668466522678186
main,compas,non-IID,FLTrust,FedSA,,7070,aspd,0.20175967934524425,True,,67,performance_defended_max_acc,0.6668466522678186
main,compas,non-IID,FLTrust+FairGuard,Benign,,123,accuracy,0.6700863930885529,True,,,,
main,compas,non-IID,FLTrust+FairGuard,Benign,,123,aeod,0.19068322981366465,True,,,,
main,compas,non-IID,FLTrust+FairGuard,Benign,,123,aspd,0.24109567935458187,True,,,,
main,compas,non-IID,FLTrust+FairGuard,Benign,,456,accuracy,0.6711663066954644,True,,,,
main,compas,non-IID,FLTrust+FairGuard,Benign,,456,aeod,0.24377228163992876,True,,,,
main,compas,non-IID,FLTrust+FairGuard,Benign,,456,aspd,0.23700228889041924,True,,,,
main,compas,non-IID,FLTrust+FairGuard,Benign,,789,accuracy,0.6852051835853131,True,,,,
main,compas,non-IID,FLTrust+FairGuard,Benign,,789,aeod,0.2755637936360828,True,,,,
main,compas,non-IID,FLTrust+FairGuard,Benign,,789,aspd,0.24424713480175594,True,,,,
main,compas,non-IID,FLTrust+FairGuard,Benign,,1001,accuracy,0.6825053995680346,True,,,,
main,compas,non-IID,FLTrust+FairGuard,Benign,,1001,aeod,0.25228868645846325,True,,,,
main,compas,non-IID,FLTrust+FairGuard,Benign,,1001,aspd,0.24172947206118026,True,,,,
main,compas,non-IID,FLTrust+FairGuard,Benign,,3141,accuracy,0.6630669546436285,True,,,,
main,compas,non-IID,FLTrust+FairGuard,Benign,,3141,aeod,0.26591884621988204,True,,,,
main,compas,non-IID,FLTrust+FairGuard,Benign,,3141,aspd,0.21895962285248738,True,,,,
main,compas,non-IID,FLTrust+FairGuard,Benign,,4242,accuracy,0.6727861771058316,True,,,,
main,compas,non-IID,FLTrust+FairGuard,Benign,,4242,aeod,0.2407247885335535,True,,,,
main,compas,non-IID,FLTrust+FairGuard,Benign,,4242,aspd,0.2443883666940182,True,,,,
main,compas,non-IID,FLTrust+FairGuard,Benign,,2024,accuracy,0.6981641468682506,True,,,,
main,compas,non-IID,FLTrust+FairGuard,Benign,,2024,aeod,0.28451653748096434,True,,,,
main,compas,non-IID,FLTrust+FairGuard,Benign,,2024,aspd,0.23190393430032435,True,,,,
main,compas,non-IID,FLTrust+FairGuard,Benign,,5050,accuracy,0.6787257019438445,True,,,,
main,compas,non-IID,FLTrust+FairGuard,Benign,,5050,aeod,0.24703719568787036,True,,,,
main,compas,non-IID,FLTrust+FairGuard,Benign,,5050,aspd,0.2267390489841225,True,,,,
main,compas,non-IID,FLTrust+FairGuard,Benign,,6060,accuracy,0.6781857451403888,True,,,,
main,compas,non-IID,FLTrust+FairGuard,Benign,,6060,aeod,0.2654696455725816,True,,,,
main,compas,non-IID,FLTrust+FairGuard,Benign,,6060,aspd,0.2708325795129718,True,,,,
main,compas,non-IID,FLTrust+FairGuard,Benign,,7070,accuracy,0.6636069114470843,True,,,,
main,compas,non-IID,FLTrust+FairGuard,Benign,,7070,aeod,0.21628787878787875,True,,,,
main,compas,non-IID,FLTrust+FairGuard,Benign,,7070,aspd,0.20210050341582753,True,,,,
main,compas,non-IID,FLTrust+FairGuard,FedSA,,123,accuracy,0.6155507559395248,True,,67,performance_defended_max_acc,0.6155507559395248
main,compas,non-IID,FLTrust+FairGuard,FedSA,,123,aeod,0.15471753918958886,True,,67,performance_defended_max_acc,0.6155507559395248
main,compas,non-IID,FLTrust+FairGuard,FedSA,,123,aspd,0.1843846549798248,True,,67,performance_defended_max_acc,0.6155507559395248
main,compas,non-IID,FLTrust+FairGuard,FedSA,,456,accuracy,0.6819654427645788,True,,65,performance_defended_max_acc,0.6819654427645788
main,compas,non-IID,FLTrust+FairGuard,FedSA,,456,aeod,0.22000891265597144,True,,65,performance_defended_max_acc,0.6819654427645788
main,compas,non-IID,FLTrust+FairGuard,FedSA,,456,aspd,0.2407140030837575,True,,65,performance_defended_max_acc,0.6819654427645788
main,compas,non-IID,FLTrust+FairGuard,FedSA,,789,accuracy,0.5577753779697624,False,accuracy_not_above_majority_baseline,68,performance_defended_max_acc,0.5577753779697624
main,compas,non-IID,FLTrust+FairGuard,FedSA,,789,aeod,0.019616929255483473,False,accuracy_not_above_majority_baseline,68,performance_defended_max_acc,0.5577753779697624
main,compas,non-IID,FLTrust+FairGuard,FedSA,,789,aspd,0.08978613289570903,False,accuracy_not_above_majority_baseline,68,performance_defended_max_acc,0.5577753779697624
main,compas,non-IID,FLTrust+FairGuard,FedSA,,1001,accuracy,0.5502159827213823,False,degenerate_positive_rate,62,performance_defended_max_acc,0.5502159827213823
main,compas,non-IID,FLTrust+FairGuard,FedSA,,1001,aeod,0.023368991843541197,False,degenerate_positive_rate,62,performance_defended_max_acc,0.5502159827213823
main,compas,non-IID,FLTrust+FairGuard,FedSA,,1001,aspd,0.022517732772918957,False,degenerate_positive_rate,62,performance_defended_max_acc,0.5502159827213823
main,compas,non-IID,FLTrust+FairGuard,FedSA,,3141,accuracy,0.5831533477321814,True,,62,performance_defended_max_acc,0.5831533477321814
main,compas,non-IID,FLTrust+FairGuard,FedSA,,3141,aeod,0.14171579007611743,True,,62,performance_defended_max_acc,0.5831533477321814
main,compas,non-IID,FLTrust+FairGuard,FedSA,,3141,aspd,0.09200265656022139,True,,62,performance_defended_max_acc,0.5831533477321814
main,compas,non-IID,FLTrust+FairGuard,FedSA,,4242,accuracy,0.6711663066954644,True,,67,performance_defended_max_acc,0.6711663066954644
main,compas,non-IID,FLTrust+FairGuard,FedSA,,4242,aeod,0.24810069033176602,True,,67,performance_defended_max_acc,0.6711663066954644
main,compas,non-IID,FLTrust+FairGuard,FedSA,,4242,aspd,0.23427686353147428,True,,67,performance_defended_max_acc,0.6711663066954644
main,compas,non-IID,FLTrust+FairGuard,FedSA,,2024,accuracy,0.6965442764578834,True,,66,performance_defended_max_acc,0.6965442764578834
main,compas,non-IID,FLTrust+FairGuard,FedSA,,2024,aeod,0.2816590524100405,True,,66,performance_defended_max_acc,0.6965442764578834
main,compas,non-IID,FLTrust+FairGuard,FedSA,,2024,aspd,0.213857766645229,True,,66,performance_defended_max_acc,0.6965442764578834
main,compas,non-IID,FLTrust+FairGuard,FedSA,,5050,accuracy,0.6825053995680346,True,,67,performance_defended_max_acc,0.6825053995680346
main,compas,non-IID,FLTrust+FairGuard,FedSA,,5050,aeod,0.22063968015992003,True,,67,performance_defended_max_acc,0.6825053995680346
main,compas,non-IID,FLTrust+FairGuard,FedSA,,5050,aspd,0.1856522403930215,True,,67,performance_defended_max_acc,0.6825053995680346
main,compas,non-IID,FLTrust+FairGuard,FedSA,,6060,accuracy,0.4978401727861771,False,accuracy_not_above_majority_baseline,62,performance_defended_max_acc,0.4978401727861771
main,compas,non-IID,FLTrust+FairGuard,FedSA,,6060,aeod,0.0324794322922759,False,accuracy_not_above_majority_baseline,62,performance_defended_max_acc,0.4978401727861771
main,compas,non-IID,FLTrust+FairGuard,FedSA,,6060,aspd,0.10126793557491298,False,accuracy_not_above_majority_baseline,62,performance_defended_max_acc,0.4978401727861771
main,compas,non-IID,FLTrust+FairGuard,FedSA,,7070,accuracy,0.5291576673866091,False,accuracy_not_above_majority_baseline,64,performance_defended_max_acc,0.5291576673866091
main,compas,non-IID,FLTrust+FairGuard,FedSA,,7070,aeod,0.027272727272727254,False,accuracy_not_above_majority_baseline,64,performance_defended_max_acc,0.5291576673866091
main,compas,non-IID,FLTrust+FairGuard,FedSA,,7070,aspd,0.02227962280579915,False,accuracy_not_above_majority_baseline,64,performance_defended_max_acc,0.5291576673866091
main,compas,non-IID,FairFed,Benign,,123,accuracy,0.67170626349892,True,,,,
main,compas,non-IID,FairFed,Benign,,123,aeod,0.2238391008577344,True,,,,
main,compas,non-IID,FairFed,Benign,,123,aspd,0.23811813755986308,True,,,,
main,compas,non-IID,FairFed,Benign,,456,accuracy,0.6695464362850972,True,,,,
main,compas,non-IID,FairFed,Benign,,456,aeod,0.24649064171122997,True,,,,
main,compas,non-IID,FairFed,Benign,,456,aspd,0.2354300627839957,True,,,,
main,compas,non-IID,FairFed,Benign,,789,accuracy,0.6808855291576674,True,,,,
main,compas,non-IID,FairFed,Benign,,789,aeod,0.24837812789620017,True,,,,
main,compas,non-IID,FairFed,Benign,,789,aspd,0.23561915011082618,True,,,,
main,compas,non-IID,FairFed,Benign,,1001,accuracy,0.6862850971922246,True,,,,
main,compas,non-IID,FairFed,Benign,,1001,aeod,0.2746990958695874,True,,,,
main,compas,non-IID,FairFed,Benign,,1001,aspd,0.2618742756029493,True,,,,
main,compas,non-IID,FairFed,Benign,,3141,accuracy,0.66792656587473,True,,,,
main,compas,non-IID,FairFed,Benign,,3141,aeod,0.26811079951925826,True,,,,
main,compas,non-IID,FairFed,Benign,,3141,aspd,0.22657564018315793,True,,,,
main,compas,non-IID,FairFed,Benign,,4242,accuracy,0.6765658747300216,True,,,,
main,compas,non-IID,FairFed,Benign,,4242,aeod,0.22407666630774198,True,,,,
main,compas,non-IID,FairFed,Benign,,4242,aspd,0.23192611120902673,True,,,,
main,compas,non-IID,FairFed,Benign,,2024,accuracy,0.7046436285097192,True,,,,
main,compas,non-IID,FairFed,Benign,,2024,aeod,0.27281282617250996,True,,,,
main,compas,non-IID,FairFed,Benign,,2024,aspd,0.2189339443266215,True,,,,
main,compas,non-IID,FairFed,Benign,,5050,accuracy,0.6857451403887689,True,,,,
main,compas,non-IID,FairFed,Benign,,5050,aeod,0.25447990290569,True,,,,
main,compas,non-IID,FairFed,Benign,,5050,aspd,0.2327233127165896,True,,,,
main,compas,non-IID,FairFed,Benign,,6060,accuracy,0.6976241900647948,True,,,,
main,compas,non-IID,FairFed,Benign,,6060,aeod,0.2846726712675947,True,,,,
main,compas,non-IID,FairFed,Benign,,6060,aspd,0.26718389442857693,True,,,,
main,compas,non-IID,FairFed,Benign,,7070,accuracy,0.6754859611231101,True,,,,
main,compas,non-IID,FairFed,Benign,,7070,aeod,0.21685606060606066,True,,,,
main,compas,non-IID,FairFed,Benign,,7070,aspd,0.1798162117871437,True,,,,
main,compas,non-IID,FairFed,FedSA,,123,accuracy,0.5188984881209503,False,accuracy_not_above_majority_baseline,61,unprotected_min_acc,0.5188984881209503
main,compas,non-IID,FairFed,FedSA,,123,aeod,0.05451049985211476,False,accuracy_not_above_majority_baseline,61,unprotected_min_acc,0.5188984881209503
main,compas,non-IID,FairFed,FedSA,,123,aspd,0.019160849118818046,False,accuracy_not_above_majority_baseline,61,unprotected_min_acc,0.5188984881209503
main,compas,non-IID,FairFed,FedSA,,456,accuracy,0.6155507559395248,True,,61,unprotected_min_acc,0.6155507559395248
main,compas,non-IID,FairFed,FedSA,,456,aeod,0.17436497326203207,True,,61,unprotected_min_acc,0.6155507559395248
main,compas,non-IID,FairFed,FedSA,,456,aspd,0.14009736830126046,True,,61,unprotected_min_acc,0.6155507559395248
main,compas,non-IID,FairFed,FedSA,,789,accuracy,0.5750539956803455,True,,61,unprotected_min_acc,0.5750539956803455
main,compas,non-IID,FairFed,FedSA,,789,aeod,0.049068067140356275,True,,61,unprotected_min_acc,0.5750539956803455
main,compas,non-IID,FairFed,FedSA,,789,aspd,0.09905608073328531,True,,61,unprotected_min_acc,0.5750539956803455
main,compas,non-IID,FairFed,FedSA,,1001,accuracy,0.4897408207343413,False,accuracy_not_above_majority_baseline,70,unprotected_min_acc,0.4897408207343413
main,compas,non-IID,FairFed,FedSA,,1001,aeod,0.04801987498723781,False,accuracy_not_above_majority_baseline,70,unprotected_min_acc,0.4897408207343413
main,compas,non-IID,FairFed,FedSA,,1001,aspd,0.026901757461654352,False,accuracy_not_above_majority_baseline,70,unprotected_min_acc,0.4897408207343413
main,compas,non-IID,FairFed,FedSA,,3141,accuracy,0.5523758099352052,True,,65,unprotected_min_acc,0.5523758099352052
main,compas,non-IID,FairFed,FedSA,,3141,aeod,0.04088021518914897,True,,65,unprotected_min_acc,0.5523758099352052
main,compas,non-IID,FairFed,FedSA,,3141,aspd,0.047379214633958444,True,,65,unprotected_min_acc,0.5523758099352052
main,compas,non-IID,FairFed,FedSA,,4242,accuracy,0.4265658747300216,False,accuracy_not_above_majority_baseline,61,unprotected_min_acc,0.4265658747300216
main,compas,non-IID,FairFed,FedSA,,4242,aeod,0.029252359929650695,False,accuracy_not_above_majority_baseline,61,unprotected_min_acc,0.4265658747300216
main,compas,non-IID,FairFed,FedSA,,4242,aspd,0.03384546429692781,False,accuracy_not_above_majority_baseline,61,unprotected_min_acc,0.4265658747300216
main,compas,non-IID,FairFed,FedSA,,2024,accuracy,0.6544276457883369,True,,61,unprotected_min_acc,0.6544276457883369
main,compas,non-IID,FairFed,FedSA,,2024,aeod,0.2525195489622368,True,,61,unprotected_min_acc,0.6544276457883369
main,compas,non-IID,FairFed,FedSA,,2024,aspd,0.20112121781576126,True,,61,unprotected_min_acc,0.6544276457883369
main,compas,non-IID,FairFed,FedSA,,5050,accuracy,0.6495680345572354,True,,62,unprotected_min_acc,0.6495680345572354
main,compas,non-IID,FairFed,FedSA,,5050,aeod,0.15499393160562575,True,,62,unprotected_min_acc,0.6495680345572354
main,compas,non-IID,FairFed,FedSA,,5050,aspd,0.1390889025581648,True,,62,unprotected_min_acc,0.6495680345572354
main,compas,non-IID,FairFed,FedSA,,6060,accuracy,0.5480561555075594,True,,61,unprotected_min_acc,0.5480561555075594
main,compas,non-IID,FairFed,FedSA,,6060,aeod,0.10786836667056576,True,,61,unprotected_min_acc,0.5480561555075594
main,compas,non-IID,FairFed,FedSA,,6060,aspd,0.20919828140629615,True,,61,unprotected_min_acc,0.5480561555075594
main,compas,non-IID,FairFed,FedSA,,7070,accuracy,0.6344492440604752,True,,61,unprotected_min_acc,0.6344492440604752
main,compas,non-IID,FairFed,FedSA,,7070,aeod,0.1284090909090909,True,,61,unprotected_min_acc,0.6344492440604752
main,compas,non-IID,FairFed,FedSA,,7070,aspd,0.12448365736909496,True,,61,unprotected_min_acc,0.6344492440604752
main,compas,non-IID,FairGuard,Benign,,123,accuracy,0.6544276457883369,True,,,,
main,compas,non-IID,FairGuard,Benign,,123,aeod,0.21369417332150253,True,,,,
main,compas,non-IID,FairGuard,Benign,,123,aspd,0.19459537062866863,True,,,,
main,compas,non-IID,FairGuard,Benign,,456,accuracy,0.6711663066954644,True,,,,
main,compas,non-IID,FairGuard,Benign,,456,aeod,0.22524509803921566,True,,,,
main,compas,non-IID,FairGuard,Benign,,456,aspd,0.22015017268808645,True,,,,
main,compas,non-IID,FairGuard,Benign,,789,accuracy,0.6652267818574514,True,,,,
main,compas,non-IID,FairGuard,Benign,,789,aeod,0.21794871794871795,True,,,,
main,compas,non-IID,FairGuard,Benign,,789,aspd,0.18739838015190013,True,,,,
main,compas,non-IID,FairGuard,Benign,,1001,accuracy,0.677645788336933,True,,,,
main,compas,non-IID,FairGuard,Benign,,1001,aeod,0.24359905162732126,True,,,,
main,compas,non-IID,FairGuard,Benign,,1001,aspd,0.25431778576405867,True,,,,
main,compas,non-IID,FairGuard,Benign,,3141,accuracy,0.6684665226781857,True,,,,
main,compas,non-IID,FairGuard,Benign,,3141,aeod,0.27747953986150053,True,,,,
main,compas,non-IID,FairGuard,Benign,,3141,aspd,0.22168854982859584,True,,,,
main,compas,non-IID,FairGuard,Benign,,4242,accuracy,0.6673866090712743,True,,,,
main,compas,non-IID,FairGuard,Benign,,4242,aeod,0.2666511132646591,True,,,,
main,compas,non-IID,FairGuard,Benign,,4242,aspd,0.2608623082426901,True,,,,
main,compas,non-IID,FairGuard,Benign,,2024,accuracy,0.6938444924406048,True,,,,
main,compas,non-IID,FairGuard,Benign,,2024,aeod,0.2857998391595229,True,,,,
main,compas,non-IID,FairGuard,Benign,,2024,aspd,0.2146549681527919,True,,,,
main,compas,non-IID,FairGuard,Benign,,5050,accuracy,0.6787257019438445,True,,,,
main,compas,non-IID,FairGuard,Benign,,5050,aeod,0.20957378453630326,True,,,,
main,compas,non-IID,FairGuard,Benign,,5050,aspd,0.17784713573552052,True,,,,
main,compas,non-IID,FairGuard,Benign,,6060,accuracy,0.6895248380129589,True,,,,
main,compas,non-IID,FairGuard,Benign,,6060,aeod,0.2715132374156821,True,,,,
main,compas,non-IID,FairGuard,Benign,,6060,aspd,0.25589351348764566,True,,,,
main,compas,non-IID,FairGuard,Benign,,7070,accuracy,0.6733261339092873,True,,,,
main,compas,non-IID,FairGuard,Benign,,7070,aeod,0.22064393939393934,True,,,,
main,compas,non-IID,FairGuard,Benign,,7070,aspd,0.1824821096543087,True,,,,
main,compas,non-IID,FairGuard,FedSA,,123,accuracy,0.4222462203023758,False,accuracy_not_above_majority_baseline,61,performance_defended_max_acc,0.4222462203023758
main,compas,non-IID,FairGuard,FedSA,,123,aeod,0.0627624963028689,False,accuracy_not_above_majority_baseline,61,performance_defended_max_acc,0.4222462203023758
main,compas,non-IID,FairGuard,FedSA,,123,aspd,0.05582161361522131,False,accuracy_not_above_majority_baseline,61,performance_defended_max_acc,0.4222462203023758
main,compas,non-IID,FairGuard,FedSA,,456,accuracy,0.4994600431965443,False,accuracy_not_above_majority_baseline,61,performance_defended_max_acc,0.4994600431965443
main,compas,non-IID,FairGuard,FedSA,,456,aeod,0.02692736185383244,False,accuracy_not_above_majority_baseline,61,performance_defended_max_acc,0.4994600431965443
main,compas,non-IID,FairGuard,FedSA,,456,aspd,0.06078223793021744,False,accuracy_not_above_majority_baseline,61,performance_defended_max_acc,0.4994600431965443
main,compas,non-IID,FairGuard,FedSA,,789,accuracy,0.5221382289416847,False,accuracy_not_above_majority_baseline,70,performance_defended_max_acc,0.5221382289416847
main,compas,non-IID,FairGuard,FedSA,,789,aeod,0.02359866817698142,False,accuracy_not_above_majority_baseline,70,performance_defended_max_acc,0.5221382289416847
main,compas,non-IID,FairGuard,FedSA,,789,aspd,0.10202778649939837,False,accuracy_not_above_majority_baseline,70,performance_defended_max_acc,0.5221382289416847
main,compas,non-IID,FairGuard,FedSA,,1001,accuracy,0.5502159827213823,True,,68,performance_defended_max_acc,0.5502159827213823
main,compas,non-IID,FairGuard,FedSA,,1001,aeod,0.05796304069154068,True,,68,performance_defended_max_acc,0.5502159827213823
main,compas,non-IID,FairGuard,FedSA,,1001,aspd,0.13583473300752724,True,,68,performance_defended_max_acc,0.5502159827213823
main,compas,non-IID,FairGuard,FedSA,,3141,accuracy,0.5102591792656588,False,accuracy_not_above_majority_baseline,68,performance_defended_max_acc,0.5102591792656588
main,compas,non-IID,FairGuard,FedSA,,3141,aeod,0.02885022606306873,False,accuracy_not_above_majority_baseline,68,performance_defended_max_acc,0.5102591792656588
main,compas,non-IID,FairGuard,FedSA,,3141,aspd,0.03683701256030076,False,accuracy_not_above_majority_baseline,68,performance_defended_max_acc,0.5102591792656588
main,compas,non-IID,FairGuard,FedSA,,4242,accuracy,0.44924406047516197,False,accuracy_not_above_majority_baseline,61,performance_defended_max_acc,0.44924406047516197
main,compas,non-IID,FairGuard,FedSA,,4242,aeod,0.003930225045762903,False,accuracy_not_above_majority_baseline,61,performance_defended_max_acc,0.44924406047516197
main,compas,non-IID,FairGuard,FedSA,,4242,aspd,1.0504851490567013e-05,False,accuracy_not_above_majority_baseline,61,performance_defended_max_acc,0.44924406047516197
main,compas,non-IID,FairGuard,FedSA,,2024,accuracy,0.6668466522678186,True,,69,performance_defended_max_acc,0.6668466522678186
main,compas,non-IID,FairGuard,FedSA,,2024,aeod,0.23655527608096782,True,,69,performance_defended_max_acc,0.6668466522678186
main,compas,non-IID,FairGuard,FedSA,,2024,aspd,0.17549988503023647,True,,69,performance_defended_max_acc,0.6668466522678186
main,compas,non-IID,FairGuard,FedSA,,5050,accuracy,0.6128509719222462,True,,67,performance_defended_max_acc,0.6128509719222462
main,compas,non-IID,FairGuard,FedSA,,5050,aeod,0.11406796601699151,True,,67,performance_defended_max_acc,0.6128509719222462
main,compas,non-IID,FairGuard,FedSA,,5050,aspd,0.09338579533981445,True,,67,performance_defended_max_acc,0.6128509719222462
main,compas,non-IID,FairGuard,FedSA,,6060,accuracy,0.5118790496760259,False,accuracy_not_above_majority_baseline,62,performance_defended_max_acc,0.5118790496760259
main,compas,non-IID,FairGuard,FedSA,,6060,aeod,0.021269544196202306,False,accuracy_not_above_majority_baseline,62,performance_defended_max_acc,0.5118790496760259
main,compas,non-IID,FairGuard,FedSA,,6060,aspd,0.11764850066589094,False,accuracy_not_above_majority_baseline,62,performance_defended_max_acc,0.5118790496760259
main,compas,non-IID,FairGuard,FedSA,,7070,accuracy,0.5286177105831533,False,accuracy_not_above_majority_baseline,69,performance_defended_max_acc,0.5286177105831533
main,compas,non-IID,FairGuard,FedSA,,7070,aeod,0.03579545454545455,False,accuracy_not_above_majority_baseline,69,performance_defended_max_acc,0.5286177105831533
main,compas,non-IID,FairGuard,FedSA,,7070,aspd,0.02477160702050897,False,accuracy_not_above_majority_baseline,69,performance_defended_max_acc,0.5286177105831533
main,compas,non-IID,Fed-NGA,Benign,,123,accuracy,0.6625269978401728,True,,,,
main,compas,non-IID,Fed-NGA,Benign,,123,aeod,0.17710736468500438,True,,,,
main,compas,non-IID,Fed-NGA,Benign,,123,aspd,0.20412093651918245,True,,,,
main,compas,non-IID,Fed-NGA,Benign,,456,accuracy,0.6663066954643628,True,,,,
main,compas,non-IID,Fed-NGA,Benign,,456,aeod,0.23648618538324417,True,,,,
main,compas,non-IID,Fed-NGA,Benign,,456,aspd,0.22938627155974867,True,,,,
main,compas,non-IID,Fed-NGA,Benign,,789,accuracy,0.6808855291576674,True,,,,
main,compas,non-IID,Fed-NGA,Benign,,789,aeod,0.24370988226409912,True,,,,
main,compas,non-IID,Fed-NGA,Benign,,789,aspd,0.22989050443129655,True,,,,
main,compas,non-IID,Fed-NGA,Benign,,1001,accuracy,0.6814254859611231,True,,,,
main,compas,non-IID,Fed-NGA,Benign,,1001,aeod,0.278590146453245,True,,,,
main,compas,non-IID,Fed-NGA,Benign,,1001,aspd,0.258222088901391,True,,,,
main,compas,non-IID,Fed-NGA,Benign,,3141,accuracy,0.6706263498920086,True,,,,
main,compas,non-IID,Fed-NGA,Benign,,3141,aeod,0.24579064842900478,True,,,,
main,compas,non-IID,Fed-NGA,Benign,,3141,aspd,0.2343807448406589,True,,,,
main,compas,non-IID,Fed-NGA,Benign,,4242,accuracy,0.677645788336933,True,,,,
main,compas,non-IID,Fed-NGA,Benign,,4242,aeod,0.2280308196642858,True,,,,
main,compas,non-IID,Fed-NGA,Benign,,4242,aspd,0.24667959152468583,True,,,,
main,compas,non-IID,Fed-NGA,Benign,,2024,accuracy,0.7024838012958964,True,,,,
main,compas,non-IID,Fed-NGA,Benign,,2024,aeod,0.2555310302345875,True,,,,
main,compas,non-IID,Fed-NGA,Benign,,2024,aspd,0.21358347330075272,True,,,,
main,compas,non-IID,Fed-NGA,Benign,,5050,accuracy,0.6862850971922246,True,,,,
main,compas,non-IID,Fed-NGA,Benign,,5050,aeod,0.24573427571928325,True,,,,
main,compas,non-IID,Fed-NGA,Benign,,5050,aspd,0.22143293177565843,True,,,,
main,compas,non-IID,Fed-NGA,Benign,,6060,accuracy,0.699244060475162,True,,,,
main,compas,non-IID,Fed-NGA,Benign,,6060,aeod,0.26827699146098954,True,,,,
main,compas,non-IID,Fed-NGA,Benign,,6060,aspd,0.24991275137234215,True,,,,
main,compas,non-IID,Fed-NGA,Benign,,7070,accuracy,0.6695464362850972,True,,,,
main,compas,non-IID,Fed-NGA,Benign,,7070,aeod,0.19678030303030303,True,,,,
main,compas,non-IID,Fed-NGA,Benign,,7070,aspd,0.16833674351938205,True,,,,
main,compas,non-IID,Fed-NGA,FedSA,,123,accuracy,0.6636069114470843,True,,69,performance_defended_max_acc,0.6636069114470843
main,compas,non-IID,Fed-NGA,FedSA,,123,aeod,0.1690919846199349,True,,69,performance_defended_max_acc,0.6636069114470843
main,compas,non-IID,Fed-NGA,FedSA,,123,aspd,0.20695024318731198,True,,69,performance_defended_max_acc,0.6636069114470843
main,compas,non-IID,Fed-NGA,FedSA,,456,accuracy,0.6771058315334774,True,,70,performance_defended_max_acc,0.6771058315334774
main,compas,non-IID,Fed-NGA,FedSA,,456,aeod,0.2290886809269162,True,,70,performance_defended_max_acc,0.6771058315334774
main,compas,non-IID,Fed-NGA,FedSA,,456,aspd,0.23303495664414348,True,,70,performance_defended_max_acc,0.6771058315334774
main,compas,non-IID,Fed-NGA,FedSA,,789,accuracy,0.6792656587473002,True,,64,performance_defended_max_acc,0.6792656587473002
main,compas,non-IID,Fed-NGA,FedSA,,789,aeod,0.2416503621322898,True,,64,performance_defended_max_acc,0.6792656587473002
main,compas,non-IID,Fed-NGA,FedSA,,789,aspd,0.2399203031933581,True,,64,performance_defended_max_acc,0.6792656587473002
main,compas,non-IID,Fed-NGA,FedSA,,1001,accuracy,0.6765658747300216,True,,66,performance_defended_max_acc,0.6765658747300216
main,compas,non-IID,Fed-NGA,FedSA,,1001,aeod,0.24460301074292973,True,,66,performance_defended_max_acc,0.6765658747300216
main,compas,non-IID,Fed-NGA,FedSA,,1001,aspd,0.25897493659154913,True,,66,performance_defended_max_acc,0.6765658747300216
main,compas,non-IID,Fed-NGA,FedSA,,3141,accuracy,0.6636069114470843,True,,64,performance_defended_max_acc,0.6636069114470843
main,compas,non-IID,Fed-NGA,FedSA,,3141,aeod,0.23182052309277174,True,,64,performance_defended_max_acc,0.6636069114470843
main,compas,non-IID,Fed-NGA,FedSA,,3141,aspd,0.22514464596899664,True,,64,performance_defended_max_acc,0.6636069114470843
main,compas,non-IID,Fed-NGA,FedSA,,4242,accuracy,0.6706263498920086,True,,67,performance_defended_max_acc,0.6706263498920086
main,compas,non-IID,Fed-NGA,FedSA,,4242,aeod,0.25012263259275214,True,,67,performance_defended_max_acc,0.6706263498920086
main,compas,non-IID,Fed-NGA,FedSA,,4242,aspd,0.2377399629062022,True,,67,performance_defended_max_acc,0.6706263498920086
main,compas,non-IID,Fed-NGA,FedSA,,2024,accuracy,0.699244060475162,True,,70,performance_defended_max_acc,0.699244060475162
main,compas,non-IID,Fed-NGA,FedSA,,2024,aeod,0.24523039542802388,True,,70,performance_defended_max_acc,0.699244060475162
main,compas,non-IID,Fed-NGA,FedSA,,2024,aspd,0.21887091521767804,True,,70,performance_defended_max_acc,0.699244060475162
main,compas,non-IID,Fed-NGA,FedSA,,5050,accuracy,0.6911447084233261,True,,62,performance_defended_max_acc,0.6911447084233261
main,compas,non-IID,Fed-NGA,FedSA,,5050,aeod,0.21733775969158275,True,,62,performance_defended_max_acc,0.6911447084233261
main,compas,non-IID,Fed-NGA,FedSA,,5050,aspd,0.19882999298509363,True,,62,performance_defended_max_acc,0.6911447084233261
main,compas,non-IID,Fed-NGA,FedSA,,6060,accuracy,0.6960043196544277,True,,68,performance_defended_max_acc,0.6960043196544277
main,compas,non-IID,Fed-NGA,FedSA,,6060,aeod,0.2842242757437517,True,,68,performance_defended_max_acc,0.6960043196544277
main,compas,non-IID,Fed-NGA,FedSA,,6060,aspd,0.25488504774455,True,,68,performance_defended_max_acc,0.6960043196544277
main,compas,non-IID,Fed-NGA,FedSA,,7070,accuracy,0.6706263498920086,True,,70,performance_defended_max_acc,0.6706263498920086
main,compas,non-IID,Fed-NGA,FedSA,,7070,aeod,0.19829545454545455,True,,70,performance_defended_max_acc,0.6706263498920086
main,compas,non-IID,Fed-NGA,FedSA,,7070,aspd,0.1799831222052718,True,,70,performance_defended_max_acc,0.6706263498920086
main,compas,non-IID,FedAA,Benign,,123,accuracy,0.6781857451403888,True,,,,
main,compas,non-IID,FedAA,Benign,,123,aeod,0.18887902987281863,True,,,,
main,compas,non-IID,FedAA,Benign,,123,aspd,0.24489259956556597,True,,,,
main,compas,non-IID,FedAA,Benign,,456,accuracy,0.677645788336933,True,,,,
main,compas,non-IID,FedAA,Benign,,456,aeod,0.24273618538324415,True,,,,
main,compas,non-IID,FedAA,Benign,,456,aspd,0.24745111450638285,True,,,,
main,compas,non-IID,FedAA,Benign,,789,accuracy,0.6808855291576674,True,,,,
main,compas,non-IID,FedAA,Benign,,789,aeod,0.24968249064634612,True,,,,
main,compas,non-IID,FedAA,Benign,,789,aspd,0.24084356291880804,True,,,,
main,compas,non-IID,FedAA,Benign,,1001,accuracy,0.6895248380129589,True,,,,
main,compas,non-IID,FedAA,Benign,,1001,aeod,0.2708420777983233,True,,,,
main,compas,non-IID,FedAA,Benign,,1001,aspd,0.2732685378530652,True,,,,
main,compas,non-IID,FedAA,Benign,,3141,accuracy,0.6673866090712743,True,,,,
main,compas,non-IID,FedAA,Benign,,3141,aeod,0.2319292622903909,True,,,,
main,compas,non-IID,FedAA,Benign,,3141,aspd,0.21517787631587854,True,,,,
main,compas,non-IID,FedAA,Benign,,4242,accuracy,0.6652267818574514,True,,,,
main,compas,non-IID,FedAA,Benign,,4242,aeod,0.23805079980378785,True,,,,
main,compas,non-IID,FedAA,Benign,,4242,aspd,0.2343807448406589,True,,,,
main,compas,non-IID,FedAA,Benign,,2024,accuracy,0.6911447084233261,True,,,,
main,compas,non-IID,FedAA,Benign,,2024,aeod,0.2721112879215646,True,,,,
main,compas,non-IID,FedAA,Benign,,2024,aspd,0.22818871848982258,True,,,,
main,compas,non-IID,FedAA,Benign,,5050,accuracy,0.6841252699784017,True,,,,
main,compas,non-IID,FedAA,Benign,,5050,aeod,0.23504319268936957,True,,,,
main,compas,non-IID,FedAA,Benign,,5050,aspd,0.21469582035303303,True,,,,
main,compas,non-IID,FedAA,Benign,,6060,accuracy,0.6684665226781857,True,,,,
main,compas,non-IID,FedAA,Benign,,6060,aeod,0.2561898077747885,True,,,,
main,compas,non-IID,FedAA,Benign,,6060,aspd,0.28472232759496097,True,,,,
main,compas,non-IID,FedAA,Benign,,7070,accuracy,0.6663066954643628,True,,,,
main,compas,non-IID,FedAA,Benign,,7070,aeod,0.21212121212121204,True,,,,
main,compas,non-IID,FedAA,Benign,,7070,aspd,0.20883411322128942,True,,,,
main,compas,non-IID,FedAA,FedSA,,123,accuracy,0.6673866090712743,True,,68,performance_defended_max_acc,0.6673866090712743
main,compas,non-IID,FedAA,FedSA,,123,aeod,0.17660455486542448,True,,68,performance_defended_max_acc,0.6673866090712743
main,compas,non-IID,FedAA,FedSA,,123,aspd,0.22592317218502078,True,,68,performance_defended_max_acc,0.6673866090712743
main,compas,non-IID,FedAA,FedSA,,456,accuracy,0.6819654427645788,True,,61,performance_defended_max_acc,0.6819654427645788
main,compas,non-IID,FedAA,FedSA,,456,aeod,0.2379344919786096,True,,61,performance_defended_max_acc,0.6819654427645788
main,compas,non-IID,FedAA,FedSA,,456,aspd,0.24337990095092255,True,,61,performance_defended_max_acc,0.6819654427645788
main,compas,non-IID,FedAA,FedSA,,789,accuracy,0.6868250539956804,True,,68,performance_defended_max_acc,0.6868250539956804
main,compas,non-IID,FedAA,FedSA,,789,aeod,0.26500875296056015,True,,68,performance_defended_max_acc,0.6868250539956804
main,compas,non-IID,FedAA,FedSA,,789,aspd,0.24097312275385846,True,,68,performance_defended_max_acc,0.6868250539956804
main,compas,non-IID,FedAA,FedSA,,1001,accuracy,0.6884449244060475,True,,66,performance_defended_max_acc,0.6884449244060475
main,compas,non-IID,FedAA,FedSA,,1001,aeod,0.2708364057129244,True,,66,performance_defended_max_acc,0.6884449244060475
main,compas,non-IID,FedAA,FedSA,,1001,aspd,0.2540656693282847,True,,66,performance_defended_max_acc,0.6884449244060475
main,compas,non-IID,FedAA,FedSA,,3141,accuracy,0.6636069114470843,True,,64,performance_defended_max_acc,0.6636069114470843
main,compas,non-IID,FedAA,FedSA,,3141,aeod,0.2576775596634808,True,,64,performance_defended_max_acc,0.6636069114470843
main,compas,non-IID,FedAA,FedSA,,3141,aspd,0.2101460524518907,True,,64,performance_defended_max_acc,0.6636069114470843
main,compas,non-IID,FedAA,FedSA,,4242,accuracy,0.6711663066954644,True,,70,performance_defended_max_acc,0.6711663066954644
main,compas,non-IID,FedAA,FedSA,,4242,aeod,0.23216443535168635,True,,70,performance_defended_max_acc,0.6711663066954644
main,compas,non-IID,FedAA,FedSA,,4242,aspd,0.22829610141617068,True,,70,performance_defended_max_acc,0.6711663066954644
main,compas,non-IID,FedAA,FedSA,,2024,accuracy,0.6841252699784017,True,,65,performance_defended_max_acc,0.6841252699784017
main,compas,non-IID,FedAA,FedSA,,2024,aeod,0.25470971716031005,True,,65,performance_defended_max_acc,0.6841252699784017
main,compas,non-IID,FedAA,FedSA,,2024,aspd,0.19213723537987293,True,,65,performance_defended_max_acc,0.6841252699784017
main,compas,non-IID,FedAA,FedSA,,5050,accuracy,0.693304535637149,True,,68,performance_defended_max_acc,0.693304535637149
main,compas,non-IID,FedAA,FedSA,,5050,aeod,0.2300099950024988,True,,68,performance_defended_max_acc,0.693304535637149
main,compas,non-IID,FedAA,FedSA,,5050,aspd,0.2165201628952304,True,,68,performance_defended_max_acc,0.693304535637149
main,compas,non-IID,FedAA,FedSA,,6060,accuracy,0.6868250539956804,True,,67,performance_defended_max_acc,0.6868250539956804
main,compas,non-IID,FedAA,FedSA,,6060,aeod,0.26603501384177486,True,,67,performance_defended_max_acc,0.6868250539956804
main,compas,non-IID,FedAA,FedSA,,6060,aspd,0.25517801638056503,True,,67,performance_defended_max_acc,0.6868250539956804
main,compas,non-IID,FedAA,FedSA,,7070,accuracy,0.6722462203023758,True,,61,performance_defended_max_acc,0.6722462203023758
main,compas,non-IID,FedAA,FedSA,,7070,aeod,0.19147727272727266,True,,61,performance_defended_max_acc,0.6722462203023758
main,compas,non-IID,FedAA,FedSA,,7070,aspd,0.18755478571853762,True,,61,performance_defended_max_acc,0.6722462203023758
main,compas,non-IID,FedAMM,Benign,,123,accuracy,0.67170626349892,True,,,,
main,compas,non-IID,FedAMM,Benign,,123,aeod,0.21535048802129542,True,,,,
main,compas,non-IID,FedAMM,Benign,,123,aspd,0.23003873955788579,True,,,,
main,compas,non-IID,FedAMM,Benign,,456,accuracy,0.6744060475161987,True,,,,
main,compas,non-IID,FedAMM,Benign,,456,aeod,0.2711007130124778,True,,,,
main,compas,non-IID,FedAMM,Benign,,456,aspd,0.25530407459845206,True,,,,
main,compas,non-IID,FedAMM,Benign,,789,accuracy,0.6857451403887689,True,,,,
main,compas,non-IID,FedAMM,Benign,,789,aeod,0.23109532145676726,True,,,,
main,compas,non-IID,FedAMM,Benign,,789,aspd,0.2336874246422806,True,,,,
main,compas,non-IID,FedAMM,Benign,,1001,accuracy,0.6852051835853131,True,,,,
main,compas,non-IID,FedAMM,Benign,,1001,aeod,0.27665029324681517,True,,,,
main,compas,non-IID,FedAMM,Benign,,1001,aspd,0.2614330718403449,True,,,,
main,compas,non-IID,FedAMM,Benign,,3141,accuracy,0.6663066954643628,True,,,,
main,compas,non-IID,FedAMM,Benign,,3141,aeod,0.27785154237967147,True,,,,
main,compas,non-IID,FedAMM,Benign,,3141,aspd,0.2318852590087856,True,,,,
main,compas,non-IID,FedAMM,Benign,,4242,accuracy,0.6760259179265659,True,,,,
main,compas,non-IID,FedAMM,Benign,,4242,aeod,0.22511754782671117,True,,,,
main,compas,non-IID,FedAMM,Benign,,4242,aspd,0.23125496791935077,True,,,,
main,compas,non-IID,FedAMM,Benign,,2024,accuracy,0.708963282937365,True,,,,
main,compas,non-IID,FedAMM,Benign,,2024,aeod,0.2687233714901699,True,,,,
main,compas,non-IID,FedAMM,Benign,,2024,aspd,0.2179885076924693,True,,,,
main,compas,non-IID,FedAMM,Benign,,5050,accuracy,0.6814254859611231,True,,,,
main,compas,non-IID,FedAMM,Benign,,5050,aeod,0.2516063396872992,True,,,,
main,compas,non-IID,FedAMM,Benign,,5050,aspd,0.23024650217625509,True,,,,
main,compas,non-IID,FedAMM,Benign,,6060,accuracy,0.6927645788336934,True,,,,
main,compas,non-IID,FedAMM,Benign,,6060,aeod,0.2677116231917963,True,,,,
main,compas,non-IID,FedAMM,Benign,,6060,aspd,0.2678550377182528,True,,,,
main,compas,non-IID,FedAMM,Benign,,7070,accuracy,0.6733261339092873,True,,,,
main,compas,non-IID,FedAMM,Benign,,7070,aeod,0.20643939393939392,True,,,,
main,compas,non-IID,FedAMM,Benign,,7070,aspd,0.18000529911397417,True,,,,
main,compas,non-IID,FedAMM,FedSA,,123,accuracy,0.66792656587473,True,,65,performance_defended_max_acc,0.66792656587473
main,compas,non-IID,FedAMM,FedSA,,123,aeod,0.21706595681750962,True,,65,performance_defended_max_acc,0.66792656587473
main,compas,non-IID,FedAMM,FedSA,,123,aspd,0.23115108661016612,True,,65,performance_defended_max_acc,0.66792656587473
main,compas,non-IID,FedAMM,FedSA,,456,accuracy,0.6711663066954644,True,,66,performance_defended_max_acc,0.6711663066954644
main,compas,non-IID,FedAMM,FedSA,,456,aeod,0.23640819964349374,True,,66,performance_defended_max_acc,0.6711663066954644
main,compas,non-IID,FedAMM,FedSA,,456,aspd,0.22936409465104635,True,,66,performance_defended_max_acc,0.6711663066954644
main,compas,non-IID,FedAMM,FedSA,,789,accuracy,0.6814254859611231,True,,67,performance_defended_max_acc,0.6814254859611231
main,compas,non-IID,FedAMM,FedSA,,789,aeod,0.2691621185597089,True,,67,performance_defended_max_acc,0.6814254859611231
main,compas,non-IID,FedAMM,FedSA,,789,aspd,0.24378375413044925,True,,67,performance_defended_max_acc,0.6814254859611231
main,compas,non-IID,FedAMM,FedSA,,1001,accuracy,0.6841252699784017,True,,70,performance_defended_max_acc,0.6841252699784017
main,compas,non-IID,FedAMM,FedSA,,1001,aeod,0.2620787058569954,True,,70,performance_defended_max_acc,0.6841252699784017
main,compas,non-IID,FedAMM,FedSA,,1001,aspd,0.26722474662881807,True,,70,performance_defended_max_acc,0.6841252699784017
main,compas,non-IID,FedAMM,FedSA,,3141,accuracy,0.6663066954643628,True,,69,performance_defended_max_acc,0.6663066954643628
main,compas,non-IID,FedAMM,FedSA,,3141,aeod,0.2629199336118583,True,,69,performance_defended_max_acc,0.6663066954643628
main,compas,non-IID,FedAMM,FedSA,,3141,aspd,0.22819222010698606,True,,69,performance_defended_max_acc,0.6663066954643628
main,compas,non-IID,FedAMM,FedSA,,4242,accuracy,0.6765658747300216,True,,64,performance_defended_max_acc,0.6765658747300216
main,compas,non-IID,FedAMM,FedSA,,4242,aeod,0.22618833973415647,True,,64,performance_defended_max_acc,0.6765658747300216
main,compas,non-IID,FedAMM,FedSA,,4242,aspd,0.22880033428771857,True,,64,performance_defended_max_acc,0.6765658747300216
main,compas,non-IID,FedAMM,FedSA,,2024,accuracy,0.7073434125269978,True,,63,performance_defended_max_acc,0.7073434125269978
main,compas,non-IID,FedAMM,FedSA,,2024,aeod,0.2693906883630204,True,,63,performance_defended_max_acc,0.7073434125269978
main,compas,non-IID,FedAMM,FedSA,,2024,aspd,0.21305706352050258,True,,63,performance_defended_max_acc,0.7073434125269978
main,compas,non-IID,FedAMM,FedSA,,5050,accuracy,0.6808855291576674,True,,65,performance_defended_max_acc,0.6808855291576674
main,compas,non-IID,FedAMM,FedSA,,5050,aeod,0.25447990290569,True,,65,performance_defended_max_acc,0.6808855291576674
main,compas,non-IID,FedAMM,FedSA,,5050,aspd,0.2378438442153868,True,,65,performance_defended_max_acc,0.6808855291576674
main,compas,non-IID,FedAMM,FedSA,,6060,accuracy,0.699244060475162,True,,62,performance_defended_max_acc,0.699244060475162
main,compas,non-IID,FedAMM,FedSA,,6060,aeod,0.2877919444769369,True,,62,performance_defended_max_acc,0.699244060475162
main,compas,non-IID,FedAMM,FedSA,,6060,aspd,0.2632795912912447,True,,62,performance_defended_max_acc,0.699244060475162
main,compas,non-IID,FedAMM,FedSA,,7070,accuracy,0.6700863930885529,True,,70,performance_defended_max_acc,0.6700863930885529
main,compas,non-IID,FedAMM,FedSA,,7070,aeod,0.20700757575757583,True,,70,performance_defended_max_acc,0.6700863930885529
main,compas,non-IID,FedAMM,FedSA,,7070,aspd,0.18166273123804344,True,,70,performance_defended_max_acc,0.6700863930885529
main,compas,non-IID,FedAvg,Benign,,123,accuracy,0.6700863930885529,True,,,,
main,compas,non-IID,FedAvg,Benign,,123,aeod,0.22587991718426503,True,,,,
main,compas,non-IID,FedAvg,Benign,,123,aspd,0.24120306228093005,True,,,,
main,compas,non-IID,FedAvg,Benign,,456,accuracy,0.6695464362850972,True,,,,
main,compas,non-IID,FedAvg,Benign,,456,aeod,0.2445298573975045,True,,,,
main,compas,non-IID,FedAvg,Benign,,456,aspd,0.2311697619017049,True,,,,
main,compas,non-IID,FedAvg,Benign,,789,accuracy,0.6825053995680346,True,,,,
main,compas,non-IID,FedAvg,Benign,,789,aeod,0.2614560807331892,True,,,,
main,compas,non-IID,FedAvg,Benign,,789,aspd,0.2416220891348321,True,,,,
main,compas,non-IID,FedAvg,Benign,,1001,accuracy,0.6895248380129589,True,,,,
main,compas,non-IID,FedAvg,Benign,,1001,aeod,0.2718063323161393,True,,,,
main,compas,non-IID,FedAvg,Benign,,1001,aspd,0.2715480766200524,True,,,,
main,compas,non-IID,FedAvg,Benign,,2024,accuracy,0.7035637149028078,True,,,,
main,compas,non-IID,FedAvg,Benign,,2024,aeod,0.2783053573567407,True,,,,
main,compas,non-IID,FedAvg,Benign,,2024,aspd,0.21943817719816938,True,,,,
main,compas,non-IID,FedAvg,Benign,,3141,accuracy,0.6690064794816415,True,,,,
main,compas,non-IID,FedAvg,Benign,,3141,aeod,0.26811079951925826,True,,,,
main,compas,non-IID,FedAvg,Benign,,3141,aspd,0.22447700429648423,True,,,,
main,compas,non-IID,FedAvg,Benign,,4242,accuracy,0.661987041036717,True,,,,
main,compas,non-IID,FedAvg,Benign,,4242,aeod,0.22285632245791603,True,,,,
main,compas,non-IID,FedAvg,Benign,,4242,aspd,0.23414730369642378,True,,,,
main,compas,non-IID,FedAvg,Benign,,5050,accuracy,0.6846652267818575,True,,,,
main,compas,non-IID,FedAvg,Benign,,5050,aeod,0.25735346612408083,True,,,,
main,compas,non-IID,FedAvg,Benign,,5050,aspd,0.2370466427078239,True,,,,
main,compas,non-IID,FedAvg,Benign,,6060,accuracy,0.6976241900647948,True,,,,
main,compas,non-IID,FedAvg,Benign,,6060,aeod,0.27385269232268883,True,,,,
main,compas,non-IID,FedAvg,Benign,,6060,aspd,0.2568798023220391,True,,,,
main,compas,non-IID,FedAvg,Benign,,7070,accuracy,0.6722462203023758,True,,,,
main,compas,non-IID,FedAvg,Benign,,7070,aeod,0.2096590909090909,True,,,,
main,compas,non-IID,FedAvg,Benign,,7070,aspd,0.18357227979788665,True,,,,
main,compas,non-IID,FedAvg,FedSA,,123,accuracy,0.4287257019438445,False,accuracy_not_above_majority_baseline,64,unprotected_min_acc,0.4287257019438445
main,compas,non-IID,FedAvg,FedSA,,123,aeod,0.04288671990535342,False,accuracy_not_above_majority_baseline,64,unprotected_min_acc,0.4287257019438445
main,compas,non-IID,FedAvg,FedSA,,123,aspd,0.03705994885304531,False,accuracy_not_above_majority_baseline,64,unprotected_min_acc,0.4287257019438445
main,compas,non-IID,FedAvg,FedSA,,456,accuracy,0.6436285097192225,True,,63,unprotected_min_acc,0.6436285097192225
main,compas,non-IID,FedAvg,FedSA,,456,aeod,0.23139483065953653,True,,63,unprotected_min_acc,0.6436285097192225
main,compas,non-IID,FedAvg,FedSA,,456,aspd,0.19564468857200548,True,,63,unprotected_min_acc,0.6436285097192225
main,compas,non-IID,FedAvg,FedSA,,789,accuracy,0.6193304535637149,True,,63,unprotected_min_acc,0.6193304535637149
main,compas,non-IID,FedAvg,FedSA,,789,aeod,0.15439535921463632,True,,63,unprotected_min_acc,0.6193304535637149
main,compas,non-IID,FedAvg,FedSA,,789,aspd,0.14145833017215118,True,,63,unprotected_min_acc,0.6193304535637149
main,compas,non-IID,FedAvg,FedSA,,1001,accuracy,0.34773218142548595,False,accuracy_not_above_majority_baseline,66,unprotected_min_acc,0.34773218142548595
main,compas,non-IID,FedAvg,FedSA,,1001,aeod,0.21917505189958142,False,accuracy_not_above_majority_baseline,66,unprotected_min_acc,0.34773218142548595
main,compas,non-IID,FedAvg,FedSA,,1001,aspd,0.19136221078101234,False,accuracy_not_above_majority_baseline,66,unprotected_min_acc,0.34773218142548595
main,compas,non-IID,FedAvg,FedSA,,3141,accuracy,0.4265658747300216,False,accuracy_not_above_majority_baseline,69,unprotected_min_acc,0.4265658747300216
main,compas,non-IID,FedAvg,FedSA,,3141,aeod,0.09350998683683395,False,accuracy_not_above_majority_baseline,69,unprotected_min_acc,0.4265658747300216
main,compas,non-IID,FedAvg,FedSA,,3141,aspd,0.13620240280969761,False,accuracy_not_above_majority_baseline,69,unprotected_min_acc,0.4265658747300216
main,compas,non-IID,FedAvg,FedSA,,4242,accuracy,0.3941684665226782,False,accuracy_not_above_majority_baseline,70,unprotected_min_acc,0.3941684665226782
main,compas,non-IID,FedAvg,FedSA,,4242,aeod,0.11291769857506906,False,accuracy_not_above_majority_baseline,70,unprotected_min_acc,0.3941684665226782
main,compas,non-IID,FedAvg,FedSA,,4242,aspd,0.09577739986250311,False,accuracy_not_above_majority_baseline,70,unprotected_min_acc,0.3941684665226782
main,compas,non-IID,FedAvg,FedSA,,2024,accuracy,0.6112311015118791,True,,62,unprotected_min_acc,0.6112311015118791
main,compas,non-IID,FedAvg,FedSA,,2024,aeod,0.19047619047619052,True,,62,unprotected_min_acc,0.6112311015118791
main,compas,non-IID,FedAvg,FedSA,,2024,aspd,0.18143279171097185,True,,62,unprotected_min_acc,0.6112311015118791
main,compas,non-IID,FedAvg,FedSA,,5050,accuracy,0.6722462203023758,True,,70,unprotected_min_acc,0.6722462203023758
main,compas,non-IID,FedAvg,FedSA,,5050,aeod,0.222031841222246,True,,70,unprotected_min_acc,0.6722462203023758
main,compas,non-IID,FedAvg,FedSA,,5050,aspd,0.22193716464720625,True,,70,unprotected_min_acc,0.6722462203023758
main,compas,non-IID,FedAvg,FedSA,,6060,accuracy,0.67170626349892,True,,63,unprotected_min_acc,0.67170626349892
main,compas,non-IID,FedAvg,FedSA,,6060,aeod,0.1964752212734433,True,,63,unprotected_min_acc,0.67170626349892
main,compas,non-IID,FedAvg,FedSA,,6060,aspd,0.18439866144847897,True,,63,unprotected_min_acc,0.67170626349892
main,compas,non-IID,FedAvg,FedSA,,7070,accuracy,0.6555075593952484,True,,70,unprotected_min_acc,0.6555075593952484
main,compas,non-IID,FedAvg,FedSA,,7070,aeod,0.15473484848484848,True,,70,unprotected_min_acc,0.6555075593952484
main,compas,non-IID,FedAvg,FedSA,,7070,aspd,0.14254850031572916,True,,70,unprotected_min_acc,0.6555075593952484
main,compas,non-IID,FedDNA,Benign,,123,accuracy,0.6733261339092873,True,,,,
main,compas,non-IID,FedDNA,Benign,,123,aeod,0.20301685891748006,True,,,,
main,compas,non-IID,FedDNA,Benign,,123,aspd,0.23192611120902673,True,,,,
main,compas,non-IID,FedDNA,Benign,,456,accuracy,0.6727861771058316,True,,,,
main,compas,non-IID,FedDNA,Benign,,456,aeod,0.25473484848484845,True,,,,
main,compas,non-IID,FedDNA,Benign,,456,aspd,0.2477067325593203,True,,,,
main,compas,non-IID,FedDNA,Benign,,789,accuracy,0.6792656587473002,True,,,,
main,compas,non-IID,FedDNA,Benign,,789,aeod,0.2245563450382727,True,,,,
main,compas,non-IID,FedDNA,Benign,,789,aspd,0.2308954685572287,True,,,,
main,compas,non-IID,FedDNA,Benign,,1001,accuracy,0.6841252699784017,True,,,,
main,compas,non-IID,FedDNA,Benign,,1001,aeod,0.2727592426631575,True,,,,
main,compas,non-IID,FedDNA,Benign,,1001,aspd,0.2593344359536713,True,,,,
main,compas,non-IID,FedDNA,Benign,,3141,accuracy,0.6625269978401728,True,,,,
main,compas,non-IID,FedDNA,Benign,,3141,aeod,0.2658101070222629,True,,,,
main,compas,non-IID,FedDNA,Benign,,3141,aspd,0.22911547983243594,True,,,,
main,compas,non-IID,FedDNA,Benign,,4242,accuracy,0.6706263498920086,True,,,,
main,compas,non-IID,FedDNA,Benign,,4242,aeod,0.2193209145400381,True,,,,
main,compas,non-IID,FedDNA,Benign,,4242,aspd,0.2178881280004482,True,,,,
main,compas,non-IID,FedDNA,Benign,,2024,accuracy,0.703023758099352,True,,,,
main,compas,non-IID,FedDNA,Benign,,2024,aeod,0.27760381910579546,True,,,,
main,compas,non-IID,FedDNA,Benign,,2024,aspd,0.21864097569060642,True,,,,
main,compas,non-IID,FedDNA,Benign,,5050,accuracy,0.6830453563714903,True,,,,
main,compas,non-IID,FedDNA,Benign,,5050,aeod,0.24552009709431005,True,,,,
main,compas,non-IID,FedDNA,Benign,,5050,aspd,0.2286929513613704,True,,,,
main,compas,non-IID,FedDNA,Benign,,6060,accuracy,0.6943844492440605,True,,,,
main,compas,non-IID,FedDNA,Benign,,6060,aeod,0.2666003821109682,True,,,,
main,compas,non-IID,FedDNA,Benign,,6060,aspd,0.25459207910853493,True,,,,
main,compas,non-IID,FedDNA,Benign,,7070,accuracy,0.6700863930885529,True,,,,
main,compas,non-IID,FedDNA,Benign,,7070,aeod,0.2276515151515151,True,,,,
main,compas,non-IID,FedDNA,Benign,,7070,aspd,0.20004622134655853,True,,,,
main,compas,non-IID,FedDNA,FedSA,,123,accuracy,0.6700863930885529,True,,66,performance_defended_max_acc,0.6700863930885529
main,compas,non-IID,FedDNA,FedSA,,123,aeod,0.2133096716947649,True,,66,performance_defended_max_acc,0.6700863930885529
main,compas,non-IID,FedDNA,FedSA,,123,aspd,0.23108805750122263,True,,66,performance_defended_max_acc,0.6700863930885529
main,compas,non-IID,FedDNA,FedSA,,456,accuracy,0.6754859611231101,True,,61,performance_defended_max_acc,0.6754859611231101
main,compas,non-IID,FedDNA,FedSA,,456,aeod,0.24753787878787875,True,,61,performance_defended_max_acc,0.6754859611231101
main,compas,non-IID,FedDNA,FedSA,,456,aspd,0.24300172629726163,True,,61,performance_defended_max_acc,0.6754859611231101
main,compas,non-IID,FedDNA,FedSA,,789,accuracy,0.6819654427645788,True,,69,performance_defended_max_acc,0.6819654427645788
main,compas,non-IID,FedDNA,FedSA,,789,aeod,0.24552912504719732,True,,69,performance_defended_max_acc,0.6819654427645788
main,compas,non-IID,FedDNA,FedSA,,789,aspd,0.23345748511520903,True,,69,performance_defended_max_acc,0.6819654427645788
main,compas,non-IID,FedDNA,FedSA,,1001,accuracy,0.6884449244060475,True,,70,performance_defended_max_acc,0.6884449244060475
main,compas,non-IID,FedDNA,FedSA,,1001,aeod,0.2747161121257842,True,,70,performance_defended_max_acc,0.6884449244060475
main,compas,non-IID,FedDNA,FedSA,,1001,aspd,0.25889323219106686,True,,70,performance_defended_max_acc,0.6884449244060475
main,compas,non-IID,FedDNA,FedSA,,3141,accuracy,0.6657667386609071,True,,70,performance_defended_max_acc,0.6657667386609071
main,compas,non-IID,FedDNA,FedSA,,3141,aeod,0.2705202312138728,True,,70,performance_defended_max_acc,0.6657667386609071
main,compas,non-IID,FedDNA,FedSA,,3141,aspd,0.22961971270398382,True,,70,performance_defended_max_acc,0.6657667386609071
main,compas,non-IID,FedDNA,FedSA,,4242,accuracy,0.6603671706263499,True,,68,performance_defended_max_acc,0.6603671706263499
main,compas,non-IID,FedDNA,FedSA,,4242,aeod,0.2341265568357202,True,,68,performance_defended_max_acc,0.6603671706263499
main,compas,non-IID,FedDNA,FedSA,,4242,aspd,0.22080264068622363,True,,68,performance_defended_max_acc,0.6603671706263499
main,compas,non-IID,FedDNA,FedSA,,2024,accuracy,0.7008639308855291,True,,70,performance_defended_max_acc,0.7008639308855291
main,compas,non-IID,FedDNA,FedSA,,2024,aeod,0.2651985695463956,True,,70,performance_defended_max_acc,0.7008639308855291
main,compas,non-IID,FedDNA,FedSA,,2024,aspd,0.2119668933769246,True,,70,performance_defended_max_acc,0.7008639308855291
main,compas,non-IID,FedDNA,FedSA,,5050,accuracy,0.6798056155507559,True,,61,performance_defended_max_acc,0.6798056155507559
main,compas,non-IID,FedDNA,FedSA,,5050,aeod,0.24898265153137716,True,,61,performance_defended_max_acc,0.6798056155507559
main,compas,non-IID,FedDNA,FedSA,,5050,aspd,0.22965706328706142,True,,61,performance_defended_max_acc,0.6798056155507559
main,compas,non-IID,FedDNA,FedSA,,6060,accuracy,0.6879049676025918,True,,70,performance_defended_max_acc,0.6879049676025918
main,compas,non-IID,FedDNA,FedSA,,6060,aeod,0.2723905330058096,True,,70,performance_defended_max_acc,0.6879049676025918
main,compas,non-IID,FedDNA,FedSA,,6060,aspd,0.2696793802604503,True,,70,performance_defended_max_acc,0.6879049676025918
main,compas,non-IID,FedDNA,FedSA,,7070,accuracy,0.6641468682505399,True,,70,performance_defended_max_acc,0.6641468682505399
main,compas,non-IID,FedDNA,FedSA,,7070,aeod,0.22007575757575754,True,,70,performance_defended_max_acc,0.6641468682505399
main,compas,non-IID,FedDNA,FedSA,,7070,aspd,0.19087315158383983,True,,70,performance_defended_max_acc,0.6641468682505399
main,compas,non-IID,GuardFed,Benign,,123,accuracy,0.6592872570194385,True,,,,
main,compas,non-IID,GuardFed,Benign,,123,aeod,0.19751552795031052,True,,,,
main,compas,non-IID,GuardFed,Benign,,123,aspd,0.2249182080590886,True,,,,
main,compas,non-IID,GuardFed,Benign,,456,accuracy,0.6727861771058316,True,,,,
main,compas,non-IID,GuardFed,Benign,,456,aeod,0.2648172905525847,True,,,,
main,compas,non-IID,GuardFed,Benign,,456,aspd,0.24630141687102491,True,,,,
main,compas,non-IID,GuardFed,Benign,,789,accuracy,0.6754859611231101,True,,,,
main,compas,non-IID,GuardFed,Benign,,789,aeod,0.24067209006968038,True,,,,
main,compas,non-IID,GuardFed,Benign,,789,aspd,0.23524097545716527,True,,,,
main,compas,non-IID,GuardFed,Benign,,1001,accuracy,0.6819654427645788,True,,,,
main,compas,non-IID,GuardFed,Benign,,1001,aeod,0.24742203718619188,True,,,,
main,compas,non-IID,GuardFed,Benign,,1001,aspd,0.2344472755667659,True,,,,
main,compas,non-IID,GuardFed,Benign,,3141,accuracy,0.658207343412527,True,,,,
main,compas,non-IID,GuardFed,Benign,,3141,aeod,0.26559835174268875,True,,,,
main,compas,non-IID,GuardFed,Benign,,3141,aspd,0.21822545045386793,True,,,,
main,compas,non-IID,GuardFed,Benign,,4242,accuracy,0.6668466522678186,True,,,,
main,compas,non-IID,GuardFed,Benign,,4242,aeod,0.22306569517724895,True,,,,
main,compas,non-IID,GuardFed,Benign,,4242,aspd,0.22690946101941412,True,,,,
main,compas,non-IID,GuardFed,Benign,,2024,accuracy,0.6954643628509719,True,,,,
main,compas,non-IID,GuardFed,Benign,,2024,aeod,0.2748147767910613,True,,,,
main,compas,non-IID,GuardFed,Benign,,2024,aspd,0.21469582035303303,True,,,,
main,compas,non-IID,GuardFed,Benign,,5050,accuracy,0.6857451403887689,True,,,,
main,compas,non-IID,GuardFed,Benign,,5050,aeod,0.2571392874991076,True,,,,
main,compas,non-IID,GuardFed,Benign,,5050,aspd,0.2337504537512241,True,,,,
main,compas,non-IID,GuardFed,Benign,,6060,accuracy,0.6889848812095032,True,,,,
main,compas,non-IID,GuardFed,Benign,,6060,aeod,0.2709478691464889,True,,,,
main,compas,non-IID,GuardFed,Benign,,6060,aspd,0.26013163746123424,True,,,,
main,compas,non-IID,GuardFed,Benign,,7070,accuracy,0.6630669546436285,True,,,,
main,compas,non-IID,GuardFed,Benign,,7070,aeod,0.2246212121212121,True,,,,
main,compas,non-IID,GuardFed,Benign,,7070,aspd,0.20662809440826757,True,,,,
main,compas,non-IID,GuardFed,FedSA,,123,accuracy,0.6700863930885529,True,,66,performance_defended_max_acc,0.6700863930885529
main,compas,non-IID,GuardFed,FedSA,,123,aeod,0.19970422951789413,True,,66,performance_defended_max_acc,0.6700863930885529
main,compas,non-IID,GuardFed,FedSA,,123,aspd,0.24529295112792926,True,,66,performance_defended_max_acc,0.6700863930885529
main,compas,non-IID,GuardFed,FedSA,,456,accuracy,0.6814254859611231,True,,62,performance_defended_max_acc,0.6814254859611231
main,compas,non-IID,GuardFed,FedSA,,456,aeod,0.22873217468805707,True,,62,performance_defended_max_acc,0.6814254859611231
main,compas,non-IID,GuardFed,FedSA,,456,aspd,0.24163726280920733,True,,62,performance_defended_max_acc,0.6814254859611231
main,compas,non-IID,GuardFed,FedSA,,789,accuracy,0.6825053995680346,True,,70,performance_defended_max_acc,0.6825053995680346
main,compas,non-IID,GuardFed,FedSA,,789,aeod,0.25594686438059927,True,,70,performance_defended_max_acc,0.6825053995680346
main,compas,non-IID,GuardFed,FedSA,,789,aspd,0.23576738523741547,True,,70,performance_defended_max_acc,0.6825053995680346
main,compas,non-IID,GuardFed,FedSA,,1001,accuracy,0.6895248380129589,True,,61,performance_defended_max_acc,0.6895248380129589
main,compas,non-IID,GuardFed,FedSA,,1001,aeod,0.255209810438906,True,,61,performance_defended_max_acc,0.6895248380129589
main,compas,non-IID,GuardFed,FedSA,,1001,aspd,0.2408062123357304,True,,61,performance_defended_max_acc,0.6895248380129589
main,compas,non-IID,GuardFed,FedSA,,3141,accuracy,0.6646868250539957,True,,69,performance_defended_max_acc,0.6646868250539957
main,compas,non-IID,GuardFed,FedSA,,3141,aeod,0.2687002804326675,True,,69,performance_defended_max_acc,0.6646868250539957
main,compas,non-IID,GuardFed,FedSA,,3141,aspd,0.2271429021636492,True,,69,performance_defended_max_acc,0.6646868250539957
main,compas,non-IID,GuardFed,FedSA,,4242,accuracy,0.6722462203023758,True,,70,performance_defended_max_acc,0.6722462203023758
main,compas,non-IID,GuardFed,FedSA,,4242,aeod,0.21917136259765746,True,,70,performance_defended_max_acc,0.6722462203023758
main,compas,non-IID,GuardFed,FedSA,,4242,aspd,0.21964944143370216,True,,70,performance_defended_max_acc,0.6722462203023758
main,compas,non-IID,GuardFed,FedSA,,2024,accuracy,0.7041036717062635,True,,61,performance_defended_max_acc,0.7041036717062635
main,compas,non-IID,GuardFed,FedSA,,2024,aeod,0.2865869308557056,True,,61,performance_defended_max_acc,0.7041036717062635
main,compas,non-IID,GuardFed,FedSA,,2024,aspd,0.22462173780591005,True,,61,performance_defended_max_acc,0.7041036717062635
main,compas,non-IID,GuardFed,FedSA,,5050,accuracy,0.6862850971922246,True,,67,performance_defended_max_acc,0.6862850971922246
main,compas,non-IID,GuardFed,FedSA,,5050,aeod,0.24932176768758474,True,,67,performance_defended_max_acc,0.6862850971922246
main,compas,non-IID,GuardFed,FedSA,,5050,aspd,0.23047644170332665,True,,67,performance_defended_max_acc,0.6862850971922246
main,compas,non-IID,GuardFed,FedSA,,6060,accuracy,0.693304535637149,True,,68,performance_defended_max_acc,0.693304535637149
main,compas,non-IID,GuardFed,FedSA,,6060,aeod,0.2588021990876126,True,,68,performance_defended_max_acc,0.693304535637149
main,compas,non-IID,GuardFed,FedSA,,6060,aspd,0.23047994332049015,True,,68,performance_defended_max_acc,0.693304535637149
main,compas,non-IID,GuardFed,FedSA,,7070,accuracy,0.6684665226781857,True,,70,performance_defended_max_acc,0.6684665226781857
main,compas,non-IID,GuardFed,FedSA,,7070,aeod,0.20568181818181813,True,,70,performance_defended_max_acc,0.6684665226781857
main,compas,non-IID,GuardFed,FedSA,,7070,aspd,0.2038618168490815,True,,70,performance_defended_max_acc,0.6684665226781857
main,compas,non-IID,GuardFed-AD2,Benign,,123,accuracy,0.6290496760259179,True,,,,
main,compas,non-IID,GuardFed-AD2,Benign,,123,aeod,0.11966873706004144,True,,,,
main,compas,non-IID,GuardFed-AD2,Benign,,123,aspd,0.10601963006581872,True,,,,
main,compas,non-IID,GuardFed-AD2,Benign,,456,accuracy,0.6479481641468683,True,,,,
main,compas,non-IID,GuardFed-AD2,Benign,,456,aeod,0.04315953654188942,True,,,,
main,compas,non-IID,GuardFed-AD2,Benign,,456,aspd,0.03552273891825708,True,,,,
main,compas,non-IID,GuardFed-AD2,Benign,,789,accuracy,0.6571274298056156,True,,,,
main,compas,non-IID,GuardFed-AD2,Benign,,789,aeod,0.039989015892630375,True,,,,
main,compas,non-IID,GuardFed-AD2,Benign,,789,aspd,0.002661229044280289,True,,,,
main,compas,non-IID,GuardFed-AD2,Benign,,1001,accuracy,0.6630669546436285,True,,,,
main,compas,non-IID,GuardFed-AD2,Benign,,1001,aeod,0.02209844471418365,True,,,,
main,compas,non-IID,GuardFed-AD2,Benign,,1001,aspd,0.04462577633770526,True,,,,
main,compas,non-IID,GuardFed-AD2,Benign,,3141,accuracy,0.6490280777537797,True,,,,
main,compas,non-IID,GuardFed-AD2,Benign,,3141,aeod,0.018920620385737996,True,,,,
main,compas,non-IID,GuardFed-AD2,Benign,,3141,aspd,0.016286021427562636,True,,,,
main,compas,non-IID,GuardFed-AD2,Benign,,4242,accuracy,0.6565874730021598,True,,,,
main,compas,non-IID,GuardFed-AD2,Benign,,4242,aeod,0.08740413720493401,True,,,,
main,compas,non-IID,GuardFed-AD2,Benign,,4242,aspd,0.025070411685129912,True,,,,
main,compas,non-IID,GuardFed-AD2,Benign,,2024,accuracy,0.6792656587473002,True,,,,
main,compas,non-IID,GuardFed-AD2,Benign,,2024,aeod,0.014441421556046108,True,,,,
main,compas,non-IID,GuardFed-AD2,Benign,,2024,aspd,0.03713581722492176,True,,,,
main,compas,non-IID,GuardFed-AD2,Benign,,5050,accuracy,0.6598272138228942,True,,,,
main,compas,non-IID,GuardFed-AD2,Benign,,5050,aeod,0.039747983151281474,True,,,,
main,compas,non-IID,GuardFed-AD2,Benign,,5050,aspd,0.04197855376207915,True,,,,
main,compas,non-IID,GuardFed-AD2,Benign,,6060,accuracy,0.6787257019438445,True,,,,
main,compas,non-IID,GuardFed-AD2,Benign,,6060,aeod,0.0081491012594066,True,,,,
main,compas,non-IID,GuardFed-AD2,Benign,,6060,aspd,0.045700772806907985,True,,,,
main,compas,non-IID,GuardFed-AD2,Benign,,7070,accuracy,0.6565874730021598,True,,,,
main,compas,non-IID,GuardFed-AD2,Benign,,7070,aeod,0.09981060606060604,True,,,,
main,compas,non-IID,GuardFed-AD2,Benign,,7070,aspd,0.07985788103138969,True,,,,
main,compas,non-IID,GuardFed-AD2,FedSA,,123,accuracy,0.6436285097192225,True,,69,performance_defended_max_acc,0.6436285097192225
main,compas,non-IID,GuardFed-AD2,FedSA,,123,aeod,0.10434782608695647,True,,69,performance_defended_max_acc,0.6436285097192225
main,compas,non-IID,GuardFed-AD2,FedSA,,123,aspd,0.001593235809404625,True,,69,performance_defended_max_acc,0.6436285097192225
main,compas,non-IID,GuardFed-AD2,FedSA,,456,accuracy,0.6598272138228942,True,,68,performance_defended_max_acc,0.6598272138228942
main,compas,non-IID,GuardFed-AD2,FedSA,,456,aeod,0.047649286987522355,True,,68,performance_defended_max_acc,0.6598272138228942
main,compas,non-IID,GuardFed-AD2,FedSA,,456,aspd,0.029282857132852502,True,,68,performance_defended_max_acc,0.6598272138228942
main,compas,non-IID,GuardFed-AD2,FedSA,,789,accuracy,0.6673866090712743,True,,70,performance_defended_max_acc,0.6673866090712743
main,compas,non-IID,GuardFed-AD2,FedSA,,789,aeod,0.03743177839563383,True,,70,performance_defended_max_acc,0.6673866090712743
main,compas,non-IID,GuardFed-AD2,FedSA,,789,aspd,0.00316896353299162,True,,70,performance_defended_max_acc,0.6673866090712743
main,compas,non-IID,GuardFed-AD2,FedSA,,1001,accuracy,0.6684665226781857,True,,67,performance_defended_max_acc,0.6684665226781857
main,compas,non-IID,GuardFed-AD2,FedSA,,1001,aeod,0.010266474572041107,True,,67,performance_defended_max_acc,0.6684665226781857
main,compas,non-IID,GuardFed-AD2,FedSA,,1001,aspd,0.03468818682761654,True,,67,performance_defended_max_acc,0.6684665226781857
main,compas,non-IID,GuardFed-AD2,FedSA,,3141,accuracy,0.6555075593952484,True,,64,performance_defended_max_acc,0.6555075593952484
main,compas,non-IID,GuardFed-AD2,FedSA,,3141,aeod,0.009448863961540654,True,,64,performance_defended_max_acc,0.6555075593952484
main,compas,non-IID,GuardFed-AD2,FedSA,,3141,aspd,0.006383448089109178,True,,64,performance_defended_max_acc,0.6555075593952484
main,compas,non-IID,GuardFed-AD2,FedSA,,4242,accuracy,0.6571274298056156,True,,64,performance_defended_max_acc,0.6571274298056156
main,compas,non-IID,GuardFed-AD2,FedSA,,4242,aeod,0.038907433329744,True,,64,performance_defended_max_acc,0.6571274298056156
main,compas,non-IID,GuardFed-AD2,FedSA,,4242,aspd,0.0012325692415613987,True,,64,performance_defended_max_acc,0.6571274298056156
main,compas,non-IID,GuardFed-AD2,FedSA,,2024,accuracy,0.6965442764578834,True,,64,performance_defended_max_acc,0.6965442764578834
main,compas,non-IID,GuardFed-AD2,FedSA,,2024,aeod,1.7110689047417083e-05,True,,64,performance_defended_max_acc,0.6965442764578834
main,compas,non-IID,GuardFed-AD2,FedSA,,2024,aspd,0.006702095250990081,True,,64,performance_defended_max_acc,0.6965442764578834
main,compas,non-IID,GuardFed-AD2,FedSA,,5050,accuracy,0.6695464362850972,True,,64,performance_defended_max_acc,0.6695464362850972
main,compas,non-IID,GuardFed-AD2,FedSA,,5050,aeod,0.013047047904619136,True,,64,performance_defended_max_acc,0.6695464362850972
main,compas,non-IID,GuardFed-AD2,FedSA,,5050,aspd,0.029596835471848715,True,,64,performance_defended_max_acc,0.6695464362850972
main,compas,non-IID,GuardFed-AD2,FedSA,,6060,accuracy,0.6754859611231101,True,,70,performance_defended_max_acc,0.6754859611231101
main,compas,non-IID,GuardFed-AD2,FedSA,,6060,aeod,0.03033493196085313,True,,70,performance_defended_max_acc,0.6754859611231101
main,compas,non-IID,GuardFed-AD2,FedSA,,6060,aspd,0.015923020448277037,True,,70,performance_defended_max_acc,0.6754859611231101
main,compas,non-IID,GuardFed-AD2,FedSA,,7070,accuracy,0.646328293736501,True,,70,performance_defended_max_acc,0.646328293736501
main,compas,non-IID,GuardFed-AD2,FedSA,,7070,aeod,0.09318181818181825,True,,70,performance_defended_max_acc,0.646328293736501
main,compas,non-IID,GuardFed-AD2,FedSA,,7070,aspd,0.06891999621825345,True,,70,performance_defended_max_acc,0.646328293736501
main,compas,non-IID,GuardFed-AD2+,Benign,,123,accuracy,0.6247300215982722,True,,,,
main,compas,non-IID,GuardFed-AD2+,Benign,,123,aeod,0.05359361135758656,True,,,,
main,compas,non-IID,GuardFed-AD2+,Benign,,123,aspd,0.053787174043212316,True,,,,
main,compas,non-IID,GuardFed-AD2+,Benign,,456,accuracy,0.6576673866090713,True,,,,
main,compas,non-IID,GuardFed-AD2+,Benign,,456,aeod,0.062087789661319004,True,,,,
main,compas,non-IID,GuardFed-AD2+,Benign,,456,aspd,0.038207312076960875,True,,,,
main,compas,non-IID,GuardFed-AD2+,Benign,,789,accuracy,0.6333693304535637,True,,,,
main,compas,non-IID,GuardFed-AD2+,Benign,,789,aeod,0.13596265403494312,True,,,,
main,compas,non-IID,GuardFed-AD2+,Benign,,789,aspd,0.13880410436219803,True,,,,
main,compas,non-IID,GuardFed-AD2+,Benign,,1001,accuracy,0.6711663066954644,True,,,,
main,compas,non-IID,GuardFed-AD2+,Benign,,1001,aeod,0.02306269923199955,True,,,,
main,compas,non-IID,GuardFed-AD2+,Benign,,1001,aspd,0.04445886591957715,True,,,,
main,compas,non-IID,GuardFed-AD2+,Benign,,3141,accuracy,0.6571274298056156,True,,,,
main,compas,non-IID,GuardFed-AD2+,Benign,,3141,aeod,0.009174154409660629,True,,,,
main,compas,non-IID,GuardFed-AD2+,Benign,,3141,aspd,0.020750583311059168,True,,,,
main,compas,non-IID,GuardFed-AD2+,Benign,,4242,accuracy,0.6598272138228942,True,,,,
main,compas,non-IID,GuardFed-AD2+,Benign,,4242,aeod,0.020829594534773843,True,,,,
main,compas,non-IID,GuardFed-AD2+,Benign,,4242,aspd,0.027257755206612944,True,,,,
main,compas,non-IID,GuardFed-AD2+,Benign,,2024,accuracy,0.67170626349892,True,,,,
main,compas,non-IID,GuardFed-AD2+,Benign,,2024,aeod,0.00795647040706332,True,,,,
main,compas,non-IID,GuardFed-AD2+,Benign,,2024,aspd,0.0011111798465591183,True,,,,
main,compas,non-IID,GuardFed-AD2+,Benign,,5050,accuracy,0.6749460043196545,True,,,,
main,compas,non-IID,GuardFed-AD2+,Benign,,5050,aeod,0.005175983436852993,True,,,,
main,compas,non-IID,GuardFed-AD2+,Benign,,5050,aspd,0.03166979283265653,True,,,,
main,compas,non-IID,GuardFed-AD2+,Benign,,6060,accuracy,0.6663066954643628,True,,,,
main,compas,non-IID,GuardFed-AD2+,Benign,,6060,aeod,0.020879635045034428,True,,,,
main,compas,non-IID,GuardFed-AD2+,Benign,,6060,aspd,0.03151105285457673,True,,,,
main,compas,non-IID,GuardFed-AD2+,Benign,,7070,accuracy,0.6587473002159827,True,,,,
main,compas,non-IID,GuardFed-AD2+,Benign,,7070,aeod,0.08465909090909096,True,,,,
main,compas,non-IID,GuardFed-AD2+,Benign,,7070,aspd,0.06214903582971404,True,,,,
main,compas,non-IID,GuardFed-AD2+,FedSA,,123,accuracy,0.6576673866090713,True,,65,performance_defended_max_acc,0.6576673866090713
main,compas,non-IID,GuardFed-AD2+,FedSA,,123,aeod,0.08503401360544216,True,,65,performance_defended_max_acc,0.6576673866090713
main,compas,non-IID,GuardFed-AD2+,FedSA,,123,aspd,0.0030569117837587756,True,,65,performance_defended_max_acc,0.6576673866090713
main,compas,non-IID,GuardFed-AD2+,FedSA,,456,accuracy,0.6571274298056156,True,,70,performance_defended_max_acc,0.6571274298056156
main,compas,non-IID,GuardFed-AD2+,FedSA,,456,aeod,0.030993761140819975,True,,70,performance_defended_max_acc,0.6571274298056156
main,compas,non-IID,GuardFed-AD2+,FedSA,,456,aspd,0.026267964755055995,True,,70,performance_defended_max_acc,0.6571274298056156
main,compas,non-IID,GuardFed-AD2+,FedSA,,789,accuracy,0.6668466522678186,True,,70,performance_defended_max_acc,0.6668466522678186
main,compas,non-IID,GuardFed-AD2+,FedSA,,789,aeod,0.0653554388494148,True,,70,performance_defended_max_acc,0.6668466522678186
main,compas,non-IID,GuardFed-AD2+,FedSA,,789,aspd,0.019935873717678576,True,,70,performance_defended_max_acc,0.6668466522678186
main,compas,non-IID,GuardFed-AD2+,FedSA,,1001,accuracy,0.6722462203023758,True,,67,performance_defended_max_acc,0.6722462203023758
main,compas,non-IID,GuardFed-AD2+,FedSA,,1001,aeod,0.02201903551859874,True,,67,performance_defended_max_acc,0.6722462203023758
main,compas,non-IID,GuardFed-AD2+,FedSA,,1001,aspd,0.037684403913874176,True,,67,performance_defended_max_acc,0.6722462203023758
main,compas,non-IID,GuardFed-AD2+,FedSA,,3141,accuracy,0.658207343412527,True,,62,performance_defended_max_acc,0.658207343412527
main,compas,non-IID,GuardFed-AD2+,FedSA,,3141,aeod,0.045046643392662955,True,,62,performance_defended_max_acc,0.658207343412527
main,compas,non-IID,GuardFed-AD2+,FedSA,,3141,aspd,0.031218084218561593,True,,62,performance_defended_max_acc,0.658207343412527
main,compas,non-IID,GuardFed-AD2+,FedSA,,4242,accuracy,0.6625269978401728,True,,63,performance_defended_max_acc,0.6625269978401728
main,compas,non-IID,GuardFed-AD2+,FedSA,,4242,aeod,0.0061735041814723335,True,,63,performance_defended_max_acc,0.6625269978401728
main,compas,non-IID,GuardFed-AD2+,FedSA,,4242,aspd,0.05529286942352879,True,,63,performance_defended_max_acc,0.6625269978401728
main,compas,non-IID,GuardFed-AD2+,FedSA,,2024,accuracy,0.6943844492440605,True,,66,performance_defended_max_acc,0.6943844492440605
main,compas,non-IID,GuardFed-AD2+,FedSA,,2024,aeod,0.012319696114162504,True,,66,performance_defended_max_acc,0.6943844492440605
main,compas,non-IID,GuardFed-AD2+,FedSA,,2024,aspd,0.00796968066418674,True,,66,performance_defended_max_acc,0.6943844492440605
main,compas,non-IID,GuardFed-AD2+,FedSA,,5050,accuracy,0.6841252699784017,True,,68,performance_defended_max_acc,0.6841252699784017
main,compas,non-IID,GuardFed-AD2+,FedSA,,5050,aeod,0.01622403084172197,True,,68,performance_defended_max_acc,0.6841252699784017
main,compas,non-IID,GuardFed-AD2+,FedSA,,5050,aspd,0.00404320061815211,True,,68,performance_defended_max_acc,0.6841252699784017
main,compas,non-IID,GuardFed-AD2+,FedSA,,6060,accuracy,0.6754859611231101,True,,62,performance_defended_max_acc,0.6754859611231101
main,compas,non-IID,GuardFed-AD2+,FedSA,,6060,aeod,0.02078215775724257,True,,62,performance_defended_max_acc,0.6754859611231101
main,compas,non-IID,GuardFed-AD2+,FedSA,,6060,aspd,0.04171826688625696,True,,62,performance_defended_max_acc,0.6754859611231101
main,compas,non-IID,GuardFed-AD2+,FedSA,,7070,accuracy,0.6501079913606912,True,,62,performance_defended_max_acc,0.6501079913606912
main,compas,non-IID,GuardFed-AD2+,FedSA,,7070,aeod,0.10643939393939394,True,,62,performance_defended_max_acc,0.6501079913606912
main,compas,non-IID,GuardFed-AD2+,FedSA,,7070,aspd,0.07228271590096025,True,,62,performance_defended_max_acc,0.6501079913606912
main,compas,non-IID,Huber-BRFL,Benign,,123,accuracy,0.6700863930885529,True,,,,
main,compas,non-IID,Huber-BRFL,Benign,,123,aeod,0.22318840579710142,True,,,,
main,compas,non-IID,Huber-BRFL,Benign,,123,aspd,0.23757305248807406,True,,,,
main,compas,non-IID,Huber-BRFL,Benign,,456,accuracy,0.6690064794816415,True,,,,
main,compas,non-IID,Huber-BRFL,Benign,,456,aeod,0.24649064171122997,True,,,,
main,compas,non-IID,Huber-BRFL,Benign,,456,aspd,0.2343177157317154,True,,,,
main,compas,non-IID,Huber-BRFL,Benign,,789,accuracy,0.6846652267818575,True,,,,
main,compas,non-IID,Huber-BRFL,Benign,,789,aeod,0.22992826004874195,True,,,,
main,compas,non-IID,Huber-BRFL,Benign,,789,aspd,0.2316518178645504,True,,,,
main,compas,non-IID,Huber-BRFL,Benign,,1001,accuracy,0.6857451403887689,True,,,,
main,compas,non-IID,Huber-BRFL,Benign,,1001,aeod,0.27178364397454363,True,,,,
main,compas,non-IID,Huber-BRFL,Benign,,1001,aspd,0.2628605644373427,True,,,,
main,compas,non-IID,Huber-BRFL,Benign,,3141,accuracy,0.66792656587473,True,,,,
main,compas,non-IID,Huber-BRFL,Benign,,3141,aeod,0.26811079951925826,True,,,,
main,compas,non-IID,Huber-BRFL,Benign,,3141,aspd,0.22657564018315793,True,,,,
main,compas,non-IID,Huber-BRFL,Benign,,4242,accuracy,0.6760259179265659,True,,,,
main,compas,non-IID,Huber-BRFL,Benign,,4242,aeod,0.22116339447016742,True,,,,
main,compas,non-IID,Huber-BRFL,Benign,,4242,aspd,0.2273728416907208,True,,,,
main,compas,non-IID,Huber-BRFL,Benign,,2024,accuracy,0.7041036717062635,True,,,,
main,compas,non-IID,Huber-BRFL,Benign,,2024,aeod,0.2783224680457882,True,,,,
main,compas,non-IID,Huber-BRFL,Benign,,2024,aspd,0.22010932048784526,True,,,,
main,compas,non-IID,Huber-BRFL,Benign,,5050,accuracy,0.6852051835853131,True,,,,
main,compas,non-IID,Huber-BRFL,Benign,,5050,aeod,0.25655029628043124,True,,,,
main,compas,non-IID,Huber-BRFL,Benign,,5050,aspd,0.23370960155098297,True,,,,
main,compas,non-IID,Huber-BRFL,Benign,,6060,accuracy,0.6965442764578834,True,,,,
main,compas,non-IID,Huber-BRFL,Benign,,6060,aeod,0.28266463913908063,True,,,,
main,compas,non-IID,Huber-BRFL,Benign,,6060,aspd,0.26718389442857693,True,,,,
main,compas,non-IID,Huber-BRFL,Benign,,7070,accuracy,0.6727861771058316,True,,,,
main,compas,non-IID,Huber-BRFL,Benign,,7070,aeod,0.20852272727272725,True,,,,
main,compas,non-IID,Huber-BRFL,Benign,,7070,aspd,0.17882992295275035,True,,,,
main,compas,non-IID,Huber-BRFL,FedSA,,123,accuracy,0.6468682505399568,True,,61,performance_defended_max_acc,0.6468682505399568
main,compas,non-IID,Huber-BRFL,FedSA,,123,aeod,0.1764270925761609,True,,61,performance_defended_max_acc,0.6468682505399568
main,compas,non-IID,Huber-BRFL,FedSA,,123,aspd,0.1905241570732083,True,,61,performance_defended_max_acc,0.6468682505399568
main,compas,non-IID,Huber-BRFL,FedSA,,456,accuracy,0.6695464362850972,True,,67,performance_defended_max_acc,0.6695464362850972
main,compas,non-IID,Huber-BRFL,FedSA,,456,aeod,0.2448083778966132,True,,67,performance_defended_max_acc,0.6695464362850972
main,compas,non-IID,Huber-BRFL,FedSA,,456,aspd,0.22791792676250983,True,,67,performance_defended_max_acc,0.6695464362850972
main,compas,non-IID,Huber-BRFL,FedSA,,789,accuracy,0.6744060475161987,True,,70,performance_defended_max_acc,0.6744060475161987
main,compas,non-IID,Huber-BRFL,FedSA,,789,aeod,0.24319500223114682,True,,70,performance_defended_max_acc,0.6744060475161987
main,compas,non-IID,Huber-BRFL,FedSA,,789,aspd,0.23555612100188272,True,,70,performance_defended_max_acc,0.6744060475161987
main,compas,non-IID,Huber-BRFL,FedSA,,1001,accuracy,0.6754859611231101,True,,69,performance_defended_max_acc,0.6754859611231101
main,compas,non-IID,Huber-BRFL,FedSA,,1001,aeod,0.27080804528592983,True,,69,performance_defended_max_acc,0.6754859611231101
main,compas,non-IID,Huber-BRFL,FedSA,,1001,aspd,0.27001670271387,True,,69,performance_defended_max_acc,0.6754859611231101
main,compas,non-IID,Huber-BRFL,FedSA,,3141,accuracy,0.6668466522678186,True,,64,performance_defended_max_acc,0.6668466522678186
main,compas,non-IID,Huber-BRFL,FedSA,,3141,aeod,0.27860127053167744,True,,64,performance_defended_max_acc,0.6668466522678186
main,compas,non-IID,Huber-BRFL,FedSA,,3141,aspd,0.23560047481928736,True,,64,performance_defended_max_acc,0.6668466522678186
main,compas,non-IID,Huber-BRFL,FedSA,,4242,accuracy,0.6700863930885529,True,,68,performance_defended_max_acc,0.6700863930885529
main,compas,non-IID,Huber-BRFL,FedSA,,4242,aeod,0.2392711436536138,True,,68,performance_defended_max_acc,0.6700863930885529
main,compas,non-IID,Huber-BRFL,FedSA,,4242,aspd,0.23159229037277046,True,,68,performance_defended_max_acc,0.6700863930885529
main,compas,non-IID,Huber-BRFL,FedSA,,2024,accuracy,0.7019438444924406,True,,70,performance_defended_max_acc,0.7019438444924406
main,compas,non-IID,Huber-BRFL,FedSA,,2024,aeod,0.26735451636637414,True,,70,performance_defended_max_acc,0.7019438444924406
main,compas,non-IID,Huber-BRFL,FedSA,,2024,aspd,0.22489252953322275,True,,70,performance_defended_max_acc,0.7019438444924406
main,compas,non-IID,Huber-BRFL,FedSA,,5050,accuracy,0.6765658747300216,True,,61,performance_defended_max_acc,0.6765658747300216
main,compas,non-IID,Huber-BRFL,FedSA,,5050,aeod,0.23698864853287638,True,,61,performance_defended_max_acc,0.6765658747300216
main,compas,non-IID,Huber-BRFL,FedSA,,5050,aspd,0.22575626176689267,True,,61,performance_defended_max_acc,0.6765658747300216
main,compas,non-IID,Huber-BRFL,FedSA,,6060,accuracy,0.6911447084233261,True,,64,performance_defended_max_acc,0.6911447084233261
main,compas,non-IID,Huber-BRFL,FedSA,,6060,aeod,0.27262447849651034,True,,64,performance_defended_max_acc,0.6911447084233261
main,compas,non-IID,Huber-BRFL,FedSA,,6060,aspd,0.26718389442857693,True,,64,performance_defended_max_acc,0.6911447084233261
main,compas,non-IID,Huber-BRFL,FedSA,,7070,accuracy,0.6668466522678186,True,,63,performance_defended_max_acc,0.6668466522678186
main,compas,non-IID,Huber-BRFL,FedSA,,7070,aeod,0.1789772727272727,True,,63,performance_defended_max_acc,0.6668466522678186
main,compas,non-IID,Huber-BRFL,FedSA,,7070,aspd,0.15473996407340787,True,,63,performance_defended_max_acc,0.6668466522678186
main,compas,non-IID,LASA,Benign,,123,accuracy,0.6657667386609071,True,,,,
main,compas,non-IID,LASA,Benign,,123,aeod,0.20245489500147884,True,,,,
main,compas,non-IID,LASA,Benign,,123,aspd,0.2252963827127495,True,,,,
main,compas,non-IID,LASA,Benign,,456,accuracy,0.6744060475161987,True,,,,
main,compas,non-IID,LASA,Benign,,456,aeod,0.26541889483065956,True,,,,
main,compas,non-IID,LASA,Benign,,456,aspd,0.25085468638933084,True,,,,
main,compas,non-IID,LASA,Benign,,789,accuracy,0.6841252699784017,True,,,,
main,compas,non-IID,LASA,Benign,,789,aeod,0.22623828647925037,True,,,,
main,compas,non-IID,LASA,Benign,,789,aspd,0.23467371347667398,True,,,,
main,compas,non-IID,LASA,Benign,,1001,accuracy,0.6846652267818575,True,,,,
main,compas,non-IID,LASA,Benign,,1001,aeod,0.27762021985003,True,,,,
main,compas,non-IID,LASA,Benign,,1001,aspd,0.2626084480015687,True,,,,
main,compas,non-IID,LASA,Benign,,3141,accuracy,0.6706263498920086,True,,,,
main,compas,non-IID,LASA,Benign,,3141,aeod,0.28181193841927543,True,,,,
main,compas,non-IID,LASA,Benign,,3141,aspd,0.2320113172266725,True,,,,
main,compas,non-IID,LASA,Benign,,4242,accuracy,0.6765658747300216,True,,,,
main,compas,non-IID,LASA,Benign,,4242,aeod,0.22517736860366344,True,,,,
main,compas,non-IID,LASA,Benign,,4242,aspd,0.22867427606983157,True,,,,
main,compas,non-IID,LASA,Benign,,2024,accuracy,0.7073434125269978,True,,,,
main,compas,non-IID,LASA,Benign,,2024,aeod,0.2604589086802525,True,,,,
main,compas,non-IID,LASA,Benign,,2024,aspd,0.22094737419564936,True,,,,
main,compas,non-IID,LASA,Benign,,5050,accuracy,0.6819654427645788,True,,,,
main,compas,non-IID,LASA,Benign,,5050,aeod,0.24585921325051757,True,,,,
main,compas,non-IID,LASA,Benign,,5050,aspd,0.22907112601503127,True,,,,
main,compas,non-IID,LASA,Benign,,6060,accuracy,0.693304535637149,True,,,,
main,compas,non-IID,LASA,Benign,,6060,aeod,0.2684914414941319,True,,,,
main,compas,non-IID,LASA,Benign,,6060,aspd,0.26013163746123424,True,,,,
main,compas,non-IID,LASA,Benign,,7070,accuracy,0.6727861771058316,True,,,,
main,compas,non-IID,LASA,Benign,,7070,aeod,0.20852272727272725,True,,,,
main,compas,non-IID,LASA,Benign,,7070,aspd,0.1766682579571332,True,,,,
main,compas,non-IID,LASA,FedSA,,123,accuracy,0.6684665226781857,True,,68,performance_defended_max_acc,0.6684665226781857
main,compas,non-IID,LASA,FedSA,,123,aeod,0.21416740609287194,True,,68,performance_defended_max_acc,0.6684665226781857
main,compas,non-IID,LASA,FedSA,,123,aspd,0.2278770745622687,True,,68,performance_defended_max_acc,0.6684665226781857
main,compas,non-IID,LASA,FedSA,,456,accuracy,0.6722462203023758,True,,68,performance_defended_max_acc,0.6722462203023758
main,compas,non-IID,LASA,FedSA,,456,aeod,0.2316065062388592,True,,68,performance_defended_max_acc,0.6722462203023758
main,compas,non-IID,LASA,FedSA,,456,aspd,0.2294271237599898,True,,68,performance_defended_max_acc,0.6722462203023758
main,compas,non-IID,LASA,FedSA,,789,accuracy,0.6825053995680346,True,,65,performance_defended_max_acc,0.6825053995680346
main,compas,non-IID,LASA,FedSA,,789,aeod,0.2614560807331892,True,,65,performance_defended_max_acc,0.6825053995680346
main,compas,non-IID,LASA,FedSA,,789,aspd,0.24378375413044925,True,,65,performance_defended_max_acc,0.6825053995680346
main,compas,non-IID,LASA,FedSA,,1001,accuracy,0.6862850971922246,True,,70,performance_defended_max_acc,0.6862850971922246
main,compas,non-IID,LASA,FedSA,,1001,aeod,0.26499982983743803,True,,70,performance_defended_max_acc,0.6862850971922246
main,compas,non-IID,LASA,FedSA,,1001,aspd,0.26709868841093115,True,,70,performance_defended_max_acc,0.6862850971922246
main,compas,non-IID,LASA,FedSA,,3141,accuracy,0.6657667386609071,True,,62,performance_defended_max_acc,0.6657667386609071
main,compas,non-IID,LASA,FedSA,,3141,aeod,0.2696102558232702,True,,62,performance_defended_max_acc,0.6657667386609071
main,compas,non-IID,LASA,FedSA,,3141,aspd,0.22949365448609682,True,,62,performance_defended_max_acc,0.6657667386609071
main,compas,non-IID,LASA,FedSA,,4242,accuracy,0.6744060475161987,True,,70,performance_defended_max_acc,0.6744060475161987
main,compas,non-IID,LASA,FedSA,,4242,aeod,0.22318533673115348,True,,70,performance_defended_max_acc,0.6744060475161987
main,compas,non-IID,LASA,FedSA,,4242,aspd,0.23077291195650526,True,,70,performance_defended_max_acc,0.6744060475161987
main,compas,non-IID,LASA,FedSA,,2024,accuracy,0.7078833693304536,True,,65,performance_defended_max_acc,0.7078833693304536
main,compas,non-IID,LASA,FedSA,,2024,aeod,0.2618106531150009,True,,65,performance_defended_max_acc,0.7078833693304536
main,compas,non-IID,LASA,FedSA,,2024,aspd,0.20978305147260512,True,,65,performance_defended_max_acc,0.7078833693304536
main,compas,non-IID,LASA,FedSA,,5050,accuracy,0.6825053995680346,True,,70,performance_defended_max_acc,0.6825053995680346
main,compas,non-IID,LASA,FedSA,,5050,aeod,0.24999999999999994,True,,70,performance_defended_max_acc,0.6825053995680346
main,compas,non-IID,LASA,FedSA,,5050,aspd,0.2343807448406589,True,,70,performance_defended_max_acc,0.6825053995680346
main,compas,non-IID,LASA,FedSA,,6060,accuracy,0.6949244060475162,True,,62,performance_defended_max_acc,0.6949244060475162
main,compas,non-IID,LASA,FedSA,,6060,aeod,0.2865637306507584,True,,62,performance_defended_max_acc,0.6949244060475162
main,compas,non-IID,LASA,FedSA,,6060,aspd,0.2650630816332009,True,,62,performance_defended_max_acc,0.6949244060475162
main,compas,non-IID,LASA,FedSA,,7070,accuracy,0.6695464362850972,True,,70,performance_defended_max_acc,0.6695464362850972
main,compas,non-IID,LASA,FedSA,,7070,aeod,0.20700757575757583,True,,70,performance_defended_max_acc,0.6695464362850972
main,compas,non-IID,LASA,FedSA,,7070,aspd,0.18055038418576314,True,,70,performance_defended_max_acc,0.6695464362850972
main,compas,non-IID,LayerGuard,Benign,,123,accuracy,0.6668466522678186,True,,,,
main,compas,non-IID,LayerGuard,Benign,,123,aeod,0.1986986098787341,True,,,,
main,compas,non-IID,LayerGuard,Benign,,123,aspd,0.22733198949047967,True,,,,
main,compas,non-IID,LayerGuard,Benign,,456,accuracy,0.6749460043196545,True,,,,
main,compas,non-IID,LayerGuard,Benign,,456,aeod,0.23612967914438504,True,,,,
main,compas,non-IID,LayerGuard,Benign,,456,aspd,0.231755699173735,True,,,,
main,compas,non-IID,LayerGuard,Benign,,789,accuracy,0.6825053995680346,True,,,,
main,compas,non-IID,LayerGuard,Benign,,789,aeod,0.21432739505028664,True,,,,
main,compas,non-IID,LayerGuard,Benign,,789,aspd,0.2306433521214547,True,,,,
main,compas,non-IID,LayerGuard,Benign,,1001,accuracy,0.6862850971922246,True,,,,
main,compas,non-IID,LayerGuard,Benign,,1001,aeod,0.27665029324681517,True,,,,
main,compas,non-IID,LayerGuard,Benign,,1001,aspd,0.26581943094052274,True,,,,
main,compas,non-IID,LayerGuard,Benign,,3141,accuracy,0.6663066954643628,True,,,,
main,compas,non-IID,LayerGuard,Benign,,3141,aeod,0.2708407256910662,True,,,,
main,compas,non-IID,LayerGuard,Benign,,3141,aspd,0.225778438675595,True,,,,
main,compas,non-IID,LayerGuard,Benign,,4242,accuracy,0.6765658747300216,True,,,,
main,compas,non-IID,LayerGuard,Benign,,4242,aeod,0.22517736860366344,True,,,,
main,compas,non-IID,LayerGuard,Benign,,4242,aspd,0.22435094607859732,True,,,,
main,compas,non-IID,LayerGuard,Benign,,2024,accuracy,0.7100431965442765,True,,,,
main,compas,non-IID,LayerGuard,Benign,,2024,aeod,0.2521944458703352,True,,,,
main,compas,non-IID,LayerGuard,Benign,,2024,aspd,0.20902670216528335,True,,,,
main,compas,non-IID,LayerGuard,Benign,,5050,accuracy,0.6879049676025918,True,,,,
main,compas,non-IID,LayerGuard,Benign,,5050,aeod,0.26161919040479764,True,,,,
main,compas,non-IID,LayerGuard,Benign,,5050,aspd,0.23851498750506273,True,,,,
main,compas,non-IID,LayerGuard,Benign,,6060,accuracy,0.693304535637149,True,,,,
main,compas,non-IID,LayerGuard,Benign,,6060,aeod,0.27250750575115995,True,,,,
main,compas,non-IID,LayerGuard,Benign,,6060,aspd,0.2664905742301986,True,,,,
main,compas,non-IID,LayerGuard,Benign,,7070,accuracy,0.673866090712743,True,,,,
main,compas,non-IID,LayerGuard,Benign,,7070,aeod,0.20946969696969697,True,,,,
main,compas,non-IID,LayerGuard,Benign,,7070,aspd,0.17946021404218515,True,,,,
main,compas,non-IID,LayerGuard,FedSA,,123,accuracy,0.652267818574514,True,,61,performance_defended_max_acc,0.652267818574514
main,compas,non-IID,LayerGuard,FedSA,,123,aeod,0.18148476782017153,True,,61,performance_defended_max_acc,0.652267818574514
main,compas,non-IID,LayerGuard,FedSA,,123,aspd,0.196252802752738,True,,61,performance_defended_max_acc,0.652267818574514
main,compas,non-IID,LayerGuard,FedSA,,456,accuracy,0.6673866090712743,True,,70,performance_defended_max_acc,0.6673866090712743
main,compas,non-IID,LayerGuard,FedSA,,456,aeod,0.2393270944741533,True,,70,performance_defended_max_acc,0.6673866090712743
main,compas,non-IID,LayerGuard,FedSA,,456,aspd,0.22951232977763564,True,,70,performance_defended_max_acc,0.6673866090712743
main,compas,non-IID,LayerGuard,FedSA,,789,accuracy,0.6733261339092873,True,,70,performance_defended_max_acc,0.6733261339092873
main,compas,non-IID,LayerGuard,FedSA,,789,aeod,0.2304431400816943,True,,70,performance_defended_max_acc,0.6733261339092873
main,compas,non-IID,LayerGuard,FedSA,,789,aspd,0.23035038348543968,True,,70,performance_defended_max_acc,0.6733261339092873
main,compas,non-IID,LayerGuard,FedSA,,1001,accuracy,0.6792656587473002,True,,69,performance_defended_max_acc,0.6792656587473002
main,compas,non-IID,LayerGuard,FedSA,,1001,aeod,0.25627616249390256,True,,69,performance_defended_max_acc,0.6792656587473002
main,compas,non-IID,LayerGuard,FedSA,,1001,aspd,0.2792901521686099,True,,69,performance_defended_max_acc,0.6792656587473002
main,compas,non-IID,LayerGuard,FedSA,,3141,accuracy,0.67170626349892,True,,64,performance_defended_max_acc,0.67170626349892
main,compas,non-IID,LayerGuard,FedSA,,3141,aeod,0.2764035941166371,True,,64,performance_defended_max_acc,0.67170626349892
main,compas,non-IID,LayerGuard,FedSA,,3141,aspd,0.2422710555158057,True,,64,performance_defended_max_acc,0.67170626349892
main,compas,non-IID,LayerGuard,FedSA,,4242,accuracy,0.6636069114470843,True,,70,performance_defended_max_acc,0.6636069114470843
main,compas,non-IID,LayerGuard,FedSA,,4242,aeod,0.21857913690583008,True,,70,performance_defended_max_acc,0.6636069114470843
main,compas,non-IID,LayerGuard,FedSA,,4242,aspd,0.2039762030097567,True,,70,performance_defended_max_acc,0.6636069114470843
main,compas,non-IID,LayerGuard,FedSA,,2024,accuracy,0.7068034557235421,True,,70,performance_defended_max_acc,0.7068034557235421
main,compas,non-IID,LayerGuard,FedSA,,2024,aeod,0.25909005355645676,True,,70,performance_defended_max_acc,0.7068034557235421
main,compas,non-IID,LayerGuard,FedSA,,2024,aspd,0.21958291070759506,True,,70,performance_defended_max_acc,0.7068034557235421
main,compas,non-IID,LayerGuard,FedSA,,5050,accuracy,0.6598272138228942,True,,68,performance_defended_max_acc,0.6598272138228942
main,compas,non-IID,LayerGuard,FedSA,,5050,aeod,0.22410223459698725,True,,68,performance_defended_max_acc,0.6598272138228942
main,compas,non-IID,LayerGuard,FedSA,,5050,aspd,0.21142180830513563,True,,68,performance_defended_max_acc,0.6598272138228942
main,compas,non-IID,LayerGuard,FedSA,,6060,accuracy,0.6787257019438445,True,,69,performance_defended_max_acc,0.6787257019438445
main,compas,non-IID,LayerGuard,FedSA,,6060,aeod,0.2627987678870823,True,,69,performance_defended_max_acc,0.6787257019438445
main,compas,non-IID,LayerGuard,FedSA,,6060,aspd,0.26220809643920556,True,,69,performance_defended_max_acc,0.6787257019438445
main,compas,non-IID,LayerGuard,FedSA,,7070,accuracy,0.6630669546436285,True,,70,performance_defended_max_acc,0.6630669546436285
main,compas,non-IID,LayerGuard,FedSA,,7070,aeod,0.16931818181818187,True,,70,performance_defended_max_acc,0.6630669546436285
main,compas,non-IID,LayerGuard,FedSA,,7070,aspd,0.14739473847005005,True,,70,performance_defended_max_acc,0.6630669546436285
main,compas,non-IID,LoGoFair,Benign,,123,accuracy,0.6382289416846653,True,,,,
main,compas,non-IID,LoGoFair,Benign,,123,aeod,0.08509316770186337,True,,,,
main,compas,non-IID,LoGoFair,Benign,,123,aspd,0.056846420238413464,True,,,,
main,compas,non-IID,LoGoFair,Benign,,456,accuracy,0.6506479481641468,True,,,,
main,compas,non-IID,LoGoFair,Benign,,456,aeod,0.06988636363636369,True,,,,
main,compas,non-IID,LoGoFair,Benign,,456,aspd,0.055504133659061594,True,,,,
main,compas,non-IID,LoGoFair,Benign,,789,accuracy,0.6371490280777538,True,,,,
main,compas,non-IID,LoGoFair,Benign,,789,aeod,0.077163354271788,True,,,,
main,compas,non-IID,LoGoFair,Benign,,789,aspd,0.09815149629937425,True,,,,
main,compas,non-IID,LoGoFair,Benign,,1001,accuracy,0.6652267818574514,True,,,,
main,compas,non-IID,LoGoFair,Benign,,1001,aeod,0.04119635625233975,True,,,,
main,compas,non-IID,LoGoFair,Benign,,1001,aspd,0.01226383051239166,True,,,,
main,compas,non-IID,LoGoFair,Benign,,3141,accuracy,0.6587473002159827,True,,,,
main,compas,non-IID,LoGoFair,Benign,,3141,aeod,0.04611686602186227,True,,,,
main,compas,non-IID,LoGoFair,Benign,,3141,aspd,0.02559331984821661,True,,,,
main,compas,non-IID,LoGoFair,Benign,,4242,accuracy,0.6625269978401728,True,,,,
main,compas,non-IID,LoGoFair,Benign,,4242,aeod,0.017916322697199116,True,,,,
main,compas,non-IID,LoGoFair,Benign,,4242,aspd,0.014643762977868624,True,,,,
main,compas,non-IID,LoGoFair,Benign,,2024,accuracy,0.6960043196544277,True,,,,
main,compas,non-IID,LoGoFair,Benign,,2024,aeod,0.010197970672279011,True,,,,
main,compas,non-IID,LoGoFair,Benign,,2024,aspd,0.017016692209018525,True,,,,
main,compas,non-IID,LoGoFair,Benign,,5050,accuracy,0.6711663066954644,True,,,,
main,compas,non-IID,LoGoFair,Benign,,5050,aeod,0.044709787963161274,True,,,,
main,compas,non-IID,LoGoFair,Benign,,5050,aspd,0.04461060266333006,True,,,,
main,compas,non-IID,LoGoFair,Benign,,6060,accuracy,0.6641468682505399,True,,,,
main,compas,non-IID,LoGoFair,Benign,,6060,aeod,0.005946114555308635,True,,,,
main,compas,non-IID,LoGoFair,Benign,,6060,aspd,0.030434889179652813,True,,,,
main,compas,non-IID,LoGoFair,Benign,,7070,accuracy,0.6452483801295896,True,,,,
main,compas,non-IID,LoGoFair,Benign,,7070,aeod,0.10132575757575757,True,,,,
main,compas,non-IID,LoGoFair,Benign,,7070,aspd,0.07261303512005296,True,,,,
main,compas,non-IID,LoGoFair,FedSA,,123,accuracy,0.5512958963282938,False,degenerate_positive_rate,61,performance_defended_max_acc,0.5512958963282938
main,compas,non-IID,LoGoFair,FedSA,,123,aeod,0.003430937592428275,False,degenerate_positive_rate,61,performance_defended_max_acc,0.5512958963282938
main,compas,non-IID,LoGoFair,FedSA,,123,aspd,0.0003781746536608826,False,degenerate_positive_rate,61,performance_defended_max_acc,0.5512958963282938
main,compas,non-IID,LoGoFair,FedSA,,456,accuracy,0.6339092872570194,True,,70,performance_defended_max_acc,0.6339092872570194
main,compas,non-IID,LoGoFair,FedSA,,456,aeod,0.008890374331550821,True,,70,performance_defended_max_acc,0.6339092872570194
main,compas,non-IID,LoGoFair,FedSA,,456,aspd,0.005166052521923092,True,,70,performance_defended_max_acc,0.6339092872570194
main,compas,non-IID,LoGoFair,FedSA,,789,accuracy,0.6177105831533477,True,,69,performance_defended_max_acc,0.6177105831533477
main,compas,non-IID,LoGoFair,FedSA,,789,aeod,0.16350873579789243,True,,69,performance_defended_max_acc,0.6177105831533477
main,compas,non-IID,LoGoFair,FedSA,,789,aspd,0.11332517067465656,True,,69,performance_defended_max_acc,0.6177105831533477
main,compas,non-IID,LoGoFair,FedSA,,1001,accuracy,0.531317494600432,False,accuracy_not_above_majority_baseline;degenerate_positive_rate,62,performance_defended_max_acc,0.531317494600432
main,compas,non-IID,LoGoFair,FedSA,,1001,aeod,0.0029154518950437317,False,accuracy_not_above_majority_baseline;degenerate_positive_rate,62,performance_defended_max_acc,0.531317494600432
main,compas,non-IID,LoGoFair,FedSA,,1001,aspd,0.010137181688409765,False,accuracy_not_above_majority_baseline;degenerate_positive_rate,62,performance_defended_max_acc,0.531317494600432
main,compas,non-IID,LoGoFair,FedSA,,3141,accuracy,0.5388768898488121,False,accuracy_not_above_majority_baseline;degenerate_positive_rate,70,performance_defended_max_acc,0.5388768898488121
main,compas,non-IID,LoGoFair,FedSA,,3141,aeod,0.002890173410404624,False,accuracy_not_above_majority_baseline;degenerate_positive_rate,70,performance_defended_max_acc,0.5388768898488121
main,compas,non-IID,LoGoFair,FedSA,,3141,aspd,0.0009232597254498704,False,accuracy_not_above_majority_baseline;degenerate_positive_rate,70,performance_defended_max_acc,0.5388768898488121
main,compas,non-IID,LoGoFair,FedSA,,4242,accuracy,0.5480561555075594,False,accuracy_not_above_majority_baseline;degenerate_positive_rate,70,performance_defended_max_acc,0.5480561555075594
main,compas,non-IID,LoGoFair,FedSA,,4242,aeod,0.00199203187250996,False,accuracy_not_above_majority_baseline;degenerate_positive_rate,70,performance_defended_max_acc,0.5480561555075594
main,compas,non-IID,LoGoFair,FedSA,,4242,aspd,0.004197271773347324,False,accuracy_not_above_majority_baseline;degenerate_positive_rate,70,performance_defended_max_acc,0.5480561555075594
main,compas,non-IID,LoGoFair,FedSA,,2024,accuracy,0.5485961123110151,False,degenerate_positive_rate,62,performance_defended_max_acc,0.5485961123110151
main,compas,non-IID,LoGoFair,FedSA,,2024,aeod,0.015827387368889348,False,degenerate_positive_rate,62,performance_defended_max_acc,0.5485961123110151
main,compas,non-IID,LoGoFair,FedSA,,2024,aspd,0.00686316964051231,False,degenerate_positive_rate,62,performance_defended_max_acc,0.5485961123110151
main,compas,non-IID,LoGoFair,FedSA,,5050,accuracy,0.6695464362850972,True,,65,performance_defended_max_acc,0.6695464362850972
main,compas,non-IID,LoGoFair,FedSA,,5050,aeod,0.04163989433854498,True,,65,performance_defended_max_acc,0.6695464362850972
main,compas,non-IID,LoGoFair,FedSA,,5050,aspd,0.05171071506524094,True,,65,performance_defended_max_acc,0.6695464362850972
main,compas,non-IID,LoGoFair,FedSA,,6060,accuracy,0.6490280777537797,True,,69,performance_defended_max_acc,0.6490280777537797
main,compas,non-IID,LoGoFair,FedSA,,6060,aeod,0.017662884547900326,True,,69,performance_defended_max_acc,0.6490280777537797
main,compas,non-IID,LoGoFair,FedSA,,6060,aspd,0.020394585566100576,True,,69,performance_defended_max_acc,0.6490280777537797
main,compas,non-IID,LoGoFair,FedSA,,7070,accuracy,0.6517278617710583,True,,66,performance_defended_max_acc,0.6517278617710583
main,compas,non-IID,LoGoFair,FedSA,,7070,aeod,0.08598484848484844,True,,66,performance_defended_max_acc,0.6517278617710583
main,compas,non-IID,LoGoFair,FedSA,,7070,aspd,0.06881961652623236,True,,66,performance_defended_max_acc,0.6517278617710583
main,compas,non-IID,Median,Benign,,123,accuracy,0.6727861771058316,True,,,,
main,compas,non-IID,Median,Benign,,123,aeod,0.18713398402839398,True,,,,
main,compas,non-IID,Median,Benign,,123,aspd,0.21912303165345193,True,,,,
main,compas,non-IID,Median,Benign,,456,accuracy,0.6819654427645788,True,,,,
main,compas,non-IID,Median,Benign,,456,aeod,0.2368538324420677,True,,,,
main,compas,non-IID,Median,Benign,,456,aspd,0.24789231826898722,True,,,,
main,compas,non-IID,Median,Benign,,789,accuracy,0.6808855291576674,True,,,,
main,compas,non-IID,Median,Benign,,789,aeod,0.24921909861668895,True,,,,
main,compas,non-IID,Median,Benign,,789,aspd,0.23574520832871315,True,,,,
main,compas,non-IID,Median,Benign,,1001,accuracy,0.683585313174946,True,,,,
main,compas,non-IID,Median,Benign,,1001,aeod,0.24558995360234148,True,,,,
main,compas,non-IID,Median,Benign,,1001,aspd,0.2618077448768423,True,,,,
main,compas,non-IID,Median,Benign,,3141,accuracy,0.683585313174946,True,,,,
main,compas,non-IID,Median,Benign,,3141,aeod,0.2665541120586047,True,,,,
main,compas,non-IID,Median,Benign,,3141,aspd,0.2477475847595615,True,,,,
main,compas,non-IID,Median,Benign,,4242,accuracy,0.6852051835853131,True,,,,
main,compas,non-IID,Median,Benign,,4242,aeod,0.23379754256248275,True,,,,
main,compas,non-IID,Median,Benign,,4242,aspd,0.25985734411675787,True,,,,
main,compas,non-IID,Median,Benign,,2024,accuracy,0.7014038876889849,True,,,,
main,compas,non-IID,Median,Benign,,2024,aeod,0.2520917817360505,True,,,,
main,compas,non-IID,Median,Benign,,2024,aspd,0.21333135686497878,True,,,,
main,compas,non-IID,Median,Benign,,5050,accuracy,0.6922246220302376,True,,,,
main,compas,non-IID,Median,Benign,,5050,aeod,0.2691868351538517,True,,,,
main,compas,non-IID,Median,Benign,,5050,aspd,0.22304951169948656,True,,,,
main,compas,non-IID,Median,Benign,,6060,accuracy,0.6970842332613391,True,,,,
main,compas,non-IID,Median,Benign,,6060,aeod,0.2803251842320739,True,,,,
main,compas,non-IID,Median,Benign,,6060,aspd,0.26021684347888,True,,,,
main,compas,non-IID,Median,Benign,,7070,accuracy,0.6684665226781857,True,,,,
main,compas,non-IID,Median,Benign,,7070,aeod,0.20511363636363633,True,,,,
main,compas,non-IID,Median,Benign,,7070,aspd,0.1809915879483675,True,,,,
main,compas,non-IID,Median,FedSA,,123,accuracy,0.6576673866090713,True,,61,performance_defended_max_acc,0.6576673866090713
main,compas,non-IID,Median,FedSA,,123,aeod,0.1781721384205856,True,,61,performance_defended_max_acc,0.6576673866090713
main,compas,non-IID,Median,FedSA,,123,aspd,0.18634556059139978,True,,61,performance_defended_max_acc,0.6576673866090713
main,compas,non-IID,Median,FedSA,,456,accuracy,0.673866090712743,True,,70,performance_defended_max_acc,0.673866090712743
main,compas,non-IID,Median,FedSA,,456,aeod,0.240051247771836,True,,70,performance_defended_max_acc,0.673866090712743
main,compas,non-IID,Median,FedSA,,456,aspd,0.23156661184690464,True,,70,performance_defended_max_acc,0.673866090712743
main,compas,non-IID,Median,FedSA,,789,accuracy,0.6852051835853131,True,,69,performance_defended_max_acc,0.6852051835853131
main,compas,non-IID,Median,FedSA,,789,aeod,0.24029451137884872,True,,69,performance_defended_max_acc,0.6852051835853131
main,compas,non-IID,Median,FedSA,,789,aspd,0.23213387382739592,True,,69,performance_defended_max_acc,0.6852051835853131
main,compas,non-IID,Median,FedSA,,1001,accuracy,0.6814254859611231,True,,66,performance_defended_max_acc,0.6814254859611231
main,compas,non-IID,Median,FedSA,,1001,aeod,0.23682658166101345,True,,66,performance_defended_max_acc,0.6814254859611231
main,compas,non-IID,Median,FedSA,,1001,aspd,0.24946804599257427,True,,66,performance_defended_max_acc,0.6814254859611231
main,compas,non-IID,Median,FedSA,,3141,accuracy,0.6722462203023758,True,,66,performance_defended_max_acc,0.6722462203023758
main,compas,non-IID,Median,FedSA,,3141,aeod,0.24509242831797623,True,,66,performance_defended_max_acc,0.6722462203023758
main,compas,non-IID,Median,FedSA,,3141,aspd,0.23525965074870409,True,,66,performance_defended_max_acc,0.6722462203023758
main,compas,non-IID,Median,FedSA,,4242,accuracy,0.677645788336933,True,,68,performance_defended_max_acc,0.677645788336933
main,compas,non-IID,Median,FedSA,,4242,aeod,0.24506777694028692,True,,68,performance_defended_max_acc,0.677645788336933
main,compas,non-IID,Median,FedSA,,4242,aspd,0.24724685350517717,True,,68,performance_defended_max_acc,0.677645788336933
main,compas,non-IID,Median,FedSA,,2024,accuracy,0.699244060475162,True,,69,performance_defended_max_acc,0.699244060475162
main,compas,non-IID,Median,FedSA,,2024,aeod,0.2349639819995551,True,,69,performance_defended_max_acc,0.699244060475162
main,compas,non-IID,Median,FedSA,,2024,aspd,0.21698004194937365,True,,69,performance_defended_max_acc,0.699244060475162
main,compas,non-IID,Median,FedSA,,5050,accuracy,0.6798056155507559,True,,69,performance_defended_max_acc,0.6798056155507559
main,compas,non-IID,Median,FedSA,,5050,aeod,0.2187299207539088,True,,69,performance_defended_max_acc,0.6798056155507559
main,compas,non-IID,Median,FedSA,,5050,aspd,0.20046524820046058,True,,69,performance_defended_max_acc,0.6798056155507559
main,compas,non-IID,Median,FedSA,,6060,accuracy,0.6814254859611231,True,,69,performance_defended_max_acc,0.6814254859611231
main,compas,non-IID,Median,FedSA,,6060,aeod,0.26346161344406754,True,,69,performance_defended_max_acc,0.6814254859611231
main,compas,non-IID,Median,FedSA,,6060,aspd,0.2710846959487456,True,,69,performance_defended_max_acc,0.6814254859611231
main,compas,non-IID,Median,FedSA,,7070,accuracy,0.6614470842332614,True,,70,performance_defended_max_acc,0.6614470842332614
main,compas,non-IID,Median,FedSA,,7070,aeod,0.18617424242424246,True,,70,performance_defended_max_acc,0.6614470842332614
main,compas,non-IID,Median,FedSA,,7070,aspd,0.17530379446907896,True,,70,performance_defended_max_acc,0.6614470842332614
main,compas,non-IID,SmartFL,Benign,,123,accuracy,0.6700863930885529,True,,,,
main,compas,non-IID,SmartFL,Benign,,123,aeod,0.22318840579710142,True,,,,
main,compas,non-IID,SmartFL,Benign,,123,aspd,0.23757305248807406,True,,,,
main,compas,non-IID,SmartFL,Benign,,456,accuracy,0.6641468682505399,True,,,,
main,compas,non-IID,SmartFL,Benign,,456,aeod,0.25096925133689846,True,,,,
main,compas,non-IID,SmartFL,Benign,,456,aspd,0.23497018372985254,True,,,,
main,compas,non-IID,SmartFL,Benign,,789,accuracy,0.6803455723542117,True,,,,
main,compas,non-IID,SmartFL,Benign,,789,aeod,0.25744001647616105,True,,,,
main,compas,non-IID,SmartFL,Benign,,789,aspd,0.23946042413921498,True,,,,
main,compas,non-IID,SmartFL,Benign,,1001,accuracy,0.6841252699784017,True,,,,
main,compas,non-IID,SmartFL,Benign,,1001,aeod,0.2756633503874034,True,,,,
main,compas,non-IID,SmartFL,Benign,,1001,aspd,0.26218942114766675,True,,,,
main,compas,non-IID,SmartFL,Benign,,3141,accuracy,0.6673866090712743,True,,,,
main,compas,non-IID,SmartFL,Benign,,3141,aeod,0.2752818634464603,True,,,,
main,compas,non-IID,SmartFL,Benign,,3141,aspd,0.23557829791058504,True,,,,
main,compas,non-IID,SmartFL,Benign,,4242,accuracy,0.6614470842332614,True,,,,
main,compas,non-IID,SmartFL,Benign,,4242,aeod,0.2318354210784489,True,,,,
main,compas,non-IID,SmartFL,Benign,,4242,aspd,0.23723222841749086,True,,,,
main,compas,non-IID,SmartFL,Benign,,2024,accuracy,0.7105831533477321,True,,,,
main,compas,non-IID,SmartFL,Benign,,2024,aeod,0.26940779905206785,True,,,,
main,compas,non-IID,SmartFL,Benign,,2024,aspd,0.21496661208034573,True,,,,
main,compas,non-IID,SmartFL,Benign,,5050,accuracy,0.6868250539956804,True,,,,
main,compas,non-IID,SmartFL,Benign,,5050,aeod,0.2610301991861212,True,,,,
main,compas,non-IID,SmartFL,Benign,,5050,aspd,0.23303845826130704,True,,,,
main,compas,non-IID,SmartFL,Benign,,6060,accuracy,0.6970842332613391,True,,,,
main,compas,non-IID,SmartFL,Benign,,6060,aeod,0.2870121261746013,True,,,,
main,compas,non-IID,SmartFL,Benign,,6060,aspd,0.2655042853958053,True,,,,
main,compas,non-IID,SmartFL,Benign,,7070,accuracy,0.6722462203023758,True,,,,
main,compas,non-IID,SmartFL,Benign,,7070,aeod,0.21401515151515155,True,,,,
main,compas,non-IID,SmartFL,Benign,,7070,aspd,0.18120285218390025,True,,,,
main,compas,non-IID,SmartFL,FedSA,,123,accuracy,0.6528077753779697,True,,70,performance_defended_max_acc,0.6528077753779697
main,compas,non-IID,SmartFL,FedSA,,123,aeod,0.14486838213546288,True,,70,performance_defended_max_acc,0.6528077753779697
main,compas,non-IID,SmartFL,FedSA,,123,aspd,0.18229652394464177,True,,70,performance_defended_max_acc,0.6528077753779697
main,compas,non-IID,SmartFL,FedSA,,456,accuracy,0.6609071274298056,True,,65,performance_defended_max_acc,0.6609071274298056
main,compas,non-IID,SmartFL,FedSA,,456,aeod,0.2247994652406417,True,,65,performance_defended_max_acc,0.6609071274298056
main,compas,non-IID,SmartFL,FedSA,,456,aspd,0.22218928108298017,True,,65,performance_defended_max_acc,0.6609071274298056
main,compas,non-IID,SmartFL,FedSA,,789,accuracy,0.6614470842332614,True,,64,performance_defended_max_acc,0.6614470842332614
main,compas,non-IID,SmartFL,FedSA,,789,aeod,0.189819105481756,True,,64,performance_defended_max_acc,0.6614470842332614
main,compas,non-IID,SmartFL,FedSA,,789,aspd,0.19771764593281332,True,,64,performance_defended_max_acc,0.6614470842332614
main,compas,non-IID,SmartFL,FedSA,,1001,accuracy,0.6733261339092873,True,,68,performance_defended_max_acc,0.6733261339092873
main,compas,non-IID,SmartFL,FedSA,,1001,aeod,0.23876076278204444,True,,68,performance_defended_max_acc,0.6733261339092873
main,compas,non-IID,SmartFL,FedSA,,1001,aspd,0.2636134121275009,True,,68,performance_defended_max_acc,0.6733261339092873
main,compas,non-IID,SmartFL,FedSA,,3141,accuracy,0.6646868250539957,True,,61,performance_defended_max_acc,0.6646868250539957
main,compas,non-IID,SmartFL,FedSA,,3141,aeod,0.2584215646998226,True,,61,performance_defended_max_acc,0.6646868250539957
main,compas,non-IID,SmartFL,FedSA,,3141,aspd,0.23085461635698756,True,,61,performance_defended_max_acc,0.6646868250539957
main,compas,non-IID,SmartFL,FedSA,,4242,accuracy,0.6673866090712743,True,,66,performance_defended_max_acc,0.6673866090712743
main,compas,non-IID,SmartFL,FedSA,,4242,aeod,0.15616812031154664,True,,66,performance_defended_max_acc,0.6673866090712743
main,compas,non-IID,SmartFL,FedSA,,4242,aspd,0.18732834780862961,True,,66,performance_defended_max_acc,0.6673866090712743
main,compas,non-IID,SmartFL,FedSA,,2024,accuracy,0.6943844492440605,True,,63,performance_defended_max_acc,0.6943844492440605
main,compas,non-IID,SmartFL,FedSA,,2024,aeod,0.26518145885734823,True,,63,performance_defended_max_acc,0.6943844492440605
main,compas,non-IID,SmartFL,FedSA,,2024,aspd,0.21851491747271945,True,,63,performance_defended_max_acc,0.6943844492440605
main,compas,non-IID,SmartFL,FedSA,,5050,accuracy,0.6603671706263499,True,,61,performance_defended_max_acc,0.6603671706263499
main,compas,non-IID,SmartFL,FedSA,,5050,aeod,0.2336510316270436,True,,61,performance_defended_max_acc,0.6603671706263499
main,compas,non-IID,SmartFL,FedSA,,5050,aspd,0.22073961157728006,True,,61,performance_defended_max_acc,0.6603671706263499
main,compas,non-IID,SmartFL,FedSA,,6060,accuracy,0.6744060475161987,True,,64,performance_defended_max_acc,0.6744060475161987
main,compas,non-IID,SmartFL,FedSA,,6060,aeod,0.2248801029360159,True,,64,performance_defended_max_acc,0.6744060475161987
main,compas,non-IID,SmartFL,FedSA,,6060,aspd,0.23669064496286535,True,,64,performance_defended_max_acc,0.6744060475161987
main,compas,non-IID,SmartFL,FedSA,,7070,accuracy,0.6614470842332614,True,,63,performance_defended_max_acc,0.6614470842332614
main,compas,non-IID,SmartFL,FedSA,,7070,aeod,0.16496212121212123,True,,63,performance_defended_max_acc,0.6614470842332614
main,compas,non-IID,SmartFL,FedSA,,7070,aspd,0.14374255176849177,True,,63,performance_defended_max_acc,0.6614470842332614
