dataset,distribution,attack,seed,synthetic_method,server_ratio,synthetic_ratio,raw_line,raw_line_sha256,selected_round,raw_config_sha256,acc,aeod,aspd,root_clean_rows,root_synthetic_rows
adult,IID,Benign,123,none,0.01,0.0,4871,dbcdc9a116ccd5831fb214c80334fa22dca0d2562481b367e0e53b4e30bf9125,61,e9185c5711236f2ca4396fb5f7b2f6cfca905eaa73b3aed54d11e948b293a21d,0.8132678132678133,0.01446033504107902,0.07122903632610136,302,0
adult,IID,FedSA,123,none,0.01,0.0,4872,64c6bfe2a65c17cdac3ed6cbd92b2b238c88bc9f22e0166db667bc0dc75df55d,63,e9185c5711236f2ca4396fb5f7b2f6cfca905eaa73b3aed54d11e948b293a21d,0.8000531243774487,0.01241309661377396,0.04837307330078352,302,0
adult,non-IID,Benign,123,none,0.01,0.0,4873,fa20b5f5ce534a4059352846b955ff0eabd0a3f09b5f09d3a0b2c3dc1eb53bd0,64,e9185c5711236f2ca4396fb5f7b2f6cfca905eaa73b3aed54d11e948b293a21d,0.7991898532439073,0.018107549705795145,0.042733951196311584,302,0
adult,non-IID,FedSA,123,none,0.01,0.0,4874,0c7f868fbeccaffd3c7835a667e38432df6b12d0b239dfd2cfbff7bdfadc258c,65,e9185c5711236f2ca4396fb5f7b2f6cfca905eaa73b3aed54d11e948b293a21d,0.800982800982801,0.00042669841104822637,0.04790406091820664,302,0
compas,IID,Benign,123,none,0.01,0.0,4875,728bb6889f0c8a904b796001eb8ef65e55d969aaa5c9d1d9374cc63eeaa018fc,62,e9185c5711236f2ca4396fb5f7b2f6cfca905eaa73b3aed54d11e948b293a21d,0.6506479481641468,0.010381543921916592,0.0596348747063018,43,0
compas,IID,FedSA,123,none,0.01,0.0,4876,daa25cef9873854739c46149a315ab9b65119028d1de23cc51a1dde23dcd8c15,70,e9185c5711236f2ca4396fb5f7b2f6cfca905eaa73b3aed54d11e948b293a21d,0.652267818574514,0.01715468796214137,0.0551446342969395,43,0
compas,non-IID,Benign,123,none,0.01,0.0,4877,5c15ab9ee10332240860b44ef52a820c6e8bb0326bbca5c8821b8328e2f87cc3,70,e9185c5711236f2ca4396fb5f7b2f6cfca905eaa73b3aed54d11e948b293a21d,0.6576673866090713,0.02419402543626148,0.09110624256635852,43,0
compas,non-IID,FedSA,123,none,0.01,0.0,4878,f1c3b4294cfa6664d4d9bfcdf7827192cf8b6d60c89ca3a7950f972b08fb48fc,67,e9185c5711236f2ca4396fb5f7b2f6cfca905eaa73b3aed54d11e948b293a21d,0.6528077753779697,0.0644779650990831,0.1315557568336977,43,0
adult,IID,Benign,123,none,0.03,0.0,4879,8869ec89768c44589478ef22839fb2f69410f72385ae8d43eec000b8b7a9b6d3,67,6f8b2317fc753dca01ce0683f7325e95ea8b9a674c67ceac860323111be9a557,0.8323925891493459,0.0001496586127103794,0.0991697684396053,904,0
adult,IID,FedSA,123,none,0.03,0.0,4880,8d71999c0e9b9e9d8601fba0e086c62c193619a6f48825a672bf83bf40018a49,65,6f8b2317fc753dca01ce0683f7325e95ea8b9a674c67ceac860323111be9a557,0.8295371538614782,0.014512315704272305,0.09652599424747155,904,0
adult,non-IID,Benign,123,none,0.03,0.0,4881,28efd44175024d12b7210568d3951e56cf1cbd9419217b75d1dc5a911a650235,67,6f8b2317fc753dca01ce0683f7325e95ea8b9a674c67ceac860323111be9a557,0.829072315558802,0.0180121566205943,0.08930762907148951,904,0
adult,non-IID,FedSA,123,none,0.03,0.0,4882,d1e79f55258b9481b56bbb5971f660e61ce3e018e38a8a5bea5f7eb1b265225c,70,6f8b2317fc753dca01ce0683f7325e95ea8b9a674c67ceac860323111be9a557,0.831794939903048,0.015489666415522019,0.09468316617683067,904,0
compas,IID,Benign,123,none,0.03,0.0,4883,fc572639424c810bae21eb0cbeab6b94c084652d2c8a8ccf8a875b42770254d1,66,6f8b2317fc753dca01ce0683f7325e95ea8b9a674c67ceac860323111be9a557,0.6441684665226782,0.07435669920141974,0.005574574524334519,130,0
compas,IID,FedSA,123,none,0.03,0.0,4884,4ac48ef6ae7c2879ddd7ddd4cd8d6e8378c2c588417bb9cdf017d4e8621d0145,62,6f8b2317fc753dca01ce0683f7325e95ea8b9a674c67ceac860323111be9a557,0.642548596112311,0.05578231292517,0.004247461619357851,130,0
compas,non-IID,Benign,123,none,0.03,0.0,4885,67850ededc55276fa19194cddbdab4665f183dc930e185f16f2d17fe120edbd0,64,6f8b2317fc753dca01ce0683f7325e95ea8b9a674c67ceac860323111be9a557,0.6171706263498921,0.05424430641821942,0.02549644177335897,130,0
compas,non-IID,FedSA,123,none,0.03,0.0,4886,04b2f51e9434a42c63fe33d3b58ef99d0f939d1f39ed67d0f6985aeaca1bef9e,65,6f8b2317fc753dca01ce0683f7325e95ea8b9a674c67ceac860323111be9a557,0.6501079913606912,0.03602484472049694,0.026305315338133628,130,0
adult,IID,Benign,123,none,0.05,0.0,4887,61eab268374ffde546003d362a389c4436340bdd1a9e76a022702b1ac74f2b12,70,68489d43972178dd2c5a0b43ac5aeac361e4d7c9a90d9c6f51de87d9e077e951,0.8308652632976957,0.010989626144788434,0.09522770923310626,1508,0
adult,IID,FedSA,123,none,0.05,0.0,4888,bd694be78dceb79e7b6b4e80ced9d4b4dd2a8db4d1f0535b537e39d694947525,64,68489d43972178dd2c5a0b43ac5aeac361e4d7c9a90d9c6f51de87d9e077e951,0.8179826017663856,0.013369883546177963,0.07453517340097351,1508,0
adult,non-IID,Benign,123,none,0.05,0.0,4889,36fc5bd3a9a0a41acaed86d7b79481e6e89634137820d04bd1c6e58697ab9ecc,69,68489d43972178dd2c5a0b43ac5aeac361e4d7c9a90d9c6f51de87d9e077e951,0.826416096686367,0.002168336236063051,0.10141967975877048,1508,0
adult,non-IID,FedSA,123,none,0.05,0.0,4890,5aa7312fe4ff2060747875c968d26511f35a70ec09bb8c018c44ca512d7db3fa,67,68489d43972178dd2c5a0b43ac5aeac361e4d7c9a90d9c6f51de87d9e077e951,0.8343183478318613,0.0026687215213083704,0.10309521691627097,1508,0
compas,IID,Benign,123,none,0.05,0.0,4891,c1d7fb2dd16ed594408dda745fec800c35ee9cf17e2ae9a7dac1b06450fba860,66,68489d43972178dd2c5a0b43ac5aeac361e4d7c9a90d9c6f51de87d9e077e951,0.6355291576673866,0.11245193729665776,0.017622471978308657,216,0
compas,IID,FedSA,123,none,0.05,0.0,4892,01ea898b94bece16df6680dfd5625d91bb3650a41eec0db6044fb546e1a4ce08,68,68489d43972178dd2c5a0b43ac5aeac361e4d7c9a90d9c6f51de87d9e077e951,0.6479481641468683,0.1080449571132801,0.02678386968381563,216,0
compas,non-IID,Benign,123,none,0.05,0.0,4893,73af17a395bdd2a12ebb61f41a90be135ec2b31132601ef8998a114d5b604e43,67,68489d43972178dd2c5a0b43ac5aeac361e4d7c9a90d9c6f51de87d9e077e951,0.6301295896328294,0.05394853593611354,0.0183508083483222,216,0
compas,non-IID,FedSA,123,none,0.05,0.0,4894,913511e0c7f935f6707e8c00bafd1de6d3449edf1646b308f8de8d7188fcb6d4,64,68489d43972178dd2c5a0b43ac5aeac361e4d7c9a90d9c6f51de87d9e077e951,0.6495680345572354,0.10603371783496002,0.027095513611369526,216,0
adult,IID,Benign,123,none,0.07,0.0,4895,fa0179983de2391364d71321826ddc916a5cc9b6bd689d75061c35b67e4a4d25,65,eafd111787abd874d6543650c411c6ff509d48be035e09917fe841ec5be78802,0.8254864200810147,0.004241850603004249,0.07907993327943272,2112,0
adult,IID,FedSA,123,none,0.07,0.0,4896,b5c678ef0fbe2ba151e6c3a0a7c65e23b320f269243e13cd2b87419940c295e4,68,eafd111787abd874d6543650c411c6ff509d48be035e09917fe841ec5be78802,0.8260176638555017,0.002871503229370076,0.08219536794150809,2112,0
adult,non-IID,Benign,123,none,0.07,0.0,4897,17938b583db92373da99f95ad0002d1246d08c2f470062d12adb2b849fc3f42a,70,eafd111787abd874d6543650c411c6ff509d48be035e09917fe841ec5be78802,0.8353144299090245,0.002989744957732854,0.10476018178558043,2112,0
adult,non-IID,FedSA,123,none,0.07,0.0,4898,0437cbf03fd019e24819d140620b46c896ecd4a8fcf2fe566a03754fb27bacd8,66,eafd111787abd874d6543650c411c6ff509d48be035e09917fe841ec5be78802,0.825818447440069,0.0014920163984711854,0.07928347490369489,2112,0
compas,IID,Benign,123,none,0.07,0.0,4899,688ed4e4c76ebffaceab5ededb5df03759696abe7103a438ed769226001cdb70,61,eafd111787abd874d6543650c411c6ff509d48be035e09917fe841ec5be78802,0.658207343412527,0.057882283348121844,0.027235578297910623,303,0
compas,IID,FedSA,123,none,0.07,0.0,4900,bcea5d120bb17bf243028aa559dc49026c7b8a59a7d9e99b737f645ba9256aeb,70,eafd111787abd874d6543650c411c6ff509d48be035e09917fe841ec5be78802,0.6517278617710583,0.0753623188405797,0.0092372660773834,303,0
compas,non-IID,Benign,123,none,0.07,0.0,4901,e528a14db77f4be2b99a4c25dfc7c0c9e0bc4e0abc525e94f641b264f767d578,64,eafd111787abd874d6543650c411c6ff509d48be035e09917fe841ec5be78802,0.6506479481641468,0.06841171251109135,0.0006769793182818673,303,0
compas,non-IID,FedSA,123,none,0.07,0.0,4902,4e6198153af097f69d58561dffa0a32894a19b610e882ecacfbdff3f6ad78f14,62,eafd111787abd874d6543650c411c6ff509d48be035e09917fe841ec5be78802,0.6420086393088553,0.11221532091097308,0.017225622033108956,303,0
adult,IID,Benign,123,none,0.1,0.0,4903,b21943fade24268eb202270e72756b018c71a018a4b0be2c0c393b9ec915dd27,70,d332a1059f99b7f8ad885d25de04d52cf488b201d30eb5832c8c354be11610b1,0.8256192310246364,0.009128032943173714,0.07515033212030871,3016,0
adult,IID,FedSA,123,none,0.1,0.0,4904,e32ba927021639704e1beac31f0e31ccae645b3ca60ef49df4ccac2516beb07b,64,d332a1059f99b7f8ad885d25de04d52cf488b201d30eb5832c8c354be11610b1,0.8199747659207118,0.000530088521355776,0.07067656906899948,3016,0
adult,non-IID,Benign,123,none,0.1,0.0,4905,3b83041e5250d13565aff6e2635a91636449c4821f526970fb760fa78d8a7bfe,67,d332a1059f99b7f8ad885d25de04d52cf488b201d30eb5832c8c354be11610b1,0.8193771166744139,0.014059912569666932,0.06554724390477495,3016,0
adult,non-IID,FedSA,123,none,0.1,0.0,4906,5f88c634342d19dcdaeed0e34d1262dff5cab28a04a76638f4f32798101b4e42,61,d332a1059f99b7f8ad885d25de04d52cf488b201d30eb5832c8c354be11610b1,0.8205060096951989,0.002719559752343559,0.06958824528462906,3016,0
compas,IID,Benign,123,none,0.1,0.0,4907,c6e03a03248d184b9c0bc11a38c23dbbdebd51c1901f41725468647684b143ed,65,d332a1059f99b7f8ad885d25de04d52cf488b201d30eb5832c8c354be11610b1,0.6366090712742981,0.05829636202307009,0.019856503728638675,432,0
compas,IID,FedSA,123,none,0.1,0.0,4908,7177d55b791354334fe83e703d62c4828f11ab0385ec2d01e9b5d034ceb8ebbf,68,d332a1059f99b7f8ad885d25de04d52cf488b201d30eb5832c8c354be11610b1,0.6484881209503239,0.11171251109139313,0.024032765799004818,432,0
compas,non-IID,Benign,123,none,0.1,0.0,4909,5c6b8c6bbc76adac99f77b2ff97fbe2ec9f9f6fd1835fd4fc61fb45ea28aac91,64,d332a1059f99b7f8ad885d25de04d52cf488b201d30eb5832c8c354be11610b1,0.6268898488120951,0.08766637089618456,0.04599724306008657,432,0
compas,non-IID,FedSA,123,none,0.1,0.0,4910,37045ac308c8b4633ffddb96e62fa6176071bf933a759c7e25bbf62697dcc37e,69,d332a1059f99b7f8ad885d25de04d52cf488b201d30eb5832c8c354be11610b1,0.6544276457883369,0.09097900029577055,0.004550935106863496,432,0
adult,IID,Benign,123,gaussian_copula,0.01,0.09,4911,73a28e8fc220fce276d540fe2287fdadc43d3e2eefe1b5381f2b3a1e7ed181a6,67,aeba7f360b1e69ad2c35a16448d3c944b005235db77b0c031d13a9c70fd45fb6,0.8005843681519357,0.02501640818187062,0.03980695202375864,302,2715
adult,IID,FedSA,123,gaussian_copula,0.01,0.09,4912,9a32829005abbe0678ece80229882ed4e6a7c68ee9ef7dd74358aa05f9e69a4a,67,aeba7f360b1e69ad2c35a16448d3c944b005235db77b0c031d13a9c70fd45fb6,0.8131350023241916,0.0641487081091548,0.04609409320440999,302,2715
adult,non-IID,Benign,123,gaussian_copula,0.01,0.09,4913,1b2b870c5a7b93129325704922acadbda2c79fc72e8b3c2028b7527d15a49cc6,63,aeba7f360b1e69ad2c35a16448d3c944b005235db77b0c031d13a9c70fd45fb6,0.8018460721163424,0.00395966985995494,0.049543347364585336,302,2715
adult,non-IID,FedSA,123,gaussian_copula,0.01,0.09,4914,07600e082571bc51518112d34211ef1eabee78bbfbc5ba5115462a65a3bd926b,70,aeba7f360b1e69ad2c35a16448d3c944b005235db77b0c031d13a9c70fd45fb6,0.8105451889235673,0.009983143413507367,0.05497327056724318,302,2715
compas,IID,Benign,123,gaussian_copula,0.01,0.09,4915,79f7686b6c8340c1add2006356790cdd11835cf6a8fd0bbd39cf81606f6d93e2,66,aeba7f360b1e69ad2c35a16448d3c944b005235db77b0c031d13a9c70fd45fb6,0.6376889848812095,0.015173025732031942,0.04137277399278899,43,389
compas,IID,FedSA,123,gaussian_copula,0.01,0.09,4916,f972b1298533c6af020d4257f717a99d781209f83c8ffb6da1b89b54e5269e3f,69,aeba7f360b1e69ad2c35a16448d3c944b005235db77b0c031d13a9c70fd45fb6,0.6533477321814255,0.0036379769299023645,0.07131743676954808,43,389
compas,non-IID,Benign,123,gaussian_copula,0.01,0.09,4917,f7d4d844e3dbe049a1eb36c34f9371d9dbc566fd2fff02c9897d1ad45d49efdf,65,aeba7f360b1e69ad2c35a16448d3c944b005235db77b0c031d13a9c70fd45fb6,0.6614470842332614,0.005974563738538885,0.09332743505375568,43,389
compas,non-IID,FedSA,123,gaussian_copula,0.01,0.09,4918,b36e1ba6bf431225e6ac5d4e519d99352407ee506bee282e40106d38a41ce224,62,aeba7f360b1e69ad2c35a16448d3c944b005235db77b0c031d13a9c70fd45fb6,0.6630669546436285,0.013812481514344777,0.09456584032392296,43,389
adult,IID,Benign,123,forest_diffusion,0.01,0.09,4919,29b43726eb73caebf783928109df280351f108ed72c55c4cffdf99293bf68b79,61,3714c84674787d28c2300624184e6799d694150dd673769b641b7a28060749ff,0.8037718307988578,0.03478763043005145,0.038294934261030554,302,2715
adult,IID,FedSA,123,forest_diffusion,0.01,0.09,4920,2ea18f9e8c52d7f80a7fdd3d2429dc8753e9d66858ab27af4ca2712ed5bbde78,70,3714c84674787d28c2300624184e6799d694150dd673769b641b7a28060749ff,0.7989906368284747,0.0005500810841224113,0.04280229993609684,302,2715
adult,non-IID,Benign,123,forest_diffusion,0.01,0.09,4921,52a691f8ce8f466ad9f57931b5ee649e2fcd31fc348b28ddcb675fcb8aaf5149,62,3714c84674787d28c2300624184e6799d694150dd673769b641b7a28060749ff,0.7993226641875291,0.0091086115964861,0.037432801272397946,302,2715
adult,non-IID,FedSA,123,forest_diffusion,0.01,0.09,4922,3634b2fad83834ca8f8cb994fcf2b09e09b2e0e91e12750a2441f7020f65d3ac,70,3714c84674787d28c2300624184e6799d694150dd673769b641b7a28060749ff,0.8154591938375723,0.025014123317554426,0.05994210558815044,302,2715
compas,IID,Benign,123,forest_diffusion,0.01,0.09,4923,0a7578b7174171c52937ad0cd2b438edbdb085f1bbe32eb717bcfeca8b5dfa33,64,3714c84674787d28c2300624184e6799d694150dd673769b641b7a28060749ff,0.6549676025917927,0.0714285714285714,0.14748811492774416,43,389
compas,IID,FedSA,123,forest_diffusion,0.01,0.09,4924,96234f329b308126fcb3d07b1ccd5347308ec72a0413cc724b5bda5e25aa25f9,66,3714c84674787d28c2300624184e6799d694150dd673769b641b7a28060749ff,0.6587473002159827,0.07278911564625856,0.14360949031627773,43,389
compas,non-IID,Benign,123,forest_diffusion,0.01,0.09,4925,c6941c985b694809c47b0b2f5e868cdefba9aeb423fff7b653f0a466eb082ee0,63,3714c84674787d28c2300624184e6799d694150dd673769b641b7a28060749ff,0.6533477321814255,0.0706004140786749,0.13896401154599897,43,389
compas,non-IID,FedSA,123,forest_diffusion,0.01,0.09,4926,e6c3f6046de515382289cf5d5479b211d765cf7e27f1f1b0f0f9b5d04f4b5c3c,70,3714c84674787d28c2300624184e6799d694150dd673769b641b7a28060749ff,0.6490280777537797,0.045578231292517035,0.10227873572945106,43,389
adult,IID,Benign,123,smote,0.01,0.09,4927,dc2ec0313efa3136ac3bdf62b9b0885709a3f62304c33dc6c598139d12b6052a,67,03d555ec002c5ca3b98a50819e51129dcf727bcc6641df76593d38e9cc099cee,0.8103459725081347,0.23049768343319144,0.20519649831371,302,2715
adult,IID,FedSA,123,smote,0.01,0.09,4928,c49dc5ce86d7006e61e604434fa888cc9a5fdd59cab38c43493f5c87b7e01738,68,03d555ec002c5ca3b98a50819e51129dcf727bcc6641df76593d38e9cc099cee,0.6681054518892356,0.06420468728490136,0.04017152544557179,302,2715
adult,non-IID,Benign,123,smote,0.01,0.09,4929,6e99c046c57c05bf6b88d1ff25687920b4c4fdaf5ad468ebf22cfa2b679cd005,70,03d555ec002c5ca3b98a50819e51129dcf727bcc6641df76593d38e9cc099cee,0.8082209974101866,0.28867661230022434,0.24046623349574536,302,2715
adult,non-IID,FedSA,123,smote,0.01,0.09,4930,ecd3cb6ba2d24959c4cb395085c89b616c6d9a3f612b04ab4fbe026758fa6221,69,03d555ec002c5ca3b98a50819e51129dcf727bcc6641df76593d38e9cc099cee,0.8104123779799456,0.27329090721108895,0.22969513813968412,302,2715
compas,IID,Benign,123,smote,0.01,0.09,4931,f81e4cea446b96754e74a728756d003ab10e48fe3fbbad9a916d509b9ff192d2,70,03d555ec002c5ca3b98a50819e51129dcf727bcc6641df76593d38e9cc099cee,0.6355291576673866,0.049186631174208795,0.008525270587466327,43,389
compas,IID,FedSA,123,smote,0.01,0.09,4932,eb1852ff76df1e429b48a640c233aa1f40a1bf181d1f957f6b18e19011b309e3,70,03d555ec002c5ca3b98a50819e51129dcf727bcc6641df76593d38e9cc099cee,0.6441684665226782,0.061194912747707775,0.022396343377916683,43,389
compas,non-IID,Benign,123,smote,0.01,0.09,4933,18e6b2368db9093194e7863152e9f89268b245f75a05504cd9ac61305bf32e78,61,03d555ec002c5ca3b98a50819e51129dcf727bcc6641df76593d38e9cc099cee,0.6479481641468683,0.00706891452233066,0.07914471833575143,43,389
compas,non-IID,FedSA,123,smote,0.01,0.09,4934,3d7cf7666e0b7ed490202e317f6963fdffdcb983387613a6dcc38a85a40da9ef,61,03d555ec002c5ca3b98a50819e51129dcf727bcc6641df76593d38e9cc099cee,0.661987041036717,0.0018633540372671176,0.07708343303215537,43,389
adult,IID,Benign,123,ctgan,0.01,0.09,4935,68bffd127610e1af3ef35664ca00a35f6f298e30ac6d60c5129cfa5cc01a9e70,67,ce0c2e40c3ac0ff6414cbde56f57e3dd37021dbeec9d4cce4e2b3a762ca1161b,0.7621355999734378,0.00018107549705794618,0.006389473708284047,302,2715
adult,IID,FedSA,123,ctgan,0.01,0.09,4936,43d47b1fab4eb19d28cb9f4029f95cf341eda26e1650c6c8347582a4739c3804,67,ce0c2e40c3ac0ff6414cbde56f57e3dd37021dbeec9d4cce4e2b3a762ca1161b,0.7656550899794143,0.0013851989916893737,0.009485649553161337,302,2715
adult,non-IID,Benign,123,ctgan,0.01,0.09,4937,eedc5f559c5d13193a65557a5baff17eb88cc21a5c57fb7667296e0b6cab860f,68,ce0c2e40c3ac0ff6414cbde56f57e3dd37021dbeec9d4cce4e2b3a762ca1161b,0.7613387343117073,0.001885584276934693,0.005508844230634126,302,2715
adult,non-IID,FedSA,123,ctgan,0.01,0.09,4938,0416ce112d34cf9bdfabe37ca9da06e2b23f17da7d37889f5d312881bec18c36,64,ce0c2e40c3ac0ff6414cbde56f57e3dd37021dbeec9d4cce4e2b3a762ca1161b,0.7608074905372203,0.004023074844729191,0.005928766690623833,302,2715
compas,IID,Benign,123,ctgan,0.01,0.09,4939,5cf3a423ff8ed8bfade66a16d33895d2bbb1d76a1cea4614776d3dbb60b90a7e,68,ce0c2e40c3ac0ff6414cbde56f57e3dd37021dbeec9d4cce4e2b3a762ca1161b,0.6474082073434125,0.264773735581189,0.3524611116233847,43,389
compas,IID,FedSA,123,ctgan,0.01,0.09,4940,fa03d0f648e0643f83b35df065c159da1ef4ee1152d40906323a92803235c354,68,ce0c2e40c3ac0ff6414cbde56f57e3dd37021dbeec9d4cce4e2b3a762ca1161b,0.5728941684665226,0.04300502809819584,0.09665864018199077,43,389
compas,non-IID,Benign,123,ctgan,0.01,0.09,4941,f162d267b5efdb3a7e84b478b203b9fc551b8b6243bd671bddc031353e751de0,70,ce0c2e40c3ac0ff6414cbde56f57e3dd37021dbeec9d4cce4e2b3a762ca1161b,0.6663066954643628,0.24865424430641825,0.32780389076355093,43,389
compas,non-IID,FedSA,123,ctgan,0.01,0.09,4942,20b3ee2936bc8dc6cba4d5301a2db98ee7212974a2f4955ca922f9e9130e3812,65,ce0c2e40c3ac0ff6414cbde56f57e3dd37021dbeec9d4cce4e2b3a762ca1161b,0.6360691144708424,0.18778467908902696,0.2771588345217433,43,389
adult,IID,Benign,123,tvae,0.01,0.09,4943,b56700f25150f4cde64fb09b95f7289a8e7cf0184c38e5ccd2e1d3f49cbf0558,65,9586751340504b0ecc1f7ad784f79995934ab4b8e48d177e2afbe2295ec2c00a,0.7626668437479248,0.0047959301996800055,0.007375083800931397,302,2715
adult,IID,FedSA,123,tvae,0.01,0.09,4944,58e5287e0252790f973053e95414816e3d15be87798f5ca9987e1025c7a07973,70,9586751340504b0ecc1f7ad784f79995934ab4b8e48d177e2afbe2295ec2c00a,0.7616043561989508,0.005727583624605931,0.006809396168273755,302,2715
adult,non-IID,Benign,123,tvae,0.01,0.09,4945,618829728b589176ab8e9e5de69e204e4507ed78891715ae77f2e9a48a83c155,67,9586751340504b0ecc1f7ad784f79995934ab4b8e48d177e2afbe2295ec2c00a,0.7614051397835182,0.0008642499275983602,0.00580452725842833,302,2715
adult,non-IID,FedSA,123,tvae,0.01,0.09,4946,3ba0d4f0bcf8da6c1407c8fd6679641a7ceeea2b8530c218a2a7a165ba9e88f7,63,9586751340504b0ecc1f7ad784f79995934ab4b8e48d177e2afbe2295ec2c00a,0.7618035726143835,0.0006597545712994785,0.006093790680489843,302,2715
compas,IID,Benign,123,tvae,0.01,0.09,4947,7c5249e1461beaf7b0798ac66b3e42c4cf8eb0780c76ccf13fb3eca9d6322d61,61,9586751340504b0ecc1f7ad784f79995934ab4b8e48d177e2afbe2295ec2c00a,0.6630669546436285,0.059745637385388906,0.13154758639364944,43,389
compas,IID,FedSA,123,tvae,0.01,0.09,4948,99cfac7951515e1a8a1a62d114e3366934e91c9d2a74d1bcba8f527e327e906d,61,9586751340504b0ecc1f7ad784f79995934ab4b8e48d177e2afbe2295ec2c00a,0.5788336933045356,0.08864241348713399,0.041138165642832715,43,389
compas,non-IID,Benign,123,tvae,0.01,0.09,4949,d00ca86584f67528e396edfd5e2ea86629713f7d64d24f71c2a252bcd30f2e72,64,9586751340504b0ecc1f7ad784f79995934ab4b8e48d177e2afbe2295ec2c00a,0.5728941684665226,0.14770777876367938,0.08071927885361724,43,389
compas,non-IID,FedSA,123,tvae,0.01,0.09,4950,0954456ff3cb02212f18e15af60f5bfc0d9204e5ff737f495939f85e6dfba7c2,63,9586751340504b0ecc1f7ad784f79995934ab4b8e48d177e2afbe2295ec2c00a,0.5955723542116631,0.24859509020999707,0.13161645153119883,43,389
adult,IID,Benign,123,gaussian_copula,0.02,0.08,4951,33af87fb28741db9c95821971f1e18dd52dafa61b1ee76788632c14b9c183911,64,b42866c552c24f3f83272829693670e6dfd5f429f2e9fbfbed33e8bfa17ee35f,0.8224317683777144,0.024006498154115263,0.07966299397010446,604,2413
adult,IID,FedSA,123,gaussian_copula,0.02,0.08,4952,7464e573e0e5e2b6c7d1494606c967b6cf06644a704031a79b0e467e812795c5,66,b42866c552c24f3f83272829693670e6dfd5f429f2e9fbfbed33e8bfa17ee35f,0.8073577262766451,0.002448232114796167,0.05381394995572277,604,2413
adult,non-IID,Benign,123,gaussian_copula,0.02,0.08,4953,bf9a293ee90742e4b24379eadb37520dcf3849b8f7780cf9396b411008f4a208,65,b42866c552c24f3f83272829693670e6dfd5f429f2e9fbfbed33e8bfa17ee35f,0.7952719304070656,0.0057681399662182775,0.03453601436932449,604,2413
adult,non-IID,FedSA,123,gaussian_copula,0.02,0.08,4954,817060b31dc30ca5ac59c0f51076f7c924f3dea6b589015507f60b9c8d556ff3,63,b42866c552c24f3f83272829693670e6dfd5f429f2e9fbfbed33e8bfa17ee35f,0.7987914204130421,0.00658555017533477,0.03878093853753116,604,2413
compas,IID,Benign,123,gaussian_copula,0.02,0.08,4955,b8cd3da20b9f72bf9a85864e1735824c4eb9345e874fa130e738667a4320bd8b,66,b42866c552c24f3f83272829693670e6dfd5f429f2e9fbfbed33e8bfa17ee35f,0.6641468682505399,0.006211180124223614,0.06536702200299505,86,346
compas,IID,FedSA,123,gaussian_copula,0.02,0.08,4956,064135a97779086c43ae940bf010eed9a3c9f88363864ee7b9b84f31b417d78d,67,b42866c552c24f3f83272829693670e6dfd5f429f2e9fbfbed33e8bfa17ee35f,0.6641468682505399,0.0004436557231588534,0.08784740419283638,86,346
compas,non-IID,Benign,123,gaussian_copula,0.02,0.08,4957,829283136c42f071177b8e98d746a3dbe285d5eb3cd7b01ea7e259e046b98655,68,b42866c552c24f3f83272829693670e6dfd5f429f2e9fbfbed33e8bfa17ee35f,0.6490280777537797,0.03070097604259092,0.04362431382893667,86,346
compas,non-IID,FedSA,123,gaussian_copula,0.02,0.08,4958,19aaa3817b23fc7094548d12467d9106f34beb63109889e48ff201e44f652159,61,b42866c552c24f3f83272829693670e6dfd5f429f2e9fbfbed33e8bfa17ee35f,0.6565874730021598,0.007867494824016608,0.06075422499290922,86,346
adult,IID,Benign,123,forest_diffusion,0.02,0.08,4959,a9401777b0648fd8db124d8adfd3b5eb254ab5fe22110f2d775f8b74887312d4,65,5f7140f3de432f00dc22113efb800f2525be16125b1f947c2377a1f71f0852b2,0.8173849525200877,0.001356066971658021,0.06882128295098361,604,2413
adult,IID,FedSA,123,forest_diffusion,0.02,0.08,4960,23b80fad4ab352575ddf52b4d64475ae2140c8f94da505d24e4299a042afa389,68,5f7140f3de432f00dc22113efb800f2525be16125b1f947c2377a1f71f0852b2,0.8267481240454213,0.010694878648000061,0.09043862317271438,604,2413
adult,non-IID,Benign,123,forest_diffusion,0.02,0.08,4961,7983619f4661e023de724decfed51e06a08d21562b7251f416eee183c9ae3cf8,68,5f7140f3de432f00dc22113efb800f2525be16125b1f947c2377a1f71f0852b2,0.8140646789295438,0.005392279786205267,0.06100210286222535,604,2413
adult,non-IID,FedSA,123,forest_diffusion,0.02,0.08,4962,ac1859dd3cae7c026ae6f59d282081813213bdf3bef8aad2a9720df3d5d56ab8,66,5f7140f3de432f00dc22113efb800f2525be16125b1f947c2377a1f71f0852b2,0.8141310844013546,0.0008116980483259817,0.061694296850352846,604,2413
compas,IID,Benign,123,forest_diffusion,0.02,0.08,4963,5c83c63f0e62000c0ce3adf02dc647015e2d84956ce5c8515bcbbf83d8f1ac10,62,5f7140f3de432f00dc22113efb800f2525be16125b1f947c2377a1f71f0852b2,0.6614470842332614,0.005767524401064761,0.04761032136675114,86,346
compas,IID,FedSA,123,forest_diffusion,0.02,0.08,4964,c0b7087a8e1a3b019ec2e8f0f3488bd092ddf18891cdb67d91a078ea229aaa0e,70,5f7140f3de432f00dc22113efb800f2525be16125b1f947c2377a1f71f0852b2,0.6690064794816415,0.0018633540372670065,0.06681318989153162,86,346
compas,non-IID,Benign,123,forest_diffusion,0.02,0.08,4965,1b7d337b81599b08144605d5a3fc0ad237361edddb4260eab5a60dc2177ef362,63,5f7140f3de432f00dc22113efb800f2525be16125b1f947c2377a1f71f0852b2,0.6603671706263499,0.002188701567583551,0.06383214647964919,86,346
compas,non-IID,FedSA,123,forest_diffusion,0.02,0.08,4966,0dd461acca5ebb49e2a73de5da51e8dea89aa9ec2ddc3478b54ac032f0752e29,67,5f7140f3de432f00dc22113efb800f2525be16125b1f947c2377a1f71f0852b2,0.658207343412527,0.01564625850340129,0.05390622902677222,86,346
adult,IID,Benign,123,smote,0.02,0.08,4967,ec84bae4376fb6e0a1103aa55bfa01a3bab2698e13be05d2f96ec6832e78d562,66,312fa5daae5836d5e1ccd72aa32c4b5237347d639e1a4f79001c585c1d8109a3,0.7797330500033203,0.042786369184948936,0.15664827008276355,604,2413
adult,IID,FedSA,123,smote,0.02,0.08,4968,dff806e408b2a7ff5b99a310e48a811e1b4e6d8345e725b0daaa436e836ac8ee,68,312fa5daae5836d5e1ccd72aa32c4b5237347d639e1a4f79001c585c1d8109a3,0.7956039577661199,0.037467776272940734,0.1728919388970692,604,2413
adult,non-IID,Benign,123,smote,0.02,0.08,4969,1ab89ae0db2d709bf4df685a8640860b5895754685e2e22dac49ea019b34a216,64,312fa5daae5836d5e1ccd72aa32c4b5237347d639e1a4f79001c585c1d8109a3,0.7948070921043894,0.00024333804967413553,0.16713311120695046,604,2413
adult,non-IID,FedSA,123,smote,0.02,0.08,4970,789ebe57fddd1f5b10f4fda7257baf31ea251957eb5763f3ac41c307bec737d3,63,312fa5daae5836d5e1ccd72aa32c4b5237347d639e1a4f79001c585c1d8109a3,0.7956703632379308,0.09107640529151728,0.1612757024462991,604,2413
compas,IID,Benign,123,smote,0.02,0.08,4971,b41c52ca6052369aa74d0eac628e8341abd7e69117aee984f6a815b6e0ad02de,69,312fa5daae5836d5e1ccd72aa32c4b5237347d639e1a4f79001c585c1d8109a3,0.6414686825053996,0.09739721975746818,0.1540256341720485,86,346
compas,IID,FedSA,123,smote,0.02,0.08,4972,37db113730e78cd948f01e013c7a804ec091736da58593b0c19627501afedf52,65,312fa5daae5836d5e1ccd72aa32c4b5237347d639e1a4f79001c585c1d8109a3,0.6652267818574514,0.03238686779059441,0.08003179468384486,86,346
compas,non-IID,Benign,123,smote,0.02,0.08,4973,7a32d44fb404be11a4cb1aad1e6f7566b92addcb03f37fb7b5deffb2f460e1f5,61,312fa5daae5836d5e1ccd72aa32c4b5237347d639e1a4f79001c585c1d8109a3,0.6549676025917927,0.004259094942324793,0.04974630783650247,86,346
compas,non-IID,FedSA,123,smote,0.02,0.08,4974,6ea204042c01ebde53bd4e7eec2a6bb8ef4e6f81c2b403637746c45794a00cd0,70,312fa5daae5836d5e1ccd72aa32c4b5237347d639e1a4f79001c585c1d8109a3,0.656047516198704,0.007157645666962531,0.05419569604562369,86,346
adult,IID,Benign,123,ctgan,0.02,0.08,4975,7a6d96aae5000d17319628988aafa17cc8388860a40d7aaceabf46d2e70e4e5a,63,610bc353faa541654a3442c18e276e9b5b5c23d3a4bf34b71f308722a1ceef66,0.7547645926024305,0.0022271714922048997,0.0006899270648531441,604,2413
adult,IID,FedSA,123,ctgan,0.02,0.08,4976,b9f312683b71c4b0ba871d35d1ba5d732a25a1a832bf0a77757a5929f4e59c24,61,610bc353faa541654a3442c18e276e9b5b5c23d3a4bf34b71f308722a1ceef66,0.7542997542997543,0.0,0.0,604,2413
adult,non-IID,Benign,123,ctgan,0.02,0.08,4977,e5cd0c0947a7750c1048241b1ea752c44072de4ae5c99235525285bc136a6095,61,610bc353faa541654a3442c18e276e9b5b5c23d3a4bf34b71f308722a1ceef66,0.7542997542997543,0.0,0.0,604,2413
adult,non-IID,FedSA,123,ctgan,0.02,0.08,4978,5f8c5e375b7ea40aa8ce81dcb5a47850977b7ec5cd47a9ee8e47cb1dc2320965,61,610bc353faa541654a3442c18e276e9b5b5c23d3a4bf34b71f308722a1ceef66,0.7542997542997543,0.0,0.0,604,2413
compas,IID,Benign,123,ctgan,0.02,0.08,4979,5fb251d2e2bb8cda137b01a49ce026effec5fc28a57a499793c474c3e1803755,61,610bc353faa541654a3442c18e276e9b5b5c23d3a4bf34b71f308722a1ceef66,0.6636069114470843,0.05235137533274181,0.10959361398405831,86,346
compas,IID,FedSA,123,ctgan,0.02,0.08,4980,051fdfe9f46f05accf0283d7e24aa6d7ec3b7928a659914178dd1aba923505ac,64,610bc353faa541654a3442c18e276e9b5b5c23d3a4bf34b71f308722a1ceef66,0.6452483801295896,0.061224489795918324,0.11236689477757145,86,346
compas,non-IID,Benign,123,ctgan,0.02,0.08,4981,a2bf90ecb1a4181e9f9c85fc0745153f76a6fdcce9fe9859e555819f441de9b0,65,610bc353faa541654a3442c18e276e9b5b5c23d3a4bf34b71f308722a1ceef66,0.6263498920086393,0.025939071280686232,0.029433426670884166,86,346
compas,non-IID,FedSA,123,ctgan,0.02,0.08,4982,d7e6c02624cf1af8e3ab99267ee1e3c3a852c763aa2c9af6670ca9344e7eaf13,62,610bc353faa541654a3442c18e276e9b5b5c23d3a4bf34b71f308722a1ceef66,0.6096112311015118,0.11413782904466135,0.037700744793970675,86,346
adult,IID,Benign,123,tvae,0.02,0.08,4983,b1ae74909772da2782ca9324d76309bb44ec257d2b79bbe5ad0d6d47734f5275,62,ad5a9303c814a00541b2f0b740448785323dfaddee13a7dc41298c196821b1a2,0.7568895677003785,0.006612968547129039,0.0011249556595825916,604,2413
adult,IID,FedSA,123,tvae,0.02,0.08,4984,d85ab25f9e906d4ef8f142be9e7f75fe4a63de5378d9e685ae2f20ce8dcee740,64,ad5a9303c814a00541b2f0b740448785323dfaddee13a7dc41298c196821b1a2,0.7564911348695132,0.008521972683304666,0.0005335896039941825,604,2413
adult,non-IID,Benign,123,tvae,0.02,0.08,4985,6b47a236961f6b3ec88b80566609a0bbf2fe5a02d00f1a13b07f8e354441429f,67,ad5a9303c814a00541b2f0b740448785323dfaddee13a7dc41298c196821b1a2,0.7946078756889567,0.01079084294928001,0.03341521139220024,604,2413
adult,non-IID,FedSA,123,tvae,0.02,0.08,4986,44e9d550da938138d04e4f375d79779c35e7df26a3a99525829a0050c466742c,69,ad5a9303c814a00541b2f0b740448785323dfaddee13a7dc41298c196821b1a2,0.7562919184540806,0.005249475766443455,0.0008421118432537708,604,2413
compas,IID,Benign,123,tvae,0.02,0.08,4987,650a9ad45536b959b48c854fdc7dcb2ccc70648c123e4933e57c1f1f2b2ac246,67,ad5a9303c814a00541b2f0b740448785323dfaddee13a7dc41298c196821b1a2,0.5674946004319654,0.11733215025140491,0.06038188636785423,86,346
compas,IID,FedSA,123,tvae,0.02,0.08,4988,3577ad58465643083e98f617bcf8efb14db33ea6a8a1bb2500770b1220ba9fe0,61,ad5a9303c814a00541b2f0b740448785323dfaddee13a7dc41298c196821b1a2,0.5680345572354212,0.15039929015084297,0.08139042214329317,86,346
compas,non-IID,Benign,123,tvae,0.02,0.08,4989,96e3c5f9936bcf59d91a5e572a71cb104e72bbc6ba8fa768a52e5b8f72316d1b,70,ad5a9303c814a00541b2f0b740448785323dfaddee13a7dc41298c196821b1a2,0.5772138228941684,0.19967465246968352,0.10030032203205846,86,346
compas,non-IID,FedSA,123,tvae,0.02,0.08,4990,7006ff5dc2538c53d0af626b1f902b97443ef764761cd7538674d87e74666608,61,ad5a9303c814a00541b2f0b740448785323dfaddee13a7dc41298c196821b1a2,0.5755939524838013,0.1671398994380361,0.08628101411501879,86,346
adult,IID,Benign,123,gaussian_copula,0.03,0.07,4991,181574b990f7249201beea12d9916be789df594faa1baa313f6e3f867328c266,65,6a00ba37e7651239632e355b0d7a7330d0d1abdde9a2b9e95ed85e2b331ea563,0.7961352015406069,0.042947452119240226,0.02946031297423584,904,2111
adult,IID,FedSA,123,gaussian_copula,0.03,0.07,4992,e21744a2b56383202856d6024e33e2ff4dc48185241874d9a806b51704cf3408,63,6a00ba37e7651239632e355b0d7a7330d0d1abdde9a2b9e95ed85e2b331ea563,0.78424862208646,0.01349612229964739,0.02535662013214839,904,2111
adult,non-IID,Benign,123,gaussian_copula,0.03,0.07,4993,6368009fdf51409bff0f93332021ede837f20309976e73f49ab75d8ad8640b1a,68,6a00ba37e7651239632e355b0d7a7330d0d1abdde9a2b9e95ed85e2b331ea563,0.8230958230958231,0.05912429147785592,0.06605780317320309,904,2111
adult,non-IID,FedSA,123,gaussian_copula,0.03,0.07,4994,0a574c8fcd97fc014d46ac19f26da430585624ad820c2610ff32d5ae16e03845,61,6a00ba37e7651239632e355b0d7a7330d0d1abdde9a2b9e95ed85e2b331ea563,0.8168537087456006,0.07514690249512895,0.05421310900342081,904,2111
compas,IID,Benign,123,gaussian_copula,0.03,0.07,4995,c278e5350ad6282ec759f216a41eab9d0a19e054bba771422afa3e9a4be7aeac,63,6a00ba37e7651239632e355b0d7a7330d0d1abdde9a2b9e95ed85e2b331ea563,0.6571274298056156,0.018958887902987276,0.030650822238070252,130,302
compas,IID,FedSA,123,gaussian_copula,0.03,0.07,4996,539e64be09e6505878ea4a20e39011975a9a8013266994bb224676fe7911db25,68,6a00ba37e7651239632e355b0d7a7330d0d1abdde9a2b9e95ed85e2b331ea563,0.6598272138228942,0.017657497781721432,0.03279031032498514,130,302
compas,non-IID,Benign,123,gaussian_copula,0.03,0.07,4997,5c3395732d104bea14619b83eb676ab453007d5a08115d874135a1697742e694,64,6a00ba37e7651239632e355b0d7a7330d0d1abdde9a2b9e95ed85e2b331ea563,0.658207343412527,0.0014492753623188692,0.04947551610918982,130,302
compas,non-IID,FedSA,123,gaussian_copula,0.03,0.07,4998,c1d9fc83f94d34842b94f3250d50a3b26acf7e5a6ad07098c95e669d0096db25,66,6a00ba37e7651239632e355b0d7a7330d0d1abdde9a2b9e95ed85e2b331ea563,0.6538876889848813,0.016149068322981353,0.020050259878353738,130,302
adult,IID,Benign,123,forest_diffusion,0.03,0.07,4999,eae3c7beacf04f1d801de4a9e8fde2f532f824ecf82c3af16c755b236a22c626,63,111fefb5bed1e416c2c0be4ed1ad07892b38a12d3f391657247bbb5064cb8e7d,0.8325918055647785,0.01726157869272632,0.09663777563229205,904,2111
adult,IID,FedSA,123,forest_diffusion,0.03,0.07,5000,8a21cf0c93408f5b4fa78b682ecb34485096f977eab248bb3bd9a7e233065a67,62,111fefb5bed1e416c2c0be4ed1ad07892b38a12d3f391657247bbb5064cb8e7d,0.8236270668703101,0.002966896314570977,0.0813381700247825,904,2111
adult,non-IID,Benign,123,forest_diffusion,0.03,0.07,5001,d19f9a5bbcb006e29578374b6ddfbabca56400db7ed6c2f422b4e2b86b7e6bdf,63,111fefb5bed1e416c2c0be4ed1ad07892b38a12d3f391657247bbb5064cb8e7d,0.8343847533036722,0.03130606842825895,0.09756334235007082,904,2111
adult,non-IID,FedSA,123,forest_diffusion,0.03,0.07,5002,b6cf0548cb2c9591938c9549a6c50d438561552d3b933b69a36cbd1c098afbf2,66,111fefb5bed1e416c2c0be4ed1ad07892b38a12d3f391657247bbb5064cb8e7d,0.8359120791553224,0.028215218224534766,0.09892393766257902,904,2111
compas,IID,Benign,123,forest_diffusion,0.03,0.07,5003,d032471af2ba58fe522f4e9255a295060c610a0e8006c49d17c33eeb826264a6,63,111fefb5bed1e416c2c0be4ed1ad07892b38a12d3f391657247bbb5064cb8e7d,0.656047516198704,0.03972197574682046,0.05388755373523335,130,302
compas,IID,FedSA,123,forest_diffusion,0.03,0.07,5004,a2d4854ecf1105c5ae2116faf912be8445b19d084fed617c5bcdc082d0d002ab,64,111fefb5bed1e416c2c0be4ed1ad07892b38a12d3f391657247bbb5064cb8e7d,0.652267818574514,0.0038450162673765442,0.06645719214657297,130,302
compas,non-IID,Benign,123,forest_diffusion,0.03,0.07,5005,c9afa5e90d31d90b1020330b545e5cf62ab330341d92d72cd3611dc32a9d3d53,65,111fefb5bed1e416c2c0be4ed1ad07892b38a12d3f391657247bbb5064cb8e7d,0.6576673866090713,0.0009464655427388058,0.07980535677393674,130,302
compas,non-IID,FedSA,123,forest_diffusion,0.03,0.07,5006,8727c090e4a871ef336b8a6992d8b0103904d4ef5cc20780f63695c8098ad8e3,69,111fefb5bed1e416c2c0be4ed1ad07892b38a12d3f391657247bbb5064cb8e7d,0.6517278617710583,0.003430937592428296,0.07218933944326622,130,302
adult,IID,Benign,123,smote,0.03,0.07,5007,1d100b27cba23dd9a612c7430c0e96402aa2f44bb0159b281a5be00dff46ecef,62,c400fd6a85a6cf17b01704823bcc772c62dc1c16e1d385574701c2858a6901fc,0.7967328507869048,0.004195582100601447,0.14304229689641354,904,2111
adult,IID,FedSA,123,smote,0.03,0.07,5008,fa390ad798a23cf8e40e7cfd884927154b5c61b76ef460e3bdc11b8eb4d33122,65,c400fd6a85a6cf17b01704823bcc772c62dc1c16e1d385574701c2858a6901fc,0.7907563583239259,0.006536425592536754,0.14500521171679154,904,2111
adult,non-IID,Benign,123,smote,0.03,0.07,5009,bcdc747e48e8e83d46c4f0001b44d9cf94e0d38b386cdf532efcdb38bb416af9,66,c400fd6a85a6cf17b01704823bcc772c62dc1c16e1d385574701c2858a6901fc,0.7872368683179494,0.023257062658405325,0.10821100072465312,904,2111
adult,non-IID,FedSA,123,smote,0.03,0.07,5010,699d59e2f232b1a3b7eb73e56e941ff47fe16370c89d638eb27fd8d47e316bc1,65,c400fd6a85a6cf17b01704823bcc772c62dc1c16e1d385574701c2858a6901fc,0.7622020054452487,0.026218246812185875,0.09908789840524557,904,2111
compas,IID,Benign,123,smote,0.03,0.07,5011,0ac736e802e951eacb3c4d1693e1a03fb763dad0fc74b9ec8aedbbce5bd8a841,61,c400fd6a85a6cf17b01704823bcc772c62dc1c16e1d385574701c2858a6901fc,0.6592872570194385,0.01928423543330382,0.052708675956846085,130,302
compas,IID,FedSA,123,smote,0.03,0.07,5012,f073dbe969a70d1d1b5325173fb491fbdc9699b9f8ec98fd68a8cb2bee88e2bf,64,c400fd6a85a6cf17b01704823bcc772c62dc1c16e1d385574701c2858a6901fc,0.6544276457883369,0.014877255249926113,0.05954966868865608,130,302
compas,non-IID,Benign,123,smote,0.03,0.07,5013,353387249c33d856a0ae40bc4527a43addd7eef99da0e332cf3927a73948418a,61,c400fd6a85a6cf17b01704823bcc772c62dc1c16e1d385574701c2858a6901fc,0.6565874730021598,0.008251996450754251,0.07795883732303699,130,302
compas,non-IID,FedSA,123,smote,0.03,0.07,5014,0f4d64528a254d24351cc065767f5547e4aa228ed1efa26ec4683ac3b6468966,64,c400fd6a85a6cf17b01704823bcc772c62dc1c16e1d385574701c2858a6901fc,0.652267818574514,0.02667849748595097,0.06245601093438319,130,302
adult,IID,Benign,123,ctgan,0.03,0.07,5015,a85928a19fa00bf91198fedfa1f4c9b86bbb61897ac4aed9fdbdf64c1b01489d,62,38bb24c7f71a7f55a80252a993a5dcd979ef9a9dc6cc44fd1089a5806457f47d,0.7551630254332957,9.082335656849941e-05,0.0006770878533877605,904,2111
adult,IID,FedSA,123,ctgan,0.03,0.07,5016,3c4f7b16ab09e8bc63eeef0494cf9e5191568c47a83fea0fcfc352b5c28d6880,69,38bb24c7f71a7f55a80252a993a5dcd979ef9a9dc6cc44fd1089a5806457f47d,0.7554950527923501,0.0006134860688966565,0.0008677902661845383,904,2111
adult,non-IID,Benign,123,ctgan,0.03,0.07,5017,930c7dbe79c1a3115f5a7101d877736172f9baec8f592e2b7d60846d1da23300,67,38bb24c7f71a7f55a80252a993a5dcd979ef9a9dc6cc44fd1089a5806457f47d,0.7557606746795936,0.0006591833552204293,0.0012620343032434776,904,2111
adult,non-IID,FedSA,123,ctgan,0.03,0.07,5018,80c1a16e6126fbf50319a9e67c4c0804ceeaff6e2968d5740b284adc69383eb5,68,38bb24c7f71a7f55a80252a993a5dcd979ef9a9dc6cc44fd1089a5806457f47d,0.7547645926024305,0.00011367199973038602,0.00038782443132624766,904,2111
compas,IID,Benign,123,ctgan,0.03,0.07,5019,c6be5470f01dee7450306925a42b0ab8f7a1c8b6e5d27fe66d5c52e3a0aa57d5,61,38bb24c7f71a7f55a80252a993a5dcd979ef9a9dc6cc44fd1089a5806457f47d,0.4654427645788337,0.008695652173912993,0.02589912774716463,130,302
compas,IID,FedSA,123,ctgan,0.03,0.07,5020,987f00f5f580ace8c59a963164daa5770a56328d1e68e4576c65298ec9dbc891,65,38bb24c7f71a7f55a80252a993a5dcd979ef9a9dc6cc44fd1089a5806457f47d,0.4870410367170626,0.0027802425317953183,0.004326831608397752,130,302
compas,non-IID,Benign,123,ctgan,0.03,0.07,5021,deb8ae1642a5a7fa0cbd75a6a6644832ef7d03faaa94d3a4f018891dccc7d827,64,38bb24c7f71a7f55a80252a993a5dcd979ef9a9dc6cc44fd1089a5806457f47d,0.4514038876889849,0.0020408163265306367,0.0011753761612237623,130,302
compas,non-IID,FedSA,123,ctgan,0.03,0.07,5022,6e5bf1b95f339480b56dca161d20633cf9dbd238fadc1567ff830f9eedc6fc59,62,38bb24c7f71a7f55a80252a993a5dcd979ef9a9dc6cc44fd1089a5806457f47d,0.4519438444924406,0.0020408163265306367,0.00012605821788691518,130,302
adult,IID,Benign,123,tvae,0.03,0.07,5023,322d0c72808b36690861716445824751eb298630ec6b4df9813ea1859fc7184e,64,f1a655bb7e7e6f33dd02e6302aa1157caf14dc3637df98f48dbcf46781ac92b7,0.8034398034398035,0.012447940794595824,0.04396653555825633,904,2111
adult,IID,FedSA,123,tvae,0.03,0.07,5024,c44d17dfccb06e8ac049b6d146b5599763a07f7d7ce157415e222c7df701bcef,66,f1a655bb7e7e6f33dd02e6302aa1157caf14dc3637df98f48dbcf46781ac92b7,0.8018460721163424,0.021265803406846945,0.039458407555009296,904,2111
adult,non-IID,Benign,123,tvae,0.03,0.07,5025,035c5356ae5c0bc7cf5fb28dc742b11b3980b7fd441937e32ede844cf8eab634,61,f1a655bb7e7e6f33dd02e6302aa1157caf14dc3637df98f48dbcf46781ac92b7,0.8257520419682581,0.01028417428716516,0.10557737753408421,904,2111
adult,non-IID,FedSA,123,tvae,0.03,0.07,5026,080385f6a8b0d72cdb13fc46d1332ea0ad1cff7df338156824c3632533160913,70,f1a655bb7e7e6f33dd02e6302aa1157caf14dc3637df98f48dbcf46781ac92b7,0.8082874028819975,0.0015851246193558655,0.05205872944206525,904,2111
compas,IID,Benign,123,tvae,0.03,0.07,5027,acf23f7f4fbef146b740e14292afbb7315ef96af581c5302a8de76fcb002f21f,61,f1a655bb7e7e6f33dd02e6302aa1157caf14dc3637df98f48dbcf46781ac92b7,0.6225701943844493,0.07222715173025734,0.014281929204304183,130,302
compas,IID,FedSA,123,tvae,0.03,0.07,5028,fbbfc19ce6f108f0847c709952fed69e724e193b77ddda87a4eda3b9c550caf6,62,f1a655bb7e7e6f33dd02e6302aa1157caf14dc3637df98f48dbcf46781ac92b7,0.6317494600431965,0.032593907128068644,0.005718140828039064,130,302
compas,non-IID,Benign,123,tvae,0.03,0.07,5029,55686644076524a36aed8cfeb5cf32f348d0e692d3650913be8492c3f35a7d79,68,f1a655bb7e7e6f33dd02e6302aa1157caf14dc3637df98f48dbcf46781ac92b7,0.6409287257019438,0.009109730848861297,0.0746358026348502,130,302
compas,non-IID,FedSA,123,tvae,0.03,0.07,5030,820b1332763e1b12ae8f74fa0448e27a8069f0687c01ccdd59fa49066237e893,62,f1a655bb7e7e6f33dd02e6302aa1157caf14dc3637df98f48dbcf46781ac92b7,0.5928725701943844,0.09624371487725526,0.04252480603958929,130,302
adult,IID,Benign,123,gaussian_copula,0.05,0.05,5031,135516f0e654a6e3bb49e5e98acd376c05e51adb7a3ebbc899d472a6192ca84c,65,4fa013f1614b447e595fda66abe9f19e6c725af9e7e60563761c27a73ea6b271,0.8213692808287403,0.009696392941825671,0.06761060549360168,1508,1508
adult,IID,FedSA,123,gaussian_copula,0.05,0.05,5032,2c2caec2a9b5c888fe155dae7a77d8e3bd4b26a4805165e354994fe4115a8688,69,4fa013f1614b447e595fda66abe9f19e6c725af9e7e60563761c27a73ea6b271,0.8168537087456006,0.008605941446924614,0.06431088802446222,1508,1508
adult,non-IID,Benign,123,gaussian_copula,0.05,0.05,5033,98bc4596c8ec8a972604bc174f9ba35549c4dc435c1d1052217c31d33b7884c8,67,4fa013f1614b447e595fda66abe9f19e6c725af9e7e60563761c27a73ea6b271,0.818248223653629,0.019096895954704873,0.0716470730269071,1508,1508
adult,non-IID,FedSA,123,gaussian_copula,0.05,0.05,5034,dbfa2627b18e8c70b2337616d9bc1b75f87df9108fc360a49931b40325974189,66,4fa013f1614b447e595fda66abe9f19e6c725af9e7e60563761c27a73ea6b271,0.8058968058968059,0.008834999094622514,0.04879752960732195,1508,1508
compas,IID,Benign,123,gaussian_copula,0.05,0.05,5035,0faa42b1e17246853af59484cd16bf020b9c106bb3e3b71c5928d06cb582b733,67,4fa013f1614b447e595fda66abe9f19e6c725af9e7e60563761c27a73ea6b271,0.6517278617710583,0.10662525879917184,0.023491182344379358,216,216
compas,IID,FedSA,123,gaussian_copula,0.05,0.05,5036,28cae8f970311398269d103ce3293d7eeeda2b286deca6b261ddf2d6e1f4db41,68,4fa013f1614b447e595fda66abe9f19e6c725af9e7e60563761c27a73ea6b271,0.6468682505399568,0.07018633540372665,0.002634383312693278,216,216
compas,non-IID,Benign,123,gaussian_copula,0.05,0.05,5037,f378901667f4eb913b93f3e0061a8817222ab0b1bda289f075792156a27eac6d,65,4fa013f1614b447e595fda66abe9f19e6c725af9e7e60563761c27a73ea6b271,0.6457883369330454,0.05578231292517,0.0022748839505711826,216,216
compas,non-IID,FedSA,123,gaussian_copula,0.05,0.05,5038,e8bd8f0db71761a304cb05e2fa7c184e56c885db578aef5caba9135558e19fba,65,4fa013f1614b447e595fda66abe9f19e6c725af9e7e60563761c27a73ea6b271,0.652267818574514,0.06258503401360538,0.006371776031897425,216,216
adult,IID,Benign,123,forest_diffusion,0.05,0.05,5039,95dbff167ff88c00e4bf0972fe09e4c200d87a67683acf3bb87577906b274102,70,a3fc47aa1fe6eaaae52326e50b4e682a1a29aa1e9817a81725ef6f1e341ec1a4,0.8113420545852978,0.023037715684051274,0.05599286444773797,1508,1508
adult,IID,FedSA,123,forest_diffusion,0.05,0.05,5040,f80abb4b38e381def5629a24760e1321264daa12ab39a9050e99169d826bfaf1,65,a3fc47aa1fe6eaaae52326e50b4e682a1a29aa1e9817a81725ef6f1e341ec1a4,0.8161896540274919,0.017446652702337584,0.06263723662614572,1508,1508
adult,non-IID,Benign,123,forest_diffusion,0.05,0.05,5041,bdfecf7614f83c81f65b2a1e332b77a4ca27e140031a35879940c09ecf88698f,69,a3fc47aa1fe6eaaae52326e50b4e682a1a29aa1e9817a81725ef6f1e341ec1a4,0.8157912211966266,0.0005386567625414451,0.0644370132158417,1508,1508
adult,non-IID,FedSA,123,forest_diffusion,0.05,0.05,5042,e8cd823a6a95eeb47e42f0277711e806b11ecfd77cc1e824edb85ed21f442e61,69,a3fc47aa1fe6eaaae52326e50b4e682a1a29aa1e9817a81725ef6f1e341ec1a4,0.815592004781194,0.016060311278490114,0.06297370421161043,1508,1508
compas,IID,Benign,123,forest_diffusion,0.05,0.05,5043,2b9d09067504eac3981d8a9d5e7ffe00fa2d1f0689604e6bf3daa61bd26d46ce,65,a3fc47aa1fe6eaaae52326e50b4e682a1a29aa1e9817a81725ef6f1e341ec1a4,0.6495680345572354,0.07388346643005028,0.009627112788256065,216,216
compas,IID,FedSA,123,forest_diffusion,0.05,0.05,5044,699df14e22f4f9112c01fb8f9b7d9d8b1f137dfa807d74096a73a969e59d9345,65,a3fc47aa1fe6eaaae52326e50b4e682a1a29aa1e9817a81725ef6f1e341ec1a4,0.6598272138228942,0.054303460514640634,0.0011660385154543818,216,216
compas,non-IID,Benign,123,forest_diffusion,0.05,0.05,5045,94ac049d163e7852abcfd7fc32d23afedb0fbd463ba037ee30c666450c382f41,68,a3fc47aa1fe6eaaae52326e50b4e682a1a29aa1e9817a81725ef6f1e341ec1a4,0.6339092872570194,0.12088139603667558,0.017544269194989914,216,216
compas,non-IID,FedSA,123,forest_diffusion,0.05,0.05,5046,498671bb514c6a64c9c620a744bd3f5a80d9f98423d82fe3b8be392eb69b3ada,69,a3fc47aa1fe6eaaae52326e50b4e682a1a29aa1e9817a81725ef6f1e341ec1a4,0.6447084233261339,0.0627033422064478,0.017527928314893415,216,216
adult,IID,Benign,123,smote,0.05,0.05,5047,d88ca16a11e6a0fc1beb560c3dbec6546a62ed838863ae11f034c5b0142c29fd,68,487630cae0da1dd56641fc572861dadb4d58bc7440f24d0d2e3b242c621a630c,0.8023773158908294,0.01753576241066901,0.15320011929232355,1508,1508
adult,IID,FedSA,123,smote,0.05,0.05,5048,c6215d9e6747fded26e9cc6633e1ffbd425d3cd6208e7246d21c793a63beb8ea,61,487630cae0da1dd56641fc572861dadb4d58bc7440f24d0d2e3b242c621a630c,0.8220997410186599,0.07621393413078903,0.17749407400176434,1508,1508
adult,non-IID,Benign,123,smote,0.05,0.05,5049,cc86059a33e032dc977a27ed5e8c990f3396a8db65b4a42ce96adf048f36c3cf,63,487630cae0da1dd56641fc572861dadb4d58bc7440f24d0d2e3b242c621a630c,0.8218341191314165,0.08975860979715544,0.18255278350292928,1508,1508
adult,non-IID,FedSA,123,smote,0.05,0.05,5050,e615f27b30ad1c51d9a3fe179f065551206c3d878034b0d3a132f257a92f1fe1,63,487630cae0da1dd56641fc572861dadb4d58bc7440f24d0d2e3b242c621a630c,0.829072315558802,0.07696279841041997,0.16729847623837102,1508,1508
compas,IID,Benign,123,smote,0.05,0.05,5051,4a90d87238427533030bc7cbd4817480a8b67b3cf53d0de4834dd0cf1736c213,69,487630cae0da1dd56641fc572861dadb4d58bc7440f24d0d2e3b242c621a630c,0.6052915766738661,0.012126589766341317,0.024483307207378596,216,216
compas,IID,FedSA,123,smote,0.05,0.05,5052,7443146ca0227f3a666a5805f08a8827854543ef54a9811e37b6f8fafc08b999,64,487630cae0da1dd56641fc572861dadb4d58bc7440f24d0d2e3b242c621a630c,0.6177105831533477,0.03099674652469686,0.019192363673289775,216,216
compas,non-IID,Benign,123,smote,0.05,0.05,5053,f193339dd101cc1bb37a7e174e9e41fd6e6ee5a14aa13ad9c93ff2801e27aa50,68,487630cae0da1dd56641fc572861dadb4d58bc7440f24d0d2e3b242c621a630c,0.6360691144708424,0.06015971606033721,0.0034771058433820112,216,216
compas,non-IID,FedSA,123,smote,0.05,0.05,5054,073842fb61ae595e712cf560a8f25e3a49d07fdd84bcd49c682f25f89ef5e498,70,487630cae0da1dd56641fc572861dadb4d58bc7440f24d0d2e3b242c621a630c,0.603671706263499,0.03490091688849453,0.001623583158155209,216,216
adult,IID,Benign,123,ctgan,0.05,0.05,5055,e318d426484d4811b9caed76f4cec61740499781adfed208319eb3d884985646,70,fd108c12223858b0355e3467ad6a58270b553e160b8e2449ea3b1b2d2277d77c,0.8163224649711136,0.07103414672598934,0.05160293743504413,1508,1508
adult,IID,FedSA,123,ctgan,0.05,0.05,5056,70642c34375ed28c5d266738fd0f24858a08abc7ae9c37f42fa44c4b121b113c,61,fd108c12223858b0355e3467ad6a58270b553e160b8e2449ea3b1b2d2277d77c,0.8228302012085796,0.020126798545226865,0.07580438963813044,1508,1508
adult,non-IID,Benign,123,ctgan,0.05,0.05,5057,cd3d1cd8e8b1441e6b7ef6b9cbe72f306d0c05c8bf88703d8a5283f80bb3cf3d,70,fd108c12223858b0355e3467ad6a58270b553e160b8e2449ea3b1b2d2277d77c,0.8127365694933263,0.007583464665430195,0.05604913630423859,1508,1508
adult,non-IID,FedSA,123,ctgan,0.05,0.05,5058,f25d263bd49da071a1aa25f17303fc5d8b6be009803d3a2ee68c3266fbe33fd7,65,fd108c12223858b0355e3467ad6a58270b553e160b8e2449ea3b1b2d2277d77c,0.8027093432498837,0.04410587832754784,0.038022281568802385,1508,1508
compas,IID,Benign,123,ctgan,0.05,0.05,5059,465cbd4927527f8eac7d4406bec4441dfcf04b019f2e9b7998d3809e01defa2f,65,fd108c12223858b0355e3467ad6a58270b553e160b8e2449ea3b1b2d2277d77c,0.6511879049676026,0.07485950902099969,0.1334384596619539,216,216
compas,IID,FedSA,123,ctgan,0.05,0.05,5060,b7eaceaf97c674eb82a574e49c9b576bcc87038702168f5711732f7417794356,67,fd108c12223858b0355e3467ad6a58270b553e160b8e2449ea3b1b2d2277d77c,0.6511879049676026,0.06187518485655136,0.12397242126322006,216,216
compas,non-IID,Benign,123,ctgan,0.05,0.05,5061,6b4068923df989373ab2fd7bc69e82810b6caa36658d6772daded9d82e1e7dda,64,fd108c12223858b0355e3467ad6a58270b553e160b8e2449ea3b1b2d2277d77c,0.6004319654427646,0.02478556640047322,0.04077166304638359,216,216
compas,non-IID,FedSA,123,ctgan,0.05,0.05,5062,b2d8e66513dfebc63a4009ad06bd9558605d3de93f0ccd4b4cadb1603e43f865,64,fd108c12223858b0355e3467ad6a58270b553e160b8e2449ea3b1b2d2277d77c,0.6031317494600432,0.029517894114167414,0.045577049000463374,216,216
adult,IID,Benign,123,tvae,0.05,0.05,5063,6451140ad1f38fd99c1774a78844095d7a30a0145f4d863e943844d6ad7901f9,64,fc9244cec2d574b46051a57881336353994c7f52796cc3dcf9e3d6028679d834,0.8299355866923435,0.01080797943165146,0.09692023828453047,1508,1508
adult,IID,FedSA,123,tvae,0.05,0.05,5064,0ee6b6e1a01ad7e06e81d1d811511720da2cb0520f822954c20715e03252e67a,66,fc9244cec2d574b46051a57881336353994c7f52796cc3dcf9e3d6028679d834,0.8009163955109901,0.0037334682926522533,0.05643054112983215,1508,1508
adult,non-IID,Benign,123,tvae,0.05,0.05,5065,168ab5e50fbe9ab58de7692188e271d94d16b2edc5934f599397f8bf77deeefa,66,fc9244cec2d574b46051a57881336353994c7f52796cc3dcf9e3d6028679d834,0.8343847533036722,0.00535286587675099,0.13186786974892803,1508,1508
adult,non-IID,FedSA,123,tvae,0.05,0.05,5066,6ca71dc84f0830e6987a5c67658af8c0bac432d775d6d2ad563e4465bc8080e0,66,fc9244cec2d574b46051a57881336353994c7f52796cc3dcf9e3d6028679d834,0.8323261836775351,0.018304048036987375,0.10556566175362204,1508,1508
compas,IID,Benign,123,tvae,0.05,0.05,5067,7b396cf046bb1c8b9e260f1e7636951fde7231a9f50bfb5819b98f999399912f,62,fc9244cec2d574b46051a57881336353994c7f52796cc3dcf9e3d6028679d834,0.6079913606911447,0.04004732327713695,3.384896591410169e-05,216,216
compas,IID,FedSA,123,tvae,0.05,0.05,5068,d18a5c8286d33473e904dca6cf5a6fb1a7d08d1a574f9f4477a27de25f949c4a,61,fc9244cec2d574b46051a57881336353994c7f52796cc3dcf9e3d6028679d834,0.576133909287257,0.025613723750369716,0.007600843656295264,216,216
compas,non-IID,Benign,123,tvae,0.05,0.05,5069,731739b29a219fe93d9c4277a6bc4edecadc53b87d1fd717458057c6a5453e2f,67,fc9244cec2d574b46051a57881336353994c7f52796cc3dcf9e3d6028679d834,0.5831533477321814,0.028719313812481523,0.004768035371002177,216,216
compas,non-IID,FedSA,123,tvae,0.05,0.05,5070,c9f43bceaaff45e727d7108e75fcf039906478eb21ba4fea898bb72df1f218e7,61,fc9244cec2d574b46051a57881336353994c7f52796cc3dcf9e3d6028679d834,0.6025917926565875,0.046820467317361725,0.008108578145006637,216,216
adult,IID,Benign,123,gaussian_copula,0.07,0.03,5071,8608d9794dd1ac37ec8e07a841f2256afd894a4254262b6842322880792b97a2,70,42ae220ad926cd4e15a2b363a86c6b13dbf602192e40d0257675153e3cacc860,0.8272793678199084,0.039420764047203016,0.07416963703830046,2112,905
adult,IID,FedSA,123,gaussian_copula,0.07,0.03,5072,07f9e8a693b66699e3786d4a334c79344cfe7c21a6b02a2247529c9e1c29da84,68,42ae220ad926cd4e15a2b363a86c6b13dbf602192e40d0257675153e3cacc860,0.8223653629059035,0.04928395208411046,0.06931031647893934,2112,905
adult,non-IID,Benign,123,gaussian_copula,0.07,0.03,5073,802f0541334413bed1bc36b2770d90edbe3494806136c22a25cf83de28a3f8b9,70,42ae220ad926cd4e15a2b363a86c6b13dbf602192e40d0257675153e3cacc860,0.82588485291188,0.01673948719647722,0.08123242708160432,2112,905
adult,non-IID,FedSA,123,gaussian_copula,0.07,0.03,5074,820c571d936adb5031b6ae208c1979d9a128903953f0421697abb8e7bc8dd2be,70,42ae220ad926cd4e15a2b363a86c6b13dbf602192e40d0257675153e3cacc860,0.8293379374460456,0.009920880860891157,0.0978594065419554,2112,905
compas,IID,Benign,123,gaussian_copula,0.07,0.03,5075,0003311fe30b6223493f5e07fd0ed8b435b602e9b1df2b8ed6afbd63f2b671bf,63,42ae220ad926cd4e15a2b363a86c6b13dbf602192e40d0257675153e3cacc860,0.6549676025917927,0.05303164744158528,0.027380311807336355,303,130
compas,IID,FedSA,123,gaussian_copula,0.07,0.03,5076,fe90e93a6c3dd26faf88bb02fdfb01f89c89f727f21083b286ce522bb35bf3d8,66,42ae220ad926cd4e15a2b363a86c6b13dbf602192e40d0257675153e3cacc860,0.6576673866090713,0.07976929902395746,0.0015815637521928716,303,130
compas,non-IID,Benign,123,gaussian_copula,0.07,0.03,5077,5340c722914708df17aa7b8377ba347c9504ac66679f32a67f41eee3fb8c4f38,66,42ae220ad926cd4e15a2b363a86c6b13dbf602192e40d0257675153e3cacc860,0.6533477321814255,0.04226560189293105,0.021269989856982308,303,130
compas,non-IID,FedSA,123,gaussian_copula,0.07,0.03,5078,492867f81323b8ebba07801187acb62cde2ea7624f58f2a8cf443985a0267d07,68,42ae220ad926cd4e15a2b363a86c6b13dbf602192e40d0257675153e3cacc860,0.6528077753779697,0.05353445726116535,0.008782055846124903,303,130
adult,IID,Benign,123,forest_diffusion,0.07,0.03,5079,9df3238afaeecf7cc1773d75e8baeffc10579a55c30e02c6b26b17b4dc007735,63,8865d0be4d48e6a013f297febe92ca1084ad9991898871973bbe2c1c201dc6cf,0.830201208579587,0.023466698959415666,0.08485501059656234,2112,905
adult,IID,FedSA,123,forest_diffusion,0.07,0.03,5080,8921db263f643a047d24277691122cf948a8efa6f88f61fdeae6cd4ddfb308a3,64,8865d0be4d48e6a013f297febe92ca1084ad9991898871973bbe2c1c201dc6cf,0.8288730991433694,0.01353553620910164,0.08764039727890569,2112,905
adult,non-IID,Benign,123,forest_diffusion,0.07,0.03,5081,46a73be16322d4b6c7c20117c2bed5689e36b8d26a91e36ad612eb09506305b9,64,8865d0be4d48e6a013f297febe92ca1084ad9991898871973bbe2c1c201dc6cf,0.8141974898731655,0.010720012155478131,0.061400880745833,2112,905
adult,non-IID,FedSA,123,forest_diffusion,0.07,0.03,5082,c38aecc9b0bac7927bd38bd62963b0b067a0068c31ccd6e4ae73536463fcc86e,70,8865d0be4d48e6a013f297febe92ca1084ad9991898871973bbe2c1c201dc6cf,0.8145295172322199,0.0056653210719897484,0.06521681476095254,2112,905
compas,IID,Benign,123,forest_diffusion,0.07,0.03,5083,e7eee6251ae6276020ad2ec43621203d861914b5938791e5c74702bacc39fab2,61,8865d0be4d48e6a013f297febe92ca1084ad9991898871973bbe2c1c201dc6cf,0.6549676025917927,0.048417627920733564,0.021210462365202354,303,130
compas,IID,FedSA,123,forest_diffusion,0.07,0.03,5084,67d0e5c01f916125613f58982ef83f652480aeec0f7d3eda54c7d629b6dc4cf5,65,8865d0be4d48e6a013f297febe92ca1084ad9991898871973bbe2c1c201dc6cf,0.6457883369330454,0.09009168884945273,0.01818156351875172,303,130
compas,non-IID,Benign,123,forest_diffusion,0.07,0.03,5085,5288432c15089ec4fea68fe1a1f147dc0620923510dee978f2676ea419314402,61,8865d0be4d48e6a013f297febe92ca1084ad9991898871973bbe2c1c201dc6cf,0.6549676025917927,0.008784383318544808,0.063372267425506,303,130
compas,non-IID,FedSA,123,forest_diffusion,0.07,0.03,5086,7efb486be7b0b03e9c0befe0b2b8ede1099f7dd30780677420b69ab64ee1e66c,65,8865d0be4d48e6a013f297febe92ca1084ad9991898871973bbe2c1c201dc6cf,0.6398488120950324,0.05223306713989939,0.0024417943686992905,303,130
adult,IID,Benign,123,smote,0.07,0.03,5087,5d58054bab81a5bdcaa0284340a122caea1fbcab2877e3ef87ff949baec8659e,67,e475212fca0b9a454dcb4d519f74bc6a126711609de248f6d7be83208ca49784,0.8355136463244571,0.0096695457861104,0.12026900635617199,2112,905
adult,IID,FedSA,123,smote,0.07,0.03,5088,df037ae7425c2acd633d785f0d70e23e61a97ed99cb7179637c7e661bff4c694,68,e475212fca0b9a454dcb4d519f74bc6a126711609de248f6d7be83208ca49784,0.8338535095291852,0.015124088124931823,0.12007226550173292,2112,905
adult,non-IID,Benign,123,smote,0.07,0.03,5089,1d90e7acc2c0b748a5f71cec0aedc8659d3e30ae4c54e8d30d737744e8327fc5,65,e475212fca0b9a454dcb4d519f74bc6a126711609de248f6d7be83208ca49784,0.8368417557606747,0.016760050975322904,0.12853075807639563,2112,905
adult,non-IID,FedSA,123,smote,0.07,0.03,5090,aee2458bdcb3b79924fff991d45f7b0e3d83bd117c6aae98cc66bea296d105d2,62,e475212fca0b9a454dcb4d519f74bc6a126711609de248f6d7be83208ca49784,0.8369745667042965,0.00537457208775477,0.12158466442855138,2112,905
compas,IID,Benign,123,smote,0.07,0.03,5091,66a40af36440d34a2692c2bd801fd0648c36592df7a914d312d10c8ad0eda890,67,e475212fca0b9a454dcb4d519f74bc6a126711609de248f6d7be83208ca49784,0.658207343412527,0.04013605442176871,0.04169258836039108,303,130
compas,IID,FedSA,123,smote,0.07,0.03,5092,894f200f5a5b5ed0312f325078c17cab3089ec4daeb9b4118d70fc0b09c3d075,61,e475212fca0b9a454dcb4d519f74bc6a126711609de248f6d7be83208ca49784,0.6366090712742981,0.051996450754214774,0.017183602627146577,303,130
compas,non-IID,Benign,123,smote,0.07,0.03,5093,2cda918d375ba0d005c8b0f72b6918212b1ccfc0836bc9b74b9545fdbab82af2,69,e475212fca0b9a454dcb4d519f74bc6a126711609de248f6d7be83208ca49784,0.6387688984881209,0.032238982549541606,0.0023974405512946495,303,130
compas,non-IID,FedSA,123,smote,0.07,0.03,5094,baa7f0d2e21255f390936dc514c2e7c3653f012c16dbd8dadffb992127fa98e5,67,e475212fca0b9a454dcb4d519f74bc6a126711609de248f6d7be83208ca49784,0.6533477321814255,0.05912451937296659,0.010524693987840117,303,130
adult,IID,Benign,123,ctgan,0.07,0.03,5095,2e36b076263fde3a81f9070e8e3d249aad98ea9b449ab2d3b1820112ff8567fd,62,8b3e7364b75a709966ee1dffb0b6dee95c139a60f655d218ca2b28c4b8a2c70f,0.7553622418487284,0.005476819765904226,6.646298060127552e-05,2112,905
adult,IID,FedSA,123,ctgan,0.07,0.03,5096,11cae22d4b0311f766034af2eb061e7d7902673951cb8c0ed8aa6e6653acbd96,65,8b3e7364b75a709966ee1dffb0b6dee95c139a60f655d218ca2b28c4b8a2c70f,0.7957367687097416,0.022266573977337584,0.035916249663121166,2112,905
adult,non-IID,Benign,123,ctgan,0.07,0.03,5097,73282e0590af3b6e251ad6505f6a5bf543c9fa133ed7a26490723fea7424754d,63,8b3e7364b75a709966ee1dffb0b6dee95c139a60f655d218ca2b28c4b8a2c70f,0.791752440401089,0.03490301607801899,0.026342611388886116,2112,905
adult,non-IID,FedSA,123,ctgan,0.07,0.03,5098,058b7da0475dcb31612dfc44533e247a6a9ab88c7cda27dc505e912bd9af9a50,61,8b3e7364b75a709966ee1dffb0b6dee95c139a60f655d218ca2b28c4b8a2c70f,0.7557606746795936,0.018362312077050195,0.0014568893984985907,2112,905
compas,IID,Benign,123,ctgan,0.07,0.03,5099,ab6a42fde7f495f6555e6c8d1800ea8a1dd88f5c6e21e95f6a73181d0d8075b2,69,8b3e7364b75a709966ee1dffb0b6dee95c139a60f655d218ca2b28c4b8a2c70f,0.6457883369330454,0.009464655427388391,0.09224076652734123,303,130
compas,IID,FedSA,123,ctgan,0.07,0.03,5100,555b8a8074ce2d99a95aecf522c2e3575fdfb78269e90348784f8a05f77c7058,65,8b3e7364b75a709966ee1dffb0b6dee95c139a60f655d218ca2b28c4b8a2c70f,0.6447084233261339,0.023750369713102626,0.09173653365579337,303,130
compas,non-IID,Benign,123,ctgan,0.07,0.03,5101,3506f584fbf9e4ee56b737516466d8618de70e8be01513d2817c61d9b9e64ae7,69,8b3e7364b75a709966ee1dffb0b6dee95c139a60f655d218ca2b28c4b8a2c70f,0.656047516198704,0.01626737651582366,0.10100998311053322,303,130
compas,non-IID,FedSA,123,ctgan,0.07,0.03,5102,edd23b1c26d2ed1f87e2160106fcdc233a044d256612213c66ef9948745cc1f1,70,8b3e7364b75a709966ee1dffb0b6dee95c139a60f655d218ca2b28c4b8a2c70f,0.646328293736501,0.00946465542738828,0.053427674681090165,303,130
adult,IID,Benign,123,tvae,0.07,0.03,5103,d80e20928b62e7000b46692cf1f71f23edf0762756154c551d07202d0a58986e,63,9c32542c0ab0c6e941101cc3b753ef5eef8e2f2d31f4e8dc1064d637321f1f3c,0.8310644797131284,0.025575628723257804,0.10146423583480893,2112,905
adult,IID,FedSA,123,tvae,0.07,0.03,5104,de940cfdc2919e023a005a22fa55055334e4346d794e43f87da622405ed9f3d2,69,9c32542c0ab0c6e941101cc3b753ef5eef8e2f2d31f4e8dc1064d637321f1f3c,0.8337871040573743,0.044188133442930655,0.1025076223790505,2112,905
adult,non-IID,Benign,123,tvae,0.07,0.03,5105,9542550218575db7bb5d99c0c24a4dbb0d8d19dea992a3c0cc550005cab90596,62,9c32542c0ab0c6e941101cc3b753ef5eef8e2f2d31f4e8dc1064d637321f1f3c,0.830732452354074,0.0315751112014902,0.09751537585848685,2112,905
adult,non-IID,FedSA,123,tvae,0.07,0.03,5106,53ceac254cc453de583cb15c75c754a27f8017bb3195fecc843b083b305248c2,63,9c32542c0ab0c6e941101cc3b753ef5eef8e2f2d31f4e8dc1064d637321f1f3c,0.8291387210306129,0.07479960311906825,0.11074369567634337,2112,905
compas,IID,Benign,123,tvae,0.07,0.03,5107,30de75bcdd857298eee7a821e61bbe7bc7a3e1842501118559c20e45664ca78b,64,9c32542c0ab0c6e941101cc3b753ef5eef8e2f2d31f4e8dc1064d637321f1f3c,0.646328293736501,0.09328601005619641,0.015675572835387785,303,130
compas,IID,FedSA,123,tvae,0.07,0.03,5108,137738b174eb415d61605d4bd928e974e9c75b163febc313c44be889b268d85b,65,9c32542c0ab0c6e941101cc3b753ef5eef8e2f2d31f4e8dc1064d637321f1f3c,0.6468682505399568,0.04797397219757471,0.020149472364653753,303,130
compas,non-IID,Benign,123,tvae,0.07,0.03,5109,bd337b3a3858b400d1c478b0dcbfb03a172273d22d9f845d11b6347b5bf61de8,61,9c32542c0ab0c6e941101cc3b753ef5eef8e2f2d31f4e8dc1064d637321f1f3c,0.6538876889848813,0.10292812777284821,0.0152156937812446,303,130
compas,non-IID,FedSA,123,tvae,0.07,0.03,5110,a6e4749acb234aa8fc168595aa8ba4e9d47f737407f3731320355e67c103b9ea,66,9c32542c0ab0c6e941101cc3b753ef5eef8e2f2d31f4e8dc1064d637321f1f3c,0.6177105831533477,0.04560780834072761,0.004817058011291536,303,130
adult,IID,Benign,123,gaussian_copula,0.09,0.01,5111,3802722bc5f7544d9f05a23d25d8fa4e20b32c735c0f777281de076b8b06c0ff,70,ec9b946e182f6dfe96958b6c6311c3026fcde05616a745e5fd40d8c387b2971d,0.8230958230958231,0.004014506603543466,0.07753316940067642,2714,302
adult,IID,FedSA,123,gaussian_copula,0.09,0.01,5112,ecd32c77f361c1c78c27a59a409c3ffb5d4aaf0d5f89883998d9188743c63bd9,61,ec9b946e182f6dfe96958b6c6311c3026fcde05616a745e5fd40d8c387b2971d,0.8082209974101866,0.008788730592219685,0.050720041034119846,2714,302
adult,non-IID,Benign,123,gaussian_copula,0.09,0.01,5113,474ba2ff3ad6275033d41f874bfbc9ad55683fc1eff84998cf1e886b4066cec2,61,ec9b946e182f6dfe96958b6c6311c3026fcde05616a745e5fd40d8c387b2971d,0.8201075768643337,0.008120978995813544,0.07176112133500194,2714,302
adult,non-IID,FedSA,123,gaussian_copula,0.09,0.01,5114,638e09147de524035b0399c32c28d582f1ba3efc468b678ddfca0e671136f929,65,ec9b946e182f6dfe96958b6c6311c3026fcde05616a745e5fd40d8c387b2971d,0.8125373530778937,0.005437977072529021,0.057861370941309595,2714,302
compas,IID,Benign,123,gaussian_copula,0.09,0.01,5115,8a7f6624528beb1118647b5f1591cafd4947eb6c1deefd1dca841ad032854f20,67,ec9b946e182f6dfe96958b6c6311c3026fcde05616a745e5fd40d8c387b2971d,0.6457883369330454,0.060218870156758364,0.024787947900605456,389,43
compas,IID,FedSA,123,gaussian_copula,0.09,0.01,5116,d0de8a6c21b00d7df212cb936c63d8c9930f362a3dc51190d6a5656ff4098143,61,ec9b946e182f6dfe96958b6c6311c3026fcde05616a745e5fd40d8c387b2971d,0.6457883369330454,0.06054421768707474,0.016738897247378703,389,43
compas,non-IID,Benign,123,gaussian_copula,0.09,0.01,5117,6d1f160fc7281c51beccf5a817b60ea31aa36c9c87c73dc60122feea6f874b83,69,ec9b946e182f6dfe96958b6c6311c3026fcde05616a745e5fd40d8c387b2971d,0.6603671706263499,0.03348121857438624,0.03558576802720054,389,43
compas,non-IID,FedSA,123,gaussian_copula,0.09,0.01,5118,b34ecaf92f89ef93420f0c4d3a595f848f52af32159b32b43fb0e2b0f62cc3f8,70,ec9b946e182f6dfe96958b6c6311c3026fcde05616a745e5fd40d8c387b2971d,0.6409287257019438,0.06566104702750664,0.000910420462516881,389,43
adult,IID,Benign,123,forest_diffusion,0.09,0.01,5119,453a6bd26dbbc3082fe0cf7edf2c4e4c85b88ea8200dd16e344a2416cbe1a18e,62,0441e313048ced970015926b3b18bc5f0ad90d84b1e1afa508742a89486ab41f,0.8300019921641544,0.005512235162805135,0.09658226610397219,2714,302
adult,IID,FedSA,123,forest_diffusion,0.09,0.01,5120,4d57b16816a5d72999376f48bb954cc7424e2a5e4ad28da61aba2b8fe556630d,61,0441e313048ced970015926b3b18bc5f0ad90d84b1e1afa508742a89486ab41f,0.8218341191314165,0.008938960421009112,0.07927063569222949,2714,302
adult,non-IID,Benign,123,forest_diffusion,0.09,0.01,5121,08ca0a5c46dc4d94cd179dd9cb3700df21ee201d81373825a0aa86fb603eee39,65,0441e313048ced970015926b3b18bc5f0ad90d84b1e1afa508742a89486ab41f,0.821502091772362,0.004507466079761158,0.07762304388093412,2714,302
adult,non-IID,FedSA,123,forest_diffusion,0.09,0.01,5122,b93c10801c1cded66a132fd5fad066a35ca1b4204f8f04f0bce028260c5eefb9,70,0441e313048ced970015926b3b18bc5f0ad90d84b1e1afa508742a89486ab41f,0.8228966066803904,0.01805899633907615,0.07386300055822484,2714,302
compas,IID,Benign,123,forest_diffusion,0.09,0.01,5123,e7807bb22961d5391c1bc5dbbc5d072dd1f67530e50ddd27e06334494bcbbad9,61,0441e313048ced970015926b3b18bc5f0ad90d84b1e1afa508742a89486ab41f,0.6517278617710583,0.03945578231292518,0.03966398481698796,389,43
compas,IID,FedSA,123,forest_diffusion,0.09,0.01,5124,225bf50b660f3244c36d1a7750e5fb0e7df9126d0b82415dd1b38c7a420fd8d6,63,0441e313048ced970015926b3b18bc5f0ad90d84b1e1afa508742a89486ab41f,0.6495680345572354,0.06832298136645965,0.007572830718987067,389,43
compas,non-IID,Benign,123,forest_diffusion,0.09,0.01,5125,86a2c5e30d91dbceab3934feeb28aee7bf607c06ed19ecc4c5f97b70f04d526a,70,0441e313048ced970015926b3b18bc5f0ad90d84b1e1afa508742a89486ab41f,0.6571274298056156,0.07308488612836439,0.003179468384482187,389,43
compas,non-IID,FedSA,123,forest_diffusion,0.09,0.01,5126,9cda74472af8671effbd435bcba199d3cee3706901198ca9bc0f6efcfd492bcd,61,0441e313048ced970015926b3b18bc5f0ad90d84b1e1afa508742a89486ab41f,0.6420086393088553,0.07947352854185152,0.005492870123852189,389,43
adult,IID,Benign,123,smote,0.09,0.01,5127,418674b3ed20e45e1f684f52f0a5d51bb7af6bb01452d87baa247b58ae956450,68,b2dfc19ebd36f08329be1122b30ff15a6f4742d31acb8b029c6e250c5178b376,0.8262832857427452,0.024961571438282093,0.09166175867747134,2714,302
adult,IID,FedSA,123,smote,0.09,0.01,5128,edcde0e92a56857115973e1db08fd50363c5bccae7bc910db509358bd9db0ceb,64,b2dfc19ebd36f08329be1122b30ff15a6f4742d31acb8b029c6e250c5178b376,0.8265489076299887,0.015307448486305941,0.09603998997097093,2714,302
adult,non-IID,Benign,123,smote,0.09,0.01,5129,376481914bcbf319151ba5f71595d49ea9b68a1003597ec997d7ecb1c9cd1a78,70,b2dfc19ebd36f08329be1122b30ff15a6f4742d31acb8b029c6e250c5178b376,0.820439604223388,0.008741890873737834,0.07139444148005776,2714,302
adult,non-IID,FedSA,123,smote,0.09,0.01,5130,f5b5f0c8e26fc7a27ececfe9016045a0c68c9ebeea8d8b80ed354873418234af,69,b2dfc19ebd36f08329be1122b30ff15a6f4742d31acb8b029c6e250c5178b376,0.828009828009828,0.016075734112624362,0.08903270945598696,2714,302
compas,IID,Benign,123,smote,0.09,0.01,5131,37b363debef35364eb3ad35e7e76ecdb47bcaf1d99fc163b1019f93d1a00d753,67,b2dfc19ebd36f08329be1122b30ff15a6f4742d31acb8b029c6e250c5178b376,0.6468682505399568,0.09618456078083404,0.005979594909582442,389,43
compas,IID,FedSA,123,smote,0.09,0.01,5132,98b5e01b23be1d4f7c52440399a55c0d679227b5e500e04174689b0c74e745ae,66,b2dfc19ebd36f08329be1122b30ff15a6f4742d31acb8b029c6e250c5178b376,0.6430885529157667,0.08024253179532681,0.0007726901874182124,389,43
compas,non-IID,Benign,123,smote,0.09,0.01,5133,4f72a754ae2ca621a89dad200bb5e0a9954d2034bbd97e1d3bdbbe2fc3107ce9,69,b2dfc19ebd36f08329be1122b30ff15a6f4742d31acb8b029c6e250c5178b376,0.6387688984881209,0.0757468204673174,0.021588637018863155,389,43
compas,non-IID,FedSA,123,smote,0.09,0.01,5134,cbcab303ac8f3bfd0478bc7c1c8321a0e92612e186a07bc83e9abfc039692983,66,b2dfc19ebd36f08329be1122b30ff15a6f4742d31acb8b029c6e250c5178b376,0.6312095032397408,0.05587104406980181,0.020939670637889596,389,43
adult,IID,Benign,123,ctgan,0.09,0.01,5135,5df5f1a213de9c93b08567fc576f9e433985e6293c714e91aa5d94d299c86050,66,cf082816b91f68fc43176d3f6cefb9dfa5166bdec4b3e6c988856aabf03d4a9d,0.820970847997875,0.010104241222265276,0.0824597152688196,2714,302
adult,IID,FedSA,123,ctgan,0.09,0.01,5136,9b3cf663f8f2836be87708f9437e4ea715050b6694c30075af7d9932f162b379,69,cf082816b91f68fc43176d3f6cefb9dfa5166bdec4b3e6c988856aabf03d4a9d,0.810213161564513,0.020606048835547508,0.05484449728849896,2714,302
adult,non-IID,Benign,123,ctgan,0.09,0.01,5137,12e03ad0a8d59a6bd61de3f4016288b92e55a5ed7f37eda581364798ce99765c,65,cf082816b91f68fc43176d3f6cefb9dfa5166bdec4b3e6c988856aabf03d4a9d,0.815592004781194,0.03883069783754728,0.05481769543456498,2714,302
adult,non-IID,FedSA,123,ctgan,0.09,0.01,5138,dabc3160f8cdc1ade30081346940d62faee9ca646238cd540db39fb8b52be1a5,62,cf082816b91f68fc43176d3f6cefb9dfa5166bdec4b3e6c988856aabf03d4a9d,0.8171193306328441,0.07078166921905055,0.04102936532287067,2714,302
compas,IID,Benign,123,ctgan,0.09,0.01,5139,d4c7ef79bfeedd7840cab7ac528d806161b70555b231b434e58c0118302209f3,68,cf082816b91f68fc43176d3f6cefb9dfa5166bdec4b3e6c988856aabf03d4a9d,0.6636069114470843,0.003992901508429458,0.05961619941476304,389,43
compas,IID,FedSA,123,ctgan,0.09,0.01,5140,28bbd4fbcd00e5070ce4a30bcac8e3ab4c4d11a5a026dfce81afb56fe791f057,64,cf082816b91f68fc43176d3f6cefb9dfa5166bdec4b3e6c988856aabf03d4a9d,0.6555075593952484,0.02309967465246965,0.039723512308767917,389,43
compas,non-IID,Benign,123,ctgan,0.09,0.01,5141,d7d509f2fb6accbe22f7f9bdca0f8449659d512bac98adbe180e71e12a16bbd1,64,cf082816b91f68fc43176d3f6cefb9dfa5166bdec4b3e6c988856aabf03d4a9d,0.6603671706263499,0.0053238686779060185,0.05264564684790263,389,43
compas,non-IID,FedSA,123,ctgan,0.09,0.01,5142,711ad8ebc32cc78c91c978eea1df0c38e36c9e4d65651a9118009cc4b5e5a77c,68,cf082816b91f68fc43176d3f6cefb9dfa5166bdec4b3e6c988856aabf03d4a9d,0.661987041036717,0.01892931085477667,0.07466264836643727,389,43
adult,IID,Benign,123,tvae,0.09,0.01,5143,6fc1778fe2f3746435388c9a74314ee0be3a1e3f923a61cac6c1754178182d8d,63,71a5af2202ea16104c054be44984deaa9d3a0c1e444a80784c9ffcb1b36f8c1d,0.82588485291188,0.005258044007629137,0.08276558942071444,2714,302
adult,IID,FedSA,123,tvae,0.09,0.01,5144,4a5b7f3712f2a8728e3f839ec7aed853130aa80ef5da04147b03520346ba2f3a,65,71a5af2202ea16104c054be44984deaa9d3a0c1e444a80784c9ffcb1b36f8c1d,0.829072315558802,0.004667406581894351,0.09096314508361117,2714,302
adult,non-IID,Benign,123,tvae,0.09,0.01,5145,2314aa7468d3a4cec2c12a2579e034cc9d5b842b47fca75e665ff7b6ee2473a6,68,71a5af2202ea16104c054be44984deaa9d3a0c1e444a80784c9ffcb1b36f8c1d,0.8160568430838702,0.011378624294619555,0.058740114659775536,2714,302
adult,non-IID,FedSA,123,tvae,0.09,0.01,5146,b458e67f8eb53c244547d6b18a1145704c864a0e6b6bb342961291e380df6944,67,71a5af2202ea16104c054be44984deaa9d3a0c1e444a80784c9ffcb1b36f8c1d,0.8287402881997477,0.000963070309273506,0.08684510843496471,2714,302
compas,IID,Benign,123,tvae,0.09,0.01,5147,a03b9377139e92989913cca0a701026b392c503e7046be1de0cf0f95dc213c8c,63,71a5af2202ea16104c054be44984deaa9d3a0c1e444a80784c9ffcb1b36f8c1d,0.6506479481641468,0.08532978408754804,0.001300267173389602,389,43
compas,IID,FedSA,123,tvae,0.09,0.01,5148,f36c870bdd1e8e3cddfaf9b866ddd9a0ef9971bc21461363b274d7b14a42e8fe,70,71a5af2202ea16104c054be44984deaa9d3a0c1e444a80784c9ffcb1b36f8c1d,0.661987041036717,0.011623779946761337,0.04791029323709334,389,43
compas,non-IID,Benign,123,tvae,0.09,0.01,5149,71a1b5bb17ef3a735c05614e9e6d6a86e40fe79f55f7b585914d2d86aeacbc35,64,71a5af2202ea16104c054be44984deaa9d3a0c1e444a80784c9ffcb1b36f8c1d,0.6511879049676026,0.07104406980183375,0.010179201094372092,389,43
compas,non-IID,FedSA,123,tvae,0.09,0.01,5150,2b556a6dce8a6c6913799b676ccc83eef69d300fd0ed56e2f7d3e2a6381d5882,61,71a5af2202ea16104c054be44984deaa9d3a0c1e444a80784c9ffcb1b36f8c1d,0.6576673866090713,0.014019520851819012,0.04445069547952896,389,43
adult,IID,Benign,456,none,0.01,0.0,5151,0770817d2c72ab931f24ab7fb2fd492f4f0358406316d5fbc8feda0ed3184979,62,dc4964b984c0711b7f64be5d20b5a229d622714b89c5a0b5cfbd827215455532,0.8169865196892224,0.056120837334226015,0.0671454047519286,302,0
adult,IID,FedSA,456,none,0.01,0.0,5152,31c11c0527c77550c7b9b6d86285e015ceadfb4eb6b36dc8583f1a1715e187c1,69,dc4964b984c0711b7f64be5d20b5a229d622714b89c5a0b5cfbd827215455532,0.8203067932797663,0.053963925419743874,0.06081860244460993,302,0
adult,non-IID,Benign,456,none,0.01,0.0,5153,12f9e1ddba8858815be367abbea29522ddc3f3c2d5cecba91976ce806f4cba41,63,dc4964b984c0711b7f64be5d20b5a229d622714b89c5a0b5cfbd827215455532,0.8157248157248157,0.013353318279885618,0.05541058614651491,302,0
adult,non-IID,FedSA,456,none,0.01,0.0,5154,b3738c79493bea72eb6240972edb719a6f0212178371b2cfba2b846c7a0b780e,64,dc4964b984c0711b7f64be5d20b5a229d622714b89c5a0b5cfbd827215455532,0.8181818181818182,0.006622679220472827,0.06806453180270673,302,0
compas,IID,Benign,456,none,0.01,0.0,5155,c6e621baca57aa3dcd4a8c79d34ac1f2fb4ae8bb11eacb57544793828c24fd58,61,dc4964b984c0711b7f64be5d20b5a229d622714b89c5a0b5cfbd827215455532,0.5496760259179265,0.003074866310160518,0.012477429159366782,43,0
compas,IID,FedSA,456,none,0.01,0.0,5156,50367b405e8e4f4211f5d3165936c274bf43320a8013db480a7182a4a6aba6a6,63,dc4964b984c0711b7f64be5d20b5a229d622714b89c5a0b5cfbd827215455532,0.550755939524838,0.007196969696969702,0.004208943830559031,43,0
compas,non-IID,Benign,456,none,0.01,0.0,5157,6ce00b5e9ecbf541dcbb368c43938eb7761a52a0bfd9a12983a2b0c4af20a183,68,dc4964b984c0711b7f64be5d20b5a229d622714b89c5a0b5cfbd827215455532,0.642548596112311,0.12736185383244208,0.09860087050202682,43,0
compas,non-IID,FedSA,456,none,0.01,0.0,5158,6cd83ac610143e121f23c359cdfb62e8252a4908df496c5377ccb085cf9dc3e8,62,dc4964b984c0711b7f64be5d20b5a229d622714b89c5a0b5cfbd827215455532,0.5577753779697624,0.012611408199643459,0.03203629542910569,43,0
adult,IID,Benign,456,none,0.03,0.0,5159,5ca1cd741305a8484319f4473a59a4e71464277e608811fb24d52ff55378bf7d,68,5ee68dde2defdb1f6307266be5e8a35193d4f59b7a4901178e7bac60c086aa40,0.8332558602828873,0.01296432013005444,0.12048426376089633,904,0
adult,IID,FedSA,456,none,0.03,0.0,5160,430baf38a138d32a1c399a7d763962d597d750457a40afcb8adc375c24337e57,68,5ee68dde2defdb1f6307266be5e8a35193d4f59b7a4901178e7bac60c086aa40,0.8326582110365894,0.0076257346552796035,0.1291942644514052,904,0
adult,non-IID,Benign,456,none,0.03,0.0,5161,7b329b8c226d6a9f1899a3e00d6eaf01c0946db81d49bd3568651f8b4463f974,67,5ee68dde2defdb1f6307266be5e8a35193d4f59b7a4901178e7bac60c086aa40,0.8344511587754831,0.0055562188008917435,0.11537116816241474,904,0
adult,non-IID,FedSA,456,none,0.03,0.0,5162,8846172a466fe67f8a5187c57040891858086b6c5e916aa8c0999b5b78c1d08e,62,5ee68dde2defdb1f6307266be5e8a35193d4f59b7a4901178e7bac60c086aa40,0.8294707483896673,0.013214512772677156,0.10610757678380078,904,0
compas,IID,Benign,456,none,0.03,0.0,5163,bd7ca268ead4e693d04e66d159233b14648cc84b6b5f7312d269dbd74eadaf88,69,5ee68dde2defdb1f6307266be5e8a35193d4f59b7a4901178e7bac60c086aa40,0.6533477321814255,0.03288770053475937,0.05807315345136893,130,0
compas,IID,FedSA,456,none,0.03,0.0,5164,fc5fd7c0c3d5d3bbe9780c07bb56bbc451f1744c18ed01d04d0b575fa9e186fd,61,5ee68dde2defdb1f6307266be5e8a35193d4f59b7a4901178e7bac60c086aa40,0.6652267818574514,0.005258467023172897,0.05780703054694092,130,0
compas,non-IID,Benign,456,none,0.03,0.0,5165,d617e179d17a109caac230c0aa28f1df316cc99b043c8776d393541efdd5ca70,61,5ee68dde2defdb1f6307266be5e8a35193d4f59b7a4901178e7bac60c086aa40,0.597732181425486,0.00303030303030305,0.005304950002742892,130,0
compas,non-IID,FedSA,456,none,0.03,0.0,5166,80f1b9861863d947f186bd0e2fc53dbf5e356af8570cfd08b9115f76eb44512f,64,5ee68dde2defdb1f6307266be5e8a35193d4f59b7a4901178e7bac60c086aa40,0.5944924406047516,0.017234848484848464,0.003269343225012822,130,0
adult,IID,Benign,456,none,0.05,0.0,5167,20c7f4e51383af30e16815278bf00a586b804c63292f5cc412e6658af5d9ecb8,62,31a9daefbb0ac29c633e1e0583116e54bbcb1a632afddf10a7ed299a26e47183,0.8376386214224052,0.007828516363341365,0.12028034097254378,1508,0
adult,IID,FedSA,456,none,0.05,0.0,5168,045cfc9088a801b0d49e467965808cce510f6f789c9510ff4adfb9e98155d4bf,70,31a9daefbb0ac29c633e1e0583116e54bbcb1a632afddf10a7ed299a26e47183,0.8353144299090245,0.004329817879177522,0.11370393636983092,1508,0
adult,non-IID,Benign,456,none,0.05,0.0,5169,bc578c8c55a778998d8d7c162bc22246a4a3d8c3dc23fd8ba14e0594676772d6,70,31a9daefbb0ac29c633e1e0583116e54bbcb1a632afddf10a7ed299a26e47183,0.8369745667042965,0.0035569625242267144,0.11000808910444854,1508,0
adult,non-IID,FedSA,456,none,0.05,0.0,5170,4a6896768e1f501e08d381f4ca6e519a3c6e677988a902b8e33d5362abcf409c,65,31a9daefbb0ac29c633e1e0583116e54bbcb1a632afddf10a7ed299a26e47183,0.8337871040573743,0.0051934965906968444,0.10617062934885658,1508,0
compas,IID,Benign,456,none,0.05,0.0,5171,584c58d9e9b357931fe06e85cae1df78f067e27b530f63aacfebfa785a4c63a6,67,31a9daefbb0ac29c633e1e0583116e54bbcb1a632afddf10a7ed299a26e47183,0.6657667386609071,0.00538101604278074,0.022630951727872994,216,0
compas,IID,FedSA,456,none,0.05,0.0,5172,6b0c3e8be2c95bcb9debe9fa5d61d43280796371b5d6a29554a38b6a2660a813,69,31a9daefbb0ac29c633e1e0583116e54bbcb1a632afddf10a7ed299a26e47183,0.6555075593952484,0.010483511586452776,0.023000955941485657,216,0
compas,non-IID,Benign,456,none,0.05,0.0,5173,fab2641e675709268c0fd610222a396ee3c1d720f74709b8e1d03f135ce4d09f,66,31a9daefbb0ac29c633e1e0583116e54bbcb1a632afddf10a7ed299a26e47183,0.6555075593952484,0.00018939393939398919,0.0007470116615523881,216,0
compas,non-IID,FedSA,456,none,0.05,0.0,5174,9d73b98978e9a30c772627cc948b8752af91461cc1ff88a73c6ee0a763f78e54,64,31a9daefbb0ac29c633e1e0583116e54bbcb1a632afddf10a7ed299a26e47183,0.658207343412527,0.004946524064171176,0.005381985580340531,216,0
adult,IID,Benign,456,none,0.07,0.0,5175,7d8b31ca22fbd438d79bdda858d62fab2826be2d0fb7128f048b20cabb3ba4d8,66,51d10ec6e33128be8368c11468bfccf8ed8741da2042c747492b086606b5cdd7,0.7888970051132214,0.0022465928388925027,0.028246987429489157,2112,0
adult,IID,FedSA,456,none,0.07,0.0,5176,ebe5e9444dbf8fb64572ad15e078213d857e18e6aa1e697a335b683cd214b9a7,63,51d10ec6e33128be8368c11468bfccf8ed8741da2042c747492b086606b5cdd7,0.838302676140514,0.003897407307338785,0.11709390948331844,2112,0
adult,non-IID,Benign,456,none,0.07,0.0,5177,714235356c5d1533b09864dfe4b5cd7e42b68e2b46b98606ed40ff5b4496db17,69,51d10ec6e33128be8368c11468bfccf8ed8741da2042c747492b086606b5cdd7,0.8379706487814595,0.009534167575376229,0.10855081854185958,2112,0
adult,non-IID,FedSA,456,none,0.07,0.0,5178,d3cbf839ce1babcd20043867745929df471dcb62c20bef0c51ada079d6844ce7,62,51d10ec6e33128be8368c11468bfccf8ed8741da2042c747492b086606b5cdd7,0.8121389202470284,0.012755255045123204,0.05885301947559926,2112,0
compas,IID,Benign,456,none,0.07,0.0,5179,3ad311b9eb244205a5a9a578a64ee51a714e67da48319e56aeb5eccda162bd1a,64,51d10ec6e33128be8368c11468bfccf8ed8741da2042c747492b086606b5cdd7,0.6636069114470843,0.020922459893048084,0.002438292751535731,303,0
compas,IID,FedSA,456,none,0.07,0.0,5180,bd86177aaed1ab4b18ddc32a6dcd4d84d644846a2b0ac4f44c4e271a2fbdad59,69,51d10ec6e33128be8368c11468bfccf8ed8741da2042c747492b086606b5cdd7,0.6630669546436285,0.015430035650623841,0.0044587258548905995,303,0
compas,non-IID,Benign,456,none,0.07,0.0,5181,90a73566fec09ec28847b3f3722d356ebe19b7d3dd9d5a706cc9f6113eb8998a,65,51d10ec6e33128be8368c11468bfccf8ed8741da2042c747492b086606b5cdd7,0.6598272138228942,0.011397058823529371,0.007843622446299825,303,0
compas,non-IID,FedSA,456,none,0.07,0.0,5182,7ba3a66d94a7cf90325b9d38fb50586c6bd9caf35b792a3726da32b4fd334335,66,51d10ec6e33128be8368c11468bfccf8ed8741da2042c747492b086606b5cdd7,0.6646868250539957,0.006873885918003642,0.025429911047252007,303,0
adult,IID,Benign,456,none,0.1,0.0,5183,1b40449fbd921a3a795589707a72aaf72a60b7d402fd9703c068e5cd255aa516,70,a0cae131e714b24d1c37e1363958593b08cb102eb387130fd18e2641af721923,0.8284746663125041,0.01808070255007993,0.08440940971364186,3016,0
adult,IID,FedSA,456,none,0.1,0.0,5184,08235c7142f8a2e2062e9bc6f2156778cd46f5fb6e3bf7c4ab6d47283f752f58,61,a0cae131e714b24d1c37e1363958593b08cb102eb387130fd18e2641af721923,0.8179826017663856,0.004233853577897628,0.0647455354551013,3016,0
adult,non-IID,Benign,456,none,0.1,0.0,5185,74e91ff36af7ab5a8631d7a7795f3ab9828fca83478afeb961355ca826d090c7,66,a0cae131e714b24d1c37e1363958593b08cb102eb387130fd18e2641af721923,0.8088186466564845,0.012947754863762151,0.050578428543910245,3016,0
adult,non-IID,FedSA,456,none,0.1,0.0,5186,2d006493981ab6ccb9f6ac43f78ebbe67359c7a480cc4ed22e70650729b3c63b,67,a0cae131e714b24d1c37e1363958593b08cb102eb387130fd18e2641af721923,0.8187130619563052,0.007415527138190325,0.06835150824022598,3016,0
compas,IID,Benign,456,none,0.1,0.0,5187,a32613c21eff13e02ac34a321534d26d29a7b4dcbca975e6ce5a24fb2d62d19f,64,a0cae131e714b24d1c37e1363958593b08cb102eb387130fd18e2641af721923,0.6625269978401728,0.02316176470588238,0.011621867365745109,432,0
compas,IID,FedSA,456,none,0.1,0.0,5188,f4079fb1846c493560495e3d8a58d66054365588655d2f5ed2f6ae539007c76d,70,a0cae131e714b24d1c37e1363958593b08cb102eb387130fd18e2641af721923,0.642548596112311,0.058400178253119495,0.06931567895773194,432,0
compas,non-IID,Benign,456,none,0.1,0.0,5189,625ec9e8913c3c16717e63b2128db5ee3abedd671b62d3b49062220f436fb279,68,a0cae131e714b24d1c37e1363958593b08cb102eb387130fd18e2641af721923,0.6549676025917927,0.053163992869875276,0.033401926122881065,432,0
compas,non-IID,FedSA,456,none,0.1,0.0,5190,fe395b23f3f63d66edd9431fa565cfa8c35758d5e05f3b59f72a86285a426725,68,a0cae131e714b24d1c37e1363958593b08cb102eb387130fd18e2641af721923,0.6533477321814255,0.04336007130124775,0.01543746286826797,432,0
adult,IID,Benign,456,gaussian_copula,0.01,0.09,5191,5336c43702a90f34725e3b8c10f252f1cac62bca4ccb7be896b30b1ff1dff7af,61,29b5c81db84e6e9877bdf53d35f977652acd4869d072b0a53a87587b798a4708,0.8187130619563052,0.016764049487876187,0.06526251432926214,302,2715
adult,IID,FedSA,456,gaussian_copula,0.01,0.09,5192,2622366dba08e4fcf8e633e1fd039182d603a9ee225ecf811c1a32c73a878a9d,61,29b5c81db84e6e9877bdf53d35f977652acd4869d072b0a53a87587b798a4708,0.801514044757288,0.0213669086528383,0.04550611750309917,302,2715
adult,non-IID,Benign,456,gaussian_copula,0.01,0.09,5193,d83826970ac7e097aefb16b75f38e96858964343a01399dda27726d73bf63046,62,29b5c81db84e6e9877bdf53d35f977652acd4869d072b0a53a87587b798a4708,0.8121389202470284,0.00024390926575312832,0.05472856322122013,302,2715
adult,non-IID,FedSA,456,gaussian_copula,0.01,0.09,5194,5d60573dcd4bf34904827512e4e28d203b87a657c713deec75746dc3bf696f6a,65,29b5c81db84e6e9877bdf53d35f977652acd4869d072b0a53a87587b798a4708,0.8122717311906501,0.0048798989632999334,0.055990597524463614,302,2715
compas,IID,Benign,456,gaussian_copula,0.01,0.09,5195,7bc9d5fb59da36380af2b4a7620e9153938330262de72c7105d848f30ddf81ad,62,29b5c81db84e6e9877bdf53d35f977652acd4869d072b0a53a87587b798a4708,0.6430885529157667,0.00218360071301249,0.00797785110423499,43,389
compas,IID,FedSA,456,gaussian_copula,0.01,0.09,5196,ec0c3e1d2ac531c1151513a59464b0c3231a2d17a1ad6379f4b4db252d5c6f4f,65,29b5c81db84e6e9877bdf53d35f977652acd4869d072b0a53a87587b798a4708,0.6420086393088553,0.003943850267379645,0.010328603426682625,43,389
compas,non-IID,Benign,456,gaussian_copula,0.01,0.09,5197,5e96763e7c9488e6afb1b340fcaef9657e208affd64fa8f92aa254eb93a5f304,64,29b5c81db84e6e9877bdf53d35f977652acd4869d072b0a53a87587b798a4708,0.66792656587473,0.006227718360071299,0.012938475419231099,43,389
compas,non-IID,FedSA,456,gaussian_copula,0.01,0.09,5198,d89ba0275daec3c17a0084706d2515325f2ecebd1084abcabc96b976ff59bd19,64,29b5c81db84e6e9877bdf53d35f977652acd4869d072b0a53a87587b798a4708,0.66792656587473,0.0316956327985739,0.06946391408432129,43,389
adult,IID,Benign,456,forest_diffusion,0.01,0.09,5199,7dfddadee61c8587b732d692fc276ab23a82b5967e199fb4f33f1ba5cf8d149f,65,49d1ffc908e6b693448a0bdf84079b7ee8ff2feb789d3d5409dd99d7dde677a0,0.8262832857427452,0.09550732841668613,0.059542966601720315,302,2715
adult,IID,FedSA,456,forest_diffusion,0.01,0.09,5200,7554a8b54bd2205441a1740511419fb65ff986e977ac9fafff8ded907a665baa,67,49d1ffc908e6b693448a0bdf84079b7ee8ff2feb789d3d5409dd99d7dde677a0,0.8286074772561259,0.0603027102489303,0.08416095091051877,302,2715
adult,non-IID,Benign,456,forest_diffusion,0.01,0.09,5201,b7c0130820a12439aa82d56665cf3afe463946a851892b1e57ff298a34e4b111,62,49d1ffc908e6b693448a0bdf84079b7ee8ff2feb789d3d5409dd99d7dde677a0,0.8244239325320406,0.019624699611744456,0.074169275935478,302,2715
adult,non-IID,FedSA,456,forest_diffusion,0.01,0.09,5202,a81acef26891f78891150559c633de6097c42b3b2221121f6e1caa8c31b30cf7,64,49d1ffc908e6b693448a0bdf84079b7ee8ff2feb789d3d5409dd99d7dde677a0,0.8287402881997477,0.01839772747395113,0.07546944670902724,302,2715
compas,IID,Benign,456,forest_diffusion,0.01,0.09,5203,094427b141d2aa52bd8f1cb3c212f08f4ba1af8ac1269b648347f939d906de60,61,49d1ffc908e6b693448a0bdf84079b7ee8ff2feb789d3d5409dd99d7dde677a0,0.5831533477321814,0.05441176470588238,0.0875707764369178,43,389
compas,IID,FedSA,456,forest_diffusion,0.01,0.09,5204,458b6bf4864e248ef306fb3aeb57663d70b165692928758058ea8a6cdf01fa92,70,49d1ffc908e6b693448a0bdf84079b7ee8ff2feb789d3d5409dd99d7dde677a0,0.5620950323974082,0.04540998217468806,0.067022119715622,43,389
compas,non-IID,Benign,456,forest_diffusion,0.01,0.09,5205,656fa446db81cb3b1551d190729881dd9928f5f2535e24aebe95ef68f2f55260,63,49d1ffc908e6b693448a0bdf84079b7ee8ff2feb789d3d5409dd99d7dde677a0,0.5804535637149028,0.04920900178253118,0.06534601230001391,43,389
compas,non-IID,FedSA,456,forest_diffusion,0.01,0.09,5206,48373ce2602c887681b704755c9cdcd94989d0956318e87d1a2a4f50a58bc4ff,69,49d1ffc908e6b693448a0bdf84079b7ee8ff2feb789d3d5409dd99d7dde677a0,0.5637149028077754,0.04500891265597151,0.08395944193560057,43,389
adult,IID,Benign,456,smote,0.01,0.09,5207,b4357d2fdb940905c8161d5d7f0e9561a6732f4de956a701c1fc880c1e8930b5,62,e5bf8505b5d968680358edbec8bb0ba04990d7f817ad2c549e4d628c8feb3e86,0.7440733116408792,0.05643500617770192,0.05063480070675047,302,2715
adult,IID,FedSA,456,smote,0.01,0.09,5208,a8adb181948fc608d2d1088522140dfddf4e2d3f7ca8b87013e8c32a88ca47da,65,e5bf8505b5d968680358edbec8bb0ba04990d7f817ad2c549e4d628c8feb3e86,0.7659871173384687,0.06704877214247729,0.11515031366394224,302,2715
adult,non-IID,Benign,456,smote,0.01,0.09,5209,d6a7211d2e63c1fe2be6a93f3059d5ff679a8b2b377430bd60ed51cb419c7505,62,e5bf8505b5d968680358edbec8bb0ba04990d7f817ad2c549e4d628c8feb3e86,0.7380304137060893,0.040730562516458124,0.07507831216849509,302,2715
adult,non-IID,FedSA,456,smote,0.01,0.09,5210,8983df725e5d41a141671c4d0fce41461c1c9d8a3c8010ec05f3cd3d6ebd3a2c,63,e5bf8505b5d968680358edbec8bb0ba04990d7f817ad2c549e4d628c8feb3e86,0.7618035726143835,0.011347207410271953,0.0840666027675161,302,2715
compas,IID,Benign,456,smote,0.01,0.09,5211,b2874bc1e9cd05afefcc2d634f3a1bc30d6b315b219871081c37526fece7b241,70,e5bf8505b5d968680358edbec8bb0ba04990d7f817ad2c549e4d628c8feb3e86,0.6690064794816415,0.005971479500891275,0.053216410445557416,43,389
compas,IID,FedSA,456,smote,0.01,0.09,5212,1f554e6d5f38b7d75406e1290430424b03adfaf566514920f9d1dd429da74a5f,63,e5bf8505b5d968680358edbec8bb0ba04990d7f817ad2c549e4d628c8feb3e86,0.6506479481641468,0.026270053475935917,0.015062789831770673,43,389
compas,non-IID,Benign,456,smote,0.01,0.09,5213,42945f18b2e0707f330ada5b63d11effa78c59bb43d3e2e833ebef61a89c0e0c,61,e5bf8505b5d968680358edbec8bb0ba04990d7f817ad2c549e4d628c8feb3e86,0.6733261339092873,0.0401069518716578,0.07923809479344546,43,389
compas,non-IID,FedSA,456,smote,0.01,0.09,5214,b79bae22a3f347639d0fd8d233e379b5455b5190400d97a7b1ce0a31fe0848f0,68,e5bf8505b5d968680358edbec8bb0ba04990d7f817ad2c549e4d628c8feb3e86,0.6641468682505399,0.003932709447415417,0.03539668070037011,43,389
adult,IID,Benign,456,ctgan,0.01,0.09,5215,6b51791268b35d38cffe6df585573f80ddb25922f9f0683cb690d02d67eb6b4a,63,c145174d7c72e9dda591585a8a6b245c70b6d7723526b731130e176837e7ad80,0.8213028753569294,0.03130321234786376,0.0882884163550851,302,2715
adult,IID,FedSA,456,ctgan,0.01,0.09,5216,afddfa2170467c3121e58692659fa893c487b3f2a59c75c4200e1ac9e7e232b2,62,c145174d7c72e9dda591585a8a6b245c70b6d7723526b731130e176837e7ad80,0.8282754498970715,0.023896253450859162,0.10981814901983251,302,2715
adult,non-IID,Benign,456,ctgan,0.01,0.09,5217,984c5c38eb23f6ee3670d493f2c414a67329c93ee721279b01afe2110c31bc77,65,c145174d7c72e9dda591585a8a6b245c70b6d7723526b731130e176837e7ad80,0.756092702038648,0.008590518612790327,0.0026611472501478417,302,2715
adult,non-IID,FedSA,456,ctgan,0.01,0.09,5218,e463a35a957801067389b2002f01762a9f2a58d9a6807dc803c06ca09fb8c397,66,c145174d7c72e9dda591585a8a6b245c70b6d7723526b731130e176837e7ad80,0.7548309980742414,0.002545338848234171,0.000788488074117879,302,2715
compas,IID,Benign,456,ctgan,0.01,0.09,5219,50463cbda6ed75892e1c88828b03d3b8fa35d7ed64b4c5bf593308fd64eec980,61,c145174d7c72e9dda591585a8a6b245c70b6d7723526b731130e176837e7ad80,0.4654427645788337,0.0,0.0,43,389
compas,IID,FedSA,456,ctgan,0.01,0.09,5220,aa134d640dba80322b9a0deac7fc2cf703d0c77ebb761b30018321d4fe75f203,61,c145174d7c72e9dda591585a8a6b245c70b6d7723526b731130e176837e7ad80,0.4654427645788337,0.0,0.0,43,389
compas,non-IID,Benign,456,ctgan,0.01,0.09,5221,d3e69aadfadcb12cf1a3f4ee8f68a9ddb32d8f346f22b840e87642b079f39888,61,c145174d7c72e9dda591585a8a6b245c70b6d7723526b731130e176837e7ad80,0.4654427645788337,0.0,0.0,43,389
compas,non-IID,FedSA,456,ctgan,0.01,0.09,5222,d696bcb996f16341b154f3e3ccb7f3b31845f84ce69e85181ebce65a15f87270,61,c145174d7c72e9dda591585a8a6b245c70b6d7723526b731130e176837e7ad80,0.4654427645788337,0.0,0.0,43,389
adult,IID,Benign,456,tvae,0.01,0.09,5223,348d7c22933239eefcc6903df7032a068478d3fd1022df6fa6df9b42e16a8dc7,61,04495a5a401d26c9f627641f88d8f29fcb9366cbe0099f45a37c1b3bdc4125f3,0.7596121920446245,0.004135604412301482,0.003655443871802239,302,2715
adult,IID,FedSA,456,tvae,0.01,0.09,5224,61e1ee07c276ec2bc7c56fa2ae418f590f9a56ee5361ad6bbbfad9df1fc991d5,61,04495a5a401d26c9f627641f88d8f29fcb9366cbe0099f45a37c1b3bdc4125f3,0.7593465701573809,0.005408273836418568,0.0032611998347432994,302,2715
adult,non-IID,Benign,456,tvae,0.01,0.09,5225,8fa90a83ea110f223543488949f408266a54c92b788f2260c59b7aec37a0c705,66,04495a5a401d26c9f627641f88d8f29fcb9366cbe0099f45a37c1b3bdc4125f3,0.7594129756291919,0.005090106480389295,0.003359760844008034,302,2715
adult,non-IID,FedSA,456,tvae,0.01,0.09,5226,3b53807220405ccc83c5bedaaaf1f5fafc63e482b0de4342f4c0ef4590b95328,63,04495a5a401d26c9f627641f88d8f29fcb9366cbe0099f45a37c1b3bdc4125f3,0.7594793811010028,0.004771939124360025,0.003458321853272769,302,2715
compas,IID,Benign,456,tvae,0.01,0.09,5227,a86e342f699265702c523eae08997e61ab706650e754f98527b651b2496cf549,67,04495a5a401d26c9f627641f88d8f29fcb9366cbe0099f45a37c1b3bdc4125f3,0.49406047516198703,0.00704099821746873,0.0015979046322893709,43,389
compas,IID,FedSA,456,tvae,0.01,0.09,5228,8be9dd2d37bafd4c76a5ff14d96737cc0a41bac1564adaac2c314ea9cfc01f8a,66,04495a5a401d26c9f627641f88d8f29fcb9366cbe0099f45a37c1b3bdc4125f3,0.5458963282937365,0.0026069518716577145,0.022551581738833093,43,389
compas,non-IID,Benign,456,tvae,0.01,0.09,5229,40975586daa8fb93d8b94caebc92507a61ed423ccd085c1d1a8d02bbe69c350e,68,04495a5a401d26c9f627641f88d8f29fcb9366cbe0099f45a37c1b3bdc4125f3,0.48758099352051837,0.006160873440285264,0.007552988221727008,43,389
compas,non-IID,FedSA,456,tvae,0.01,0.09,5230,2fc5ba15e11facd80d5040bfd85fb181e24b9fce82c254d7d75ccc2f99df3f9f,67,04495a5a401d26c9f627641f88d8f29fcb9366cbe0099f45a37c1b3bdc4125f3,0.4908207343412527,0.009324866310160496,0.02230646853738616,43,389
adult,IID,Benign,456,gaussian_copula,0.02,0.08,5231,56efde758cf77c6ca85bfbfb29686c0307ea915530dc06173105d83982746c7b,69,ec3fa29c96948315c7aa0ff2c01ef80c49197303ccedb3be700282b2bcb532a9,0.792814927950063,0.0021551982662449676,0.03155539142763566,604,2413
adult,IID,FedSA,456,gaussian_copula,0.02,0.08,5232,08c97515e5fd985278d69100dca91111f698a4d5916451044836c9dd9b519f65,69,ec3fa29c96948315c7aa0ff2c01ef80c49197303ccedb3be700282b2bcb532a9,0.7967992562587157,0.01867648092052615,0.03313463449914577,604,2413
adult,non-IID,Benign,456,gaussian_copula,0.02,0.08,5233,3c6a452389d5df5723f493b8952fa8dbd31fafa1bca1c5c7899a9937d643c140,66,ec3fa29c96948315c7aa0ff2c01ef80c49197303ccedb3be700282b2bcb532a9,0.8151935719503287,0.00877844870279687,0.05890664324473516,604,2413
adult,non-IID,FedSA,456,gaussian_copula,0.02,0.08,5234,59d69b3195c633160f833557175f5783fc95f894b7eb5ff1a879689bf951fbdc,61,ec3fa29c96948315c7aa0ff2c01ef80c49197303ccedb3be700282b2bcb532a9,0.8077561591075104,0.0023122826879829472,0.05139032811768454,604,2413
compas,IID,Benign,456,gaussian_copula,0.02,0.08,5235,961973a3a22cae2c4d0f863b1f7291c959810f4d2c0ab3c089d5be0f55d77431,68,ec3fa29c96948315c7aa0ff2c01ef80c49197303ccedb3be700282b2bcb532a9,0.6673866090712743,0.1346590909090909,0.1413182654856101,86,346
compas,IID,FedSA,456,gaussian_copula,0.02,0.08,5236,8e55be54eec3510f7122c7f1a6770521c71740148930ad6f1140db85434ce50b,61,ec3fa29c96948315c7aa0ff2c01ef80c49197303ccedb3be700282b2bcb532a9,0.6690064794816415,0.11633244206773619,0.12748804489540083,86,346
compas,non-IID,Benign,456,gaussian_copula,0.02,0.08,5237,eb7b8832383590788a17964da93bb953e34bf2d308610270655c07d6dcef7545,62,ec3fa29c96948315c7aa0ff2c01ef80c49197303ccedb3be700282b2bcb532a9,0.6614470842332614,0.10584893048128341,0.09665747297626953,86,346
compas,non-IID,FedSA,456,gaussian_copula,0.02,0.08,5238,e993c342e91bdffd374f8c7bb8574d8f718d4c2d32e48a368b8e11668f697d81,67,ec3fa29c96948315c7aa0ff2c01ef80c49197303ccedb3be700282b2bcb532a9,0.6592872570194385,0.07967914438502666,0.08393959943834067,86,346
adult,IID,Benign,456,forest_diffusion,0.02,0.08,5239,3b1bae7a507726fcc98a878ac1e0d05df7a71155e3a848aed9d4aee7a46c377a,63,8a5e247a707287e9796f8ce7fd3f7c8a1a7ef9a1bb9e47ad879342e9ab9f47d3,0.8319277508466698,0.02930681215159392,0.08361261627460731,604,2413
adult,IID,FedSA,456,forest_diffusion,0.02,0.08,5240,45eb25f0c139d901edfcc135789a01d218e74ba90e82a38d4c4063805b81df2c,61,8a5e247a707287e9796f8ce7fd3f7c8a1a7ef9a1bb9e47ad879342e9ab9f47d3,0.8244903380038515,0.0040362128145472465,0.08190271416516899,604,2413
adult,non-IID,Benign,456,forest_diffusion,0.02,0.08,5241,56b46f3cffeb53bfb182ecf72f20dffcaff72a9e43fda051edce671b0cbdef6c,67,8a5e247a707287e9796f8ce7fd3f7c8a1a7ef9a1bb9e47ad879342e9ab9f47d3,0.8286738827279367,0.015149221632409893,0.08149751667582865,604,2413
adult,non-IID,FedSA,456,forest_diffusion,0.02,0.08,5242,d251024d01f5ceff965f3c9b24505fd0f8ee442e3c1128901bc86ee7c4e4f38c,67,8a5e247a707287e9796f8ce7fd3f7c8a1a7ef9a1bb9e47ad879342e9ab9f47d3,0.7996546915465834,0.0035501079312781347,0.04679836407582212,604,2413
compas,IID,Benign,456,forest_diffusion,0.02,0.08,5243,806a1b237f8a0fc914ff37bcd3bec4631b7020036eb0a7327b54ca07dd2b2580,66,8a5e247a707287e9796f8ce7fd3f7c8a1a7ef9a1bb9e47ad879342e9ab9f47d3,0.66792656587473,0.01325757575757569,0.035626620227441674,86,346
compas,IID,FedSA,456,forest_diffusion,0.02,0.08,5244,2fbca013021a500112fba99475219947739046a185964959693699ff846144ec,67,8a5e247a707287e9796f8ce7fd3f7c8a1a7ef9a1bb9e47ad879342e9ab9f47d3,0.6204103671706264,0.006227718360071299,0.0016585993297904,86,346
compas,non-IID,Benign,456,forest_diffusion,0.02,0.08,5245,dcffddacd476bb4ea11fa0d63695daae68cab9d2726ee3a8349b56e03da24f5c,63,8a5e247a707287e9796f8ce7fd3f7c8a1a7ef9a1bb9e47ad879342e9ab9f47d3,0.661987041036717,0.02857620320855614,0.038800252583318096,86,346
compas,non-IID,FedSA,456,forest_diffusion,0.02,0.08,5246,efd5a1d436ddfcf3408c0156cac85fd8e98c2115296d49b8d1deb2a45d6cdcc7,70,8a5e247a707287e9796f8ce7fd3f7c8a1a7ef9a1bb9e47ad879342e9ab9f47d3,0.6058315334773218,0.004389483065953659,0.018549233320922065,86,346
adult,IID,Benign,456,smote,0.02,0.08,5247,fb26999615b759f88ada7e459f830c6900fc43186fd5f90cebf20a16274619f9,66,b80d473411a6eb0ccece69f0d7e5f2313d8529d86e16e1b3379c871d2b80d7f9,0.760409057706355,0.0325718832594275,0.07279780741576003,604,2413
adult,IID,FedSA,456,smote,0.02,0.08,5248,19d6573c67f192a1c6b2f5e9235507bd68e8181b8376c815fcac63259033b65f,66,b80d473411a6eb0ccece69f0d7e5f2313d8529d86e16e1b3379c871d2b80d7f9,0.7997210970183943,0.06561559100014791,0.1163307788518447,604,2413
adult,non-IID,Benign,456,smote,0.02,0.08,5249,1862d15362128d0283b9374b3d09d276aa07bca46aa6b072180286a4e58c931f,68,b80d473411a6eb0ccece69f0d7e5f2313d8529d86e16e1b3379c871d2b80d7f9,0.7505810478783452,0.007051091279758226,0.12242420842951207,604,2413
adult,non-IID,FedSA,456,smote,0.02,0.08,5250,c6a9bc7b7741b1f692d916900e0b5f99260f9049e00a92786054509e59977d48,63,b80d473411a6eb0ccece69f0d7e5f2313d8529d86e16e1b3379c871d2b80d7f9,0.7721628262168803,0.04816322613701984,0.048604279413499984,604,2413
compas,IID,Benign,456,smote,0.02,0.08,5251,e2e865dced5006304fffbe0d529ca5ffe5e53db72cd8a98610e3998f570e8d88,64,b80d473411a6eb0ccece69f0d7e5f2313d8529d86e16e1b3379c871d2b80d7f9,0.6700863930885529,0.08195187165775397,0.07924509802777252,86,346
compas,IID,FedSA,456,smote,0.02,0.08,5252,26a12e4d685b1d7a62c109b87b0c10235aff5000fc63f23c3d5a7e1a237d6326,63,b80d473411a6eb0ccece69f0d7e5f2313d8529d86e16e1b3379c871d2b80d7f9,0.6592872570194385,0.05142602495543669,0.04933428421692754,86,346
compas,non-IID,Benign,456,smote,0.02,0.08,5253,caf80dee6910bbe7e9443b7c5ad9941d1b489a58a835cfab0a6a4b9b5392feeb,61,b80d473411a6eb0ccece69f0d7e5f2313d8529d86e16e1b3379c871d2b80d7f9,0.6636069114470843,0.0002673796791443639,0.02036890704023475,86,346
compas,non-IID,FedSA,456,smote,0.02,0.08,5254,438e43672a36eb9732e318602bb818f05d8ff0f63e313bf00beeff220509120c,67,b80d473411a6eb0ccece69f0d7e5f2313d8529d86e16e1b3379c871d2b80d7f9,0.6598272138228942,0.10472370766488415,0.10308294047134103,86,346
adult,IID,Benign,456,ctgan,0.02,0.08,5255,c54a4a58b1e64ed702436ee188548e6cd3368c61b8ef13094291455882d9fe97,61,10708aac3f310ef076fce646f908fd123d5b59749efa7680dbd939c4f12f5d45,0.7984593930539876,0.009844909122377898,0.04068758150140857,604,2413
adult,IID,FedSA,456,ctgan,0.02,0.08,5256,0e14349c9fe98ca1dace37cc8ffcdba05366710197fc1bd1557c8f8ca9769747,69,10708aac3f310ef076fce646f908fd123d5b59749efa7680dbd939c4f12f5d45,0.7551630254332957,0.008544821326466554,0.0005313226807198255,604,2413
adult,non-IID,Benign,456,ctgan,0.02,0.08,5257,e69fccaf720ccb71c27f36ff2bbf13eff58cb56afdfc8d777144a81867317a9e,68,10708aac3f310ef076fce646f908fd123d5b59749efa7680dbd939c4f12f5d45,0.787436084733382,0.010791414165359059,0.025425350036024016,604,2413
adult,non-IID,FedSA,456,ctgan,0.02,0.08,5258,a84f627d9166a18a42a18e55d64d90ffa3fbd6cd90f20440beb4f03b5dac9be1,64,10708aac3f310ef076fce646f908fd123d5b59749efa7680dbd939c4f12f5d45,0.7855103260508666,0.029131448815326394,0.021251422694967336,604,2413
compas,IID,Benign,456,ctgan,0.02,0.08,5259,51b753fa5cba831575fe27c1628b41a95944e8c90d63eb73bd56219cec3f67da,66,10708aac3f310ef076fce646f908fd123d5b59749efa7680dbd939c4f12f5d45,0.6144708423326134,0.2481060606060606,0.18228485188743002,86,346
compas,IID,FedSA,456,ctgan,0.02,0.08,5260,e7e565ac00863cfaa864cbf150d627fb0492b756052a6cd9cf35a19944f5be9b,65,10708aac3f310ef076fce646f908fd123d5b59749efa7680dbd939c4f12f5d45,0.597732181425486,0.15594919786096256,0.11401615646159251,86,346
compas,non-IID,Benign,456,ctgan,0.02,0.08,5261,f938138e08f912128927e32a394244a746d94f683da23ed3c260c8ed755e6a31,61,10708aac3f310ef076fce646f908fd123d5b59749efa7680dbd939c4f12f5d45,0.6220302375809935,0.26999777183600715,0.20595578391287042,86,346
compas,non-IID,FedSA,456,ctgan,0.02,0.08,5262,add4e103f18d76a3fe655a07de8f44fc77eba64973ba35b2bbf8271c0d2199fa,63,10708aac3f310ef076fce646f908fd123d5b59749efa7680dbd939c4f12f5d45,0.6268898488120951,0.2868426916221034,0.21233689759053723,86,346
adult,IID,Benign,456,tvae,0.02,0.08,5263,15747c33819ffc039b86152ed4f9ea889a96dc489bf737d9422a3ba8d85f909b,61,d23ccd111aac73aa3cb4d4fcc2fbed1c8048efadc886e4d0a8a1f8e93b5a64c6,0.7566903512849459,0.01602146858511491,0.00037913790231919884,604,2413
adult,IID,FedSA,456,tvae,0.02,0.08,5264,780d16324f46e2fa17b22938ff6e3d9af336efcc340d7c493084f31778c4ee3d,61,d23ccd111aac73aa3cb4d4fcc2fbed1c8048efadc886e4d0a8a1f8e93b5a64c6,0.755561458264161,0.017203314652663493,0.0014504697927658987,604,2413
adult,non-IID,Benign,456,tvae,0.02,0.08,5265,dd98c9d0c1a830be7bf3bc0f54ab2afdaf93eadf4c86f7d5c27a8773f97234e0,63,d23ccd111aac73aa3cb4d4fcc2fbed1c8048efadc886e4d0a8a1f8e93b5a64c6,0.755561458264161,0.01931681414513801,0.0017525724262927953,604,2413
adult,non-IID,FedSA,456,tvae,0.02,0.08,5266,01d07962fd6c193ec8e1903b79413fba39bf3a4ff07703af8d2bcd9c6ee17c26,61,d23ccd111aac73aa3cb4d4fcc2fbed1c8048efadc886e4d0a8a1f8e93b5a64c6,0.7552958363769174,0.020589483569255097,0.0021468164633517348,604,2413
compas,IID,Benign,456,tvae,0.02,0.08,5267,a13c4929d9cbb6d0aedd2d88eecc0464d071a6b1cc5fc236b33bb27422fddb0f,69,d23ccd111aac73aa3cb4d4fcc2fbed1c8048efadc886e4d0a8a1f8e93b5a64c6,0.5674946004319654,0.03950534759358293,0.011150316254390225,86,346
compas,IID,FedSA,456,tvae,0.02,0.08,5268,e9ea9f9feaa0e3fbb97f281d4e8b104f4ba48f7346e2e2fd7d28939629cfc0c1,66,d23ccd111aac73aa3cb4d4fcc2fbed1c8048efadc886e4d0a8a1f8e93b5a64c6,0.5572354211663066,0.001047237076648888,0.022403346612243746,86,346
compas,non-IID,Benign,456,tvae,0.02,0.08,5269,9613d8173ae7014d6d24f7a7f4b4599610fe2e5afd9ab003ec274540627f443e,65,d23ccd111aac73aa3cb4d4fcc2fbed1c8048efadc886e4d0a8a1f8e93b5a64c6,0.5658747300215983,0.012076648841354731,0.01103009406510902,86,346
compas,non-IID,FedSA,456,tvae,0.02,0.08,5270,c300687aec33f4f606d4f0b04c47e4f110d96f972be70845a1e8d7932b26cf33,61,d23ccd111aac73aa3cb4d4fcc2fbed1c8048efadc886e4d0a8a1f8e93b5a64c6,0.5016198704103672,0.0005570409982175173,0.0292513425783808,86,346
adult,IID,Benign,456,gaussian_copula,0.03,0.07,5271,49844678985db647371db3f5a63f3f6c9555e8dbb261db635f400a186296f621,66,87ff561c16618f3e3a660d3232c7a335007bab3a1338dff12de8c1862a95f699,0.8234278504548774,0.01484761954267294,0.08137024799217803,904,2111
adult,IID,FedSA,456,gaussian_copula,0.03,0.07,5272,70395e3d3333e452155ff42c0fea3f560bd5671650e708d7324f0b38d4c8c66f,61,87ff561c16618f3e3a660d3232c7a335007bab3a1338dff12de8c1862a95f699,0.8046351019323992,0.018039003776309487,0.04587506428131772,904,2111
adult,non-IID,Benign,456,gaussian_copula,0.03,0.07,5273,38c7cf9b6b9358db2261f4a225edebc15ac5fed00f4c3ca7f7657a7ead5883c2,69,87ff561c16618f3e3a660d3232c7a335007bab3a1338dff12de8c1862a95f699,0.8333886712265091,0.007307567299250417,0.1059516004257643,904,2111
adult,non-IID,FedSA,456,gaussian_copula,0.03,0.07,5274,8ad287a81264dc0af51b60c981654b945ed262fb2f49262ff7313ad0870d9940,61,87ff561c16618f3e3a660d3232c7a335007bab3a1338dff12de8c1862a95f699,0.8220997410186599,0.012832369215794615,0.07304430021462749,904,2111
compas,IID,Benign,456,gaussian_copula,0.03,0.07,5275,a7b79dbe27743f76bd7530fc4f37c19e37f6cac3fa5cb6f7735fcae6263859b2,64,87ff561c16618f3e3a660d3232c7a335007bab3a1338dff12de8c1862a95f699,0.6663066954643628,0.05579322638146167,0.06643501523787071,130,302
compas,IID,FedSA,456,gaussian_copula,0.03,0.07,5276,9f72c2b1fabf5c9f1716336eb54c7277147d53f402255d024375e35479503c5a,66,87ff561c16618f3e3a660d3232c7a335007bab3a1338dff12de8c1862a95f699,0.6436285097192225,0.015998217468805698,0.03828434765455846,130,302
compas,non-IID,Benign,456,gaussian_copula,0.03,0.07,5277,39ef0b8f8afe17e5c17ae9800f6281270229762b241fe8dc4412ed0ee211b889,63,87ff561c16618f3e3a660d3232c7a335007bab3a1338dff12de8c1862a95f699,0.6528077753779697,0.0018048128342245673,0.033371578774130495,130,302
compas,non-IID,FedSA,456,gaussian_copula,0.03,0.07,5278,7dda6ff5d1b6a992670c48e0b8353f94ccd9e2ef8c914ac411bd81d34a349621,66,87ff561c16618f3e3a660d3232c7a335007bab3a1338dff12de8c1862a95f699,0.6495680345572354,0.038647504456327975,0.04963775770443313,130,302
adult,IID,Benign,456,forest_diffusion,0.03,0.07,5279,a323b09e986b106a0f1d8cc0d06edbbfccfb7ada3cd8b691015da05375eefc8c,65,03c05d5d570256cea6e18507631cb8cecaf0cf1e6a83084202ba0262d4b039ad,0.8261504747991234,0.008739606009421641,0.08609854841078848,904,2111
adult,IID,FedSA,456,forest_diffusion,0.03,0.07,5280,47a6b2acfd85f085905ed30288cfd687940251928c2c314865fba1c5e3be1981,70,03c05d5d570256cea6e18507631cb8cecaf0cf1e6a83084202ba0262d4b039ad,0.8298691812205325,0.023350170879290144,0.11162472637935159,904,2111
adult,non-IID,Benign,456,forest_diffusion,0.03,0.07,5281,bd2fb7ad7422eb30f66275fd1420eca86843f2ba665746f662a862a8b451253e,70,03c05d5d570256cea6e18507631cb8cecaf0cf1e6a83084202ba0262d4b039ad,0.8242911215884189,0.0036689208757199054,0.08748293638704348,904,2111
adult,non-IID,FedSA,456,forest_diffusion,0.03,0.07,5282,e2aa3b4f9db145a37504bd335876324671c116b49c37a2d5d902b631bd7ca3a5,68,03c05d5d570256cea6e18507631cb8cecaf0cf1e6a83084202ba0262d4b039ad,0.8279434225380171,0.005328874801430961,0.11355931468943412,904,2111
compas,IID,Benign,456,forest_diffusion,0.03,0.07,5283,a1b2e2b8fcedb2e88aa8817166238b5d7145b881dfc4aa78c6401b8dfe086238,61,03c05d5d570256cea6e18507631cb8cecaf0cf1e6a83084202ba0262d4b039ad,0.6603671706263499,0.07446524064171128,0.08354975272746795,130,302
compas,IID,FedSA,456,forest_diffusion,0.03,0.07,5284,4848a542eb11dcc093af3ad308160ed554ad020d7d84ce8a32fa0a602a9e3541,69,03c05d5d570256cea6e18507631cb8cecaf0cf1e6a83084202ba0262d4b039ad,0.6690064794816415,0.03357843137254901,0.07240060367879902,130,302
compas,non-IID,Benign,456,forest_diffusion,0.03,0.07,5285,601c01e3886c27c0da8cf3fe836c68cfbb46251115a17893bb1e24d33af4785c,67,03c05d5d570256cea6e18507631cb8cecaf0cf1e6a83084202ba0262d4b039ad,0.6538876889848813,0.05506907308377906,0.07376156554968971,130,302
compas,non-IID,FedSA,456,forest_diffusion,0.03,0.07,5286,6217ead529c91c12920ba554bb5c05c444eb8685eb0790d8b55a5ec6340d970d,61,03c05d5d570256cea6e18507631cb8cecaf0cf1e6a83084202ba0262d4b039ad,0.661987041036717,0.020577094474153235,0.049249078199281704,130,302
adult,IID,Benign,456,smote,0.03,0.07,5287,5c9a99c023cc8c4902e8487771044f3e4066081cada91ae29eb6a790ef55f884,63,721587bae38d853ae2c8bd80711c346e3beb1457abbce0027ec747e50ae6788b,0.7892954379440866,0.009491326369447717,0.13118402124825304,904,2111
adult,IID,FedSA,456,smote,0.03,0.07,5288,90df1501f68338b6ac3b07631ccb5db2314a9d0f6f91df0400abbf6200859ed5,63,721587bae38d853ae2c8bd80711c346e3beb1457abbce0027ec747e50ae6788b,0.816654492330168,0.01703709077366078,0.18357163511651123,904,2111
adult,non-IID,Benign,456,smote,0.03,0.07,5289,cf2d89290423bbe51dfba1bb2ab48f760dca8df51946cc013087f6bf3d8e186a,69,721587bae38d853ae2c8bd80711c346e3beb1457abbce0027ec747e50ae6788b,0.7634637094096554,0.0136429248319625,0.08591735503898323,904,2111
adult,non-IID,FedSA,456,smote,0.03,0.07,5290,4a801b9c5e861c52758a66acce75645477cd92ceb1f7f4124a2eefac38be4457,61,721587bae38d853ae2c8bd80711c346e3beb1457abbce0027ec747e50ae6788b,0.8050999402350754,0.03702679745991633,0.14005074056371122,904,2111
compas,IID,Benign,456,smote,0.03,0.07,5291,b46ac73b1d7f3a7beafb7913dd478e5740cb4be19309a256ca5165ca3d63c7d9,61,721587bae38d853ae2c8bd80711c346e3beb1457abbce0027ec747e50ae6788b,0.6360691144708424,0.014583333333333282,0.00934231459228918,130,302
compas,IID,FedSA,456,smote,0.03,0.07,5292,38edb2a0e8a80cae3b552d24e016666f063890c093655e82ebac4a7e34ffe93b,62,721587bae38d853ae2c8bd80711c346e3beb1457abbce0027ec747e50ae6788b,0.6533477321814255,0.010104723707664909,0.03240863405416072,130,302
compas,non-IID,Benign,456,smote,0.03,0.07,5293,46b647b587d713417de6dcf58e5ffa406ae58054828c7033bb1641c5e6e60000,69,721587bae38d853ae2c8bd80711c346e3beb1457abbce0027ec747e50ae6788b,0.6576673866090713,0.006985294117647034,0.015916017213949973,130,302
compas,non-IID,FedSA,456,smote,0.03,0.07,5294,14e62c4407491026645d8307defd651c62d0289f63faaa120cba64573541ec74,66,721587bae38d853ae2c8bd80711c346e3beb1457abbce0027ec747e50ae6788b,0.6112311015118791,0.0445632798573975,0.05802646522252186,130,302
adult,IID,Benign,456,ctgan,0.03,0.07,5295,0d33a476f68832f03d12322f424987f40b7ae29a9082c7a843e409258569eaff,64,18bdc41df8bc672be91e2fb11c190b33a9153f09a29eb4f2e0e15a0f670202b5,0.7806627266086725,0.04585779804198553,0.007007661679074361,904,2111
adult,IID,FedSA,456,ctgan,0.03,0.07,5296,435e654e0836142c65d26d2f0de08836f5636a73dcfc197955c0c538f0bfb486,67,18bdc41df8bc672be91e2fb11c190b33a9153f09a29eb4f2e0e15a0f670202b5,0.7547645926024305,0.00011367199973038602,0.00038782443132624766,904,2111
adult,non-IID,Benign,456,ctgan,0.03,0.07,5297,130a2da55ce76d385767cd6b84aedfd30d88f23ff9853956301ad9c0f75bc1a0,70,18bdc41df8bc672be91e2fb11c190b33a9153f09a29eb4f2e0e15a0f670202b5,0.7546317816588087,0.0005226627123281569,0.00019070241279677788,904,2111
adult,non-IID,FedSA,456,ctgan,0.03,0.07,5298,c0d2e00a95d1ba1e3f7e6ede80cc236ba9753ea339e1392153eecc47ec9fa0b3,70,18bdc41df8bc672be91e2fb11c190b33a9153f09a29eb4f2e0e15a0f670202b5,0.7545653761869978,0.0008408300683574282,9.214140353204302e-05,904,2111
compas,IID,Benign,456,ctgan,0.03,0.07,5299,e465bdee68f8627d1d2ed9e096f07183bdfd5e3ef7b8a3c35ddaa1316640b59e,61,18bdc41df8bc672be91e2fb11c190b33a9153f09a29eb4f2e0e15a0f670202b5,0.4654427645788337,0.0,0.0,130,302
compas,IID,FedSA,456,ctgan,0.03,0.07,5300,56f56bbc1fe422873ad51cd49c97d131b64dcff54180efbb06c137149912f908,61,18bdc41df8bc672be91e2fb11c190b33a9153f09a29eb4f2e0e15a0f670202b5,0.4654427645788337,0.0,0.0,130,302
compas,non-IID,Benign,456,ctgan,0.03,0.07,5301,3ee9630fe41a0ec6d9e2fff35cb90a1b3a57c05969636e97ec6c6cd96d1a4a14,61,18bdc41df8bc672be91e2fb11c190b33a9153f09a29eb4f2e0e15a0f670202b5,0.46706263498920086,0.0,0.0031479538300105414,130,302
compas,non-IID,FedSA,456,ctgan,0.03,0.07,5302,4bd5dbcb5447e1d78959dc469848e952dc51b41c87a92383ea84d597203e9283,61,18bdc41df8bc672be91e2fb11c190b33a9153f09a29eb4f2e0e15a0f670202b5,0.46706263498920086,0.0,0.0031479538300105414,130,302
adult,IID,Benign,456,tvae,0.03,0.07,5303,9763b09c0cc2ba0ec533a49c79c8db69867a05cbf566ac3656f99cafbd018a75,61,d71bc4128326ee103de4ca59f0249e7d3c4f840320871ff7ad8c9a0b385c7c5f,0.7833189454811077,0.01457000852825606,0.027402608662961028,904,2111
adult,IID,FedSA,456,tvae,0.03,0.07,5304,b3501240be4b3f3511cd6a1766ab42611e67e5d1440ed4c57491c8154465e0a2,61,d71bc4128326ee103de4ca59f0249e7d3c4f840320871ff7ad8c9a0b385c7c5f,0.7825220798193772,0.00024733656222743206,0.023132387235913973,904,2111
adult,non-IID,Benign,456,tvae,0.03,0.07,5305,73dbeebb644c5395cad9f76eb04a870745443b7c629c469642a02bb8225de557,66,d71bc4128326ee103de4ca59f0249e7d3c4f840320871ff7ad8c9a0b385c7c5f,0.8104787834517564,0.002493929401119921,0.05217239658606972,904,2111
adult,non-IID,FedSA,456,tvae,0.03,0.07,5306,9e696331a3be83b2beed161c16c4d17d44986f52ee8f9b5e16a3798bb2785702,68,d71bc4128326ee103de4ca59f0249e7d3c4f840320871ff7ad8c9a0b385c7c5f,0.8081545919383757,0.002823521078730129,0.05166221848173194,904,2111
compas,IID,Benign,456,tvae,0.03,0.07,5307,ba49e55dcccd21c9ce50d7921f628b8184f5717978336be32df1e31925d21d95,66,d71bc4128326ee103de4ca59f0249e7d3c4f840320871ff7ad8c9a0b385c7c5f,0.6231101511879049,0.019184491978609663,0.007334720751867252,130,302
compas,IID,FedSA,456,tvae,0.03,0.07,5308,f1d4bf97f98a8175f9c7234b4f8e3332d6d486ebd8dcbcc8ec177b1c981b86d0,70,d71bc4128326ee103de4ca59f0249e7d3c4f840320871ff7ad8c9a0b385c7c5f,0.5691144708423326,0.00031194295900179025,0.013763689864102237,130,302
compas,non-IID,Benign,456,tvae,0.03,0.07,5309,8c3225d62a500ecf8a8ee8c3fb50732d00da6d41d19a3e07ca61110d9e86a890,62,d71bc4128326ee103de4ca59f0249e7d3c4f840320871ff7ad8c9a0b385c7c5f,0.57829373650108,0.0025512477718360044,0.005725144062366128,130,302
compas,non-IID,FedSA,456,tvae,0.03,0.07,5310,7edf126d475adcf4db13d492d4d12d253c4d1efa9b652c6561e63651840954e0,68,d71bc4128326ee103de4ca59f0249e7d3c4f840320871ff7ad8c9a0b385c7c5f,0.588012958963283,0.07067736185383246,0.05411982767374732,130,302
adult,IID,Benign,456,gaussian_copula,0.05,0.05,5311,e0c77b73e820ba923f296db81e910c9e79316c1b2d83357248c7713283a5bb54,64,023ee7ceb9b6971dbd08e10d4b4827f2449d4bac1ab34d8c0f093e57a04ef47a,0.8234942559266883,0.014467760850106648,0.07882994981994812,1508,1508
adult,IID,FedSA,456,gaussian_copula,0.05,0.05,5312,0234d3e70c572f60824aa3664f237a91ab245897d753ca645528b7c00e06aade,65,023ee7ceb9b6971dbd08e10d4b4827f2449d4bac1ab34d8c0f093e57a04ef47a,0.8299355866923435,0.047965014157590524,0.0778296147566514,1508,1508
adult,non-IID,Benign,456,gaussian_copula,0.05,0.05,5313,ba20802315ea7951bb1aa0bbbe5540594a8aa9c61f4a49313b03a2fa7b3aa5fc,68,023ee7ceb9b6971dbd08e10d4b4827f2449d4bac1ab34d8c0f093e57a04ef47a,0.8321933727339133,0.016262521770472826,0.08263531154687662,1508,1508
adult,non-IID,FedSA,456,gaussian_copula,0.05,0.05,5314,93b97f674d792f0f6f237ba1ddb1d61c71107a13e787f6a29c8225bf6b350fca,68,023ee7ceb9b6971dbd08e10d4b4827f2449d4bac1ab34d8c0f093e57a04ef47a,0.8295371538614782,0.0018090413223423862,0.08666762639772371,1508,1508
compas,IID,Benign,456,gaussian_copula,0.05,0.05,5315,977053c0899ac7f60be235c7fed1e0f9e609ce7d8b6c1b3784a6396aca7c06ad,69,023ee7ceb9b6971dbd08e10d4b4827f2449d4bac1ab34d8c0f093e57a04ef47a,0.6603671706263499,0.02350713012477723,0.050606538453008776,216,216
compas,IID,FedSA,456,gaussian_copula,0.05,0.05,5316,7ef775b27d4f5495ed445f711c52d75f19b61be0686b7103a7183431327cea29,62,023ee7ceb9b6971dbd08e10d4b4827f2449d4bac1ab34d8c0f093e57a04ef47a,0.6290496760259179,0.07473262032085559,0.09777799046859803,216,216
compas,non-IID,Benign,456,gaussian_copula,0.05,0.05,5317,75f27e272acbeb87b125dc6321af8d97b9b6327827daf5a5f415d173dcd84bfe,67,023ee7ceb9b6971dbd08e10d4b4827f2449d4bac1ab34d8c0f093e57a04ef47a,0.6565874730021598,0.04002896613190721,0.047692025767233526,216,216
compas,non-IID,FedSA,456,gaussian_copula,0.05,0.05,5318,dee23bb66871183ed7b92d3d5a660abf389b6d392d76e13ebf0076d1d8a20207,67,023ee7ceb9b6971dbd08e10d4b4827f2449d4bac1ab34d8c0f093e57a04ef47a,0.6657667386609071,0.09967691622103386,0.09494401497758381,216,216
adult,IID,Benign,456,forest_diffusion,0.05,0.05,5319,9e794b9fa49d4a2f8b8378eacbda41b542bfd891409800c0ac941b5c34375242,67,a62fee0206c017fc43a2a28f0cf0b4c0ae6bf9be1a197f193e75f3466a9249ff,0.833986320472807,0.06707619051427155,0.09291851686725328,1508,1508
adult,IID,FedSA,456,forest_diffusion,0.05,0.05,5320,9d51e48301e6dd017343cdc857ef98115886e7955ee5054aeecd072c29e88373,62,a62fee0206c017fc43a2a28f0cf0b4c0ae6bf9be1a197f193e75f3466a9249ff,0.827478584235341,0.0015325727400835598,0.09663362294983371,1508,1508
adult,non-IID,Benign,456,forest_diffusion,0.05,0.05,5321,2ddfface387d3a3e4809ae97f4cec979325d6860c2f996d8228c1eebb0abddc1,64,a62fee0206c017fc43a2a28f0cf0b4c0ae6bf9be1a197f193e75f3466a9249ff,0.8327910219802112,0.03273639349019308,0.09865092386752837,1508,1508
adult,non-IID,FedSA,456,forest_diffusion,0.05,0.05,5322,be8891eb4918feddcdd291cf2d94afc91a044019c656ea3294ef26940285f90f,66,a62fee0206c017fc43a2a28f0cf0b4c0ae6bf9be1a197f193e75f3466a9249ff,0.8359784846271333,0.037054215831710535,0.10645196857009179,1508,1508
compas,IID,Benign,456,forest_diffusion,0.05,0.05,5323,740389887d7931263aaf0518a418ae260b0c32d480522b2741ffdac24db566fa,63,a62fee0206c017fc43a2a28f0cf0b4c0ae6bf9be1a197f193e75f3466a9249ff,0.6576673866090713,0.021746880570409965,0.04911601674706778,216,216
compas,IID,FedSA,456,forest_diffusion,0.05,0.05,5324,fc6c5af87a8ff37ffefdafd76695cf631df922e2ad62d61e072608510201ee29,67,a62fee0206c017fc43a2a28f0cf0b4c0ae6bf9be1a197f193e75f3466a9249ff,0.6614470842332614,0.015017825311942956,0.04198555699640616,216,216
compas,non-IID,Benign,456,forest_diffusion,0.05,0.05,5325,973b5d87753704a9e68269c072741270bf7c0af7e0387407e38a998d0720c8a5,66,a62fee0206c017fc43a2a28f0cf0b4c0ae6bf9be1a197f193e75f3466a9249ff,0.6609071274298056,0.0323863636363636,0.050042778089681106,216,216
compas,non-IID,FedSA,456,forest_diffusion,0.05,0.05,5326,567f94ea90a56e3b1f5ac8dc140b679f650eb573cb4e3a64e25b5dd369a41e66,63,a62fee0206c017fc43a2a28f0cf0b4c0ae6bf9be1a197f193e75f3466a9249ff,0.6614470842332614,0.04590017825311943,0.04994590001482352,216,216
adult,IID,Benign,456,smote,0.05,0.05,5327,404cda1e4affe9a1df6ab95c671b0f68f52b5c4286a43cff729d0b0d1f951ba2,70,e446e698e88a4d312aefcf07eb6ee39823efb36e6e659814f868d99b10a61e59,0.8305996414104522,0.020306160394047645,0.14352336610100713,1508,1508
adult,IID,FedSA,456,smote,0.05,0.05,5328,6031c4ddc5f8bf9e294d44bdcbae163f5007e820faadbcea73540f78c2a033a4,68,e446e698e88a4d312aefcf07eb6ee39823efb36e6e659814f868d99b10a61e59,0.8331230493392655,0.010217913221995722,0.1610362712137376,1508,1508
adult,non-IID,Benign,456,smote,0.05,0.05,5329,3503750dfc51442a049400606980ff73c8485a3cd80f8dc443ed89f6f7c9a178,67,e446e698e88a4d312aefcf07eb6ee39823efb36e6e659814f868d99b10a61e59,0.8211700644133076,0.019575003812867364,0.14602857711565426,1508,1508
adult,non-IID,FedSA,456,smote,0.05,0.05,5330,5462a5e13dc782a085073a7eda65e94f321abe7c4f259b06192df56809d5ca01,65,e446e698e88a4d312aefcf07eb6ee39823efb36e6e659814f868d99b10a61e59,0.8175177634637094,0.012307992855229322,0.14168244385081816,1508,1508
compas,IID,Benign,456,smote,0.05,0.05,5331,5b0c8f4799bdf8c94e859f1c117b4a5c67ac912b7b2fff52d311abfe4d2c9890,65,e446e698e88a4d312aefcf07eb6ee39823efb36e6e659814f868d99b10a61e59,0.6641468682505399,0.0013034759358288017,0.016420250085497745,216,216
compas,IID,FedSA,456,smote,0.05,0.05,5332,9e2f84006b53e74794b9d3188d9c5f4146ef335af7a316ced008bcc15dd3ddca,63,e446e698e88a4d312aefcf07eb6ee39823efb36e6e659814f868d99b10a61e59,0.6468682505399568,0.0071412655971480055,0.00818911533976785,216,216
compas,non-IID,Benign,456,smote,0.05,0.05,5333,b5980d24953b3fb46c8b1de71d5cf4458925b7c71f15a38d9ac753d4f9dbd64e,65,e446e698e88a4d312aefcf07eb6ee39823efb36e6e659814f868d99b10a61e59,0.6603671706263499,0.007787433155080237,0.0011216846980496298,216,216
compas,non-IID,FedSA,456,smote,0.05,0.05,5334,8cb371f0dd16235a1f41d40559baa1bad7d46a5967af15495fa56e2410de70ab,69,e446e698e88a4d312aefcf07eb6ee39823efb36e6e659814f868d99b10a61e59,0.6603671706263499,2.2281639928678487e-05,0.012452917839222089,216,216
adult,IID,Benign,456,ctgan,0.05,0.05,5335,c7a93e2a8274f870595bebc8331f970aef771272e9e3fa25c2394de37136c14a,69,9500dc6b3d0e0974e485485baa24c9a76a30b7362b50afb15c922e8e042bcfc9,0.8139982734577329,0.01011966405639958,0.0597019320886761,1508,1508
adult,IID,FedSA,456,ctgan,0.05,0.05,5336,fe440387bbd5d67e2175cf466adef3e7ff8bf18b0b5725b9f569bebe3620e301,67,9500dc6b3d0e0974e485485baa24c9a76a30b7362b50afb15c922e8e042bcfc9,0.7894282488877084,0.024949004684543058,0.024277364040875396,1508,1508
adult,non-IID,Benign,456,ctgan,0.05,0.05,5337,6d3038385da720e7a59502fc9ef635c2dab24ee7691dd26bd6f22ef6b50791ea,61,9500dc6b3d0e0974e485485baa24c9a76a30b7362b50afb15c922e8e042bcfc9,0.795537552294309,0.0012543905095875885,0.030638892402954324,1508,1508
adult,non-IID,FedSA,456,ctgan,0.05,0.05,5338,7d2d1d5cbd0bd977f48c006f0ff26559806824db9ab39bcd519b8461cb754b44,67,9500dc6b3d0e0974e485485baa24c9a76a30b7362b50afb15c922e8e042bcfc9,0.7983929875821768,0.024925584825302133,0.032340107983385574,1508,1508
compas,IID,Benign,456,ctgan,0.05,0.05,5339,bcaae42a6e92e3dca295b1d22675a5bce1dd8f1634afa573bba4e490cf588f75,63,9500dc6b3d0e0974e485485baa24c9a76a30b7362b50afb15c922e8e042bcfc9,0.6630669546436285,0.1367090017825312,0.16725124219868875,216,216
compas,IID,FedSA,456,ctgan,0.05,0.05,5340,a1e69127e8e1f03b34836d0c1ef780f637e85b0d0b0c6a8999eb21a83325a824,68,9500dc6b3d0e0974e485485baa24c9a76a30b7362b50afb15c922e8e042bcfc9,0.6641468682505399,0.10633912655971478,0.15161535435782092,216,216
compas,non-IID,Benign,456,ctgan,0.05,0.05,5341,129a76e09ab02b36a06aea56781e833e3413f7724d9675319b165e0dca449c12,67,9500dc6b3d0e0974e485485baa24c9a76a30b7362b50afb15c922e8e042bcfc9,0.6754859611231101,0.22860962566844922,0.22894156617998074,216,216
compas,non-IID,FedSA,456,ctgan,0.05,0.05,5342,4d09cf9d7f7b1a5129e9f939cf64d4ee50e5b20001e36ebf2ff9db1efcee3558,62,9500dc6b3d0e0974e485485baa24c9a76a30b7362b50afb15c922e8e042bcfc9,0.6690064794816415,0.24749331550802145,0.23706531799936276,216,216
adult,IID,Benign,456,tvae,0.05,0.05,5343,5ae84ca2d43dac9185431394cc1c08dd16c5db702378d9127faf6917cea25cc9,67,a003ec865564b428b1a9d442a988cc12c85c013b3db8aedb7bdfd4e923fd27d2,0.8343847533036722,0.0003987088231749425,0.12406682504636461,1508,1508
adult,IID,FedSA,456,tvae,0.05,0.05,5344,d47f61c35aeb6046c3c83626ace08f92a518a25542bd11ab96773ceb1a1a7c52,65,a003ec865564b428b1a9d442a988cc12c85c013b3db8aedb7bdfd4e923fd27d2,0.8273457732917192,0.005282606299028214,0.08757507779057552,1508,1508
adult,non-IID,Benign,456,tvae,0.05,0.05,5345,0460f92d217dce636aa1b4d81c1dffe51c076c63a9a65c08d06a61ae4644725e,62,a003ec865564b428b1a9d442a988cc12c85c013b3db8aedb7bdfd4e923fd27d2,0.8322597782057242,0.019465901541769304,0.08640065104431538,1508,1508
adult,non-IID,FedSA,456,tvae,0.05,0.05,5346,a98f2bd4e63c71b86f7b7a19291a7cf4ae47fa8b58dd4ce1e1dbc136d3ae5092,68,a003ec865564b428b1a9d442a988cc12c85c013b3db8aedb7bdfd4e923fd27d2,0.8351152134935919,0.025055250875245794,0.10851721591810252,1508,1508
compas,IID,Benign,456,tvae,0.05,0.05,5347,db6d360e7385421ea8c82a5861bfdd2643733b3ebfaac27394181ad1de9abe12,61,a003ec865564b428b1a9d442a988cc12c85c013b3db8aedb7bdfd4e923fd27d2,0.5890928725701944,0.013257575757575746,0.03008939628618483,216,216
compas,IID,FedSA,456,tvae,0.05,0.05,5348,dace42b3358872149ed8d5db81cbe9ba89961934fd8e158f14ec11caada72cd2,67,a003ec865564b428b1a9d442a988cc12c85c013b3db8aedb7bdfd4e923fd27d2,0.6193304535637149,0.0015819964349376159,0.017408873331333508,216,216
compas,non-IID,Benign,456,tvae,0.05,0.05,5349,f6a4147c9d8d1b17fcbaa8db4ee24e21ed552a7454f13a270befbedbd076bca0,69,a003ec865564b428b1a9d442a988cc12c85c013b3db8aedb7bdfd4e923fd27d2,0.5901727861771058,0.013257575757575746,0.03015242539512833,216,216
compas,non-IID,FedSA,456,tvae,0.05,0.05,5350,f92d0589a96e1f77604a8b3a82785dfe53846eec1601bfd848550676738747c5,66,a003ec865564b428b1a9d442a988cc12c85c013b3db8aedb7bdfd4e923fd27d2,0.6198704103671706,0.015062388591800369,0.006704429662432426,216,216
adult,IID,Benign,456,gaussian_copula,0.07,0.03,5351,ffde5a46df7a53a1496568803a09e0098a2f483972254eb029e774a130685a6d,62,4d316233595e1dc60bffe1e56bdd37052d657b822385a07934ebfba85b72c7bc,0.8309980742413174,0.06498611088103795,0.08383995056261626,2112,905
adult,IID,FedSA,456,gaussian_copula,0.07,0.03,5352,dc7552f24ab1961c16122f56612dff03ff0f800351012e021b339692d90515b7,68,4d316233595e1dc60bffe1e56bdd37052d657b822385a07934ebfba85b72c7bc,0.8329902383956438,0.057552876044397294,0.09829104478240727,2112,905
adult,non-IID,Benign,456,gaussian_copula,0.07,0.03,5353,478c1d8bc6b77b480ce9d3b6450c4e564026b3527893aa41896513220f0a61e8,61,4d316233595e1dc60bffe1e56bdd37052d657b822385a07934ebfba85b72c7bc,0.8286738827279367,0.02964782815078504,0.08490674860651425,2112,905
adult,non-IID,FedSA,456,gaussian_copula,0.07,0.03,5354,c219773b4cdc516751abb8469b1bc6e8dfe793034205f315ddedbdcde4fc8b64,62,4d316233595e1dc60bffe1e56bdd37052d657b822385a07934ebfba85b72c7bc,0.8178497908227638,0.0423539586131102,0.053306419938749745,2112,905
compas,IID,Benign,456,gaussian_copula,0.07,0.03,5355,3d0aaed5d18220f97bfb1fb970b6452055545e38e8346e008e6064a5bf7202b8,66,4d316233595e1dc60bffe1e56bdd37052d657b822385a07934ebfba85b72c7bc,0.661987041036717,0.03980614973262031,0.009953930390185162,303,130
compas,IID,FedSA,456,gaussian_copula,0.07,0.03,5356,4a9a44e9b2e3cc64450660403471afb3305541d4d56a0ed33253f8f5bd08e8cd,61,4d316233595e1dc60bffe1e56bdd37052d657b822385a07934ebfba85b72c7bc,0.6625269978401728,0.03455882352941175,0.014721965761187339,303,130
compas,non-IID,Benign,456,gaussian_copula,0.07,0.03,5357,265e5ddb21dda200ef2610c13354002e5a696ae2ee9597cbd7298e2e154c928d,66,4d316233595e1dc60bffe1e56bdd37052d657b822385a07934ebfba85b72c7bc,0.6630669546436285,0.03315508021390379,0.01365397252631173,303,130
compas,non-IID,FedSA,456,gaussian_copula,0.07,0.03,5358,04eed2c84930de72827b30dad68a340678e898125ff84720a8ca6e96a258cf06,66,4d316233595e1dc60bffe1e56bdd37052d657b822385a07934ebfba85b72c7bc,0.6641468682505399,0.019752673796791465,0.013924764253624489,303,130
adult,IID,Benign,456,forest_diffusion,0.07,0.03,5359,a623122fb1758fff3e7fad29feee41348e0741512c2cf90ff07cdf7d0f0832b7,65,0c4f51ef0ea4db82dfdcfbcd3e2ccd817e1565a003ab72c9d3c19f220b533b2b,0.8314629125439936,0.006763198375918433,0.0917176493698816,2112,905
adult,IID,FedSA,456,forest_diffusion,0.07,0.03,5360,d966ed16d18aaf3a40e8c1f1226793792bf5424be72d168e79dba9b5d40892a3,62,0c4f51ef0ea4db82dfdcfbcd3e2ccd817e1565a003ab72c9d3c19f220b533b2b,0.8296035593332891,0.01474023091981208,0.08560686679546804,2112,905
adult,non-IID,Benign,456,forest_diffusion,0.07,0.03,5361,8f1b2ca4a7546cf4496c76fd6a93e2033f54fd0f48a76bc4202347ef1eab6a69,69,0c4f51ef0ea4db82dfdcfbcd3e2ccd817e1565a003ab72c9d3c19f220b533b2b,0.816123248555681,0.0025973195114274428,0.0610515739489029,2112,905
adult,non-IID,FedSA,456,forest_diffusion,0.07,0.03,5362,f842cf641ded90fd42be2310ea4d87364cdec3e895be799662d0cc7650b6fc2e,70,0c4f51ef0ea4db82dfdcfbcd3e2ccd817e1565a003ab72c9d3c19f220b533b2b,0.8394979746331098,0.006783762154764117,0.1159474280832634,2112,905
compas,IID,Benign,456,forest_diffusion,0.07,0.03,5363,608e44e2a0ccd9f796e8af77996afb0bf3e9823cda551271588017fbc0c677e6,64,0c4f51ef0ea4db82dfdcfbcd3e2ccd817e1565a003ab72c9d3c19f220b533b2b,0.6614470842332614,0.014694741532976785,0.022385838526426116,303,130
compas,IID,FedSA,456,forest_diffusion,0.07,0.03,5364,c6cf5164264e6fb8572731277b0aa125e08958d7e1f40748c8a401ac241cd2dd,62,0c4f51ef0ea4db82dfdcfbcd3e2ccd817e1565a003ab72c9d3c19f220b533b2b,0.6684665226781857,0.00486853832442069,0.017094894992337295,303,130
compas,non-IID,Benign,456,forest_diffusion,0.07,0.03,5365,cb34459c607abbb7ff093a7abfa2021848b69ad9145df831c4dd5277111aedce,66,0c4f51ef0ea4db82dfdcfbcd3e2ccd817e1565a003ab72c9d3c19f220b533b2b,0.6652267818574514,0.046802584670231684,0.009538405153446727,303,130
compas,non-IID,FedSA,456,forest_diffusion,0.07,0.03,5366,c0807ed2817d39a7769c4206da9247f070034b6ce2d160fccfccbc266cd3190c,62,0c4f51ef0ea4db82dfdcfbcd3e2ccd817e1565a003ab72c9d3c19f220b533b2b,0.6690064794816415,0.0017491087344028156,0.021503431001217432,303,130
adult,IID,Benign,456,smote,0.07,0.03,5367,ba0f84ae08e3903b1f357c373dae2b62dc3f28a4b5e96e93644a5e37a2586940,70,31163fce359c580ff99a6b67e79750ef52d4fa606eb6cb25e1f32693611283d6,0.8300019921641544,0.014126744850915474,0.14674115335198312,2112,905
adult,IID,FedSA,456,smote,0.07,0.03,5368,06bba29fce5a20e02b8db1dd2e947f29f6431d634e85bf94ead23d1c6d22d322,62,31163fce359c580ff99a6b67e79750ef52d4fa606eb6cb25e1f32693611283d6,0.8317285344312372,0.01700795875362937,0.13727702953929416,2112,905
adult,non-IID,Benign,456,smote,0.07,0.03,5369,6f1524866e85e119a32688755121c28fd377b4ef53c759e08eb503cd640f68aa,63,31163fce359c580ff99a6b67e79750ef52d4fa606eb6cb25e1f32693611283d6,0.836642539345242,0.019852043611205183,0.13347052432009454,2112,905
adult,non-IID,FedSA,456,smote,0.07,0.03,5370,cf8482d1bdaf807b8c5662ed11dd566e757f1a46923a4b8cd83b05669db60c3a,63,31163fce359c580ff99a6b67e79750ef52d4fa606eb6cb25e1f32693611283d6,0.836111295570755,0.031213531423453345,0.122152237820393,2112,905
compas,IID,Benign,456,smote,0.07,0.03,5371,a83733a4736ae32090b2a860ff04381298dfb37765ddd7f82f3d3fbc352b992c,69,31163fce359c580ff99a6b67e79750ef52d4fa606eb6cb25e1f32693611283d6,0.6636069114470843,0.03276515151515158,0.016416748468334297,303,130
compas,IID,FedSA,456,smote,0.07,0.03,5372,f68866f83e1ae8d0866c542e66227ee8f4c66e876741f1ef2c423a37c844fe5b,69,31163fce359c580ff99a6b67e79750ef52d4fa606eb6cb25e1f32693611283d6,0.6533477321814255,0.06829322638146174,0.04706173467779867,303,130
compas,non-IID,Benign,456,smote,0.07,0.03,5373,ec08f2c48189d87a49389a69f0986bbfb52e960094ccbe423c58b8e740322b9b,69,31163fce359c580ff99a6b67e79750ef52d4fa606eb6cb25e1f32693611283d6,0.6598272138228942,0.05785427807486632,0.030499085494317457,303,130
compas,non-IID,FedSA,456,smote,0.07,0.03,5374,44cd84fce4c68a376f0f5212904c8ac2d3fe7278d64a95406c6644cbc68f507d,64,31163fce359c580ff99a6b67e79750ef52d4fa606eb6cb25e1f32693611283d6,0.6636069114470843,0.038246434937611484,0.0004353677339984374,303,130
adult,IID,Benign,456,ctgan,0.07,0.03,5375,9648baad0681416a9bd2353629d0b13cd5932d2d04a2f217d83cbe024108511f,69,2506cfc47599dcac3ffe75beb4226913a744ceac464e8a03833793a840a357c8,0.7543661597715652,0.0003181673560292714,9.856100926473487e-05,2112,905
adult,IID,FedSA,456,ctgan,0.07,0.03,5376,4ee53a6184b70401eefe2c311631ea5cb719b9a8c2bdd0880c393863d161c755,61,2506cfc47599dcac3ffe75beb4226913a744ceac464e8a03833793a840a357c8,0.7543661597715652,0.0003181673560292714,9.856100926473487e-05,2112,905
adult,non-IID,Benign,456,ctgan,0.07,0.03,5377,09ab51cab53cfb62c6860ffa696ff03809b404209c662b09bb9c46c6b2a2f51a,70,2506cfc47599dcac3ffe75beb4226913a744ceac464e8a03833793a840a357c8,0.8039046417424796,0.008163820201742084,0.045868644675585026,2112,905
adult,non-IID,FedSA,456,ctgan,0.07,0.03,5378,28bc65177e1b4cac08e432fd553d8284750d8e653ac1b42b48865fc707008638,65,2506cfc47599dcac3ffe75beb4226913a744ceac464e8a03833793a840a357c8,0.7544325652433761,0.0006363347120585428,0.00019712201852946975,2112,905
compas,IID,Benign,456,ctgan,0.07,0.03,5379,c2bf50d48d12674358f5105df7ccea19f1d3dae5a7141b2615190bdd313213e7,65,2506cfc47599dcac3ffe75beb4226913a744ceac464e8a03833793a840a357c8,0.66792656587473,0.03846925133689838,0.05535239691530869,303,130
compas,IID,FedSA,456,ctgan,0.07,0.03,5380,ff340678f4070f3cde01aefc67fb601abd11aaa999633bad264aff5f61e05871,70,2506cfc47599dcac3ffe75beb4226913a744ceac464e8a03833793a840a357c8,0.67170626349892,0.08048128342245986,0.10177800447506674,303,130
compas,non-IID,Benign,456,ctgan,0.07,0.03,5381,977423695059cb86e28c477fd3ae8b32cf0a906f917c1f5c3e4646f26f0c01a9,64,2506cfc47599dcac3ffe75beb4226913a744ceac464e8a03833793a840a357c8,0.6657667386609071,0.03414661319073076,0.05165935801350924,303,130
compas,non-IID,FedSA,456,ctgan,0.07,0.03,5382,13bf039cb6ebae37254e9f9231f7540656fdb75bb0781b6ac1d2fb81f47cdf63,68,2506cfc47599dcac3ffe75beb4226913a744ceac464e8a03833793a840a357c8,0.6727861771058316,0.09084224598930479,0.11231553772583974,303,130
adult,IID,Benign,456,tvae,0.07,0.03,5383,8365b107fa9dcfbcc8142c8d86a9b3c653d457125697e33f288b5c7f1e01d484,68,192e3cb64459e9f3eb9537063ef8ae9f2887341e52f9519de3bfde9465df32c9,0.8354472408526462,0.012213742202186517,0.10612492978054697,2112,905
adult,IID,FedSA,456,tvae,0.07,0.03,5384,c6af450b6b33b5ad266e18073988b2bc723eb586d7f92ede63c143ee9fefa527,66,192e3cb64459e9f3eb9537063ef8ae9f2887341e52f9519de3bfde9465df32c9,0.8335878876419417,0.013148251707507663,0.0968005326988837,2112,905
adult,non-IID,Benign,456,tvae,0.07,0.03,5385,5550082e37e41ca3dae06cee1c92c17c073c36a43e3444afcaf9d7a2a8cf0a89,70,192e3cb64459e9f3eb9537063ef8ae9f2887341e52f9519de3bfde9465df32c9,0.8323261836775351,0.0165544131868659,0.1042824828739965,2112,905
adult,non-IID,FedSA,456,tvae,0.07,0.03,5386,512a375acfebf3333fc9a51eb6a82c9030444914c600487b6a337e607129de31,69,192e3cb64459e9f3eb9537063ef8ae9f2887341e52f9519de3bfde9465df32c9,0.8316621289594263,0.0008082707518517473,0.10307180541661455,2112,905
compas,IID,Benign,456,tvae,0.07,0.03,5387,f32feff2b88a7b2a7bf7c55fe150e470fbd2ba66b52311daa919b2192491c576,70,192e3cb64459e9f3eb9537063ef8ae9f2887341e52f9519de3bfde9465df32c9,0.6009719222462203,0.011140819964349374,0.021587469813142024,303,130
compas,IID,FedSA,456,tvae,0.07,0.03,5388,df64a0ffcd0ea4d604a223772a63fc22ad56bd919c777e83dce5ec6b7b17b5b5,65,192e3cb64459e9f3eb9537063ef8ae9f2887341e52f9519de3bfde9465df32c9,0.6198704103671706,0.00025623885918002465,0.014720798555466208,303,130
compas,non-IID,Benign,456,tvae,0.07,0.03,5389,c031612874e1bfb66642bffa9279e61e5549892f6eabf486ea64f667f4733eaf,61,192e3cb64459e9f3eb9537063ef8ae9f2887341e52f9519de3bfde9465df32c9,0.6538876889848813,0.029289215686274517,0.0004213612653443666,303,130
compas,non-IID,FedSA,456,tvae,0.07,0.03,5390,b4bc95d1083a7a7cacada823b3160cab3e93ea907896b8f8ffb848278592bf45,69,192e3cb64459e9f3eb9537063ef8ae9f2887341e52f9519de3bfde9465df32c9,0.6290496760259179,0.003988413547237113,0.01851771876645031,303,130
adult,IID,Benign,456,gaussian_copula,0.09,0.01,5391,ef4dad0aa37781d6b7cf527c20343a3379221a600a37bc5eec20f176116bdd46,67,27a07c7061a0bc06d4e82ea231eaf6058791ed3249f48b9bb785a01b90616d94,0.8275449897071518,0.007081936948026724,0.08353481867763424,2714,302
adult,IID,FedSA,456,gaussian_copula,0.09,0.01,5392,4927d3148a30f3fb915a835ddd1fea440d0375204f49f80bb91953ab9005d195,61,27a07c7061a0bc06d4e82ea231eaf6058791ed3249f48b9bb785a01b90616d94,0.8103459725081347,0.002175762045090679,0.05407715379076314,2714,302
adult,non-IID,Benign,456,gaussian_copula,0.09,0.01,5393,e191f1c16726fd74341c1c402da6d68f67d6135871d604b111a481864061a023,67,27a07c7061a0bc06d4e82ea231eaf6058791ed3249f48b9bb785a01b90616d94,0.8125373530778937,0.0045617316072706915,0.05549137287240724,2714,302
adult,non-IID,FedSA,456,gaussian_copula,0.09,0.01,5394,f3ee14ffc6fa5b053994adecd33f2601174ce51d3e4092274a57157b20b8c8b6,65,27a07c7061a0bc06d4e82ea231eaf6058791ed3249f48b9bb785a01b90616d94,0.8319277508466698,0.009851192499247374,0.0993068671445341,2714,302
compas,IID,Benign,456,gaussian_copula,0.09,0.01,5395,f37e33cab14f8ebf6b09b2fcb96312c8ddcad7e6d881b996a615b4d83003bf87,65,27a07c7061a0bc06d4e82ea231eaf6058791ed3249f48b9bb785a01b90616d94,0.6598272138228942,0.001448306595365434,0.01808468544389419,389,43
compas,IID,FedSA,456,gaussian_copula,0.09,0.01,5396,c886d9d9da18f2f4078887cdb68ec74aa46daaba8c9657f58e5e6238279950c2,69,27a07c7061a0bc06d4e82ea231eaf6058791ed3249f48b9bb785a01b90616d94,0.6565874730021598,0.0025958110516933752,0.011076782293956089,389,43
compas,non-IID,Benign,456,gaussian_copula,0.09,0.01,5397,bbff86615e54fdae0be5b0b6147708c45241bbea79dfd6fc19703be61e2aa8b5,64,27a07c7061a0bc06d4e82ea231eaf6058791ed3249f48b9bb785a01b90616d94,0.6571274298056156,0.04588903743315509,0.01729915599354298,389,43
compas,non-IID,FedSA,456,gaussian_copula,0.09,0.01,5398,28ebc411367699f8d0e167264efa09b3bc939d85c5240dcd22e2cab02173ce15,62,27a07c7061a0bc06d4e82ea231eaf6058791ed3249f48b9bb785a01b90616d94,0.6587473002159827,0.016755793226381432,0.001314273642043673,389,43
adult,IID,Benign,456,forest_diffusion,0.09,0.01,5399,b3f301cc848a4d8ad8ad746ccdc333733db8e2c2c9c1e20167d8e3db298ce24c,70,f4488af0d87fc2be60169a35fb7c8b5ed42705ccc4bec0ea7729e86ef93c83da,0.8335878876419417,0.006898005370573557,0.10107982181902819,2714,302
adult,IID,FedSA,456,forest_diffusion,0.09,0.01,5400,f57d1dda904b742304d12e6e7dc4e4387c25748ed9c36e03478b161a6bd20c76,69,f4488af0d87fc2be60169a35fb7c8b5ed42705ccc4bec0ea7729e86ef93c83da,0.828009828009828,0.0039002633877340265,0.0848161117980758,2714,302
adult,non-IID,Benign,456,forest_diffusion,0.09,0.01,5401,ba1b2aeb271cf1f5748330dbd0b0501c01ce33f5f4815c2e3066c374cb2467b8,69,f4488af0d87fc2be60169a35fb7c8b5ed42705ccc4bec0ea7729e86ef93c83da,0.8383690816123248,0.002216318386702998,0.10433648780722278,2714,302
adult,non-IID,FedSA,456,forest_diffusion,0.09,0.01,5402,d5e051c48eabe6af1d07565af2218fba4471c718cae5f4584269a09458c87e03,66,f4488af0d87fc2be60169a35fb7c8b5ed42705ccc4bec0ea7729e86ef93c83da,0.8357128627398898,0.012556471849614781,0.10016294163025646,2714,302
compas,IID,Benign,456,forest_diffusion,0.09,0.01,5403,1e698de38f413097750805f6b9662cbd69f8c1cb3c2bba83e287d23ef24cdc1b,64,f4488af0d87fc2be60169a35fb7c8b5ed42705ccc4bec0ea7729e86ef93c83da,0.6576673866090713,0.0025958110516933752,0.011139811402899602,389,43
compas,IID,FedSA,456,forest_diffusion,0.09,0.01,5404,df15f7aa4d620fa73bf73ef6256586e6ccbed2a722a730f77b19d2d35483faf1,67,f4488af0d87fc2be60169a35fb7c8b5ed42705ccc4bec0ea7729e86ef93c83da,0.6517278617710583,0.036530748663101686,0.016372394650929656,389,43
compas,non-IID,Benign,456,forest_diffusion,0.09,0.01,5405,00ac6ad5f48ad71ec799d30b17e7b1505e430a34d05fa396bdd39d0bba70899a,65,f4488af0d87fc2be60169a35fb7c8b5ed42705ccc4bec0ea7729e86ef93c83da,0.658207343412527,0.042569073083779,0.016416748468334297,389,43
compas,non-IID,FedSA,456,forest_diffusion,0.09,0.01,5406,7201ed50952714866afe7ff48ccb7a77a7e3e83bd6a4d9d3eab13168daca5b4e,68,f4488af0d87fc2be60169a35fb7c8b5ed42705ccc4bec0ea7729e86ef93c83da,0.656047516198704,0.03424688057040992,0.016038573814673385,389,43
adult,IID,Benign,456,smote,0.09,0.01,5407,b454e378a917febd484611a3938aaeec6a587f6dc156c98e445b1cc0b3342675,70,47196d4acfaa8cd9a2b92ac47a20287b7243983a094d3a85a37848cc20eb608e,0.8305996414104522,0.004895321797434238,0.09558947407741136,2714,302
adult,IID,FedSA,456,smote,0.09,0.01,5408,1b08caef4bbd60160568492eabc5f6e40492a0df85390205e1fc1937097763c6,68,47196d4acfaa8cd9a2b92ac47a20287b7243983a094d3a85a37848cc20eb608e,0.8367089448170529,0.004784505878099088,0.12423788747787291,2714,302
adult,non-IID,Benign,456,smote,0.09,0.01,5409,23b2c10ca6b3f4974c910cd34565cb2d55b264e9d979dcaef21126069abf2065,64,47196d4acfaa8cd9a2b92ac47a20287b7243983a094d3a85a37848cc20eb608e,0.8304668304668305,0.013212799124439956,0.09439163583149482,2714,302
adult,non-IID,FedSA,456,smote,0.09,0.01,5410,c196cdc7f25e1895fe9f0b60dcbc3f7570e9f83ca44304f0a627e9e4fdc983ca,70,47196d4acfaa8cd9a2b92ac47a20287b7243983a094d3a85a37848cc20eb608e,0.8341191314164287,0.007054518576232516,0.09432328709170956,2714,302
compas,IID,Benign,456,smote,0.09,0.01,5411,6b355b1449e9a234eb1704040a5b15331b27a93e5f1aa5fbda6fa52aa8d31cf0,63,47196d4acfaa8cd9a2b92ac47a20287b7243983a094d3a85a37848cc20eb608e,0.6538876889848813,0.08201871657754012,0.0498315138541483,389,43
compas,IID,FedSA,456,smote,0.09,0.01,5412,960d3bf5f1b4bc0186a6b67c4adbec645a094d0cbc58445918ad1df3b4d4a2f5,70,47196d4acfaa8cd9a2b92ac47a20287b7243983a094d3a85a37848cc20eb608e,0.6587473002159827,0.04792780748663106,0.013124061128898024,389,43
compas,non-IID,Benign,456,smote,0.09,0.01,5413,adc4f026ca2bceb4c1e4fc850baf186845e02f7a3092a44d6192dd1ee8778bdd,62,47196d4acfaa8cd9a2b92ac47a20287b7243983a094d3a85a37848cc20eb608e,0.6457883369330454,0.06588680926916213,0.06209300995509759,389,43
compas,non-IID,FedSA,456,smote,0.09,0.01,5414,297f3161893d9f6b8ae56add3b930ed61fc0cc9f4b70585305f198cd1389890c,66,47196d4acfaa8cd9a2b92ac47a20287b7243983a094d3a85a37848cc20eb608e,0.6592872570194385,0.01984180035650618,0.007928828463945603,389,43
adult,IID,Benign,456,ctgan,0.09,0.01,5415,0af385e48cd5f077f1a8b06e132fa2674784680b0e3ce5cfe23f57bbe51bba5b,63,74a5b3343de6cb094e1820fdd910cca953c39d99c5fe7d3d35436672c61dd715,0.8142638953449765,0.012447369578516776,0.056504928311259715,2714,302
adult,IID,FedSA,456,ctgan,0.09,0.01,5416,5a325db5e83ab2cbdaed810b3c2564d992c835ecb7e28618a71ef62bbc13aa07,64,74a5b3343de6cb094e1820fdd910cca953c39d99c5fe7d3d35436672c61dd715,0.8289395046151803,0.058895233830158045,0.08160779346555554,2714,302
adult,non-IID,Benign,456,ctgan,0.09,0.01,5417,38f47644dba2e72c11769ab279aa91a5dd6390624307fb3a5c03e43fdc00e8eb,66,74a5b3343de6cb094e1820fdd910cca953c39d99c5fe7d3d35436672c61dd715,0.8145295172322199,0.038968360912597644,0.05096210029277816,2714,302
adult,non-IID,FedSA,456,ctgan,0.09,0.01,5418,87ffb027e643681a525660f7a71e4ce07e3038d79533c2cd8d40143b5ed79ac1,67,74a5b3343de6cb094e1820fdd910cca953c39d99c5fe7d3d35436672c61dd715,0.8142638953449765,0.037059356776422026,0.05163276854043322,2714,302
compas,IID,Benign,456,ctgan,0.09,0.01,5419,41d7736c7b03ad0e0a106e246198668ef0ff5fbdc21c1d8e70dab58847315ace,62,74a5b3343de6cb094e1820fdd910cca953c39d99c5fe7d3d35436672c61dd715,0.6549676025917927,0.02079991087344024,0.010487343404762484,389,43
compas,IID,FedSA,456,ctgan,0.09,0.01,5420,680feb64522e37045d005f8b498dc18607d90d1fb69fbb375dd1757ccdaca266,63,74a5b3343de6cb094e1820fdd910cca953c39d99c5fe7d3d35436672c61dd715,0.6592872570194385,0.007754010695187219,0.0031129376583752255,389,43
compas,non-IID,Benign,456,ctgan,0.09,0.01,5421,1e57043bde43b70c2a94bf3c7a7cf15d6663d87cea26bb6031a4e8c2c07714fd,69,74a5b3343de6cb094e1820fdd910cca953c39d99c5fe7d3d35436672c61dd715,0.661987041036717,0.026281194295900145,0.0072133313568649715,389,43
compas,non-IID,FedSA,456,ctgan,0.09,0.01,5422,34b8e4ad35303a86fc0203c66ebdc03f1c79078f45d979c776bf12c5d005ad84,70,74a5b3343de6cb094e1820fdd910cca953c39d99c5fe7d3d35436672c61dd715,0.6457883369330454,0.05243983957219245,0.03982739361795251,389,43
adult,IID,Benign,456,tvae,0.09,0.01,5423,fedd90410821c08cd1cd70bcf27346a9e984c3cb1e8684ba97aacdd921c4f967,69,7b3e0621213668751a17ee942010a486a2daf6cb42e284c5b45aa7d7a7d088d5,0.8172521415764659,0.0013794868308988906,0.0651718775208237,2714,302
adult,IID,FedSA,456,tvae,0.09,0.01,5424,127e998970a823b500c96fd9680a5b8f8f81bf602f3e9f2971c2763456d3567c,61,7b3e0621213668751a17ee942010a486a2daf6cb42e284c5b45aa7d7a7d088d5,0.8325918055647785,0.008827573285594914,0.10232410190016718,2714,302
adult,non-IID,Benign,456,tvae,0.09,0.01,5425,1289a5165afbc9fa63c4f22d95fc0e30eb6677d37ba348f69ed818dd0eb37c0f,68,7b3e0621213668751a17ee942010a486a2daf6cb42e284c5b45aa7d7a7d088d5,0.8373729995351616,0.0009202291033449939,0.11860668957422728,2714,302
adult,non-IID,FedSA,456,tvae,0.09,0.01,5426,e9f8d04134376b663940da2254b3945fae84d76ad2eb454eeb766a2bfb52767b,63,7b3e0621213668751a17ee942010a486a2daf6cb42e284c5b45aa7d7a7d088d5,0.8326582110365894,0.021216678824048874,0.0871347530211166,2714,302
compas,IID,Benign,456,tvae,0.09,0.01,5427,26e3dbadc14e65c6901d33c6a90eb6f7a513d32307591d5b5575f8efff2ea36b,62,7b3e0621213668751a17ee942010a486a2daf6cb42e284c5b45aa7d7a7d088d5,0.6555075593952484,0.013881461675579354,0.007824947154761008,389,43
compas,IID,FedSA,456,tvae,0.09,0.01,5428,104c42437a956f9dd58024a4c7c07492a526857d98ee095ac8e974e1034fbaf7,61,7b3e0621213668751a17ee942010a486a2daf6cb42e284c5b45aa7d7a7d088d5,0.661987041036717,0.004634581105169344,0.014391646542094683,389,43
compas,non-IID,Benign,456,tvae,0.09,0.01,5429,68457ccb77a1f82fdb301f1ce3848fd028f861a0d30eb057bdec06d850000287,61,7b3e0621213668751a17ee942010a486a2daf6cb42e284c5b45aa7d7a7d088d5,0.6625269978401728,0.005993761140819953,0.010298256077932,389,43
compas,non-IID,FedSA,456,tvae,0.09,0.01,5430,7a7e4f8f5100a40afaa33d84aac0de8f3bb409eb8ceef81cd9b01ac9e5e1cb60,61,7b3e0621213668751a17ee942010a486a2daf6cb42e284c5b45aa7d7a7d088d5,0.6576673866090713,0.003954991087343984,0.021065728855776567,389,43
adult,IID,Benign,789,none,0.01,0.0,5431,44042248f4658bc1e6d131740b94dcbc68447c996dc82b0d6ba75ee4af69fcfc,67,d679e25278ee3e7d02c404dbf7e3c455e8076a54fc852574d6d02218bfffc2eb,0.8084866192974302,0.033822275256461726,0.06473684892609424,302,0
adult,IID,FedSA,789,none,0.01,0.0,5432,14d0aaa12a8fa840272f8c9600e400f270ead7ffa2240ca0dcfed5a5fd0c0f67,68,d679e25278ee3e7d02c404dbf7e3c455e8076a54fc852574d6d02218bfffc2eb,0.8307988578258848,0.0003290204615311598,0.12984075887122307,302,0
adult,non-IID,Benign,789,none,0.01,0.0,5433,2ec694aabccef5fadf72d8a882232848e2b8742c5e8e2482f23340f4d5e4ee58,63,d679e25278ee3e7d02c404dbf7e3c455e8076a54fc852574d6d02218bfffc2eb,0.8067600770303474,0.012074936694978056,0.059478008216212644,302,0
adult,non-IID,FedSA,789,none,0.01,0.0,5434,db81e033c0af853449ba08de52eddd8b4f05d02bd098be9747c8fc42bb0f9ff2,63,d679e25278ee3e7d02c404dbf7e3c455e8076a54fc852574d6d02218bfffc2eb,0.8132014077960024,0.009444486650965811,0.058958782480045366,302,0
compas,IID,Benign,789,none,0.01,0.0,5435,98e6f69d11a3fa013d7e906185d99b0fe6d8cdc7cdd4d46775052aea0a317188,61,d679e25278ee3e7d02c404dbf7e3c455e8076a54fc852574d6d02218bfffc2eb,0.6258099352051836,0.029073559194041088,0.03651719819269861,43,0
compas,IID,FedSA,789,none,0.01,0.0,5436,83eb6e19785072d37821b515764fb3fe9266215275b88734eeda34c9c1e7e3ef,62,d679e25278ee3e7d02c404dbf7e3c455e8076a54fc852574d6d02218bfffc2eb,0.6328293736501079,0.0939484433460337,0.1157459553403748,43,0
compas,non-IID,Benign,789,none,0.01,0.0,5437,47d95bd5dd6498b70a6db39bbd5fa2c5b1e0ad27f57079c5640f5ba799d5b18e,70,d679e25278ee3e7d02c404dbf7e3c455e8076a54fc852574d6d02218bfffc2eb,0.6393088552915767,0.08119658119658124,0.08504144163913041,43,0
compas,non-IID,FedSA,789,none,0.01,0.0,5438,cc27bea872e57e83a74c9f4bb4ba96d118f2a207e33a10f9c89a65bccc1cc5ef,67,d679e25278ee3e7d02c404dbf7e3c455e8076a54fc852574d6d02218bfffc2eb,0.6376889848812095,0.0679813270174715,0.06065501250660932,43,0
adult,IID,Benign,789,none,0.03,0.0,5439,12a1271616ad74d5e0af67550f71ab73637108d1a4416d3ebf1b8a09fb205bfc,61,b11aa7f4199bbae641c261fcec937d1d3216493e5ca5ea188a7d565b09eb6b81,0.8262168802709343,0.005280892650791014,0.08289209577618431,904,0
adult,IID,FedSA,789,none,0.03,0.0,5440,9814e30e9e59a4043ec7dec10e94c7f862a9c2ac1891ef2f183064bafa699e98,63,b11aa7f4199bbae641c261fcec937d1d3216493e5ca5ea188a7d565b09eb6b81,0.8211700644133076,0.0005380855464623968,0.07025437968573542,904,0
adult,non-IID,Benign,789,none,0.03,0.0,5441,88a1878bca99630cb5e09c81b74b1bdf7711ec2766ef8c34a580ff13acac45ec,70,b11aa7f4199bbae641c261fcec937d1d3216493e5ca5ea188a7d565b09eb6b81,0.8193771166744139,0.017801377887425862,0.06977214692760278,904,0
adult,non-IID,FedSA,789,none,0.03,0.0,5442,89ae62bafed855caf883ca898cbca42e8671221c0606fb2d18ee296a6387ad34,69,b11aa7f4199bbae641c261fcec937d1d3216493e5ca5ea188a7d565b09eb6b81,0.821502091772362,0.02503525831247916,0.060337493117480503,904,0
compas,IID,Benign,789,none,0.03,0.0,5443,c0d00800578b138eec7194e985028185a4c8ee40bc2e6fabeb298362f650dae2,63,b11aa7f4199bbae641c261fcec937d1d3216493e5ca5ea188a7d565b09eb6b81,0.6625269978401728,0.03130470600350116,0.009741498948931226,130,0
compas,IID,FedSA,789,none,0.03,0.0,5444,86089c074c217164737e2020bada81cb4dcf0d43369d0451200b43ec15e8a893,64,b11aa7f4199bbae641c261fcec937d1d3216493e5ca5ea188a7d565b09eb6b81,0.6598272138228942,0.003072117529948848,0.002155828967011275,130,0
compas,non-IID,Benign,789,none,0.03,0.0,5445,dfa26e4661a15f28895e600b4e27fa369d3d58c1b89ac496d6ed97fe307df6b9,70,b11aa7f4199bbae641c261fcec937d1d3216493e5ca5ea188a7d565b09eb6b81,0.6571274298056156,0.08710053890776781,0.07680213645335199,130,0
compas,non-IID,FedSA,789,none,0.03,0.0,5446,a050d0e6fb6234103d9b5185f40f1caab39096db004f83920bbbefd23862754b,70,b11aa7f4199bbae641c261fcec937d1d3216493e5ca5ea188a7d565b09eb6b81,0.656047516198704,0.09307314729001481,0.07917156406733838,130,0
adult,IID,Benign,789,none,0.05,0.0,5447,c84aee09595e0e4bf3bbdabb50d75106376173e875a47d6129c162692b00d092,61,510bd97f3099c0f59d0e0feca6e550073c1b5f5ed390da95e3e5c19671aed393,0.8278106115943954,0.02467196488620521,0.07788247619760655,1508,0
adult,IID,FedSA,789,none,0.05,0.0,5448,4462c0864f36f2d7f89927f340cabe319abd8eb982162d2da9e1cdd4ecae1066,64,510bd97f3099c0f59d0e0feca6e550073c1b5f5ed390da95e3e5c19671aed393,0.822630984793147,0.004984431505765552,0.07372327382719923,1508,0
adult,non-IID,Benign,789,none,0.05,0.0,5449,1a82f4d04d2f3f1b5b2d96b17325b6d9ef41593692f3227599021ba24ecfff9f,68,510bd97f3099c0f59d0e0feca6e550073c1b5f5ed390da95e3e5c19671aed393,0.8191114947871705,0.0016519569006043788,0.06828731218289907,1508,0
adult,non-IID,FedSA,789,none,0.05,0.0,5450,6263fbbed6fd0aff971d34c5a320ab2a8aa80ea6cba114a8e18f7b7255342885,64,510bd97f3099c0f59d0e0feca6e550073c1b5f5ed390da95e3e5c19671aed393,0.8199747659207118,0.00026561547675696406,0.0667575401980665,1508,0
compas,IID,Benign,789,none,0.05,0.0,5451,a31cfbbe1488efc19b76429bef775f5ed81b1229d208487fa032ea27107e8cc6,69,510bd97f3099c0f59d0e0feca6e550073c1b5f5ed390da95e3e5c19671aed393,0.6630669546436285,0.06260941200700232,0.02482996730656778,216,0
compas,IID,FedSA,789,none,0.05,0.0,5452,0b2d042317e515f23b72d70f0f113dc385b5af8115ad0a8d549cde4344cae246,70,510bd97f3099c0f59d0e0feca6e550073c1b5f5ed390da95e3e5c19671aed393,0.6609071274298056,0.057288984999828374,0.026342665921211317,216,0
compas,non-IID,Benign,789,none,0.05,0.0,5453,619dc6b2b6d56af4f95a3c27edcf5ea3ea8a7cb69eb7420a9a76b67c55ffa3bc,62,510bd97f3099c0f59d0e0feca6e550073c1b5f5ed390da95e3e5c19671aed393,0.6663066954643628,0.011653451412487581,0.00801753609875494,216,0
compas,non-IID,FedSA,789,none,0.05,0.0,5454,7302a674f4cd99f8b4ada7f7eb8ee9912dae9d98ddcd5834dddb1035c28197ea,69,510bd97f3099c0f59d0e0feca6e550073c1b5f5ed390da95e3e5c19671aed393,0.66792656587473,0.03533793292829435,0.015827309579140636,216,0
adult,IID,Benign,789,none,0.07,0.0,5455,7b11b693d49f85da36dbc381b382a3b013e591283bbc37265fe912d57c02c7cb,64,68aa9a76e3cedbacf7c4e3e33f47ac1e87fad1f938a5aed8d9237d778b027897,0.8358456736835115,0.050941049929426274,0.09290114380923918,2112,0
adult,IID,FedSA,789,none,0.07,0.0,5456,1b522bd247efa9711bfbbc72b6aa44793f65e114b002160a76c91be1f65b30b5,70,68aa9a76e3cedbacf7c4e3e33f47ac1e87fad1f938a5aed8d9237d778b027897,0.8262832857427452,0.05296601092964848,0.06654796013216202,2112,0
adult,non-IID,Benign,789,none,0.07,0.0,5457,c5f8e018149fb53d5fe2ddd7f2ac4e5924baee3adb00161255ddd2250f1f6a59,69,68aa9a76e3cedbacf7c4e3e33f47ac1e87fad1f938a5aed8d9237d778b027897,0.831794939903048,0.04773767015812974,0.08356956479366244,2112,0
adult,non-IID,FedSA,789,none,0.07,0.0,5458,1c1ad6507cc0403bf9bf018e8f6bee074eba72f99b625e1fd3abaec23d4d5709,69,68aa9a76e3cedbacf7c4e3e33f47ac1e87fad1f938a5aed8d9237d778b027897,0.8303340195232087,0.02251162567524878,0.09633113915221643,2112,0
compas,IID,Benign,789,none,0.07,0.0,5459,e8a90ba3097bc4cccb6d923ade1bf14d38d71f5f753ffa84499590487bac1d41,67,68aa9a76e3cedbacf7c4e3e33f47ac1e87fad1f938a5aed8d9237d778b027897,0.6436285097192225,0.059691758486939195,0.07210413342562039,303,0
compas,IID,FedSA,789,none,0.07,0.0,5460,de4c08922b1b129894f148db07ca4c7d2be08a6956a6cdf8c75cda4215b6928a,62,68aa9a76e3cedbacf7c4e3e33f47ac1e87fad1f938a5aed8d9237d778b027897,0.6609071274298056,0.07383379672536294,0.08721010986907451,303,0
compas,non-IID,Benign,789,none,0.07,0.0,5461,1b17f55dacb31ef2752de7a552ec0295497113e82fe27c47797d24e810628b2b,70,68aa9a76e3cedbacf7c4e3e33f47ac1e87fad1f938a5aed8d9237d778b027897,0.6684665226781857,0.047231661689493,0.011014920390733762,303,0
compas,non-IID,FedSA,789,none,0.07,0.0,5462,a1be53dbaa691a52cdb8132b9a3796f0fcb32159e63a905d5354c67a8f94523b,66,68aa9a76e3cedbacf7c4e3e33f47ac1e87fad1f938a5aed8d9237d778b027897,0.6565874730021598,0.06696872961933209,0.0723936004444719,303,0
adult,IID,Benign,789,none,0.1,0.0,5463,32fad246a63d7dc22f7c87e1896a9408ed8cd63fe07c178530ff8eb8bdeb1a7a,65,c05438c4d5f11ed1b6b9df4ac9d8d860e148a77dfe102b36c880f517d6b434e2,0.8293379374460456,0.009058915797609035,0.08861278699599727,3016,0
adult,IID,FedSA,789,none,0.1,0.0,5464,b01591e6f58f57bdc49426073299ee6eee2af21e85e028e6c8e84201a89e7019,61,c05438c4d5f11ed1b6b9df4ac9d8d860e148a77dfe102b36c880f517d6b434e2,0.8246231489474732,0.0023265630899590994,0.08846286914087098,3016,0
adult,non-IID,Benign,789,none,0.1,0.0,5465,6c9c678c4c5e37d6156951911da43815461382e723e4ad5c78681d0db2189fd2,63,c05438c4d5f11ed1b6b9df4ac9d8d860e148a77dfe102b36c880f517d6b434e2,0.8298691812205325,0.008740748441579738,0.08802142094040884,3016,0
adult,non-IID,FedSA,789,none,0.1,0.0,5466,9128e02dde6721dac214e27d5440691b076401c0f3f79a8e1a76f24e18f238a7,63,c05438c4d5f11ed1b6b9df4ac9d8d860e148a77dfe102b36c880f517d6b434e2,0.831794939903048,0.020353571328608655,0.08562385868939174,3016,0
compas,IID,Benign,789,none,0.1,0.0,5467,4783ee378ae2a2621b4458bb5d5f6e05838d2c1d7c68349d876bbe9bb9ab04da,70,c05438c4d5f11ed1b6b9df4ac9d8d860e148a77dfe102b36c880f517d6b434e2,0.6592872570194385,0.10148285449490269,0.10618303886678326,432,0
compas,IID,FedSA,789,none,0.1,0.0,5468,00f25d024a87af877d16971c49796cf2433d72f93454880a6e22c2263e48bb36,70,c05438c4d5f11ed1b6b9df4ac9d8d860e148a77dfe102b36c880f517d6b434e2,0.6609071274298056,0.08025263446950193,0.04050320573051325,432,0
compas,non-IID,Benign,789,none,0.1,0.0,5469,0f7a7c481213c6a1c644594a4f38bb3bb9fd1be954e022443f27ea8bc22f8979,66,c05438c4d5f11ed1b6b9df4ac9d8d860e148a77dfe102b36c880f517d6b434e2,0.6598272138228942,0.07700889026190239,0.07837436255977548,432,0
compas,non-IID,FedSA,789,none,0.1,0.0,5470,7d51ca2a1b49f2a30f926e39aabd77c0b49830172f10241018bc047f197ccb6f,65,c05438c4d5f11ed1b6b9df4ac9d8d860e148a77dfe102b36c880f517d6b434e2,0.6533477321814255,0.09494387807640825,0.09871175504553847,432,0
adult,IID,Benign,789,gaussian_copula,0.01,0.09,5471,70fa3036ee497060d125e782b60e4a00aaca19686d68f52d35ac6a106212d1bf,61,510807a202bb540b6aa98fc042170172e2afb1904dd65451c6082d87fdf3dd32,0.8007835845673683,0.01731241692376148,0.03894558136330679,302,2715
adult,IID,FedSA,789,gaussian_copula,0.01,0.09,5472,31c13a4e7ce64e810bbc72791f33427c3f5a25ef22b90ace6eff4ec7f5a5aa41,61,510807a202bb540b6aa98fc042170172e2afb1904dd65451c6082d87fdf3dd32,0.8239590942293645,0.007377255660894144,0.07719519722011814,302,2715
adult,non-IID,Benign,789,gaussian_copula,0.01,0.09,5473,245a8f706841d69a3a41b5649a4345a047ffc211b5f2952271d99c9bc441beb5,62,510807a202bb540b6aa98fc042170172e2afb1904dd65451c6082d87fdf3dd32,0.7980609602231223,0.011426606445259502,0.037769268857862665,302,2715
adult,non-IID,FedSA,789,gaussian_copula,0.01,0.09,5474,26f0e808db22a1aa2761bfe19e2098ce3fab323aee54e0d4fcd6810c09317c38,67,510807a202bb540b6aa98fc042170172e2afb1904dd65451c6082d87fdf3dd32,0.7975297164486354,0.0016999390512443535,0.039044142372571526,302,2715
compas,IID,Benign,789,gaussian_copula,0.01,0.09,5475,537fd8d30df884ce4c13008045834e5e0213cc6f7f7b85d5ba9a6c63176cc9d1,67,510807a202bb540b6aa98fc042170172e2afb1904dd65451c6082d87fdf3dd32,0.6765658747300216,0.08776988295060578,0.10382061448712399,43,389
compas,IID,FedSA,789,gaussian_copula,0.01,0.09,5476,a3c3a1e992a633be1d01b65973fad6e3a151a712844a93893b8714e2a339c37b,66,510807a202bb540b6aa98fc042170172e2afb1904dd65451c6082d87fdf3dd32,0.6754859611231101,0.06281536402018328,0.0783778641769391,43,389
compas,non-IID,Benign,789,gaussian_copula,0.01,0.09,5477,215ae6a87d7dfa2d88dbc1f0e129f2a35fc7026a27fda1869853a972e93a4775,62,510807a202bb540b6aa98fc042170172e2afb1904dd65451c6082d87fdf3dd32,0.6690064794816415,0.02601860433185732,0.04085453465258704,43,389
compas,non-IID,FedSA,789,gaussian_copula,0.01,0.09,5478,930905a60ffa8e181dc7bd9b8a81fe342fdd8e49cc4e3f017fe904128c00e8bf,66,510807a202bb540b6aa98fc042170172e2afb1904dd65451c6082d87fdf3dd32,0.6673866090712743,0.03185391137198368,0.04738038183967963,43,389
adult,IID,Benign,789,forest_diffusion,0.01,0.09,5479,d74dd66abb4668887394b41a3afcd72b7e850323ea378cb63539e7d684da6ae6,62,42f026b32a5156740830119de30189f33cdabf93b1c6dc492f13de17166a7bf3,0.7635301148814663,0.00047810785816247703,0.007447966387265363,302,2715
adult,IID,FedSA,789,forest_diffusion,0.01,0.09,5480,90321cce1e4b55d004c78f233a85cc7a720924d910e00d4eccb44b58386055e3,63,42f026b32a5156740830119de30189f33cdabf93b1c6dc492f13de17166a7bf3,0.8230958230958231,0.008241505588492515,0.07843947730125714,302,2715
adult,non-IID,Benign,789,forest_diffusion,0.01,0.09,5481,a28d16290a5323135e371501e1e5f7e1953e638ce47e36dde5c28978fbb4f13f,61,42f026b32a5156740830119de30189f33cdabf93b1c6dc492f13de17166a7bf3,0.8221661464904708,0.0025539070894198823,0.08610835837079875,302,2715
adult,non-IID,FedSA,789,forest_diffusion,0.01,0.09,5482,54202bdbca7b7a4a92d24be0268cef1ee79a1156dce46ddd8d8b9b0ccda49d3b,64,42f026b32a5156740830119de30189f33cdabf93b1c6dc492f13de17166a7bf3,0.8184474400690617,0.03312025069531277,0.08951532337821,302,2715
compas,IID,Benign,789,forest_diffusion,0.01,0.09,5483,9df34568506e253973e90d4d99df517ecf87a9a3a66c1be8ec97a433c8bd41b3,64,42f026b32a5156740830119de30189f33cdabf93b1c6dc492f13de17166a7bf3,0.6884449244060475,0.19340610304465727,0.19366510766889178,43,389
compas,IID,FedSA,789,forest_diffusion,0.01,0.09,5484,ddc8a25e685790db033c76bfbcf9147000f8e0d939120c8e691bfb69792b1a98,66,42f026b32a5156740830119de30189f33cdabf93b1c6dc492f13de17166a7bf3,0.6884449244060475,0.1772045446744242,0.1671391904494559,43,389
compas,non-IID,Benign,789,forest_diffusion,0.01,0.09,5485,9a5ed95307a4f7a2afc30b141ab82380fa6fd689f4a0aa3e94f3f8bfb36894e8,68,42f026b32a5156740830119de30189f33cdabf93b1c6dc492f13de17166a7bf3,0.6382289416846653,0.14298218515085992,0.19033273533493555,43,389
compas,non-IID,FedSA,789,forest_diffusion,0.01,0.09,5486,de0922b17e77963ce463e89e750c5575821512fe50b80afc5ef33a4ab84e7981,68,42f026b32a5156740830119de30189f33cdabf93b1c6dc492f13de17166a7bf3,0.6339092872570194,0.13402327257748936,0.15851937619857437,43,389
adult,IID,Benign,789,smote,0.01,0.09,5487,dd78b9cde6b27ea91aa09fedd45903492f9d725e2bec5288021424a6aea286a9,69,e638d13b466a8c7502dd63f0ffbed27c17b0007d064fd1f949a27d21edef5a41,0.8008499900391792,0.01569016325926753,0.09006859308602844,302,2715
adult,IID,FedSA,789,smote,0.01,0.09,5488,8a640316c5a5cb8339aca48f2a5b4c5e901373b103792260ed2b97ad7fb7c53c,63,e638d13b466a8c7502dd63f0ffbed27c17b0007d064fd1f949a27d21edef5a41,0.8234942559266883,0.022623012810662924,0.09988577515274749,302,2715
adult,non-IID,Benign,789,smote,0.01,0.09,5489,e3aa2461c5ef86bea3f92f2c8838e8daedd9a29641537202cd9799e23f97a450,67,e638d13b466a8c7502dd63f0ffbed27c17b0007d064fd1f949a27d21edef5a41,0.7946078756889567,0.011399188073465183,0.10050548777989932,302,2715
adult,non-IID,FedSA,789,smote,0.01,0.09,5490,c7e5e99f7d9fcf26027896ee8e1ffad7d0e50c2e277f8e7fe9974742d4a4dff5,69,e638d13b466a8c7502dd63f0ffbed27c17b0007d064fd1f949a27d21edef5a41,0.7966000398432831,0.0013543533234208205,0.1013966895457403,302,2715
compas,IID,Benign,789,smote,0.01,0.09,5491,38a73d7f534603b111fe943a1575d77b2949e93912a346685247dd66a5a624a3,67,e638d13b466a8c7502dd63f0ffbed27c17b0007d064fd1f949a27d21edef5a41,0.6312095032397408,0.17003054954862185,0.2155828967011264,43,389
compas,IID,FedSA,789,smote,0.01,0.09,5492,8935409548a85aee4df60a5e327c257f644ba350beb3301bcf7d81e87383f096,67,e638d13b466a8c7502dd63f0ffbed27c17b0007d064fd1f949a27d21edef5a41,0.6609071274298056,0.1886692067414959,0.20712882566265184,43,389
compas,non-IID,Benign,789,smote,0.01,0.09,5493,b82305cb57862d733119a2839df8547cd0138bd047b84a9c2fa4d6d432af0f8b,68,e638d13b466a8c7502dd63f0ffbed27c17b0007d064fd1f949a27d21edef5a41,0.6695464362850972,0.21642124051762612,0.21827797471132082,43,389
compas,non-IID,FedSA,789,smote,0.01,0.09,5494,3545d070c2f015a04cf5e6dc6cac63d2ea5b9fa23604e312db85fba3cfc6272e,66,e638d13b466a8c7502dd63f0ffbed27c17b0007d064fd1f949a27d21edef5a41,0.6749460043196545,0.10304465726152473,0.1254594413519977,43,389
adult,IID,Benign,789,ctgan,0.01,0.09,5495,ffd9a1c84603208d6a5f36d3b7fad39f88b4818bbb5abc0de5ad5778389e7fd3,67,b5a1ede0a7da70cd8b9e94eda20e6f073a5623f43034c433b52faa50b3743e01,0.7569559731721894,0.012726694241170856,0.003942440370589394,302,2715
adult,IID,FedSA,789,ctgan,0.01,0.09,5496,06d5071789eafb6e935078794f2573e2b48af50371ba578db0d889f16fc55b7f,61,b5a1ede0a7da70cd8b9e94eda20e6f073a5623f43034c433b52faa50b3743e01,0.7542997542997543,0.0,0.0,302,2715
adult,non-IID,Benign,789,ctgan,0.01,0.09,5497,5a1f9bcfb9ea6af78df83d3afc35191d14e638dd0c165b70fbfd4191556b4b97,69,b5a1ede0a7da70cd8b9e94eda20e6f073a5623f43034c433b52faa50b3743e01,0.7554950527923501,0.005727012408526885,0.0017740981667652277,302,2715
adult,non-IID,FedSA,789,ctgan,0.01,0.09,5498,226c02df863aa04d567180debc8d5357b34b53e682fb9ad2f3d4b0d6d54b5630,62,b5a1ede0a7da70cd8b9e94eda20e6f073a5623f43034c433b52faa50b3743e01,0.755561458264161,0.006045179764556157,0.0018726591760299626,302,2715
compas,IID,Benign,789,ctgan,0.01,0.09,5499,27010df80c2402cf72e602d29aee695ca15c18d7749700c0c66ea2fd3c21e8c5,70,b5a1ede0a7da70cd8b9e94eda20e6f073a5623f43034c433b52faa50b3743e01,0.6436285097192225,0.25021453334706345,0.31321381924885644,43,389
compas,IID,FedSA,789,ctgan,0.01,0.09,5500,b5bf81bc1bb9df790a865bed108c0263bcc0e88eb578047d07ede61919b6b88b,66,b5a1ede0a7da70cd8b9e94eda20e6f073a5623f43034c433b52faa50b3743e01,0.6555075593952484,0.24839529056396525,0.3039181928854142,43,389
compas,non-IID,Benign,789,ctgan,0.01,0.09,5501,125985c4991a20c19959ce14c07f7d1328e0f809723da92043a3f1d2d7b60c94,68,b5a1ede0a7da70cd8b9e94eda20e6f073a5623f43034c433b52faa50b3743e01,0.6571274298056156,0.18758795867229605,0.23121878454199435,43,389
compas,non-IID,FedSA,789,ctgan,0.01,0.09,5502,daf9dc6bf337d05ffa7a16163042845d735c368baf4492159d451c5b43daf607,65,b5a1ede0a7da70cd8b9e94eda20e6f073a5623f43034c433b52faa50b3743e01,0.6490280777537797,0.2227542649229397,0.28135610629509067,43,389
adult,IID,Benign,789,tvae,0.01,0.09,5503,e12effc9e7ca295310204c0ed1aff0384d670452a550a50995e75c64ed4f206f,65,5ae77d615f043d08374af6da4764435307abd41c15dee738dec3b85d65a87e14,0.7576864333621091,0.036292784798340735,0.0026309349806683605,302,2715
adult,IID,FedSA,789,tvae,0.01,0.09,5504,86d140038cc4cda560917e1628c9a6d569eb57da6d48cf97bc4a7f7e1547e34b,61,5ae77d615f043d08374af6da4764435307abd41c15dee738dec3b85d65a87e14,0.7885649777541669,0.052924883371957054,0.019404823105958518,302,2715
adult,non-IID,Benign,789,tvae,0.01,0.09,5505,6347b2ded878944f9752dba273758a282b8dff3de6b95e473ec21038981e9af6,62,5ae77d615f043d08374af6da4764435307abd41c15dee738dec3b85d65a87e14,0.7952055249352546,0.033493826011009614,0.03004714518327553,302,2715
adult,non-IID,FedSA,789,tvae,0.01,0.09,5506,6bb7df655ddf28da82c2f2008353d81ed3561940b28bd5928aa5d227509bc9a0,61,5ae77d615f043d08374af6da4764435307abd41c15dee738dec3b85d65a87e14,0.7940102264426588,0.04776565974600305,0.02630409375448996,302,2715
compas,IID,Benign,789,tvae,0.01,0.09,5507,654157e37d5b76f515538f59db28de6e6706ae71179458f540c2b8915df44e95,70,5ae77d615f043d08374af6da4764435307abd41c15dee738dec3b85d65a87e14,0.5691144708423326,0.11310198057186008,0.07418642843219761,43,389
compas,IID,FedSA,789,tvae,0.01,0.09,5508,d831c72a462e28e40af6b8c77041705cd4872cef12a5ecbd8f3d14e9c2f5ed60,61,5ae77d615f043d08374af6da4764435307abd41c15dee738dec3b85d65a87e14,0.5777537796976242,0.1532626231421412,0.09937005907228155,43,389
compas,non-IID,Benign,789,tvae,0.01,0.09,5509,60d00fe7d11bde493fe18ce0e42d2866aaaa53f1283036423866eee5696f3f51,63,5ae77d615f043d08374af6da4764435307abd41c15dee738dec3b85d65a87e14,0.5755939524838013,0.13752445680156525,0.09078642819875646,43,389
compas,non-IID,FedSA,789,tvae,0.01,0.09,5510,398d580a9d4aca6b5b044d60e7dda0973777d9a2147f2902860542840e7694c0,70,5ae77d615f043d08374af6da4764435307abd41c15dee738dec3b85d65a87e14,0.5799136069114471,0.1132392819139807,0.07374522466959324,43,389
adult,IID,Benign,789,gaussian_copula,0.02,0.08,5511,99374c87f41931da70acf435fbcfbe383a49ec4b2021e9a0e82138d2ad89faff,66,a8442b4d6dfdb29e6d49e5f61d5af044e6e6971a5b721a0aa5e23aa3800ffea2,0.8094827013745932,0.017583173345229908,0.053674985552877905,604,2413
adult,IID,FedSA,789,gaussian_copula,0.02,0.08,5512,9bb5a102d2b6774f33a7b56a7778b8977e3c072c4e6c32986cf3f5758ca57519,62,a8442b4d6dfdb29e6d49e5f61d5af044e6e6971a5b721a0aa5e23aa3800ffea2,0.8130021913805697,1.599405021329714e-05,0.06336152864293668,604,2413
adult,non-IID,Benign,789,gaussian_copula,0.02,0.08,5513,12d0ec8eec1325160402e39179ca8e4fb93e66ac98fcbea5291ab281dcbaea6a,69,a8442b4d6dfdb29e6d49e5f61d5af044e6e6971a5b721a0aa5e23aa3800ffea2,0.7966000398432831,0.008199235598643023,0.03559488821239618,604,2413
adult,non-IID,FedSA,789,gaussian_copula,0.02,0.08,5514,ab8fa845820135bc0117c7f270a746194decf89c3c178696f222a8c8ad2d144b,64,a8442b4d6dfdb29e6d49e5f61d5af044e6e6971a5b721a0aa5e23aa3800ffea2,0.8143303008167873,0.01965040433530152,0.058196333931680715,604,2413
compas,IID,Benign,789,gaussian_copula,0.02,0.08,5515,2d70420c6f40c79a46983bb8583ffb2792dc5d28c1ea999ea123b1bf2cf47eb6,62,a8442b4d6dfdb29e6d49e5f61d5af044e6e6971a5b721a0aa5e23aa3800ffea2,0.6630669546436285,0.007414272474513428,0.003698874930405327,86,346
compas,IID,FedSA,789,gaussian_copula,0.02,0.08,5516,5ed21d03479edc2cd516bf640518a69344f612eff760b1e86e18a821e0c31e86,66,a8442b4d6dfdb29e6d49e5f61d5af044e6e6971a5b721a0aa5e23aa3800ffea2,0.6592872570194385,0.025864140321971596,0.010269075934902616,86,346
compas,non-IID,Benign,789,gaussian_copula,0.02,0.08,5517,1a890f05431e21013212412fdfcefcd1950ce701bcb7036953a8be0f40ef4f5b,66,a8442b4d6dfdb29e6d49e5f61d5af044e6e6971a5b721a0aa5e23aa3800ffea2,0.6690064794816415,0.003707136237256714,0.021740373762616005,86,346
compas,non-IID,FedSA,789,gaussian_copula,0.02,0.08,5518,98092c81b690561f9376a7a2f90cdef72a536fba82b99795215ebe44b57641f1,61,a8442b4d6dfdb29e6d49e5f61d5af044e6e6971a5b721a0aa5e23aa3800ffea2,0.6630669546436285,0.02016613462396588,0.006679918342287761,86,346
adult,IID,Benign,789,forest_diffusion,0.02,0.08,5519,4a089148b017ecf5155648b364135eae64ab5cc464883f70a859ef96796b79f3,65,c4e4bed3bc48c29e715db0ac9a58761abfa6a2eb20537942d6327d7913ef1107,0.8223653629059035,0.006234823502799802,0.07962862901816664,604,2413
adult,IID,FedSA,789,forest_diffusion,0.02,0.08,5520,f8718d04f53e85de5b24c8d9f754406abd4fe5d2d574c61d25fc43b9378ef7d8,69,c4e4bed3bc48c29e715db0ac9a58761abfa6a2eb20537942d6327d7913ef1107,0.8201739823361445,0.011582548434839413,0.07274861718683329,604,2413
adult,non-IID,Benign,789,forest_diffusion,0.02,0.08,5521,899e30301eeb2959d4dfb42ef668e6e3002adaec1a0387cb7c57971ff905557e,67,c4e4bed3bc48c29e715db0ac9a58761abfa6a2eb20537942d6327d7913ef1107,0.8219669300750382,0.0013103696853342117,0.07776012252459502,604,2413
adult,non-IID,FedSA,789,forest_diffusion,0.02,0.08,5522,2badbd201b6e62627a720683da84bf17a28f8945e9be544cbd986075ecfd3093,69,c4e4bed3bc48c29e715db0ac9a58761abfa6a2eb20537942d6327d7913ef1107,0.8054983730659406,0.002812667973228239,0.0485875683773271,604,2413
compas,IID,Benign,789,forest_diffusion,0.02,0.08,5523,2663c07c05c7c855d740b2a7f8b149f68e858a9902e8c8fae87c258fa8904f82,68,c4e4bed3bc48c29e715db0ac9a58761abfa6a2eb20537942d6327d7913ef1107,0.6684665226781857,0.0009954347303744449,0.025978497736204476,86,346
compas,IID,FedSA,789,forest_diffusion,0.02,0.08,5524,432d137d5fafd4d10161658857f1115af6327b5c506e82313aebfc0e0c030a28,67,c4e4bed3bc48c29e715db0ac9a58761abfa6a2eb20537942d6327d7913ef1107,0.6684665226781857,0.03820409844506234,0.03829251809460671,86,346
compas,non-IID,Benign,789,forest_diffusion,0.02,0.08,5525,efb6c478d53a1fdfd7da7b19652fd4e6e1ae8307ba3bf198f2bdca48cad213d0,62,c4e4bed3bc48c29e715db0ac9a58761abfa6a2eb20537942d6327d7913ef1107,0.6792656587473002,0.03966292520509396,0.06476240943942613,86,346
compas,non-IID,FedSA,789,forest_diffusion,0.02,0.08,5526,4f49b524b8c0d28435b44dfff0f8d2b698d6e7e5d802b126fd6ae091b1ee99c7,69,c4e4bed3bc48c29e715db0ac9a58761abfa6a2eb20537942d6327d7913ef1107,0.6695464362850972,0.011361686060481269,0.021087905764478887,86,346
adult,IID,Benign,789,smote,0.02,0.08,5527,5ff73e0c41102dd0509632faf771b8e5045b8d9088a482554b45ded7d26972ee,69,6e1f619d82add362a83bbba1bdbee08652802f5e761d27d059915401d502cd65,0.760409057706355,0.0056070570319269875,0.10842627819064532,604,2413
adult,IID,FedSA,789,smote,0.02,0.08,5528,8cf5e9ccca315bde0e60cb1f085398f780c8982779c1a93a9761af03d0926908,67,6e1f619d82add362a83bbba1bdbee08652802f5e761d27d059915401d502cd65,0.8205724151670097,0.015302307541594562,0.16023835434369982,604,2413
adult,non-IID,Benign,789,smote,0.02,0.08,5529,d00fab91c8c4618baabfc45e4398024da61703ebbcd28c00ea5a5bb3a3fb50f3,62,6e1f619d82add362a83bbba1bdbee08652802f5e761d27d059915401d502cd65,0.792350089647387,0.049533573510654016,0.1332209420859682,604,2413
adult,non-IID,FedSA,789,smote,0.02,0.08,5530,683065c6dac58c031c97e747554a0f1b0a9ae18ab8ecdf10a678daca1878dca0,61,6e1f619d82add362a83bbba1bdbee08652802f5e761d27d059915401d502cd65,0.8018460721163424,0.031171832649682818,0.15931770263656017,604,2413
compas,IID,Benign,789,smote,0.02,0.08,5531,150ee00024d794a67c72eb8a4c71260c22336cb04f0bea830493ad82ac0d0570,67,6e1f619d82add362a83bbba1bdbee08652802f5e761d27d059915401d502cd65,0.6576673866090713,0.050080664538495856,0.013869905584729225,86,346
compas,IID,FedSA,789,smote,0.02,0.08,5532,6ad09b05f3d73f6fc3d3dd868e77b7be96a7a26ccc6c639b80bf0a56da6c124d,61,6e1f619d82add362a83bbba1bdbee08652802f5e761d27d059915401d502cd65,0.661987041036717,0.04762640304808985,0.04972413092780015,86,346
compas,non-IID,Benign,789,smote,0.02,0.08,5533,8bec4680ae9603ddd957e4f55599e98c9120e4c0bc57a18c9834eeea4da54e9a,61,6e1f619d82add362a83bbba1bdbee08652802f5e761d27d059915401d502cd65,0.6695464362850972,0.0158239796794013,0.00890461244684837,86,346
compas,non-IID,FedSA,789,smote,0.02,0.08,5534,c1672e742521759886e0c7258906250b27295f7a2987e8cb0f90e1f0d83b5c11,67,6e1f619d82add362a83bbba1bdbee08652802f5e761d27d059915401d502cd65,0.6646868250539957,0.027769196443895194,0.006235212962519832,86,346
adult,IID,Benign,789,ctgan,0.02,0.08,5535,ce31d69b4f4dabe64c31e4c1eeba68a40cdee84dadb8fff96e338f9828753238,69,468868d913c3847fcc9b00f526d85e772fa5211caac14f68bd2299da1806dcab,0.7542997542997543,0.0,0.0,604,2413
adult,IID,FedSA,789,ctgan,0.02,0.08,5536,24e45810d942aef08ae0edb97d242d716df1f3c18f1222a5a683c1aa6ba308aa,62,468868d913c3847fcc9b00f526d85e772fa5211caac14f68bd2299da1806dcab,0.7542997542997543,0.0,0.0,604,2413
adult,non-IID,Benign,789,ctgan,0.02,0.08,5537,5f378595f9bccb87b98c8a06d9caf164d0362d58f49c9b3b0ba2a1c6de8fc552,61,468868d913c3847fcc9b00f526d85e772fa5211caac14f68bd2299da1806dcab,0.7542997542997543,0.0,0.0,604,2413
adult,non-IID,FedSA,789,ctgan,0.02,0.08,5538,8c098f9ea4f54947b6d6f35a08f61c598e0f458f95200299d2116801e638263e,61,468868d913c3847fcc9b00f526d85e772fa5211caac14f68bd2299da1806dcab,0.7543661597715652,0.0003181673560292714,9.856100926473487e-05,604,2413
compas,IID,Benign,789,ctgan,0.02,0.08,5539,3e29fb335825a080f75ebd46ad40aff47a50a91f65be27720e3d16544fccda35,62,468868d913c3847fcc9b00f526d85e772fa5211caac14f68bd2299da1806dcab,0.5485961123110151,0.037037037037037035,0.014460511679644048,86,346
compas,IID,FedSA,789,ctgan,0.02,0.08,5540,4da0726ed9dd017ff9ff82960df1c1ce645db4b709f21772557282fc5e803720,61,468868d913c3847fcc9b00f526d85e772fa5211caac14f68bd2299da1806dcab,0.6490280777537797,0.06360484673737687,0.07027162044337476,86,346
compas,non-IID,Benign,789,ctgan,0.02,0.08,5541,08a11e1b27ba570d9e729b63fd7c6f1accc18dc11f95614f26bb487bd028c755,70,468868d913c3847fcc9b00f526d85e772fa5211caac14f68bd2299da1806dcab,0.6700863930885529,0.08682593622352652,0.08020570833629997,86,346
compas,non-IID,FedSA,789,ctgan,0.02,0.08,5542,a7a7d1fa546bf7a27a9884e93a026cfff987b73175b7acab4f1128a5f99940ef,62,468868d913c3847fcc9b00f526d85e772fa5211caac14f68bd2299da1806dcab,0.6571274298056156,0.14425222256547565,0.17652819327059216,86,346
adult,IID,Benign,789,tvae,0.02,0.08,5543,add83a77301afd213d10ded3980c22570f4b83cf0ce81220aefc48f8ac07cd91,65,5e39a9fcc253ccba3c06a94f7188d141a0e18dc4a6f775bd8ee9cf024cd4e0cf,0.7918188458729,0.03068344290209757,0.03726097651270888,604,2413
adult,IID,FedSA,789,tvae,0.02,0.08,5544,06aedcc646cb41ce7b9d05af552605a7b05da9b23f5f827d5849c65c1fcfbe7d,69,5e39a9fcc253ccba3c06a94f7188d141a0e18dc4a6f775bd8ee9cf024cd4e0cf,0.7556278637359718,2.2848643161886388e-05,0.001064912284714008,604,2413
adult,non-IID,Benign,789,tvae,0.02,0.08,5545,8fa7b6257d2eaed603077063b58f8a5e3ccdaedaa79135b4cba9ae2fb314dfb5,69,5e39a9fcc253ccba3c06a94f7188d141a0e18dc4a6f775bd8ee9cf024cd4e0cf,0.7564247293977023,0.0024996415619103988,0.0013413364953101371,604,2413
adult,non-IID,FedSA,789,tvae,0.02,0.08,5546,7a9a5f47eb7d60c24e0cbfac521b4c151bb48531bb407b15df591cc61b6f0ab9,66,5e39a9fcc253ccba3c06a94f7188d141a0e18dc4a6f775bd8ee9cf024cd4e0cf,0.7552294309051066,0.003999654985488255,0.00017144359559870216,604,2413
compas,IID,Benign,789,tvae,0.02,0.08,5547,aad0055df45213ffae20d4cd86d81f147b5246e3e6b802da5078d1a115ff0383,67,5e39a9fcc253ccba3c06a94f7188d141a0e18dc4a6f775bd8ee9cf024cd4e0cf,0.5464362850971922,0.013918923557477774,0.005750822588231999,86,346
compas,IID,FedSA,789,tvae,0.02,0.08,5548,2811b7333c6388be3a9d7caf6dcf885f2e965f551a07c8dbeef3ae2c6126e146,70,5e39a9fcc253ccba3c06a94f7188d141a0e18dc4a6f775bd8ee9cf024cd4e0cf,0.546976241900648,0.006676277760615109,0.003819097119686441,86,346
compas,non-IID,Benign,789,tvae,0.02,0.08,5549,ed8abe3cf0f68979682bc21e0c9baa57134fcc34b417aa7e84e68d30f7b17e9d,63,5e39a9fcc253ccba3c06a94f7188d141a0e18dc4a6f775bd8ee9cf024cd4e0cf,0.550755939524838,0.002711701506882231,0.0004820559628455068,86,346
compas,non-IID,FedSA,789,tvae,0.02,0.08,5550,78b1d1e253cb72e3865cc0ede15d927389e5b24f73cec199833253507dad4065,62,5e39a9fcc253ccba3c06a94f7188d141a0e18dc4a6f775bd8ee9cf024cd4e0cf,0.5550755939524838,0.024336662890879754,0.006444142786610284,86,346
adult,IID,Benign,789,gaussian_copula,0.03,0.07,5551,643cb2a076a66ef016f312e117fa84534bcfbaf6db63afcd66e81e6298e37b73,68,53742c3233a493a1c5ad60c6263ce1e34af2f1dee320e96ee6969fa44a2acb25,0.8032405870243708,0.0034490026852867783,0.04701285915236569,904,2111
adult,IID,FedSA,789,gaussian_copula,0.03,0.07,5552,7d225bdac35f64e15ed355033cb658a12744ad6f2346c116c36f4f26c5f51c72,70,53742c3233a493a1c5ad60c6263ce1e34af2f1dee320e96ee6969fa44a2acb25,0.7882329503951125,0.0001330933464180062,0.029232597522136503,904,2111
adult,non-IID,Benign,789,gaussian_copula,0.03,0.07,5553,a0650b73a58063f7857e1d327b155c1344f5fc0a8b85cc2c410b4dd501752201,67,53742c3233a493a1c5ad60c6263ce1e34af2f1dee320e96ee6969fa44a2acb25,0.8172521415764659,0.003597518865839089,0.06755018095464271,904,2111
adult,non-IID,FedSA,789,gaussian_copula,0.03,0.07,5554,7ca9614e8d910d0fceac84b026d33dcac97130836b658e5ad1f0879ed66c82cb,64,53742c3233a493a1c5ad60c6263ce1e34af2f1dee320e96ee6969fa44a2acb25,0.807955375522943,0.0012326842985837805,0.0515764966839326,904,2111
compas,IID,Benign,789,gaussian_copula,0.03,0.07,5555,1a0649d3a8839f3f4737f6fa96fa1af11bfb51323fe7121729911234d57d020f,66,53742c3233a493a1c5ad60c6263ce1e34af2f1dee320e96ee6969fa44a2acb25,0.6641468682505399,0.014159200906188829,0.0038762902000240573,130,302
compas,IID,FedSA,789,gaussian_copula,0.03,0.07,5556,dee45c68e061a37505e8a03311d2ceeed3f9e5ca6841ba97388a01af36988018,69,53742c3233a493a1c5ad60c6263ce1e34af2f1dee320e96ee6969fa44a2acb25,0.6749460043196545,0.007173995125802357,0.029489452545500616,130,302
compas,non-IID,Benign,789,gaussian_copula,0.03,0.07,5557,59a5387dc10ad7fa0f0b27adb8e30a5289bf58d2c02ec21f6cc36a44515bfe91,61,53742c3233a493a1c5ad60c6263ce1e34af2f1dee320e96ee6969fa44a2acb25,0.6420086393088553,0.002042357464044242,1.6340880096499255e-05,130,302
compas,non-IID,FedSA,789,gaussian_copula,0.03,0.07,5558,22a9175c5355caed2ea940e90ec8723013b22c1bd7289d447ec9c565d0f9c758,70,53742c3233a493a1c5ad60c6263ce1e34af2f1dee320e96ee6969fa44a2acb25,0.6376889848812095,0.0006693440428380271,0.007887976263704521,130,302
adult,IID,Benign,789,forest_diffusion,0.03,0.07,5559,315726956667a688f1809db4af921b311981994c2eb11ea7291af314ddea32d4,61,7b0994ec66ec0c8a8c72fa2aeaebf1cb62fbdfe01a5cf11abbda86d82b8d1111,0.8027093432498837,0.0011767051228371572,0.045379992311719686,904,2111
adult,IID,FedSA,789,forest_diffusion,0.03,0.07,5560,c168cf385fa003d103ad4975c8e027de1fe9f95b304e2ce28da85c50e1190307,61,7b0994ec66ec0c8a8c72fa2aeaebf1cb62fbdfe01a5cf11abbda86d82b8d1111,0.8181818181818182,0.003847711508461693,0.06864303858556184,904,2111
adult,non-IID,Benign,789,forest_diffusion,0.03,0.07,5561,c908df8e16aaef98337e6b025673401e49c87316b9ddbbf1844359ef9d8e8eef,68,7b0994ec66ec0c8a8c72fa2aeaebf1cb62fbdfe01a5cf11abbda86d82b8d1111,0.8157912211966266,0.008083278734596466,0.06429804881299685,904,2111
adult,non-IID,FedSA,789,forest_diffusion,0.03,0.07,5562,e9b6e4d547affcada4df41f1a295f7716385e925eb75d5e22759aad4920437e3,68,7b0994ec66ec0c8a8c72fa2aeaebf1cb62fbdfe01a5cf11abbda86d82b8d1111,0.8215684972441729,0.007719414092243415,0.06894098853663042,904,2111
compas,IID,Benign,789,forest_diffusion,0.03,0.07,5563,316e887e2f204bede41642148729152596a5a4ae4e3678dc44b6d1872746d5f8,69,7b0994ec66ec0c8a8c72fa2aeaebf1cb62fbdfe01a5cf11abbda86d82b8d1111,0.6668466522678186,0.001819242783098196,0.0016037406608952476,130,302
compas,IID,FedSA,789,forest_diffusion,0.03,0.07,5564,fdf95d8319c704c4dd0a9cf72467095923425df199bd604096a577864cd94162,66,7b0994ec66ec0c8a8c72fa2aeaebf1cb62fbdfe01a5cf11abbda86d82b8d1111,0.6684665226781857,0.0005148800329523029,0.00784012082913621,130,302
compas,non-IID,Benign,789,forest_diffusion,0.03,0.07,5565,d572cb163b99a8314764c5decc4a8d1902131fbbf57395dbcc6e70575042bc3f,65,7b0994ec66ec0c8a8c72fa2aeaebf1cb62fbdfe01a5cf11abbda86d82b8d1111,0.6549676025917927,0.0017677547798029547,0.007206328122537964,130,302
compas,non-IID,FedSA,789,forest_diffusion,0.03,0.07,5566,3dad2bbdf53313aaa2387b6a6c90709f1cf047c4847901134197219df8c2c10e,67,7b0994ec66ec0c8a8c72fa2aeaebf1cb62fbdfe01a5cf11abbda86d82b8d1111,0.66792656587473,0.015274774310918837,0.02477744304911489,130,302
adult,IID,Benign,789,smote,0.03,0.07,5567,fcdc1c93b0fc7070238678ce6922827431e7cd6830b462f29f349ccb74930356,61,e7954f105acf92c7056082b722a0e878fec7d87ff758c1d61d65556d3d0ec6c1,0.7932133607809283,0.016621245468114387,0.09740780733992843,904,2111
adult,IID,FedSA,789,smote,0.03,0.07,5568,b712997c78ebaff898230f85d6cc3b79f486b019e9b5f11dd6ebcea16c841967,65,e7954f105acf92c7056082b722a0e878fec7d87ff758c1d61d65556d3d0ec6c1,0.8143967062885982,0.06096017995591352,0.10878535482504992,904,2111
adult,non-IID,Benign,789,smote,0.03,0.07,5569,4dadd099d84fb46b188639213a258f871f0d951e30b787004f3e518f5c45718d,66,e7954f105acf92c7056082b722a0e878fec7d87ff758c1d61d65556d3d0ec6c1,0.8404276512384621,0.019758364174241483,0.1388702352532729,904,2111
adult,non-IID,FedSA,789,smote,0.03,0.07,5570,28af0be3df84d86256c1fe5f2bde7a75acf33edad4726101d7f63f48eb550dae,65,e7954f105acf92c7056082b722a0e878fec7d87ff758c1d61d65556d3d0ec6c1,0.8118732983597848,0.0030085950883413926,0.1385636188344652,904,2111
compas,IID,Benign,789,smote,0.03,0.07,5571,d68ae982d9793720a9da639323b9ee21b6e1f6af54c7fc4ffff6c4619d65a1bd,62,e7954f105acf92c7056082b722a0e878fec7d87ff758c1d61d65556d3d0ec6c1,0.6544276457883369,0.1147839220128376,0.08894924639362611,130,302
compas,IID,FedSA,789,smote,0.03,0.07,5572,523adc35fbd58bf9a79e945b866f112af51e3ed4b525bd914a8837d119aba5df,61,e7954f105acf92c7056082b722a0e878fec7d87ff758c1d61d65556d3d0ec6c1,0.6598272138228942,0.05981189716129476,0.048400519639987094,130,302
compas,non-IID,Benign,789,smote,0.03,0.07,5573,cea8a73823419677c6a2fe545a2c8720d3681567c01cdfb0b5c2c3834a343986,66,e7954f105acf92c7056082b722a0e878fec7d87ff758c1d61d65556d3d0ec6c1,0.6533477321814255,0.0785535303607593,0.09520780347056956,130,302
compas,non-IID,FedSA,789,smote,0.03,0.07,5574,3493ac9f748273642fdccb60f2e20c78c81198514e811c119a77f1b31ab9c7bd,61,e7954f105acf92c7056082b722a0e878fec7d87ff758c1d61d65556d3d0ec6c1,0.6592872570194385,0.09465211272440188,0.08638722983564573,130,302
adult,IID,Benign,789,ctgan,0.03,0.07,5575,e70e6529bd2629d54c87faeb7b8f94778c5db3391d7ae652f890903c88b5aae5,68,8a50e210d5090faa926c2ef3cb502f7207c4de8be46c57fc1b6e156e3ca6ac9f,0.7548974035460522,0.0034769922731600986,1.9258817198075564e-05,904,2111
adult,IID,FedSA,789,ctgan,0.03,0.07,5576,a730af4de6219050c9e47f244f4eb14383b3f3a9f97f047e7c992fe404d3a741,64,8a50e210d5090faa926c2ef3cb502f7207c4de8be46c57fc1b6e156e3ca6ac9f,0.7550966199614848,0.0025224902050722847,0.000276424210596129,904,2111
adult,non-IID,Benign,789,ctgan,0.03,0.07,5577,25ba0c31721724f9ba58b125419d1ed1ea31d0f112d585cf22aa76f32592057c,64,8a50e210d5090faa926c2ef3cb502f7207c4de8be46c57fc1b6e156e3ca6ac9f,0.7547645926024305,0.00011367199973038602,0.00038782443132624766,904,2111
adult,non-IID,FedSA,789,ctgan,0.03,0.07,5578,fe897c43db41e9954a47368a3c8f519e597dfd54f630ee422c547fc34df437b7,61,8a50e210d5090faa926c2ef3cb502f7207c4de8be46c57fc1b6e156e3ca6ac9f,0.7544325652433761,0.0006363347120585428,0.00019712201852946975,904,2111
compas,IID,Benign,789,ctgan,0.03,0.07,5579,1d808f272bcbfb0a1fcc74e557c1462431b57ab669d7b3ccd47296cc266f94c0,61,8a50e210d5090faa926c2ef3cb502f7207c4de8be46c57fc1b6e156e3ca6ac9f,0.6484881209503239,0.013404043524525455,0.014153536574974895,130,302
compas,IID,FedSA,789,ctgan,0.03,0.07,5580,11945b1ef07a5c5cdc934edefb63583339b20f40ed20b40a15b97504e7f22804,64,8a50e210d5090faa926c2ef3cb502f7207c4de8be46c57fc1b6e156e3ca6ac9f,0.6414686825053996,0.03231730340164074,0.03205497072064448,130,302
compas,non-IID,Benign,789,ctgan,0.03,0.07,5581,2375d6b45454d75001c4f7f3cef1cbb3b398c71b09a7833090f0a6940d18610d,62,8a50e210d5090faa926c2ef3cb502f7207c4de8be46c57fc1b6e156e3ca6ac9f,0.5745140388768899,0.001716266776507741,0.0071748135680661865,130,302
compas,non-IID,FedSA,789,ctgan,0.03,0.07,5582,0de36a72d0c5071adcfb774e07cf915b461c1523d02cfd25afad331fa5566c5e,67,8a50e210d5090faa926c2ef3cb502f7207c4de8be46c57fc1b6e156e3ca6ac9f,0.5442764578833693,0.0003260906875364707,0.0009232597254498704,130,302
adult,IID,Benign,789,tvae,0.03,0.07,5583,9314509687d756d2c991e1771446eed4cd4766d2b05bf4fc3acd9dd360a0e90b,68,e0e5e47547a9fbf4058141a5f3004b445f0227e7077366d643d5f5e9419625c8,0.805299156650508,0.0010167646207039915,0.05191334543348769,904,2111
adult,IID,FedSA,789,tvae,0.03,0.07,5584,082a0db8a7f0cf752a341c8a2a0c1ea46e14732867a5009b5294019957a9592e,66,e0e5e47547a9fbf4058141a5f3004b445f0227e7077366d643d5f5e9419625c8,0.8074241317484561,0.006710075280567052,0.054855069576689994,904,2111
adult,non-IID,Benign,789,tvae,0.03,0.07,5585,7ca2bdb188f16b2a8a10be3cac6833cd9c1d5b4ec50ee89a65d4f63fff7c48ca,68,e0e5e47547a9fbf4058141a5f3004b445f0227e7077366d643d5f5e9419625c8,0.7801314828341855,0.01888268992506216,0.018257960541813122,904,2111
adult,non-IID,FedSA,789,tvae,0.03,0.07,5586,0b4d158ddc2351232592a02c743b3f1e86aa68d2739644c4fba57e34c463e90a,64,e0e5e47547a9fbf4058141a5f3004b445f0227e7077366d643d5f5e9419625c8,0.7835845673683511,0.003496984835926739,0.02397449907916774,904,2111
compas,IID,Benign,789,tvae,0.03,0.07,5587,8bea21ffca2ef852a7c09686e4eda11d516fa9430ade9c483b2ae1858dcd807b,69,e0e5e47547a9fbf4058141a5f3004b445f0227e7077366d643d5f5e9419625c8,0.6571274298056156,0.011413174063776454,0.0037163830162230127,130,302
compas,IID,FedSA,789,tvae,0.03,0.07,5588,7f4e49dfa03c5fb30460bad907d26c38444d3013310f1f3a70c370dabcf05383,66,e0e5e47547a9fbf4058141a5f3004b445f0227e7077366d643d5f5e9419625c8,0.6592872570194385,0.008203755191706963,0.02837710549322031,130,302
compas,non-IID,Benign,789,tvae,0.03,0.07,5589,43a8121c135555bcfa6154a947953110ff2b5952de7c8228628d90546bd09766,69,e0e5e47547a9fbf4058141a5f3004b445f0227e7077366d643d5f5e9419625c8,0.6484881209503239,0.17737617135207495,0.14874402828372904,130,302
compas,non-IID,FedSA,789,tvae,0.03,0.07,5590,97569b5f6c5f0e7ba6ec08336f15df86a78a57fc5efaad2676228ffe86a4c6ed,65,e0e5e47547a9fbf4058141a5f3004b445f0227e7077366d643d5f5e9419625c8,0.6555075593952484,0.037963821096351213,0.0700825331165443,130,302
adult,IID,Benign,789,gaussian_copula,0.05,0.05,5591,751e090ad61b0febdfeca57b62670ece56d74702af3501b6cb0e9ec4ff272e5c,69,df36758b169ca18b4844d5cab48b0983ab925f6faf7e82d4e05519aef496419b,0.8185138455408726,0.05208005479104627,0.05808266678767623,1508,1508
adult,IID,FedSA,789,gaussian_copula,0.05,0.05,5592,323dee90c6383670ab5b5dc74d09211a4eda21cb64379cbb073afe323c891e6a,62,df36758b169ca18b4844d5cab48b0983ab925f6faf7e82d4e05519aef496419b,0.8021116940035858,0.008789873024377781,0.04336383488629614,1508,1508
adult,non-IID,Benign,789,gaussian_copula,0.05,0.05,5593,39bbdcd0061e9df9e693b1c8f7f99d9b041b5a8065f5bae754937a73754deceb,64,df36758b169ca18b4844d5cab48b0983ab925f6faf7e82d4e05519aef496419b,0.8236270668703101,0.013377309355205591,0.07406880910576136,1508,1508
adult,non-IID,FedSA,789,gaussian_copula,0.05,0.05,5594,6836e4168cc1f40a949302dbc755ca9b50541fcf8b493977864c9ce8428c2407,68,df36758b169ca18b4844d5cab48b0983ab925f6faf7e82d4e05519aef496419b,0.823693472342121,0.02219517196745663,0.07102399010674562,1508,1508
compas,IID,Benign,789,gaussian_copula,0.05,0.05,5595,282c91adcd6a2a347b8773fb776482ec229713983cd938fe7f4d0665f6bebe4c,70,df36758b169ca18b4844d5cab48b0983ab925f6faf7e82d4e05519aef496419b,0.6609071274298056,0.0038272749116122773,0.02081011080283912,216,216
compas,IID,FedSA,789,gaussian_copula,0.05,0.05,5596,4ced525f61973672f10984a8a114c0181d3aff142946e499ff472f8718d90937,68,df36758b169ca18b4844d5cab48b0983ab925f6faf7e82d4e05519aef496419b,0.6744060475161987,0.0005835307040126247,0.03926713487178829,216,216
compas,non-IID,Benign,789,gaussian_copula,0.05,0.05,5597,a66425b00d806920ed570cb5e54fe757d83a831324b6ef15986f626a199dca3b,70,df36758b169ca18b4844d5cab48b0983ab925f6faf7e82d4e05519aef496419b,0.6625269978401728,0.012099680774379507,0.0019632400230172875,216,216
compas,non-IID,FedSA,789,gaussian_copula,0.05,0.05,5598,5e262057e700098861e1fdea38ac1307b4735687930f8a30e41a6a80e310f856,69,df36758b169ca18b4844d5cab48b0983ab925f6faf7e82d4e05519aef496419b,0.6625269978401728,0.0001373013421206437,0.002738264621877873,216,216
adult,IID,Benign,789,forest_diffusion,0.05,0.05,5599,6272711063bedb9afc8dfbc740661c1130b332a3d866372c3dca30418dcf9a58,69,dd2849c23ea4efc55cc42941b1823f9469f25ad0c692b18bd2d15c32c9bc5d76,0.8092834849591606,0.010652037442071549,0.05765782931704743,1508,1508
adult,IID,FedSA,789,forest_diffusion,0.05,0.05,5600,3538b9e98e62a51fdd00cb04fae1f5bcbb8786275083996ee933587dac4d1c0f,63,dd2849c23ea4efc55cc42941b1823f9469f25ad0c692b18bd2d15c32c9bc5d76,0.8062952387276712,0.0041527408946728794,0.05362966714865869,1508,1508
adult,non-IID,Benign,789,forest_diffusion,0.05,0.05,5601,2a8ad2bcf8320f7058e9e5875dde605671d0879162eca55808dff8472b0aea48,70,dd2849c23ea4efc55cc42941b1823f9469f25ad0c692b18bd2d15c32c9bc5d76,0.8187130619563052,0.0481946430213675,0.05555595009382454,1508,1508
adult,non-IID,FedSA,789,forest_diffusion,0.05,0.05,5602,492c54f2526aef5c619d5165f7b48c841fc3f52b4427475d370c6d05af736f24,61,dd2849c23ea4efc55cc42941b1823f9469f25ad0c692b18bd2d15c32c9bc5d76,0.8159240321402483,0.06648898038501105,0.05118301497505442,1508,1508
compas,IID,Benign,789,forest_diffusion,0.05,0.05,5603,865884179347b8ec4ccc73a5d81b038bf80f73f8bdcab92d26d2264aecfa48cc,69,dd2849c23ea4efc55cc42941b1823f9469f25ad0c692b18bd2d15c32c9bc5d76,0.6706263498920086,0.010520715339992437,0.025348206646769678,216,216
compas,IID,FedSA,789,forest_diffusion,0.05,0.05,5604,3cb24c0b7368917dd2152850359f1c3fc0410270a8f19bc23689dcc73bec8b6b,70,dd2849c23ea4efc55cc42941b1823f9469f25ad0c692b18bd2d15c32c9bc5d76,0.6749460043196545,0.0090790512477259,0.021447405126600982,216,216
compas,non-IID,Benign,789,forest_diffusion,0.05,0.05,5605,2317f0faaf8eb1de52edc3dc9275567c5e7b5c6363c4f7d4f977c9296084b577,66,dd2849c23ea4efc55cc42941b1823f9469f25ad0c692b18bd2d15c32c9bc5d76,0.6700863930885529,0.011310198057185916,0.0009174236968439997,216,216
compas,non-IID,FedSA,789,forest_diffusion,0.05,0.05,5606,6f8403eaef321373f9d8e0ea772b1604691500363211555c56a50fa541009317,68,dd2849c23ea4efc55cc42941b1823f9469f25ad0c692b18bd2d15c32c9bc5d76,0.6690064794816415,0.0017334294442729048,0.0023787652597557774,216,216
adult,IID,Benign,789,smote,0.05,0.05,5607,e3c508f6a32bc304a3dc5a5762327ee2c05f96e512322cc874f112248e4c5654,66,46302602b1fa8e5778810eec7f1b5d80078861d47f7b1c50cda211695301913a,0.8044358855169667,0.012759253557676487,0.09249749103752827,1508,1508
adult,IID,FedSA,789,smote,0.05,0.05,5608,f93b76719c51f3f50518f6df2222b2d3e6133089a0400ea84463345dba7ec7fa,70,46302602b1fa8e5778810eec7f1b5d80078861d47f7b1c50cda211695301913a,0.8335878876419417,0.001827320236871821,0.150262908934402,1508,1508
adult,non-IID,Benign,789,smote,0.05,0.05,5609,6d3d7e7d13b2f8930ed458d42036c31862d7d80795bb4ce654730dba401b1524,67,46302602b1fa8e5778810eec7f1b5d80078861d47f7b1c50cda211695301913a,0.8386347034995684,0.003918542302263517,0.1434874965539757,1508,1508
adult,non-IID,FedSA,789,smote,0.05,0.05,5610,2b8eafbb23447c4267cd7141914381cda0f57a6d78c8aab44a041cb49984dea3,68,46302602b1fa8e5778810eec7f1b5d80078861d47f7b1c50cda211695301913a,0.8104123779799456,0.001944419533076558,0.09797158915213419,1508,1508
compas,IID,Benign,789,smote,0.05,0.05,5611,ad5050a0d57eb10bd21d26146a3f47b3be5fa110c697f0587809b20bdc613237,68,46302602b1fa8e5778810eec7f1b5d80078861d47f7b1c50cda211695301913a,0.6625269978401728,0.009868533964919546,0.018325129822456376,216,216
compas,IID,FedSA,789,smote,0.05,0.05,5612,8c695d36167bd366672d5411aa681ab96af8df7b8ba5711a0307beb18142e40d,63,46302602b1fa8e5778810eec7f1b5d80078861d47f7b1c50cda211695301913a,0.6565874730021598,0.004496618954450249,0.013015510996828739,216,216
compas,non-IID,Benign,789,smote,0.05,0.05,5613,1b6e11d5a4705c119a0770bffe0e00229bb9da5db2e7be7a4d6e7e470215624d,65,46302602b1fa8e5778810eec7f1b5d80078861d47f7b1c50cda211695301913a,0.6695464362850972,0.0313561940067964,0.0029191815086600514,216,216
compas,non-IID,FedSA,789,smote,0.05,0.05,5614,bcc764ef4b05ee2defff6b8c076fbfe089f29f1106aca0243c1118d44372ae37,68,46302602b1fa8e5778810eec7f1b5d80078861d47f7b1c50cda211695301913a,0.6565874730021598,0.0020938454673394835,0.025903796570049265,216,216
adult,IID,Benign,789,ctgan,0.05,0.05,5615,7c6c6bd4aa5aeef7e140b108e407c4821dae06b4a5be9e95e069c30fee11c192,63,24992952e8cac4724fecfbc66efa9f8398f38d45a8c817b31be3d8cb693ba23d,0.8033733979679926,0.044923859752743434,0.035423444616797486,1508,1508
adult,IID,FedSA,789,ctgan,0.05,0.05,5616,0388622ccf16ed88efcc18cdd9c66ce3c9f36c957f27fd54b657a0ec54953653,64,24992952e8cac4724fecfbc66efa9f8398f38d45a8c817b31be3d8cb693ba23d,0.7727604754631782,0.027996442466259694,0.011060739942213118,1508,1508
adult,non-IID,Benign,789,ctgan,0.05,0.05,5617,0ee398dfc7dd8fcd1d5fb1c0e51709391613c0c9f8d4206659652e7bc7a19515,67,24992952e8cac4724fecfbc66efa9f8398f38d45a8c817b31be3d8cb693ba23d,0.7772760475463178,0.010906228597247533,0.016961561286631826,1508,1508
adult,non-IID,FedSA,789,ctgan,0.05,0.05,5618,35e4fb58065a87acc5751b9e7cb5e32dd920e6442f43c5eb0dc5d9392292c956,63,24992952e8cac4724fecfbc66efa9f8398f38d45a8c817b31be3d8cb693ba23d,0.7762135599973438,4.3412422007588214e-05,0.017512142784549725,1508,1508
compas,IID,Benign,789,ctgan,0.05,0.05,5619,9913ccc768d77f52ece0ce06218a9392ea3a7081761d9f4e6bb14095169738f6,62,24992952e8cac4724fecfbc66efa9f8398f38d45a8c817b31be3d8cb693ba23d,0.6652267818574514,0.08238080527237157,0.08859675026583108,216,216
compas,IID,FedSA,789,ctgan,0.05,0.05,5620,e68662eed57199922649e82b37e970f4e21e3751aa3f2321178a35b321566d62,66,24992952e8cac4724fecfbc66efa9f8398f38d45a8c817b31be3d8cb693ba23d,0.6544276457883369,0.03576699962242125,0.051488945978217626,216,216
compas,non-IID,Benign,789,ctgan,0.05,0.05,5621,c076dee0b11fb1e7db7355542179e83fef3b93b6651ebc84264ea96a67ea60b9,67,24992952e8cac4724fecfbc66efa9f8398f38d45a8c817b31be3d8cb693ba23d,0.687365010799136,0.10546459341640058,0.11966426494636107,216,216
compas,non-IID,FedSA,789,ctgan,0.05,0.05,5622,deb0ca808e777e810b01fb38aaac420fe7fc7bc9254085988b167358e70d8807,61,24992952e8cac4724fecfbc66efa9f8398f38d45a8c817b31be3d8cb693ba23d,0.6549676025917927,0.0632272680465451,0.06748083156404405,216,216
adult,IID,Benign,789,tvae,0.05,0.05,5623,af5f65e95f721a9bc737400635dd745bb7a624b0119ec7e830bb2048ed5d9ceb,61,5522fae348009daa6a6f010dbce509135ea82b3919c7d2256b1be27961c5439b,0.8132678132678133,0.018196659414126515,0.05885566756296399,1508,1508
adult,IID,FedSA,789,tvae,0.05,0.05,5624,f5578d14f0f6a2f58b42b1f9db45fa12dbccd2fb490870daf7cc2cc0ad80b146,65,5522fae348009daa6a6f010dbce509135ea82b3919c7d2256b1be27961c5439b,0.8145295172322199,0.0017433514732519417,0.060828773507442674,1508,1508
adult,non-IID,Benign,789,tvae,0.05,0.05,5625,56b1a6a91afbb8c3051278954001fe9e720398fe021d221bd2c18f3f16dd8a9f,64,5522fae348009daa6a6f010dbce509135ea82b3919c7d2256b1be27961c5439b,0.8304004249950195,0.008126119940524978,0.09738963183119775,1508,1508
adult,non-IID,FedSA,789,tvae,0.05,0.05,5626,d99149ab29f279bafd9e94e771a0fa68279a82a40c1047e921ecae9788574f54,68,5522fae348009daa6a6f010dbce509135ea82b3919c7d2256b1be27961c5439b,0.836111295570755,0.008648211436774078,0.10158508491272687,1508,1508
compas,IID,Benign,789,tvae,0.05,0.05,5627,4401e9d2a76bdc59d482c81182c3dd0ab73738303f0aa1f0290553d9f576758e,70,5522fae348009daa6a6f010dbce509135ea82b3919c7d2256b1be27961c5439b,0.6501079913606912,0.007053856451446794,0.027794669838353686,216,216
compas,IID,FedSA,789,tvae,0.05,0.05,5628,4ef0c3a32e653cada80dea9a91c0e71abc8d2eaa59e4eb58a68b496a3867d557,64,5522fae348009daa6a6f010dbce509135ea82b3919c7d2256b1be27961c5439b,0.6457883369330454,0.013077952836988982,0.03954843145059159,216,216
compas,non-IID,Benign,789,tvae,0.05,0.05,5629,d5b88f66ca6b72c86659faa429a0927f9a02ac93ba0407d7b79cfad0b08f69b7,65,5522fae348009daa6a6f010dbce509135ea82b3919c7d2256b1be27961c5439b,0.6398488120950324,0.00355267222737099,0.028068963182829948,216,216
compas,non-IID,FedSA,789,tvae,0.05,0.05,5630,db4afbb82fecb0d426c2532daa5c5ca579baf3af6ac39cb0fc64c8e13eb08a97,68,5522fae348009daa6a6f010dbce509135ea82b3919c7d2256b1be27961c5439b,0.6452483801295896,0.0077060378265197405,0.02922216243535139,216,216
adult,IID,Benign,789,gaussian_copula,0.07,0.03,5631,d47e67934fd24f426aa8de57e487f1c4c454029ab1c85f61c291594813069442,68,0a7bbd087b0b75122733da791879e708f3c9ec7de3f798795615594d23995494,0.7898930871903845,0.0004284120592853713,0.02930548010847047,2112,905
adult,IID,FedSA,789,gaussian_copula,0.07,0.03,5632,0df0327fb5d4f38fd7c2d59f4057596daa8db1961eea1e14d04c934a05497022,68,0a7bbd087b0b75122733da791879e708f3c9ec7de3f798795615594d23995494,0.8088186466564845,0.0036072295391828546,0.0625084633474015,2112,905
adult,non-IID,Benign,789,gaussian_copula,0.07,0.03,5633,dec34a03fbf809c48a19d7b7472bc09781aa8848d12755f81a172978c7145730,61,0a7bbd087b0b75122733da791879e708f3c9ec7de3f798795615594d23995494,0.8179826017663856,0.006446744668126336,0.06810341053992536,2112,905
adult,non-IID,FedSA,789,gaussian_copula,0.07,0.03,5634,1b5e898534a4d01bc15fcd4d57a04233027431dd2fb03887b25cf49bc24f4a75,70,0a7bbd087b0b75122733da791879e708f3c9ec7de3f798795615594d23995494,0.8172521415764659,0.015446253993514403,0.061095006593938156,2112,905
compas,IID,Benign,789,gaussian_copula,0.07,0.03,5635,58c8f2b32368628ddd2151b1152973a9b8e831ab0e880b9d8cfb4062df137b86,63,0a7bbd087b0b75122733da791879e708f3c9ec7de3f798795615594d23995494,0.6722462203023758,0.03514914358287857,0.01914217382727923,303,130
compas,IID,FedSA,789,gaussian_copula,0.07,0.03,5636,0963fa8738a6934f4b4626e5415914c259a67c6ae39ff80edb85f6f70a0747a6,61,0a7bbd087b0b75122733da791879e708f3c9ec7de3f798795615594d23995494,0.6630669546436285,0.02440531356194009,0.024199676217132926,303,130
compas,non-IID,Benign,789,gaussian_copula,0.07,0.03,5637,efee791ec07605059c2e1f56621e505559a60258ce8b49941086a8fec6e944fb,63,0a7bbd087b0b75122733da791879e708f3c9ec7de3f798795615594d23995494,0.6760259179265659,0.03205986338516459,0.006546856890073727,303,130
compas,non-IID,FedSA,789,gaussian_copula,0.07,0.03,5638,56f3f24a8dc7ae9009a75740d36a1b81c2f71dd8fd7015030dbe2d97c7f44783,69,0a7bbd087b0b75122733da791879e708f3c9ec7de3f798795615594d23995494,0.6630669546436285,0.0014588267600316174,0.01779171680787911,303,130
adult,IID,Benign,789,forest_diffusion,0.07,0.03,5639,b7b5709cbcf009c8530a4d8a9012b65aaa5d49cf9e20b2016dfd64c4af421de5,64,68b7107e7584e4769f654ed8d96b84ddd9a43430758bc3627d988206d168c7e8,0.8256192310246364,0.017513484983586125,0.07308093208983966,2112,905
adult,IID,FedSA,789,forest_diffusion,0.07,0.03,5640,fd13d48e23f54a0286e81bda99906af20898916633690fe1b3b24bc83a9ebdcc,70,68b7107e7584e4769f654ed8d96b84ddd9a43430758bc3627d988206d168c7e8,0.8284746663125041,0.005530514077334681,0.08150544087665493,2112,905
adult,non-IID,Benign,789,forest_diffusion,0.07,0.03,5641,016898ba4032d00748abf7e61f5468ee5939111f09ecb1f742b32b0bbe5688bf,61,68b7107e7584e4769f654ed8d96b84ddd9a43430758bc3627d988206d168c7e8,0.8124045421342718,0.00992487937344455,0.058409685515953144,2112,905
adult,non-IID,FedSA,789,forest_diffusion,0.07,0.03,5642,ed51a11ceede83793097cb974906583f0f09f72fa4eba2b9efdf965afad43ac9,69,68b7107e7584e4769f654ed8d96b84ddd9a43430758bc3627d988206d168c7e8,0.83345507669832,0.005376285735991915,0.09566689051029406,2112,905
compas,IID,Benign,789,forest_diffusion,0.07,0.03,5643,8351d9dfe3b48dd1f45c68d43c169338bc3d55743e55c388b7965f5e90335ae0,66,68b7107e7584e4769f654ed8d96b84ddd9a43430758bc3627d988206d168c7e8,0.6711663066954644,0.03080698863831388,0.02396973669006136,303,130
compas,IID,FedSA,789,forest_diffusion,0.07,0.03,5644,8ca533f5a8d2630d5472a0bb99df98e881592094e5d85b76100aa58b38318e95,63,68b7107e7584e4769f654ed8d96b84ddd9a43430758bc3627d988206d168c7e8,0.661987041036717,0.041499330655957234,0.0289642099709716,303,130
compas,non-IID,Benign,789,forest_diffusion,0.07,0.03,5645,427f5ac776a6cadd34d8f8b490e4d4657c47fa6e62e135bb2b1fd30746512cb4,66,68b7107e7584e4769f654ed8d96b84ddd9a43430758bc3627d988206d168c7e8,0.6711663066954644,0.020337761301616686,0.01148063547348288,303,130
compas,non-IID,FedSA,789,forest_diffusion,0.07,0.03,5646,f4a8f11c7538a679018b3c3f057c5661802e2d49e011cc79220741f4a74e036a,64,68b7107e7584e4769f654ed8d96b84ddd9a43430758bc3627d988206d168c7e8,0.6711663066954644,0.05878213709539004,0.032805483999360396,303,130
adult,IID,Benign,789,smote,0.07,0.03,5647,5f232348cfa26ab0fa96c5ae96aa2fd3543de9d36e0a6456a60d74265d3720c4,69,fa7e47b625d683a75d6a89bd13d52b5f170866a071e1e0117bc2cde2e80e2632,0.8347167806627266,0.0014440342478312385,0.10801722893786539,2112,905
adult,IID,FedSA,789,smote,0.07,0.03,5648,697e19c1ec91cba68e39b6cf44db88acc3fac264e0c7f04490216e3501079f8c,65,fa7e47b625d683a75d6a89bd13d52b5f170866a071e1e0117bc2cde2e80e2632,0.8307988578258848,0.02296345759377516,0.11290413374060916,2112,905
adult,non-IID,Benign,789,smote,0.07,0.03,5649,da990af0d422432b474321f26f752aaec337fca24351d4ea32baaee965801f1d,61,fa7e47b625d683a75d6a89bd13d52b5f170866a071e1e0117bc2cde2e80e2632,0.8286738827279367,0.0345340104909545,0.0826847826335542,2112,905
adult,non-IID,FedSA,789,smote,0.07,0.03,5650,de89b4be0ea91dbca37254d3487cf219c17d5d932541dcc0b75c50918886d8e7,64,fa7e47b625d683a75d6a89bd13d52b5f170866a071e1e0117bc2cde2e80e2632,0.8300019921641544,0.00012281145699516438,0.0974470271187016,2112,905
compas,IID,Benign,789,smote,0.07,0.03,5651,ddd956ce949b1609769f5072e413a3ef930e59504938eac587c57523075c8407,66,fa7e47b625d683a75d6a89bd13d52b5f170866a071e1e0117bc2cde2e80e2632,0.6722462203023758,0.002969141523358365,0.03194408617713285,303,130
compas,IID,FedSA,789,smote,0.07,0.03,5652,cbf667876949d2f9bad5ac038ef49682c5b3a4fba009de9605d5de15331ce2d4,70,fa7e47b625d683a75d6a89bd13d52b5f170866a071e1e0117bc2cde2e80e2632,0.6700863930885529,0.023135276147324357,0.015344086410573943,303,130
compas,non-IID,Benign,789,smote,0.07,0.03,5653,d1842ee10b91d7c2b10881576970fae2cd2bb32852c07f518d79f4c0f38ad25c,68,fa7e47b625d683a75d6a89bd13d52b5f170866a071e1e0117bc2cde2e80e2632,0.6598272138228942,0.0017162667765077133,0.022418520286619004,303,130
compas,non-IID,FedSA,789,smote,0.07,0.03,5654,2017daaa917772ad3cd17de0f9e829c4b7ba1eda419e3af773693833482a802a,62,fa7e47b625d683a75d6a89bd13d52b5f170866a071e1e0117bc2cde2e80e2632,0.6603671706263499,0.022568908111076758,0.0002474476128892511,303,130
adult,IID,Benign,789,ctgan,0.07,0.03,5655,6ec3d38f68601183791423419c59dc5a9db487f55db01cd33f9e949dc1e69989,70,5a2302d58608eea963de12380c7e41bda899a7b5e1102414b6b5b77a9de37762,0.7996546915465834,0.10689680581680758,0.021692128628516633,2112,905
adult,IID,FedSA,789,ctgan,0.07,0.03,5656,98e0c4b79989222a50e1d7373bcb073834732e5525767a003bd4f3b320d5da8d,61,5a2302d58608eea963de12380c7e41bda899a7b5e1102414b6b5b77a9de37762,0.7946078756889567,0.11816975513680339,0.007691931466375569,2112,905
adult,non-IID,Benign,789,ctgan,0.07,0.03,5657,28dea86b68cd8a19561cd29f69f1c57f8a5b4eeeaf0a2639a35ae4e1ebcd1d67,64,5a2302d58608eea963de12380c7e41bda899a7b5e1102414b6b5b77a9de37762,0.794475064745335,0.05808296456575299,0.02657636528262776,2112,905
adult,non-IID,FedSA,789,ctgan,0.07,0.03,5658,608bc7ce71bc5630b4b7873855758e30c1237c2c031443cd3a7b2fbe422a15a6,68,5a2302d58608eea963de12380c7e41bda899a7b5e1102414b6b5b77a9de37762,0.7916860349292781,0.06721899453403335,0.019717879191766825,2112,905
compas,IID,Benign,789,ctgan,0.07,0.03,5659,a17fa296a20415e7163ab60af83af89b2027dce88d3a5621a44d087a49fdf8da,69,5a2302d58608eea963de12380c7e41bda899a7b5e1102414b6b5b77a9de37762,0.6695464362850972,0.0022826348127552576,0.0033020249852057093,303,130
compas,IID,FedSA,789,ctgan,0.07,0.03,5660,4d913b770da6e47aa77eda72bea7a234b28933d0acfc17c378b763d216bfa6e0,63,5a2302d58608eea963de12380c7e41bda899a7b5e1102414b6b5b77a9de37762,0.6641468682505399,0.004857034977516883,0.007146800630757955,303,130
compas,non-IID,Benign,789,ctgan,0.07,0.03,5661,a1d5105cdfdc454bac7e3acfd710871c0c5ad394e1c0ee1d670255f9c79b3d44,67,5a2302d58608eea963de12380c7e41bda899a7b5e1102414b6b5b77a9de37762,0.6652267818574514,0.006590464421789788,0.0029682041489494937,303,130
compas,non-IID,FedSA,789,ctgan,0.07,0.03,5662,1228f343da3bbf8b8675f2649e264e84266008776394f70639db25de620e7f3d,64,5a2302d58608eea963de12380c7e41bda899a7b5e1102414b6b5b77a9de37762,0.6668466522678186,0.025263446950194002,0.002845647548226027,303,130
adult,IID,Benign,789,tvae,0.07,0.03,5663,44c62a6ee4c92e42d3378aba07f3a1b6f30cbe272025af8bf757c613095babd4,62,c41b07477359b980bb380efc0d55f3f09c9550b1a7b074ad49857c045a01fafc,0.8120061093034066,0.013628644429986347,0.05973214435815558,2112,905
adult,IID,FedSA,789,tvae,0.07,0.03,5664,794214c20babbaa628061a704d9a195700f1d1dff792559e2453d42c55c0340f,68,c41b07477359b980bb380efc0d55f3f09c9550b1a7b074ad49857c045a01fafc,0.8377714323660269,0.004352095306260351,0.12082185477736426,2112,905
adult,non-IID,Benign,789,tvae,0.07,0.03,5665,29f412e8de7083abe81a8e8ffaf5a609cbe4f0919c722f17b9eb9152b8a131dd,68,c41b07477359b980bb380efc0d55f3f09c9550b1a7b074ad49857c045a01fafc,0.8317285344312372,0.003899692171654978,0.09249329823253408,2112,905
adult,non-IID,FedSA,789,tvae,0.07,0.03,5666,c0cb4200b3e80886c9b0e9ec4759a19714e8a9cfb2fcdef7471f2a20e475faa4,67,c41b07477359b980bb380efc0d55f3f09c9550b1a7b074ad49857c045a01fafc,0.8165880868583572,0.0032810651580469363,0.07409298293359853,2112,905
compas,IID,Benign,789,tvae,0.07,0.03,5667,78ff5c8d768885c323678959aaaea183f6db82fea2ee23272a527b5c35df7f85,68,c41b07477359b980bb380efc0d55f3f09c9550b1a7b074ad49857c045a01fafc,0.6652267818574514,0.05238046201901625,0.017777710339224984,303,130
compas,IID,FedSA,789,tvae,0.07,0.03,5668,b1d28345ed64b917ea857d5462946fa40fe96fc67e49c4468069f8d1c77f6d17,65,c41b07477359b980bb380efc0d55f3f09c9550b1a7b074ad49857c045a01fafc,0.6603671706263499,0.011172896715065384,0.021621318779056153,303,130
compas,non-IID,Benign,789,tvae,0.07,0.03,5669,c2e6b0790a542f73bbbd4ccd7496a7ec94ded7edd11f37bd1d8c4e542402d406,70,c41b07477359b980bb380efc0d55f3f09c9550b1a7b074ad49857c045a01fafc,0.6636069114470843,0.029433975217107722,0.002166333818501842,303,130
compas,non-IID,FedSA,789,tvae,0.07,0.03,5670,861dcde306f7b19354758faef2348c890fdeea35d16eb712202da92a97c446f2,65,c41b07477359b980bb380efc0d55f3f09c9550b1a7b074ad49857c045a01fafc,0.6409287257019438,0.002797514845707616,0.024312895172086957,303,130
adult,IID,Benign,789,gaussian_copula,0.09,0.01,5671,9dc662659f2d52729e951be02a4bbcc8f6bb504ef5c71d0284de58311302b46a,66,393427781a838e1e5d4ba8a38effec890b97647abec989933c564be4e5023508,0.8217013081877946,0.020468385760497143,0.06830053255845482,2714,302
adult,IID,FedSA,789,gaussian_copula,0.09,0.01,5672,e96f3969ab57c0dd26de1df39c60d83b67087f86dba330f0acee13304a89baec,67,393427781a838e1e5d4ba8a38effec890b97647abec989933c564be4e5023508,0.8193107112026031,0.031104429152355284,0.06757397361838952,2714,302
adult,non-IID,Benign,789,gaussian_copula,0.09,0.01,5673,e355edbabdcbf8135279597ff3e7b2f3577de445d9c5eee008337a28521b7ad9,64,393427781a838e1e5d4ba8a38effec890b97647abec989933c564be4e5023508,0.8254200146092038,0.05801099133979298,0.06561182112619224,2714,302
adult,non-IID,FedSA,789,gaussian_copula,0.09,0.01,5674,db9b7e8351b2a301ff28d75b46018a2c706220945ff8242d1c6dc9aee4817a62,69,393427781a838e1e5d4ba8a38effec890b97647abec989933c564be4e5023508,0.8219005246032273,0.028716745941938127,0.07720388374912518,2714,302
compas,IID,Benign,789,gaussian_copula,0.09,0.01,5675,0bf67de6432a7cf0f5f56798425da43c725359e1d05392daade108b07defa85f,61,393427781a838e1e5d4ba8a38effec890b97647abec989933c564be4e5023508,0.6544276457883369,0.054594446160711296,0.05375799390018282,389,43
compas,IID,FedSA,789,gaussian_copula,0.09,0.01,5676,ed806cda10d718f9679b01daa5fecbcb54ac98dd9701cd51e095d3fe21e3a3f5,69,393427781a838e1e5d4ba8a38effec890b97647abec989933c564be4e5023508,0.6571274298056156,0.06981773246833489,0.06702095250990081,389,43
compas,non-IID,Benign,789,gaussian_copula,0.09,0.01,5677,08251e92e996ece3a249a460042788c981c2b09316596f9bd5c8162f637719eb,67,393427781a838e1e5d4ba8a38effec890b97647abec989933c564be4e5023508,0.6614470842332614,0.07177427659355373,0.06487796280582248,389,43
compas,non-IID,FedSA,789,gaussian_copula,0.09,0.01,5678,986f926fecf9b12c43ca787efae3a3ee5c7b45c3727f49c7227f082875a02b7b,66,393427781a838e1e5d4ba8a38effec890b97647abec989933c564be4e5023508,0.658207343412527,0.07415988741289947,0.07732504461643863,389,43
adult,IID,Benign,789,forest_diffusion,0.09,0.01,5679,0a67221ee3ae4fe5428bfbf1f948116840c9551d2bb64a142f6bd399827a3bba,66,d81202a501d9910776370f5940d74655102c671c306d3a4bb4899d042563c36b,0.8002523407928813,0.003799729357821746,0.041531579103846306,2714,302
adult,IID,FedSA,789,forest_diffusion,0.09,0.01,5680,1d1139bc31ba5fb86401e1876ba98acf9fa70936a0fa2cefae865feda66c0a81,70,d81202a501d9910776370f5940d74655102c671c306d3a4bb4899d042563c36b,0.8019788830599641,0.00335875054479734,0.0415852028729822,2714,302
adult,non-IID,Benign,789,forest_diffusion,0.09,0.01,5681,243d95bd68b41ea69d49febe9bdd3838a2b51b83dee205181fd584ef3f12ee3d,63,d81202a501d9910776370f5940d74655102c671c306d3a4bb4899d042563c36b,0.8013812338136662,0.007731409629903374,0.042695052397825055,2714,302
adult,non-IID,FedSA,789,forest_diffusion,0.09,0.01,5682,1a9d376f0d202f3a530896e667f829adfa16f124cb4bdb87c21ba840cecfb95c,62,d81202a501d9910776370f5940d74655102c671c306d3a4bb4899d042563c36b,0.8007171790955575,0.000413560441230143,0.04035526659840219,2714,302
compas,IID,Benign,789,forest_diffusion,0.09,0.01,5683,140fe2ee4baec135f9a048eada9b13567f6bce30840f8e7cf622206beb3c3491,62,d81202a501d9910776370f5940d74655102c671c306d3a4bb4899d042563c36b,0.6598272138228942,0.0773349809494388,0.09535253697999524,389,43
compas,IID,FedSA,789,forest_diffusion,0.09,0.01,5684,43ba692974ead324472b375230308d100fc865333a9cc814b6aba7c2dc63d793,69,d81202a501d9910776370f5940d74655102c671c306d3a4bb4899d042563c36b,0.6603671706263499,0.07565303950846114,0.08750307850508965,389,43
compas,non-IID,Benign,789,forest_diffusion,0.09,0.01,5685,2202f65541335bf3e77112864c4b6057c6e4d9f1d0f1168dfe8f161c72c6c1c0,67,d81202a501d9910776370f5940d74655102c671c306d3a4bb4899d042563c36b,0.6587473002159827,0.07555006350187077,0.05908278640018583,389,43
compas,non-IID,FedSA,789,forest_diffusion,0.09,0.01,5686,48ff54eb6cf36f16b57461b6f1bca20839a3b28a41c053e9f56ff0abc9ddbe66,65,d81202a501d9910776370f5940d74655102c671c306d3a4bb4899d042563c36b,0.6511879049676026,0.09190608588198945,0.09153343986030876,389,43
adult,IID,Benign,789,smote,0.09,0.01,5687,5de797a32d16d6a08e3768f6511936ae32063e03fb0351b6939e028986d5c6d7,66,6d0891260742c08ff363a4d3ac480ce2fb6f6004a54118ea81a714a3625ae340,0.8326582110365894,0.0180121566205943,0.09123579777583933,2714,302
adult,IID,FedSA,789,smote,0.09,0.01,5688,2247a7263eadce848f2460446bc9d516808ff602ffa5bd83516bcaf60bb6e1f9,67,6d0891260742c08ff363a4d3ac480ce2fb6f6004a54118ea81a714a3625ae340,0.8220333355468491,0.03983032597587982,0.070218510138704,2714,302
adult,non-IID,Benign,789,smote,0.09,0.01,5689,12656ecf39939faf7b3c8ba5d622eec8413008bd634a58f33271be7214c57319,68,6d0891260742c08ff363a4d3ac480ce2fb6f6004a54118ea81a714a3625ae340,0.8235606613984993,0.006627820165184262,0.07844816383026418,2714,302
adult,non-IID,FedSA,789,smote,0.09,0.01,5690,77f8ec4f9649974d4ef7eb1f440075c31d374e0b7dc8a056d3577a6f066f1501,65,6d0891260742c08ff363a4d3ac480ce2fb6f6004a54118ea81a714a3625ae340,0.8354472408526462,0.011328357279663415,0.11079091990101449,2714,302
compas,IID,Benign,789,smote,0.09,0.01,5691,e6449db6d7046b6ccdcf0f1ff1e673ef68b4fe43923a9ae6b1dcd7b5513e45eb,66,6d0891260742c08ff363a4d3ac480ce2fb6f6004a54118ea81a714a3625ae340,0.656047516198704,0.03279785809906288,0.007425762798118907,389,43
compas,IID,FedSA,789,smote,0.09,0.01,5692,e1354b99e45637098e8287a40065e6a9031b0ffce4d817cb15ca6728adecfdee,70,6d0891260742c08ff363a4d3ac480ce2fb6f6004a54118ea81a714a3625ae340,0.6576673866090713,0.041190402636185786,0.040409829272819164,389,43
compas,non-IID,Benign,789,smote,0.09,0.01,5693,1c9b406ecfaedc47082a259bd5d8e9f1be95d2e48a70668d9f04273f8231e4b3,67,6d0891260742c08ff363a4d3ac480ce2fb6f6004a54118ea81a714a3625ae340,0.6501079913606912,0.05445714481859065,0.07453659014855024,389,43
compas,non-IID,FedSA,789,smote,0.09,0.01,5694,9ca9ea8c60da3a378902f4fca54d4bd4efe444619ac48f08a60e6b6d31c371c4,62,6d0891260742c08ff363a4d3ac480ce2fb6f6004a54118ea81a714a3625ae340,0.6625269978401728,0.08069886383139402,0.057870059655884376,389,43
adult,IID,Benign,789,ctgan,0.09,0.01,5695,ed5adb63615470a37f14e6bee08cf5919aadf1c65d9ad5500628cb86b690d222,65,154388f481b92dd844731a29a50dda45b00918ec9a393f4381c08372f802c0b9,0.8293379374460456,0.10034781347053179,0.07064146185014883,2714,302
adult,IID,FedSA,789,ctgan,0.09,0.01,5696,380fdeb62bac1b48e5bc3e78548dd0a4b52813f9335b15887a54e631ed1d8751,70,154388f481b92dd844731a29a50dda45b00918ec9a393f4381c08372f802c0b9,0.8216349027159838,0.029331374442992886,0.06774353145480423,2714,302
adult,non-IID,Benign,789,ctgan,0.09,0.01,5697,cf91567771e319de4b4ae9b29b02cd75c4a5b1494b1d7bb2f5bda1afca23fc9f,63,154388f481b92dd844731a29a50dda45b00918ec9a393f4381c08372f802c0b9,0.7946078756889567,0.01931281563258469,0.03478449323371549,2714,302
adult,non-IID,FedSA,789,ctgan,0.09,0.01,5698,72cba7383e6d65a8e7e495236ba68ca507518cabfcdd039d6b5c354c48ce2e70,67,154388f481b92dd844731a29a50dda45b00918ec9a393f4381c08372f802c0b9,0.8233614449830666,0.033353878071643084,0.06641503417095948,2714,302
compas,IID,Benign,789,ctgan,0.09,0.01,5699,913508ece7cc20c8b0073419a234d3530d40a0fa003e8fd10b3f5eeedf71a10e,63,154388f481b92dd844731a29a50dda45b00918ec9a393f4381c08372f802c0b9,0.6511879049676026,0.047643565715854874,0.01529389656456337,389,43
compas,IID,FedSA,789,ctgan,0.09,0.01,5700,3ac2bf3abf28973316ae9c6abee2e637329362a9c327f1f2e4a9faebdbe91328,66,154388f481b92dd844731a29a50dda45b00918ec9a393f4381c08372f802c0b9,0.6441684665226782,0.06870215906360488,0.07411756329464825,389,43
compas,non-IID,Benign,789,ctgan,0.09,0.01,5701,aae3ba1be591199bd80c018b9ea71daa42dcb1dd52c21af6675aff1a89081ed1,64,154388f481b92dd844731a29a50dda45b00918ec9a393f4381c08372f802c0b9,0.6414686825053996,0.06520097483952902,0.08240822553215821,389,43
compas,non-IID,FedSA,789,ctgan,0.09,0.01,5702,49cf0b65d3ff2fc106e58e1df3a5898019687802238738fa67d122855075ff3b,69,154388f481b92dd844731a29a50dda45b00918ec9a393f4381c08372f802c0b9,0.6565874730021598,0.09405141935262418,0.09224543535022589,389,43
adult,IID,Benign,789,tvae,0.09,0.01,5703,8d298d08faf8de0afc941af1b792bcdce907ce1e829b7f863cbfee0b2c67b0c5,67,4fc741dc502a7ab9263ba77cfe245e594573300ad04bcd5c3a60849021831b13,0.8060960223122385,0.0016765191920034284,0.047094047103616324,2714,302
adult,IID,FedSA,789,tvae,0.09,0.01,5704,c542123e6f978ced366b3d2e6effb65cd349bc3db03d1f09188e4bc8d3aa01ec,66,4fc741dc502a7ab9263ba77cfe245e594573300ad04bcd5c3a60849021831b13,0.8055647785377515,0.0008688196562307293,0.049157408692443075,2714,302
adult,non-IID,Benign,789,tvae,0.09,0.01,5705,dd47d324ced825b11d93168944cb22c1e3595917fd87d64dd4e14774eef9aa38,64,4fc741dc502a7ab9263ba77cfe245e594573300ad04bcd5c3a60849021831b13,0.8056975894813733,0.001494872478866427,0.0452791643791806,2714,302
adult,non-IID,FedSA,789,tvae,0.09,0.01,5706,931267bca297891d6cbc97d101f128936815f956ace4290b2100934b49fd306d,68,4fc741dc502a7ab9263ba77cfe245e594573300ad04bcd5c3a60849021831b13,0.8060960223122385,0.0008688196562307293,0.04987943378595967,2714,302
compas,IID,Benign,789,tvae,0.09,0.01,5707,4e7b417540da6bdcfa5a8a808d0c2566cd3b4ef6ff71b1513ee19701c597c4b9,62,4fc741dc502a7ab9263ba77cfe245e594573300ad04bcd5c3a60849021831b13,0.66792656587473,0.04518930422544887,0.010432484735867165,389,43
compas,IID,FedSA,789,tvae,0.09,0.01,5708,be0506024d862ef55196d59be380999ca08cd7867c6e5240dd1d5723584d5c4e,63,4fc741dc502a7ab9263ba77cfe245e594573300ad04bcd5c3a60849021831b13,0.6630669546436285,0.09080767514502452,0.04050320573051325,389,43
compas,non-IID,Benign,789,tvae,0.09,0.01,5709,e3bc2ccb51b99c7fa8da46ed2cb731da92caf7e6f239a5f9cc522f96e376fe17,64,4fc741dc502a7ab9263ba77cfe245e594573300ad04bcd5c3a60849021831b13,0.6646868250539957,0.04695705900525171,0.010136014482688582,389,43
compas,non-IID,FedSA,789,tvae,0.09,0.01,5710,e6cced2f6113907f9778eca1aadb6af7603339d3049879381d2aa82418f392f6,67,4fc741dc502a7ab9263ba77cfe245e594573300ad04bcd5c3a60849021831b13,0.6511879049676026,0.0760821062025881,0.024904668472722963,389,43
