dataset,alpha,seed,client_id,samples_replayed,sensitive0_replayed,sensitive1_replayed,sensitive1_fraction_nonempty,empty_client,missing_sensitive0,missing_sensitive1,nonempty_single_sensitive_group,nominal_first4_under_attack,archived_label0,archived_label1,archived_positive_label_fraction_nonempty,archived_joint_0_0,archived_joint_0_1,archived_joint_1_0,archived_joint_1_1,archived_missing_joint_cells,archived_tensor_sha_not_recomputed,source_result_sha256
adult,0.1,1001,0,112,112,0,0.0,False,False,True,True,True,102,10,0.08928571428571429,102,10,0,0,2,0fa95b39b7814da39f2fa4239f7549be8419fc3a0f5111ecc48d380f0f50e5c0,eb8c261ea05b640d7c800f36a21374cb346382952d283d17dec54fe07871e93e
adult,0.1,1001,1,6,6,0,0.0,False,False,True,True,True,5,1,0.16666666666666666,5,1,0,0,2,f362122f7666e6b095135ee9733fa120984c711c86efb5d2077e2e213b88489d,eb8c261ea05b640d7c800f36a21374cb346382952d283d17dec54fe07871e93e
adult,0.1,1001,2,548,548,0,0.0,False,False,True,True,True,479,69,0.1259124087591241,479,69,0,0,2,eae98fa3a89f4446617b8b5ed72da497363a6b885e02c89b189968fe3e2d6283,eb8c261ea05b640d7c800f36a21374cb346382952d283d17dec54fe07871e93e
adult,0.1,1001,3,0,0,0,,True,True,True,False,True,0,0,,0,0,0,0,4,e3b0c44298fc1c149afbf4c8996fb92427ae41e4649b934ca495991b7852b855,eb8c261ea05b640d7c800f36a21374cb346382952d283d17dec54fe07871e93e
adult,0.1,1001,4,1,0,1,1.0,False,True,False,True,False,0,1,1.0,0,0,0,1,3,711e5c2155f072b950698320ad55922f2a02bedde21c48be2b01748d7926c20d,eb8c261ea05b640d7c800f36a21374cb346382952d283d17dec54fe07871e93e
adult,0.1,1001,5,7365,7276,89,0.01208418194161575,False,False,False,False,False,6502,863,0.11717583163611676,6450,826,52,37,0,877a06dd087b4c6e10c3164c3ca0f2e0ec7614993a3365d436a710927c914f1d,eb8c261ea05b640d7c800f36a21374cb346382952d283d17dec54fe07871e93e
adult,0.1,1001,6,0,0,0,,True,True,True,False,False,0,0,,0,0,0,0,4,e3b0c44298fc1c149afbf4c8996fb92427ae41e4649b934ca495991b7852b855,eb8c261ea05b640d7c800f36a21374cb346382952d283d17dec54fe07871e93e
adult,0.1,1001,7,780,780,0,0.0,False,False,True,True,False,680,100,0.1282051282051282,680,100,0,0,2,4da236dd2e8fd028d8f673c1de97ab406946abd64aee0e94df3a475a3c33fbae,eb8c261ea05b640d7c800f36a21374cb346382952d283d17dec54fe07871e93e
adult,0.1,1001,8,1,0,1,1.0,False,True,False,True,False,1,0,0.0,0,0,1,0,3,500d58279e640f9ebc8996caebfc439ace915313af516ce7bb5c8cdc81340efe,eb8c261ea05b640d7c800f36a21374cb346382952d283d17dec54fe07871e93e
adult,0.1,1001,9,8,8,0,0.0,False,False,True,True,False,8,0,0.0,8,0,0,0,3,7d2c18da7ac3ca561c607e528a8e9115348148c3acf259eb25de1baf65f0206f,eb8c261ea05b640d7c800f36a21374cb346382952d283d17dec54fe07871e93e
adult,0.1,1001,10,989,0,989,1.0,False,True,False,True,False,723,266,0.268958543983822,0,0,723,266,2,eacc1bb34655b2b851e0ec760ef0fa1a7f4cee63b63a65ece0322789cc6c6f3e,eb8c261ea05b640d7c800f36a21374cb346382952d283d17dec54fe07871e93e
adult,0.1,1001,11,7551,0,7551,1.0,False,True,False,True,False,5103,2448,0.32419547079856975,0,0,5103,2448,2,a770bc4915e9f714d5d572bd9742dbe3cf27e96e628e8db0994e7ac375c39e9c,eb8c261ea05b640d7c800f36a21374cb346382952d283d17dec54fe07871e93e
adult,0.1,1001,12,19,0,19,1.0,False,True,False,True,False,13,6,0.3157894736842105,0,0,13,6,2,5bae5f489d5c8e2e086cc65e6c4deab8fb8ff2aef5aadaab22ecaf75027f8ebc,eb8c261ea05b640d7c800f36a21374cb346382952d283d17dec54fe07871e93e
adult,0.1,1001,13,33,0,33,1.0,False,True,False,True,False,23,10,0.30303030303030304,0,0,23,10,2,d6ffc086b92a17c0fb47dad3cdedf3c057283da2387acdce5fc4d954d5934a9c,eb8c261ea05b640d7c800f36a21374cb346382952d283d17dec54fe07871e93e
adult,0.1,1001,14,26,1,25,0.9615384615384616,False,False,False,False,False,18,8,0.3076923076923077,1,0,17,8,1,53bc0d80b4bf32c655af0962c785aa52f39cdf4460e1f9073722d52557c9387f,eb8c261ea05b640d7c800f36a21374cb346382952d283d17dec54fe07871e93e
adult,0.1,1001,15,32,6,26,0.8125,False,False,False,False,False,25,7,0.21875,5,1,20,6,0,7c5afaca0b89c7834b63ec8e456b839f59a711a196da8b0434b8b0acf9683a41,eb8c261ea05b640d7c800f36a21374cb346382952d283d17dec54fe07871e93e
adult,0.1,1001,16,8151,0,8151,1.0,False,True,False,True,False,5609,2542,0.3118635750214698,0,0,5609,2542,2,7cf7a53f75e1ff30b4cf3ccfb17e63f50cf050624b97c6e41c3471efefb15792,eb8c261ea05b640d7c800f36a21374cb346382952d283d17dec54fe07871e93e
adult,0.1,1001,17,0,0,0,,True,True,True,False,False,0,0,,0,0,0,0,4,e3b0c44298fc1c149afbf4c8996fb92427ae41e4649b934ca495991b7852b855,eb8c261ea05b640d7c800f36a21374cb346382952d283d17dec54fe07871e93e
adult,0.1,1001,18,0,0,0,,True,True,True,False,False,0,0,,0,0,0,0,4,e3b0c44298fc1c149afbf4c8996fb92427ae41e4649b934ca495991b7852b855,eb8c261ea05b640d7c800f36a21374cb346382952d283d17dec54fe07871e93e
adult,0.1,1001,19,1524,67,1457,0.9560367454068242,False,False,False,False,False,1078,446,0.2926509186351706,58,9,1020,437,0,0f168078f8ed1d4346ba054b21418728854d5c44c623e25b921702202d76b194,eb8c261ea05b640d7c800f36a21374cb346382952d283d17dec54fe07871e93e
adult,0.1,123,0,18094,1,18093,0.9999447330606831,False,False,False,False,True,12419,5675,0.3136398806234111,1,0,12418,5675,1,b96f066664686cde2c1cecd3407d9bd18cd5d9914043da13620fee50aae54f1a,ab4d395044009d66a7907ce6422c493ad9440134769237bcdbc446aa63529f46
adult,0.1,123,1,4,4,0,0.0,False,False,True,True,True,3,1,0.25,3,1,0,0,2,f44817f6f32152d9241aedc1dfc8699a850aa9aaee938a1ab5b0759c79bacdda,ab4d395044009d66a7907ce6422c493ad9440134769237bcdbc446aa63529f46
adult,0.1,123,2,0,0,0,,True,True,True,False,True,0,0,,0,0,0,0,4,e3b0c44298fc1c149afbf4c8996fb92427ae41e4649b934ca495991b7852b855,ab4d395044009d66a7907ce6422c493ad9440134769237bcdbc446aa63529f46
adult,0.1,123,3,3,3,0,0.0,False,False,True,True,True,3,0,0.0,3,0,0,0,3,69e20ea4c19faa4b78825f30fbc5592052d5fc49fe9589e6ee37cf1357414821,ab4d395044009d66a7907ce6422c493ad9440134769237bcdbc446aa63529f46
adult,0.1,123,4,0,0,0,,True,True,True,False,False,0,0,,0,0,0,0,4,e3b0c44298fc1c149afbf4c8996fb92427ae41e4649b934ca495991b7852b855,ab4d395044009d66a7907ce6422c493ad9440134769237bcdbc446aa63529f46
adult,0.1,123,5,0,0,0,,True,True,True,False,False,0,0,,0,0,0,0,4,e3b0c44298fc1c149afbf4c8996fb92427ae41e4649b934ca495991b7852b855,ab4d395044009d66a7907ce6422c493ad9440134769237bcdbc446aa63529f46
adult,0.1,123,6,137,137,0,0.0,False,False,True,True,False,119,18,0.13138686131386862,119,18,0,0,2,58bf8221b6c99516b5d1ba576f56f58c6c7d608ef073651d6e181069ed2aafbf,ab4d395044009d66a7907ce6422c493ad9440134769237bcdbc446aa63529f46
adult,0.1,123,7,44,0,44,1.0,False,True,False,True,False,27,17,0.38636363636363635,0,0,27,17,2,cb513f6a70417adad314c242b0b58e49e162215c08574deb1e9ccf7cdeb170b1,ab4d395044009d66a7907ce6422c493ad9440134769237bcdbc446aa63529f46
adult,0.1,123,8,0,0,0,,True,True,True,False,False,0,0,,0,0,0,0,4,e3b0c44298fc1c149afbf4c8996fb92427ae41e4649b934ca495991b7852b855,ab4d395044009d66a7907ce6422c493ad9440134769237bcdbc446aa63529f46
adult,0.1,123,9,6,0,6,1.0,False,True,False,True,False,2,4,0.6666666666666666,0,0,2,4,2,38e552ff910489217298a3ce595cf65524f1b7aecc532e0480bcf08c518abcc5,ab4d395044009d66a7907ce6422c493ad9440134769237bcdbc446aa63529f46
adult,0.1,123,10,305,163,142,0.46557377049180326,False,False,False,False,False,250,55,0.18032786885245902,142,21,108,34,0,3470c9b0ddd56ecc369dad0b0a58d05e9fd94f5e08d141977fe86a53ab8d4f26,ab4d395044009d66a7907ce6422c493ad9440134769237bcdbc446aa63529f46
adult,0.1,123,11,0,0,0,,True,True,True,False,False,0,0,,0,0,0,0,4,e3b0c44298fc1c149afbf4c8996fb92427ae41e4649b934ca495991b7852b855,ab4d395044009d66a7907ce6422c493ad9440134769237bcdbc446aa63529f46
adult,0.1,123,12,23,0,23,1.0,False,True,False,True,False,16,7,0.30434782608695654,0,0,16,7,2,eb39f5a2f40dac8937a9cc561e936c21411c093b9392bf551bdd5a785d20867b,ab4d395044009d66a7907ce6422c493ad9440134769237bcdbc446aa63529f46
adult,0.1,123,13,12,5,7,0.5833333333333334,False,False,False,False,False,9,3,0.25,4,1,5,2,0,ed52de2f55693b765aee2c880d350718d5abfc411958285432b8a707c4c644e0,ab4d395044009d66a7907ce6422c493ad9440134769237bcdbc446aa63529f46
adult,0.1,123,14,6485,6485,0,0.0,False,False,True,True,False,5750,735,0.1133384734001542,5750,735,0,0,2,439aedc52db17382797322afd78eab6fa0ecb056f8fbb30c1e3c3d3764b4f2ee,ab4d395044009d66a7907ce6422c493ad9440134769237bcdbc446aa63529f46
adult,0.1,123,15,23,23,0,0.0,False,False,True,True,False,23,0,0.0,23,0,0,0,3,a89e8831acdef8d6a83ad35ca26df19132913d456000586b238f6e590c96f2d5,ab4d395044009d66a7907ce6422c493ad9440134769237bcdbc446aa63529f46
adult,0.1,123,16,0,0,0,,True,True,True,False,False,0,0,,0,0,0,0,4,e3b0c44298fc1c149afbf4c8996fb92427ae41e4649b934ca495991b7852b855,ab4d395044009d66a7907ce6422c493ad9440134769237bcdbc446aa63529f46
adult,0.1,123,17,9,5,4,0.4444444444444444,False,False,False,False,False,8,1,0.1111111111111111,5,0,3,1,1,a7a632dd4d36c77c75f2645ba84d2ec53f7bc7875e8dd2e6de022ab8e2aefc66,ab4d395044009d66a7907ce6422c493ad9440134769237bcdbc446aa63529f46
adult,0.1,123,18,8,0,8,1.0,False,True,False,True,False,6,2,0.25,0,0,6,2,2,288f08883d26f27591b2b880700b97d00c46034f9a2c081489ec6798cf99ab44,ab4d395044009d66a7907ce6422c493ad9440134769237bcdbc446aa63529f46
adult,0.1,123,19,1993,1978,15,0.007526342197691922,False,False,False,False,False,1761,232,0.11640742599096839,1752,226,9,6,0,8abed4134fa2e033e2c4ece3d1cc122d17ff1447a7bc9f0f528ca0131fbf162f,ab4d395044009d66a7907ce6422c493ad9440134769237bcdbc446aa63529f46
adult,0.1,2024,0,4,4,0,0.0,False,False,True,True,True,3,1,0.25,3,1,0,0,2,11b3d3ad9caa6b7d655f99aced05cb756163d76efab3f585843f2db7e0ccba06,ce2a92d582c04f0b8354b1e6b4233d846eafcbfea1d4ba67bd7938d18c50e652
adult,0.1,2024,1,22,22,0,0.0,False,False,True,True,True,16,6,0.2727272727272727,16,6,0,0,2,561df3cea4023ded2ace30eae6912517af7bca05f8254bfe4ef46b1b770b8044,ce2a92d582c04f0b8354b1e6b4233d846eafcbfea1d4ba67bd7938d18c50e652
adult,0.1,2024,2,0,0,0,,True,True,True,False,True,0,0,,0,0,0,0,4,e3b0c44298fc1c149afbf4c8996fb92427ae41e4649b934ca495991b7852b855,ce2a92d582c04f0b8354b1e6b4233d846eafcbfea1d4ba67bd7938d18c50e652
adult,0.1,2024,3,493,493,0,0.0,False,False,True,True,True,437,56,0.11359026369168357,437,56,0,0,2,5a68bcbabed2f50334cfeecde8c35b471196ff8097538ba2b47510742c8c9552,ce2a92d582c04f0b8354b1e6b4233d846eafcbfea1d4ba67bd7938d18c50e652
adult,0.1,2024,4,8795,22,8773,0.9974985787379193,False,False,False,False,False,6015,2780,0.3160886867538374,19,3,5996,2777,0,9f908d59e17746c3cb8c85c8eb773042f96b271421e41adc9a6576a5ec0474a4,ce2a92d582c04f0b8354b1e6b4233d846eafcbfea1d4ba67bd7938d18c50e652
adult,0.1,2024,5,54,0,54,1.0,False,True,False,True,False,35,19,0.35185185185185186,0,0,35,19,2,73b56830e991906ef62dc26544a282cf1c07866b63ac83d9d274e63aaf29a78a,ce2a92d582c04f0b8354b1e6b4233d846eafcbfea1d4ba67bd7938d18c50e652
adult,0.1,2024,6,20,0,20,1.0,False,True,False,True,False,15,5,0.25,0,0,15,5,2,6fa02d83a7caecc55ee0877190e8cc7c62a8f0a5e9e4c8f34c8cfebd63843d3e,ce2a92d582c04f0b8354b1e6b4233d846eafcbfea1d4ba67bd7938d18c50e652
adult,0.1,2024,7,701,297,404,0.5763195435092725,False,False,False,False,False,546,155,0.2211126961483595,265,32,281,123,0,6509fb10db4bad4ef6918e7fc63b99df78d166a3bafd945faddf0c8732195c67,ce2a92d582c04f0b8354b1e6b4233d846eafcbfea1d4ba67bd7938d18c50e652
adult,0.1,2024,8,615,4,611,0.9934959349593496,False,False,False,False,False,409,206,0.33495934959349594,4,0,405,206,1,fb00ba8f77e91fc012759fe29e6e6c1247218c68564c52ae1c92eba518a0b277,ce2a92d582c04f0b8354b1e6b4233d846eafcbfea1d4ba67bd7938d18c50e652
adult,0.1,2024,9,14,0,14,1.0,False,True,False,True,False,9,5,0.35714285714285715,0,0,9,5,2,63d68d4f3a769463d304e5051e4b1af74364f7da86bb39c6c2c780c3493593e1,ce2a92d582c04f0b8354b1e6b4233d846eafcbfea1d4ba67bd7938d18c50e652
adult,0.1,2024,10,330,0,330,1.0,False,True,False,True,False,222,108,0.32727272727272727,0,0,222,108,2,5dbccd8efeaba52ce49bc674b094e56358e4a0b3722771430fd729c4be176df7,ce2a92d582c04f0b8354b1e6b4233d846eafcbfea1d4ba67bd7938d18c50e652
adult,0.1,2024,11,1132,40,1092,0.9646643109540636,False,False,False,False,False,778,354,0.3127208480565371,32,8,746,346,0,953f3202b53af1865c06aff0bc59f7e3886f4bdf048d2329350c2fc5950f0541,ce2a92d582c04f0b8354b1e6b4233d846eafcbfea1d4ba67bd7938d18c50e652
adult,0.1,2024,12,0,0,0,,True,True,True,False,False,0,0,,0,0,0,0,4,e3b0c44298fc1c149afbf4c8996fb92427ae41e4649b934ca495991b7852b855,ce2a92d582c04f0b8354b1e6b4233d846eafcbfea1d4ba67bd7938d18c50e652
adult,0.1,2024,13,254,251,3,0.011811023622047244,False,False,False,False,False,223,31,0.1220472440944882,221,30,2,1,0,0992aa5bd5cbc5d3b0c4a8f73e94935f32f4d9c17dfcd60d267bf0881e8cf732,ce2a92d582c04f0b8354b1e6b4233d846eafcbfea1d4ba67bd7938d18c50e652
adult,0.1,2024,14,0,0,0,,True,True,True,False,False,0,0,,0,0,0,0,4,e3b0c44298fc1c149afbf4c8996fb92427ae41e4649b934ca495991b7852b855,ce2a92d582c04f0b8354b1e6b4233d846eafcbfea1d4ba67bd7938d18c50e652
adult,0.1,2024,15,6,0,6,1.0,False,True,False,True,False,5,1,0.16666666666666666,0,0,5,1,2,e0cb95f2120c093d874083d9bf6ae05644f5a3c6084dd676b7bec4c93ebd84c8,ce2a92d582c04f0b8354b1e6b4233d846eafcbfea1d4ba67bd7938d18c50e652
adult,0.1,2024,16,8151,1336,6815,0.8360937308305729,False,False,False,False,False,5887,2264,0.2777573303889093,1173,163,4714,2101,0,c873e28f8bec6e35a127237c4f56e1d1cda823101032b75e162d12f64846f1d4,ce2a92d582c04f0b8354b1e6b4233d846eafcbfea1d4ba67bd7938d18c50e652
adult,0.1,2024,17,5488,5488,0,0.0,False,False,True,True,False,4896,592,0.10787172011661808,4896,592,0,0,2,e2a0778f69584fc26181089513d9f1b05d2325c0f33560cd98713e54f7df461c,ce2a92d582c04f0b8354b1e6b4233d846eafcbfea1d4ba67bd7938d18c50e652
adult,0.1,2024,18,220,4,216,0.9818181818181818,False,False,False,False,False,141,79,0.35909090909090907,3,1,138,78,0,1de82137742a1fc19c4332dec4f13b4151e10f6d8db3a314084164eb53e0dada,ce2a92d582c04f0b8354b1e6b4233d846eafcbfea1d4ba67bd7938d18c50e652
adult,0.1,2024,19,847,843,4,0.004722550177095631,False,False,False,False,False,737,110,0.12987012987012986,734,109,3,1,0,e9754354736e792e82adfd64d605774b71e258f053f31d8cfecc591843648162,ce2a92d582c04f0b8354b1e6b4233d846eafcbfea1d4ba67bd7938d18c50e652
adult,0.1,3141,0,1391,473,918,0.6599568655643422,False,False,False,False,True,1061,330,0.2372393961179008,411,62,650,268,0,547a8b8442a9a96518806cbbf3ef76e4634f3371257deaf792525b8c77df0478,a90751f867282c0461bead93a86f09798de2a988265bdc11e15db4dcced95cfd
adult,0.1,3141,1,8028,0,8028,1.0,False,True,False,True,True,5538,2490,0.3101644245142003,0,0,5538,2490,2,b98c89810051c1417cc58bbd0e1116ce486af1a2ea8156e0bb67e99cf4f8a907,a90751f867282c0461bead93a86f09798de2a988265bdc11e15db4dcced95cfd
adult,0.1,3141,2,69,0,69,1.0,False,True,False,True,True,43,26,0.37681159420289856,0,0,43,26,2,36301a1b028ae9af9b89cac712374aa61e15a8203f50c5d2bc62217515268dc5,a90751f867282c0461bead93a86f09798de2a988265bdc11e15db4dcced95cfd
adult,0.1,3141,3,472,0,472,1.0,False,True,False,True,True,344,128,0.2711864406779661,0,0,344,128,2,896c4cc61011931189eaee8003a1740e9331701def96971b6265b38f01555d14,a90751f867282c0461bead93a86f09798de2a988265bdc11e15db4dcced95cfd
adult,0.1,3141,4,2067,0,2067,1.0,False,True,False,True,False,1378,689,0.3333333333333333,0,0,1378,689,2,50cb1183fd7f1fa12a636ff850ce659d1942356387713fb6d94cf21109a013ec,a90751f867282c0461bead93a86f09798de2a988265bdc11e15db4dcced95cfd
adult,0.1,3141,5,337,337,0,0.0,False,False,True,True,False,303,34,0.10089020771513353,303,34,0,0,2,cb4f6664bd242220e826e21ce95709d28efc0729f769d39e4d6086aebef3cb17,a90751f867282c0461bead93a86f09798de2a988265bdc11e15db4dcced95cfd
adult,0.1,3141,6,1425,1419,6,0.004210526315789474,False,False,False,False,False,1263,162,0.11368421052631579,1259,160,4,2,0,8aa25386124610239796d2f2305c14950f32c49add0e81ae97c2d7ef6a0ec5c7,a90751f867282c0461bead93a86f09798de2a988265bdc11e15db4dcced95cfd
adult,0.1,3141,7,75,75,0,0.0,False,False,True,True,False,61,14,0.18666666666666668,61,14,0,0,2,58b19b637c32fe14ee1ee189997b1f566afec4e099a4e29650dfcfc7c5207445,a90751f867282c0461bead93a86f09798de2a988265bdc11e15db4dcced95cfd
adult,0.1,3141,8,590,10,580,0.9830508474576272,False,False,False,False,False,413,177,0.3,7,3,406,174,0,4e592676b77021db7d142b80433080281271bd5a144306e5803e717f3e23c38e,a90751f867282c0461bead93a86f09798de2a988265bdc11e15db4dcced95cfd
adult,0.1,3141,9,7383,1302,6081,0.8236489232019504,False,False,False,False,False,5276,2107,0.28538534471082216,1145,157,4131,1950,0,da5730474049698d3b8013dcf0da568f634d13b23e9ddca8b3a387544f70804e,a90751f867282c0461bead93a86f09798de2a988265bdc11e15db4dcced95cfd
adult,0.1,3141,10,213,184,29,0.13615023474178403,False,False,False,False,False,180,33,0.15492957746478872,159,25,21,8,0,14adcc118007cb2f35781f4246b515d8e1fa492fddd80e4737a7c04a1c5880a8,a90751f867282c0461bead93a86f09798de2a988265bdc11e15db4dcced95cfd
adult,0.1,3141,11,91,10,81,0.8901098901098901,False,False,False,False,False,73,18,0.1978021978021978,9,1,64,17,0,aeb82ec5fcc16b2382ddc86b3cff00f05b50bff0a86cc425d26ebae2e08496ab,a90751f867282c0461bead93a86f09798de2a988265bdc11e15db4dcced95cfd
adult,0.1,3141,12,22,22,0,0.0,False,False,True,True,False,22,0,0.0,22,0,0,0,3,01fe7b62ba62d163f6779cb4de6d701930c37b5e9e04e73fee05949d911f2d7d,a90751f867282c0461bead93a86f09798de2a988265bdc11e15db4dcced95cfd
adult,0.1,3141,13,1,0,1,1.0,False,True,False,True,False,1,0,0.0,0,0,1,0,3,2ff20af9a45915620bd0d10280b3ab9e5f40f25ef7706a2908af79a083f219ba,a90751f867282c0461bead93a86f09798de2a988265bdc11e15db4dcced95cfd
adult,0.1,3141,14,199,199,0,0.0,False,False,True,True,False,176,23,0.11557788944723618,176,23,0,0,2,d657cd8b3ee7f21f6f15aaeea745c081811720ae0a2a8cae53aeb126d3aa2879,a90751f867282c0461bead93a86f09798de2a988265bdc11e15db4dcced95cfd
adult,0.1,3141,15,1928,1928,0,0.0,False,False,True,True,False,1738,190,0.09854771784232365,1738,190,0,0,2,7d9bcdf166b27423ee2c6c2d90339515ed3167eb8b9e5df8fb1c38b6e88bf164,a90751f867282c0461bead93a86f09798de2a988265bdc11e15db4dcced95cfd
adult,0.1,3141,16,542,541,1,0.0018450184501845018,False,False,False,False,False,482,60,0.11070110701107011,482,59,0,1,1,d97b5f3f76f753e65c1880040689ada73e0e815779dfc9db7f7a93d63fc45684,a90751f867282c0461bead93a86f09798de2a988265bdc11e15db4dcced95cfd
adult,0.1,3141,17,83,83,0,0.0,False,False,True,True,False,68,15,0.18072289156626506,68,15,0,0,2,9cf54719aaf6c8a5262a2e31923d50b76116fa34cd69d55cf9223720f320e1ff,a90751f867282c0461bead93a86f09798de2a988265bdc11e15db4dcced95cfd
adult,0.1,3141,18,245,243,2,0.00816326530612245,False,False,False,False,False,221,24,0.09795918367346938,220,23,1,1,0,2eb1883601a96921e02a18a0c056b1e6582c22946fcace625f624d3df129cfbe,a90751f867282c0461bead93a86f09798de2a988265bdc11e15db4dcced95cfd
adult,0.1,3141,19,1985,1978,7,0.003526448362720403,False,False,False,False,False,1754,231,0.1163727959697733,1749,229,5,2,0,683645a42613908e6b74dd355585b1de7d06bb58f6a9cf8dda30417e089a75e6,a90751f867282c0461bead93a86f09798de2a988265bdc11e15db4dcced95cfd
adult,0.1,4242,0,136,136,0,0.0,False,False,True,True,True,122,14,0.10294117647058823,122,14,0,0,2,3410965f4202437b8ec9f80126d65f85c22e663fa1414322e7b4483df88255d9,fff33bd2a5a72a0c50a9d898cc59db1c083e81271d17123930c99807ff5e8142
adult,0.1,4242,1,1196,1196,0,0.0,False,False,True,True,True,1044,152,0.12709030100334448,1044,152,0,0,2,c77b3d184f0514e715a98a541886443ca541d1f7a5be0367a3f0d35bc46e5d87,fff33bd2a5a72a0c50a9d898cc59db1c083e81271d17123930c99807ff5e8142
adult,0.1,4242,2,2,1,1,0.5,False,False,False,False,True,1,1,0.5,1,0,0,1,2,8fef913263743b5f8ddea83d06abe0c6fcfbacd6cf43e56e6f4294656d41b37a,fff33bd2a5a72a0c50a9d898cc59db1c083e81271d17123930c99807ff5e8142
adult,0.1,4242,3,0,0,0,,True,True,True,False,True,0,0,,0,0,0,0,4,e3b0c44298fc1c149afbf4c8996fb92427ae41e4649b934ca495991b7852b855,fff33bd2a5a72a0c50a9d898cc59db1c083e81271d17123930c99807ff5e8142
adult,0.1,4242,4,0,0,0,,True,True,True,False,False,0,0,,0,0,0,0,4,e3b0c44298fc1c149afbf4c8996fb92427ae41e4649b934ca495991b7852b855,fff33bd2a5a72a0c50a9d898cc59db1c083e81271d17123930c99807ff5e8142
adult,0.1,4242,5,0,0,0,,True,True,True,False,False,0,0,,0,0,0,0,4,e3b0c44298fc1c149afbf4c8996fb92427ae41e4649b934ca495991b7852b855,fff33bd2a5a72a0c50a9d898cc59db1c083e81271d17123930c99807ff5e8142
adult,0.1,4242,6,870,611,259,0.29770114942528736,False,False,False,False,False,704,166,0.19080459770114944,537,74,167,92,0,e47ebf0fb4f02f186f4eb3fba900db7b8d88ee6a60854ad33e395d280751d4b2,fff33bd2a5a72a0c50a9d898cc59db1c083e81271d17123930c99807ff5e8142
adult,0.1,4242,7,134,0,134,1.0,False,True,False,True,False,90,44,0.3283582089552239,0,0,90,44,2,ac3044799ed13b0775be7bc048adac288a14cfad01ba64f3e3a471891f43d849,fff33bd2a5a72a0c50a9d898cc59db1c083e81271d17123930c99807ff5e8142
adult,0.1,4242,8,0,0,0,,True,True,True,False,False,0,0,,0,0,0,0,4,e3b0c44298fc1c149afbf4c8996fb92427ae41e4649b934ca495991b7852b855,fff33bd2a5a72a0c50a9d898cc59db1c083e81271d17123930c99807ff5e8142
adult,0.1,4242,9,228,30,198,0.868421052631579,False,False,False,False,False,171,57,0.25,30,0,141,57,1,4d969c335f6555dddc572e6ebe05c938e1162c1850bcb845119e76c7fd699bb9,fff33bd2a5a72a0c50a9d898cc59db1c083e81271d17123930c99807ff5e8142
adult,0.1,4242,10,1185,1185,0,0.0,False,False,True,True,False,1051,134,0.11308016877637131,1051,134,0,0,2,de5a1cecca81e7f175db4cb4eeaaf3bec92c5f913da2ef1d5bcf2f0a17cd4428,fff33bd2a5a72a0c50a9d898cc59db1c083e81271d17123930c99807ff5e8142
adult,0.1,4242,11,408,0,408,1.0,False,True,False,True,False,297,111,0.27205882352941174,0,0,297,111,2,859f12f7699e651916bbdef3c52657353750bb69214f6756416fcab62f395e5c,fff33bd2a5a72a0c50a9d898cc59db1c083e81271d17123930c99807ff5e8142
adult,0.1,4242,12,5138,5138,0,0.0,False,False,True,True,False,4561,577,0.11230050603347606,4561,577,0,0,2,b6080198bb78d65322ac6de1e3e3e3666823d5f8ae9bd920c3352f765ec09ad4,fff33bd2a5a72a0c50a9d898cc59db1c083e81271d17123930c99807ff5e8142
adult,0.1,4242,13,12068,0,12068,1.0,False,True,False,True,False,8257,3811,0.3157938349353663,0,0,8257,3811,2,9c471fc46fe60c82ddb84d81acc1b8be281d1bcbb178d44e73f94958b87d347e,fff33bd2a5a72a0c50a9d898cc59db1c083e81271d17123930c99807ff5e8142
adult,0.1,4242,14,3102,90,3012,0.9709864603481625,False,False,False,False,False,2164,938,0.30238555770470665,78,12,2086,926,0,994af55dba5229accc1770c977df932d8a0a0226f8ce22106a622f8e527b496a,fff33bd2a5a72a0c50a9d898cc59db1c083e81271d17123930c99807ff5e8142
adult,0.1,4242,15,55,7,48,0.8727272727272727,False,False,False,False,False,36,19,0.34545454545454546,7,0,29,19,1,b510b1f00b23267d339f92d5af7557eefbd87de63d09896400b66ccf2a5eba29,fff33bd2a5a72a0c50a9d898cc59db1c083e81271d17123930c99807ff5e8142
adult,0.1,4242,16,2311,98,2213,0.9575941151016876,False,False,False,False,False,1603,708,0.3063608827347469,88,10,1515,698,0,3fc3d0262a63f94dddac0b489af1d6716a38bd2cd744a768577fdded71042ef3,fff33bd2a5a72a0c50a9d898cc59db1c083e81271d17123930c99807ff5e8142
adult,0.1,4242,17,156,156,0,0.0,False,False,True,True,False,141,15,0.09615384615384616,141,15,0,0,2,25337c2643d123654dfb69f97a802d7631415600700b4fbadffe184938e076b9,fff33bd2a5a72a0c50a9d898cc59db1c083e81271d17123930c99807ff5e8142
adult,0.1,4242,18,4,4,0,0.0,False,False,True,True,False,4,0,0.0,4,0,0,0,3,eb80a5e5832adb212661d3aad36d01c48e0c93a273a3ed322560673f616cebeb,fff33bd2a5a72a0c50a9d898cc59db1c083e81271d17123930c99807ff5e8142
adult,0.1,4242,19,153,152,1,0.006535947712418301,False,False,False,False,False,135,18,0.11764705882352941,135,17,0,1,1,a413fa173ad78d67aa923e3108284682ac394ca7674cd5f7cccae6a8f6f61ac3,fff33bd2a5a72a0c50a9d898cc59db1c083e81271d17123930c99807ff5e8142
adult,0.1,456,0,118,38,80,0.6779661016949152,False,False,False,False,True,88,30,0.2542372881355932,35,3,53,27,0,e6d7e7297da63ad5c30ae8178f083efca0687da9d8c97785a64d72c5ed77e92f,c130d90121207bd26f75a659761f24f78616a9e5c5d413e0a78782b015ac1096
adult,0.1,456,1,0,0,0,,True,True,True,False,True,0,0,,0,0,0,0,4,e3b0c44298fc1c149afbf4c8996fb92427ae41e4649b934ca495991b7852b855,c130d90121207bd26f75a659761f24f78616a9e5c5d413e0a78782b015ac1096
adult,0.1,456,2,2668,2668,0,0.0,False,False,True,True,True,2364,304,0.11394302848575712,2364,304,0,0,2,3372858ff51885b8fa30a459493f1808c3b514067695e6ec762691821a32bee2,c130d90121207bd26f75a659761f24f78616a9e5c5d413e0a78782b015ac1096
adult,0.1,456,3,4773,2051,2722,0.5702912214540121,False,False,False,False,True,3687,1086,0.22752985543683218,1826,225,1861,861,0,64395e81b493a8bee3cc20b47ee2ccb49d1fcd5048a3d723d0915a8ee67c9b66,c130d90121207bd26f75a659761f24f78616a9e5c5d413e0a78782b015ac1096
adult,0.1,456,4,572,572,0,0.0,False,False,True,True,False,507,65,0.11363636363636363,507,65,0,0,2,c259967aa5764dd2b9a909e511ce2d5c90f8b6bd4a7026bc38cf34d57635235a,c130d90121207bd26f75a659761f24f78616a9e5c5d413e0a78782b015ac1096
adult,0.1,456,5,242,240,2,0.008264462809917356,False,False,False,False,False,204,38,0.15702479338842976,202,38,2,0,1,147c46ce0f00ae64d1d0985c1bbabc1595fbe4e63c5ab516d55c19cb96033413,c130d90121207bd26f75a659761f24f78616a9e5c5d413e0a78782b015ac1096
adult,0.1,456,6,1634,0,1634,1.0,False,True,False,True,False,1159,475,0.29069767441860467,0,0,1159,475,2,0b040647134bb193f1b6d9ef87ace8718f5f67d3035711adcae003802f389366,c130d90121207bd26f75a659761f24f78616a9e5c5d413e0a78782b015ac1096
adult,0.1,456,7,59,0,59,1.0,False,True,False,True,False,38,21,0.3559322033898305,0,0,38,21,2,6130412f7438abc2bd7a56fa4113d683062176748fc55cb74a3ef98e7e550e58,c130d90121207bd26f75a659761f24f78616a9e5c5d413e0a78782b015ac1096
adult,0.1,456,8,6,0,6,1.0,False,True,False,True,False,5,1,0.16666666666666666,0,0,5,1,2,ccff243be8b7c5a607bb35c8eb41c98cf24a9ab3c3d61fb22bed8475591a9d5f,c130d90121207bd26f75a659761f24f78616a9e5c5d413e0a78782b015ac1096
adult,0.1,456,9,0,0,0,,True,True,True,False,False,0,0,,0,0,0,0,4,e3b0c44298fc1c149afbf4c8996fb92427ae41e4649b934ca495991b7852b855,c130d90121207bd26f75a659761f24f78616a9e5c5d413e0a78782b015ac1096
adult,0.1,456,10,689,689,0,0.0,False,False,True,True,False,618,71,0.10304789550072568,618,71,0,0,2,fada5bc298fc686b061fe385f27d5e0967c444671a2db3ff6c5a20f7cb7215eb,c130d90121207bd26f75a659761f24f78616a9e5c5d413e0a78782b015ac1096
adult,0.1,456,11,5,0,5,1.0,False,True,False,True,False,4,1,0.2,0,0,4,1,2,b856836b64d54a44a60fccd85db1338916e7fcddb39d83e1ec0044ffaf96f945,c130d90121207bd26f75a659761f24f78616a9e5c5d413e0a78782b015ac1096
adult,0.1,456,12,624,512,112,0.1794871794871795,False,False,False,False,False,530,94,0.15064102564102563,453,59,77,35,0,51c16f5f4a8f559ffa71d10acc1149544acbd1205d618e06bfac62996246a4a1,c130d90121207bd26f75a659761f24f78616a9e5c5d413e0a78782b015ac1096
adult,0.1,456,13,2538,1941,597,0.23522458628841608,False,False,False,False,False,2115,423,0.16666666666666666,1729,212,386,211,0,841810618ca6e39344202d5dba329be90b3a464475b780c97c749e040052695c,c130d90121207bd26f75a659761f24f78616a9e5c5d413e0a78782b015ac1096
adult,0.1,456,14,159,3,156,0.9811320754716981,False,False,False,False,False,105,54,0.33962264150943394,3,0,102,54,1,8bbeb62873f573a60b46ca916c21b4eaee1bb29fb48e30f7209cfd21a7275bbe,c130d90121207bd26f75a659761f24f78616a9e5c5d413e0a78782b015ac1096
adult,0.1,456,15,0,0,0,,True,True,True,False,False,0,0,,0,0,0,0,4,e3b0c44298fc1c149afbf4c8996fb92427ae41e4649b934ca495991b7852b855,c130d90121207bd26f75a659761f24f78616a9e5c5d413e0a78782b015ac1096
adult,0.1,456,16,81,81,0,0.0,False,False,True,True,False,70,11,0.13580246913580246,70,11,0,0,2,df6ea04d7e1367962ea44df022f9b321d106059f724c357b2eefadcfad8ab42c,c130d90121207bd26f75a659761f24f78616a9e5c5d413e0a78782b015ac1096
adult,0.1,456,17,7648,0,7648,1.0,False,True,False,True,False,5266,2382,0.3114539748953975,0,0,5266,2382,2,d9c0a93ac21c3442eebf2da1f77b38cbeebb33258c917736b27ec03e972c2ff8,c130d90121207bd26f75a659761f24f78616a9e5c5d413e0a78782b015ac1096
adult,0.1,456,18,542,5,537,0.9907749077490775,False,False,False,False,False,373,169,0.3118081180811808,3,2,370,167,0,d48010d68afa8c3b51d205bd4efbf97317b016c4d1923188cf94f74173e496f2,c130d90121207bd26f75a659761f24f78616a9e5c5d413e0a78782b015ac1096
adult,0.1,456,19,4788,4,4784,0.9991645781119465,False,False,False,False,False,3265,1523,0.3180868838763576,4,0,3261,1523,1,1b6c2ff11ef0ba96bbc9b487d44f2a2ff7d05db3daf456db341618a47b820800,c130d90121207bd26f75a659761f24f78616a9e5c5d413e0a78782b015ac1096
adult,0.1,5050,0,125,43,82,0.656,False,False,False,False,True,96,29,0.232,41,2,55,27,0,980712aa2ae45008413db912204986e8d3a6d2fb263d0c80361d57bbda8b4028,493057b09b3bd251f93080eb458b7cb1e94e4f9a4c216b0a4629286d450639a0
adult,0.1,5050,1,13,12,1,0.07692307692307693,False,False,False,False,True,9,4,0.3076923076923077,8,4,1,0,1,439f0a5815efb32f3222d031f6b607756169ee81e891a99594fa34ae80f8a597,493057b09b3bd251f93080eb458b7cb1e94e4f9a4c216b0a4629286d450639a0
adult,0.1,5050,2,1079,1068,11,0.010194624652455977,False,False,False,False,True,945,134,0.12418906394810009,936,132,9,2,0,1a5daaca028862e1dd5d7a07bb8a4026523895a89efb1c1a5158544f403b85ad,493057b09b3bd251f93080eb458b7cb1e94e4f9a4c216b0a4629286d450639a0
adult,0.1,5050,3,107,0,107,1.0,False,True,False,True,True,75,32,0.29906542056074764,0,0,75,32,2,870728f2c6fdb863e2c550a05e2300e53aca5eadd34d06f72437c677a7500fab,493057b09b3bd251f93080eb458b7cb1e94e4f9a4c216b0a4629286d450639a0
adult,0.1,5050,4,3462,3462,0,0.0,False,False,True,True,False,3080,382,0.11034084344309647,3080,382,0,0,2,d3ece5e33d8ff6a1d0032ebf8055120cb3724c50a1d6a7553e0354b6d2357b43,493057b09b3bd251f93080eb458b7cb1e94e4f9a4c216b0a4629286d450639a0
adult,0.1,5050,5,41,41,0,0.0,False,False,True,True,False,37,4,0.0975609756097561,37,4,0,0,2,5f28b8334db38f5a1e909099c3a6842c4d4ca539f952d6dc8b3e7c9b0a716b48,493057b09b3bd251f93080eb458b7cb1e94e4f9a4c216b0a4629286d450639a0
adult,0.1,5050,6,0,0,0,,True,True,True,False,False,0,0,,0,0,0,0,4,e3b0c44298fc1c149afbf4c8996fb92427ae41e4649b934ca495991b7852b855,493057b09b3bd251f93080eb458b7cb1e94e4f9a4c216b0a4629286d450639a0
adult,0.1,5050,7,140,140,0,0.0,False,False,True,True,False,123,17,0.12142857142857143,123,17,0,0,2,165896819b07f1fb95e41e17421676dd68cd029589fda2329cd1707bca1ab84f,493057b09b3bd251f93080eb458b7cb1e94e4f9a4c216b0a4629286d450639a0
adult,0.1,5050,8,102,102,0,0.0,False,False,True,True,False,96,6,0.058823529411764705,96,6,0,0,2,8984a5e4d8b32f8dd59e73b456e17c4f537393135d11aea6431fa33028712a77,493057b09b3bd251f93080eb458b7cb1e94e4f9a4c216b0a4629286d450639a0
adult,0.1,5050,9,0,0,0,,True,True,True,False,False,0,0,,0,0,0,0,4,e3b0c44298fc1c149afbf4c8996fb92427ae41e4649b934ca495991b7852b855,493057b09b3bd251f93080eb458b7cb1e94e4f9a4c216b0a4629286d450639a0
adult,0.1,5050,10,13,0,13,1.0,False,True,False,True,False,9,4,0.3076923076923077,0,0,9,4,2,15fd3ae986741e04f31959edcda0c0a8fd93d82ca7ae70639c047bfdcaa03ea1,493057b09b3bd251f93080eb458b7cb1e94e4f9a4c216b0a4629286d450639a0
adult,0.1,5050,11,153,0,153,1.0,False,True,False,True,False,98,55,0.35947712418300654,0,0,98,55,2,c04f829cd89c193e25f9b29aeac1f52ec0440a157e240eb99142bb06d300d96c,493057b09b3bd251f93080eb458b7cb1e94e4f9a4c216b0a4629286d450639a0
adult,0.1,5050,12,1005,0,1005,1.0,False,True,False,True,False,654,351,0.3492537313432836,0,0,654,351,2,522d4d21e9742d893ebe1b8f4a469fff4de58ffa29823f1c87fe689210c950d7,493057b09b3bd251f93080eb458b7cb1e94e4f9a4c216b0a4629286d450639a0
adult,0.1,5050,13,1337,0,1337,1.0,False,True,False,True,False,939,398,0.29768137621540763,0,0,939,398,2,67531997133d59e787b40a25c8fcc48cf092e78c6485cbf5ee9153b8988d0987,493057b09b3bd251f93080eb458b7cb1e94e4f9a4c216b0a4629286d450639a0
adult,0.1,5050,14,3325,0,3325,1.0,False,True,False,True,False,2300,1025,0.3082706766917293,0,0,2300,1025,2,73730ac022f9032f21786944333bd0d4cd2ccc0147f383602c83421ca0fb3edd,493057b09b3bd251f93080eb458b7cb1e94e4f9a4c216b0a4629286d450639a0
adult,0.1,5050,15,12233,0,12233,1.0,False,True,False,True,False,8403,3830,0.3130875500694842,0,0,8403,3830,2,8819cf39a8d0d296556dc92cf7d989189de88599290e0d501827e16ff61d41b8,493057b09b3bd251f93080eb458b7cb1e94e4f9a4c216b0a4629286d450639a0
adult,0.1,5050,16,220,150,70,0.3181818181818182,False,False,False,False,False,193,27,0.12272727272727273,138,12,55,15,0,a6570243e2cee94c1e833d7b8948b039fea22c9af764944a049c2876aa52accc,493057b09b3bd251f93080eb458b7cb1e94e4f9a4c216b0a4629286d450639a0
adult,0.1,5050,17,2329,2325,4,0.0017174753112924003,False,False,False,False,False,2042,287,0.12322885358522971,2038,287,4,0,1,f2e2e3dff01dc0508d3c3a7cae2527180f7dcaec28093abceea2753c629046e2,493057b09b3bd251f93080eb458b7cb1e94e4f9a4c216b0a4629286d450639a0
adult,0.1,5050,18,1452,1452,0,0.0,False,False,True,True,False,1291,161,0.11088154269972451,1291,161,0,0,2,6874e8a03231e2f7600cc5a9303fd35d4554fc58b861126252cc2669de9cf8c9,493057b09b3bd251f93080eb458b7cb1e94e4f9a4c216b0a4629286d450639a0
adult,0.1,5050,19,10,9,1,0.1,False,False,False,False,False,7,3,0.3,7,2,0,1,1,7b084a246e46c45e1b70d7e947a2c699cea71fcde91e3e3b6861baf5e965fa4b,493057b09b3bd251f93080eb458b7cb1e94e4f9a4c216b0a4629286d450639a0
adult,0.1,6060,0,1002,0,1002,1.0,False,True,False,True,True,696,306,0.30538922155688625,0,0,696,306,2,674dd5c9f479e5b0b7abab1c5b585207158645235bf95cf3aee9e95cc223fb0f,f77132cabe742eca4e6ea3b7b06398f99d6d0fd230b1f2404a7678a2940dda5c
adult,0.1,6060,1,1676,1676,0,0.0,False,False,True,True,True,1511,165,0.09844868735083533,1511,165,0,0,2,7115bea442792be72b8bc193d86866eb68cf302ed1c811ac1978ce71802b583e,f77132cabe742eca4e6ea3b7b06398f99d6d0fd230b1f2404a7678a2940dda5c
adult,0.1,6060,2,5036,5032,4,0.0007942811755361397,False,False,False,False,True,4457,579,0.11497220015885623,4455,577,2,2,0,412116b455611d2b53b4af05bfec41bc00a4fe9ca9f1279dbdb7c48a7b3fda67,f77132cabe742eca4e6ea3b7b06398f99d6d0fd230b1f2404a7678a2940dda5c
adult,0.1,6060,3,1431,1164,267,0.18658280922431866,False,False,False,False,True,1220,211,0.1474493361285814,1041,123,179,88,0,72f44445c209629245ff1801bd82d3eb956e797004db7982b55dc2c6a112c5bf,f77132cabe742eca4e6ea3b7b06398f99d6d0fd230b1f2404a7678a2940dda5c
adult,0.1,6060,4,320,320,0,0.0,False,False,True,True,False,277,43,0.134375,277,43,0,0,2,86f6ec2599c77e1ebb659e530c1276ff1947bb6508102e890eae8e475a888321,f77132cabe742eca4e6ea3b7b06398f99d6d0fd230b1f2404a7678a2940dda5c
adult,0.1,6060,5,315,299,16,0.050793650793650794,False,False,False,False,False,268,47,0.1492063492063492,257,42,11,5,0,e6dafda2c08cd637c7fc884cab3b7bb04c2f1ebc3df9bf2d108277532426caa4,f77132cabe742eca4e6ea3b7b06398f99d6d0fd230b1f2404a7678a2940dda5c
adult,0.1,6060,6,16,6,10,0.625,False,False,False,False,False,10,6,0.375,5,1,5,5,0,4dd2bc3de0b6caf84e0797bc0699ef889084a1bf8fee6f672b9a4c78ed88db25,f77132cabe742eca4e6ea3b7b06398f99d6d0fd230b1f2404a7678a2940dda5c
adult,0.1,6060,7,0,0,0,,True,True,True,False,False,0,0,,0,0,0,0,4,e3b0c44298fc1c149afbf4c8996fb92427ae41e4649b934ca495991b7852b855,f77132cabe742eca4e6ea3b7b06398f99d6d0fd230b1f2404a7678a2940dda5c
adult,0.1,6060,8,7205,0,7205,1.0,False,True,False,True,False,4975,2230,0.30950728660652327,0,0,4975,2230,2,74ab64cb20dc5d3cdd32f66fd0d389479c68bd415e74065a3fb427173d1858ec,f77132cabe742eca4e6ea3b7b06398f99d6d0fd230b1f2404a7678a2940dda5c
adult,0.1,6060,9,1018,0,1018,1.0,False,True,False,True,False,718,300,0.29469548133595286,0,0,718,300,2,c0690461c040a09cdfa0fcc401a232c0f271a264768f58746a128be73cee9d58,f77132cabe742eca4e6ea3b7b06398f99d6d0fd230b1f2404a7678a2940dda5c
adult,0.1,6060,10,26,15,11,0.4230769230769231,False,False,False,False,False,21,5,0.19230769230769232,13,2,8,3,0,b699e40a77a20c71383e68b5071cb3fb380d32b2785bcb42cc96b740dc366d13,f77132cabe742eca4e6ea3b7b06398f99d6d0fd230b1f2404a7678a2940dda5c
adult,0.1,6060,11,30,0,30,1.0,False,True,False,True,False,18,12,0.4,0,0,18,12,2,56a011f304e8cf774998f625ed8d614eaa64b06896496150b268f30095837a05,f77132cabe742eca4e6ea3b7b06398f99d6d0fd230b1f2404a7678a2940dda5c
adult,0.1,6060,12,366,238,128,0.34972677595628415,False,False,False,False,False,302,64,0.17486338797814208,214,24,88,40,0,0dce5b1931d1cdab01f434130a1cf7ec33ea87c18acde16e29e745dc3495954e,f77132cabe742eca4e6ea3b7b06398f99d6d0fd230b1f2404a7678a2940dda5c
adult,0.1,6060,13,235,7,228,0.9702127659574468,False,False,False,False,False,162,73,0.31063829787234043,7,0,155,73,1,4bb0c919363b376c8fa73f18f0d73a20eaceda7175c086f92c02eb2982e13803,f77132cabe742eca4e6ea3b7b06398f99d6d0fd230b1f2404a7678a2940dda5c
adult,0.1,6060,14,0,0,0,,True,True,True,False,False,0,0,,0,0,0,0,4,e3b0c44298fc1c149afbf4c8996fb92427ae41e4649b934ca495991b7852b855,f77132cabe742eca4e6ea3b7b06398f99d6d0fd230b1f2404a7678a2940dda5c
adult,0.1,6060,15,1,0,1,1.0,False,True,False,True,False,1,0,0.0,0,0,1,0,3,b23a22c94a0042d3aa15c2bd5a11b2cfada50e3d6e2e3a3d144f6097429b78cd,f77132cabe742eca4e6ea3b7b06398f99d6d0fd230b1f2404a7678a2940dda5c
adult,0.1,6060,16,11,0,11,1.0,False,True,False,True,False,7,4,0.36363636363636365,0,0,7,4,2,e1cd5fa30e36b98a7f71a727cd90dd33fa57aa7a6b2b2ca86ce8fed1e65fed77,f77132cabe742eca4e6ea3b7b06398f99d6d0fd230b1f2404a7678a2940dda5c
adult,0.1,6060,17,32,0,32,1.0,False,True,False,True,False,23,9,0.28125,0,0,23,9,2,8cac0bb6215dde9072746f9f784b1efa09b599542fce7f270ce9a5f7ee11845a,f77132cabe742eca4e6ea3b7b06398f99d6d0fd230b1f2404a7678a2940dda5c
adult,0.1,6060,18,8378,0,8378,1.0,False,True,False,True,False,5698,2680,0.3198854141799952,0,0,5698,2680,2,a3064f7fa9ecc4ffded949252ce8191e9f30d7f5b2beeeb596e481c3c931fada,f77132cabe742eca4e6ea3b7b06398f99d6d0fd230b1f2404a7678a2940dda5c
adult,0.1,6060,19,48,47,1,0.020833333333333332,False,False,False,False,False,44,4,0.08333333333333333,43,4,1,0,1,6914d6788a31eb05f2721af5a90ff3a2cb1e71e912576244321fa32e8d39a98d,f77132cabe742eca4e6ea3b7b06398f99d6d0fd230b1f2404a7678a2940dda5c
adult,0.1,7070,0,77,0,77,1.0,False,True,False,True,True,47,30,0.38961038961038963,0,0,47,30,2,df19a1c6cb6dc826ae2551ef46626eb148e4377f5a96427ac2c53b43fd2f29be,d15cc7a11831c15982f1fd926e6ee58cde96892f6b2b40f0f83393f368c6b480
adult,0.1,7070,1,5915,0,5915,1.0,False,True,False,True,True,4022,1893,0.32003381234150463,0,0,4022,1893,2,935fba3372406fbc720fcb5c001dcdf140a409dfcd53fabbc4ec3dd6f9f98842,d15cc7a11831c15982f1fd926e6ee58cde96892f6b2b40f0f83393f368c6b480
adult,0.1,7070,2,0,0,0,,True,True,True,False,True,0,0,,0,0,0,0,4,e3b0c44298fc1c149afbf4c8996fb92427ae41e4649b934ca495991b7852b855,d15cc7a11831c15982f1fd926e6ee58cde96892f6b2b40f0f83393f368c6b480
adult,0.1,7070,3,1,1,0,0.0,False,False,True,True,True,1,0,0.0,1,0,0,0,3,22fe924a8e1e55af9e45452218d47d7e45b6755d22a935534976b1d01db75f59,d15cc7a11831c15982f1fd926e6ee58cde96892f6b2b40f0f83393f368c6b480
adult,0.1,7070,4,1283,337,946,0.7373343725643025,False,False,False,False,False,971,312,0.24318004676539362,304,33,667,279,0,b9189c2628fec435034fb8c1bb9df2441ef2a25066f2c06bea8e6a90c99a21c3,d15cc7a11831c15982f1fd926e6ee58cde96892f6b2b40f0f83393f368c6b480
adult,0.1,7070,5,0,0,0,,True,True,True,False,False,0,0,,0,0,0,0,4,e3b0c44298fc1c149afbf4c8996fb92427ae41e4649b934ca495991b7852b855,d15cc7a11831c15982f1fd926e6ee58cde96892f6b2b40f0f83393f368c6b480
adult,0.1,7070,6,13,13,0,0.0,False,False,True,True,False,12,1,0.07692307692307693,12,1,0,0,2,de0dda9c5a9087a2cfa020578984731dd88ce9cf886326997934b0fe617c841a,d15cc7a11831c15982f1fd926e6ee58cde96892f6b2b40f0f83393f368c6b480
adult,0.1,7070,7,68,14,54,0.7941176470588235,False,False,False,False,False,53,15,0.22058823529411764,11,3,42,12,0,d0f30b1c291110738c6b8df55edfcc8d33774ffd00b8441c38b2a8570d34e274,d15cc7a11831c15982f1fd926e6ee58cde96892f6b2b40f0f83393f368c6b480
adult,0.1,7070,8,2728,1994,734,0.2690615835777126,False,False,False,False,False,2288,440,0.16129032258064516,1773,221,515,219,0,eebfb287966d745f244d66c41bdf294a98b1cd18cb70b2489ce37a5c9a951713,d15cc7a11831c15982f1fd926e6ee58cde96892f6b2b40f0f83393f368c6b480
adult,0.1,7070,9,3,3,0,0.0,False,False,True,True,False,3,0,0.0,3,0,0,0,3,72b88be7ec3e1e4fdf7ad9b8069201ee86aa70d7729e0f8f88891e80373a7a18,d15cc7a11831c15982f1fd926e6ee58cde96892f6b2b40f0f83393f368c6b480
adult,0.1,7070,10,997,997,0,0.0,False,False,True,True,False,882,115,0.11534603811434303,882,115,0,0,2,02e8637ccac4efb4472f3b128a4c4dee89828b2f00934d09c4d21664010ac9e1,d15cc7a11831c15982f1fd926e6ee58cde96892f6b2b40f0f83393f368c6b480
adult,0.1,7070,11,5429,5429,0,0.0,False,False,True,True,False,4811,618,0.11383311843801805,4811,618,0,0,2,65ba051a733ce81087bfddb2fff5a8c483bc84e2fb4f85eb90ee521609e2fa8f,d15cc7a11831c15982f1fd926e6ee58cde96892f6b2b40f0f83393f368c6b480
adult,0.1,7070,12,11,11,0,0.0,False,False,True,True,False,10,1,0.09090909090909091,10,1,0,0,2,4f227218e0ef615df469ada160e1390fc6796ca0bcf9cb97bc82f3c8dc3e10bb,d15cc7a11831c15982f1fd926e6ee58cde96892f6b2b40f0f83393f368c6b480
adult,0.1,7070,13,9648,0,9648,1.0,False,True,False,True,False,6603,3045,0.3156094527363184,0,0,6603,3045,2,fdaaab775c773a1096d62a3acf2699c02e61bc8ef1d1efb2dfbc1bbb9c39da02,d15cc7a11831c15982f1fd926e6ee58cde96892f6b2b40f0f83393f368c6b480
adult,0.1,7070,14,0,0,0,,True,True,True,False,False,0,0,,0,0,0,0,4,e3b0c44298fc1c149afbf4c8996fb92427ae41e4649b934ca495991b7852b855,d15cc7a11831c15982f1fd926e6ee58cde96892f6b2b40f0f83393f368c6b480
adult,0.1,7070,15,4,4,0,0.0,False,False,True,True,False,3,1,0.25,3,1,0,0,2,89926ca21f4a11949fa045c9ed3bb6d0eec36d045111cab95b8c18eacdb27870,d15cc7a11831c15982f1fd926e6ee58cde96892f6b2b40f0f83393f368c6b480
adult,0.1,7070,16,62,0,62,1.0,False,True,False,True,False,45,17,0.27419354838709675,0,0,45,17,2,1ea76453a465bf2fc88e33d8506d2faba747ac6cfd9962953020c61c9b758dcc,d15cc7a11831c15982f1fd926e6ee58cde96892f6b2b40f0f83393f368c6b480
adult,0.1,7070,17,857,0,857,1.0,False,True,False,True,False,608,249,0.29054842473745623,0,0,608,249,2,69cad6803009f357ffed0eacbeccbc9b57b39bac8076862092bf333f7c4587ed,d15cc7a11831c15982f1fd926e6ee58cde96892f6b2b40f0f83393f368c6b480
adult,0.1,7070,18,37,0,37,1.0,False,True,False,True,False,28,9,0.24324324324324326,0,0,28,9,2,1e0e12ebe42aa8aa0198fd138833d1239ed903cc5320c7c66bfa757d96804e8c,d15cc7a11831c15982f1fd926e6ee58cde96892f6b2b40f0f83393f368c6b480
adult,0.1,7070,19,13,1,12,0.9230769230769231,False,False,False,False,False,11,2,0.15384615384615385,1,0,10,2,1,3dea2d6b50b3ea30a27e6c0b16f1c16c2fb3561bcf9c9d736023f9af965e955c,d15cc7a11831c15982f1fd926e6ee58cde96892f6b2b40f0f83393f368c6b480
adult,0.1,789,0,1888,0,1888,1.0,False,True,False,True,True,1294,594,0.3146186440677966,0,0,1294,594,2,4367dc64e4c691555cf3b14bd1e252898c46bbd0c1119ac9ec34152fac2cc347,e3627ae02f41b0ebc06ca61f7e26956baf2f1baeec101bf3d07e968ac608325d
adult,0.1,789,1,0,0,0,,True,True,True,False,True,0,0,,0,0,0,0,4,e3b0c44298fc1c149afbf4c8996fb92427ae41e4649b934ca495991b7852b855,e3627ae02f41b0ebc06ca61f7e26956baf2f1baeec101bf3d07e968ac608325d
adult,0.1,789,2,28,0,28,1.0,False,True,False,True,True,20,8,0.2857142857142857,0,0,20,8,2,feaef1876918d86672253807aa9d4b096dfe2f657a7ca8272505552f0c91e743,e3627ae02f41b0ebc06ca61f7e26956baf2f1baeec101bf3d07e968ac608325d
adult,0.1,789,3,9,9,0,0.0,False,False,True,True,True,5,4,0.4444444444444444,5,4,0,0,2,a2f268390aad90111b83ff3829d804a9e11fecdc105af59878eda7c53f7a86ee,e3627ae02f41b0ebc06ca61f7e26956baf2f1baeec101bf3d07e968ac608325d
adult,0.1,789,4,82,50,32,0.3902439024390244,False,False,False,False,False,67,15,0.18292682926829268,47,3,20,12,0,6e104bf30471670e31e32f63be9aa633cab45f9d3e0b00ae7a0da7a777f8b51d,e3627ae02f41b0ebc06ca61f7e26956baf2f1baeec101bf3d07e968ac608325d
adult,0.1,789,5,0,0,0,,True,True,True,False,False,0,0,,0,0,0,0,4,e3b0c44298fc1c149afbf4c8996fb92427ae41e4649b934ca495991b7852b855,e3627ae02f41b0ebc06ca61f7e26956baf2f1baeec101bf3d07e968ac608325d
adult,0.1,789,6,63,61,2,0.031746031746031744,False,False,False,False,False,56,7,0.1111111111111111,54,7,2,0,1,3670a1984e495742f0febb120b9e25036adb65620916129465959a177247cc6d,e3627ae02f41b0ebc06ca61f7e26956baf2f1baeec101bf3d07e968ac608325d
adult,0.1,789,7,11044,11,11033,0.999003984063745,False,False,False,False,False,7548,3496,0.31655197392249185,7,4,7541,3492,0,be1e6758c74d696ab151ae826529b956408aeea65d08a890cebaca53af2de788,e3627ae02f41b0ebc06ca61f7e26956baf2f1baeec101bf3d07e968ac608325d
adult,0.1,789,8,25,0,25,1.0,False,True,False,True,False,18,7,0.28,0,0,18,7,2,a09b5b9bf06b0d6dc26ab44b14d5021919b471839561fa1c8fa2a50f2a1412ec,e3627ae02f41b0ebc06ca61f7e26956baf2f1baeec101bf3d07e968ac608325d
adult,0.1,789,9,26,26,0,0.0,False,False,True,True,False,23,3,0.11538461538461539,23,3,0,0,2,71adae6697a86f881760c241c29e03a1b3a72d5c218f63bd69533c63e89397ad,e3627ae02f41b0ebc06ca61f7e26956baf2f1baeec101bf3d07e968ac608325d
adult,0.1,789,10,1,0,1,1.0,False,True,False,True,False,1,0,0.0,0,0,1,0,3,2be92f3fb5a4e7efd179f459ab56af2c55ac7bc3804fe66bac0d80dcd756e4ab,e3627ae02f41b0ebc06ca61f7e26956baf2f1baeec101bf3d07e968ac608325d
adult,0.1,789,11,7,3,4,0.5714285714285714,False,False,False,False,False,6,1,0.14285714285714285,3,0,3,1,1,a7d0c6a5c3c558950f0cea0756668aa83732e027059fdd62bfc90b6d057901e5,e3627ae02f41b0ebc06ca61f7e26956baf2f1baeec101bf3d07e968ac608325d
adult,0.1,789,12,1080,520,560,0.5185185185185185,False,False,False,False,False,842,238,0.22037037037037038,469,51,373,187,0,bfc72dfb800122000b95c45a322811b9fb758cc4af3e4bbfa88f5d76e474075c,e3627ae02f41b0ebc06ca61f7e26956baf2f1baeec101bf3d07e968ac608325d
adult,0.1,789,13,6970,5687,1283,0.18407460545193688,False,False,False,False,False,5897,1073,0.1539454806312769,5013,674,884,399,0,aa575ae110687443f99910a65d0e8355466e3ac3160d28b066ecc23c35ddf478,e3627ae02f41b0ebc06ca61f7e26956baf2f1baeec101bf3d07e968ac608325d
adult,0.1,789,14,2662,2427,235,0.08827948910593539,False,False,False,False,False,2319,343,0.1288504883546206,2153,274,166,69,0,6222c841c39b322ba96303d89d67cecc3a147b9bdba58b0e5dc40eaeddacb971,e3627ae02f41b0ebc06ca61f7e26956baf2f1baeec101bf3d07e968ac608325d
adult,0.1,789,15,3,3,0,0.0,False,False,True,True,False,2,1,0.3333333333333333,2,1,0,0,2,817bd1efd172ee9d993a7566adeca02b12a44ff40ed38eade33a7a28443a0480,e3627ae02f41b0ebc06ca61f7e26956baf2f1baeec101bf3d07e968ac608325d
adult,0.1,789,16,6,6,0,0.0,False,False,True,True,False,5,1,0.16666666666666666,5,1,0,0,2,b55e35db62134cbdb9a23e3290e472a5c95b6cb321cdde4fab2a576d294599fa,e3627ae02f41b0ebc06ca61f7e26956baf2f1baeec101bf3d07e968ac608325d
adult,0.1,789,17,1227,0,1227,1.0,False,True,False,True,False,836,391,0.3186634066829666,0,0,836,391,2,f6d5198233ebf8458bec8dddab80b0cd1d98a8c3d42edcee232c76c25b98406c,e3627ae02f41b0ebc06ca61f7e26956baf2f1baeec101bf3d07e968ac608325d
adult,0.1,789,18,1555,0,1555,1.0,False,True,False,True,False,1067,488,0.31382636655948554,0,0,1067,488,2,433c305baf46e0f88b51177b28f5dcbe316d9bb51c400a7d73bf3219cfb21f4b,e3627ae02f41b0ebc06ca61f7e26956baf2f1baeec101bf3d07e968ac608325d
adult,0.1,789,19,470,1,469,0.997872340425532,False,False,False,False,False,329,141,0.3,1,0,328,141,1,c40d6d9dff484826f71c3f32fa98520779b824455482739ba103277b25684e62,e3627ae02f41b0ebc06ca61f7e26956baf2f1baeec101bf3d07e968ac608325d
adult,0.5,1001,0,420,403,17,0.04047619047619048,False,False,False,False,True,375,45,0.10714285714285714,367,36,8,9,0,b4640d8b65016a1fb3446efb1ead4f3d32b92cffb4b934cc94ed587bd3ce430b,16cdbf0ec02307836719b7eb83dd9b560028130fb2c606246fc9d33deaed5785
adult,0.5,1001,1,1586,1490,96,0.0605296343001261,False,False,False,False,True,1381,205,0.12925598991172763,1322,168,59,37,0,c63a413ef6cacdb830bd2064d5d6b584704314e658470ef48a3381daeece06db,16cdbf0ec02307836719b7eb83dd9b560028130fb2c606246fc9d33deaed5785
adult,0.5,1001,2,2750,2640,110,0.04,False,False,False,False,True,2412,338,0.12290909090909091,2330,310,82,28,0,5074973f502c7e88b3290fce6addbe6f9bfcbe32e458bc8005f522d6478ed8e2,16cdbf0ec02307836719b7eb83dd9b560028130fb2c606246fc9d33deaed5785
adult,0.5,1001,3,138,75,63,0.45652173913043476,False,False,False,False,True,112,26,0.18840579710144928,67,8,45,18,0,8153cd470317f68ec1dabb1354f5f44eb5de5174a27729e9d0ab67084270cf71,16cdbf0ec02307836719b7eb83dd9b560028130fb2c606246fc9d33deaed5785
adult,0.5,1001,4,410,64,346,0.8439024390243902,False,False,False,False,False,304,106,0.25853658536585367,58,6,246,100,0,100babd151e835190e2991a52363611a1e78d781b3ee304317039f0c8858407a,16cdbf0ec02307836719b7eb83dd9b560028130fb2c606246fc9d33deaed5785
adult,0.5,1001,5,798,5,793,0.993734335839599,False,False,False,False,False,567,231,0.2894736842105263,3,2,564,229,0,3a0cb3210ab6274136876d0fae13a70d24a615421a797c520ba769cb00de16c5,16cdbf0ec02307836719b7eb83dd9b560028130fb2c606246fc9d33deaed5785
adult,0.5,1001,6,1850,1759,91,0.049189189189189186,False,False,False,False,False,1632,218,0.11783783783783784,1565,194,67,24,0,03bb835e918f3ca40ab52e07ac83d8e81d590bc08914ee5763112d246f2a2819,16cdbf0ec02307836719b7eb83dd9b560028130fb2c606246fc9d33deaed5785
adult,0.5,1001,7,77,0,77,1.0,False,True,False,True,False,50,27,0.35064935064935066,0,0,50,27,2,4aa802f9cf905aa8426444190775f52da9a571f653eb1c186633d4035492bb8e,16cdbf0ec02307836719b7eb83dd9b560028130fb2c606246fc9d33deaed5785
adult,0.5,1001,8,730,431,299,0.4095890410958904,False,False,False,False,False,571,159,0.21780821917808219,374,57,197,102,0,eb09cd44bc3d4b8c544ad5d185fea86ab09e1b114c19d0eef0eb232a6180a42c,16cdbf0ec02307836719b7eb83dd9b560028130fb2c606246fc9d33deaed5785
adult,0.5,1001,9,41,40,1,0.024390243902439025,False,False,False,False,False,37,4,0.0975609756097561,37,3,0,1,1,0f97be97f851a40e85f9758be64d4dcb069ce77b5344ea0ba3d0e2f7d58275f6,16cdbf0ec02307836719b7eb83dd9b560028130fb2c606246fc9d33deaed5785
adult,0.5,1001,10,1696,12,1684,0.9929245283018868,False,False,False,False,False,1173,523,0.30837264150943394,12,0,1161,523,1,5aa8e7f12d10e24262b7bb06bd253c6e314411f9252b9469ddf2cee34ace2750,16cdbf0ec02307836719b7eb83dd9b560028130fb2c606246fc9d33deaed5785
adult,0.5,1001,11,5215,35,5180,0.9932885906040269,False,False,False,False,False,3510,1705,0.32694151486097794,28,7,3482,1698,0,692c24bbe06ea48c6d5b3f16c796f96dc77ec87570df352c4578ae8be6fdd771,16cdbf0ec02307836719b7eb83dd9b560028130fb2c606246fc9d33deaed5785
adult,0.5,1001,12,663,109,554,0.8355957767722474,False,False,False,False,False,454,209,0.3152337858220211,99,10,355,199,0,7d598a2c7a30fc233dab58d6c74e8c5095cd11b6c4fad6762782a205f6df475c,16cdbf0ec02307836719b7eb83dd9b560028130fb2c606246fc9d33deaed5785
adult,0.5,1001,13,849,262,587,0.6914016489988222,False,False,False,False,False,635,214,0.25206124852767964,227,35,408,179,0,33f455fb690f97efa261ded58880b3b663e24d8084255735d0b1777ca37c6797,16cdbf0ec02307836719b7eb83dd9b560028130fb2c606246fc9d33deaed5785
adult,0.5,1001,14,992,399,593,0.5977822580645161,False,False,False,False,False,772,220,0.2217741935483871,352,47,420,173,0,923c188dab3cde03ed8fca120f4f378483f75ef9691c26de52239040af8f3c4d,16cdbf0ec02307836719b7eb83dd9b560028130fb2c606246fc9d33deaed5785
adult,0.5,1001,15,5431,12,5419,0.9977904621616646,False,False,False,False,False,3756,1675,0.3084146566009943,10,2,3746,1673,0,49dfca3803142ecb283eff92531a06e77abb3045a917386439196cb6c12e9101,16cdbf0ec02307836719b7eb83dd9b560028130fb2c606246fc9d33deaed5785
adult,0.5,1001,16,254,125,129,0.5078740157480315,False,False,False,False,False,199,55,0.21653543307086615,116,9,83,46,0,b2c074e096ad216df254d40c6c497ef1b2de513f6b4387e91cbbe215d4a36ca0,16cdbf0ec02307836719b7eb83dd9b560028130fb2c606246fc9d33deaed5785
adult,0.5,1001,17,752,717,35,0.04654255319148936,False,False,False,False,False,650,102,0.1356382978723404,627,90,23,12,0,3bf00e8e15968dae842d3feebd3cd5aa386e1e89070e155eca33b4f9431e37b8,16cdbf0ec02307836719b7eb83dd9b560028130fb2c606246fc9d33deaed5785
adult,0.5,1001,18,2177,194,1983,0.9108865411116215,False,False,False,False,False,1557,620,0.2847955902618282,169,25,1388,595,0,86afd50ae38ba0bec95ed0a56366c6853034b9acb615cafacf9e248f06de1a43,16cdbf0ec02307836719b7eb83dd9b560028130fb2c606246fc9d33deaed5785
adult,0.5,1001,19,317,32,285,0.8990536277602523,False,False,False,False,False,222,95,0.2996845425867508,25,7,197,88,0,4438a68cab0e0e25804fbd5180cf71ce198ab53e33884bdbf74036908164676c,16cdbf0ec02307836719b7eb83dd9b560028130fb2c606246fc9d33deaed5785
adult,0.5,123,0,9072,223,8849,0.9754188712522046,False,False,False,False,True,6269,2803,0.3089726631393298,187,36,6082,2767,0,6f6471d076d22d0c5569206e6a5d33f91aced5b8b77ca5c469fedb7c620c36da,0c745c2931b0db178eb2eb43687753d2f2555c2766c26d7a112ebca6c0f23a82
adult,0.5,123,1,335,271,64,0.191044776119403,False,False,False,False,True,279,56,0.16716417910447762,238,33,41,23,0,5533e81a78974cd4d50d82b232b94d1ca59edffd2ff9439a2a36ca2f494b45cf,0c745c2931b0db178eb2eb43687753d2f2555c2766c26d7a112ebca6c0f23a82
adult,0.5,123,2,577,5,572,0.9913344887348353,False,False,False,False,True,391,186,0.3223570190641248,4,1,387,185,0,46277add4ab9d94d282ae47b56195d086b84c8006ea4aa63d56332d50758d1ac,0c745c2931b0db178eb2eb43687753d2f2555c2766c26d7a112ebca6c0f23a82
adult,0.5,123,3,262,250,12,0.04580152671755725,False,False,False,False,True,226,36,0.13740458015267176,218,32,8,4,0,0d69e346e134a11048711f62fafb8b4029ca864945cbf5f86ca612cc1bffe4e2,0c745c2931b0db178eb2eb43687753d2f2555c2766c26d7a112ebca6c0f23a82
adult,0.5,123,4,58,57,1,0.017241379310344827,False,False,False,False,False,50,8,0.13793103448275862,49,8,1,0,1,9784c147418108ee2e059f5092bb3a382d73579993dda53fd650f0dcd209297c,0c745c2931b0db178eb2eb43687753d2f2555c2766c26d7a112ebca6c0f23a82
adult,0.5,123,5,337,52,285,0.8456973293768546,False,False,False,False,False,239,98,0.29080118694362017,45,7,194,91,0,67491e8d358be3827e605f810c6a4c5b1bca4136c9b9f05e80108bc2a6514903,0c745c2931b0db178eb2eb43687753d2f2555c2766c26d7a112ebca6c0f23a82
adult,0.5,123,6,870,617,253,0.2908045977011494,False,False,False,False,False,720,150,0.1724137931034483,545,72,175,78,0,3251d7b9899bbb6779d2a2d3b1da0083096eabfde2e7bb7c7216f82471a4135a,0c745c2931b0db178eb2eb43687753d2f2555c2766c26d7a112ebca6c0f23a82
adult,0.5,123,7,1505,109,1396,0.9275747508305647,False,False,False,False,False,1083,422,0.28039867109634553,102,7,981,415,0,4aec525f5ff8c9eba88e41c619333f8df75b59df6924f4b12beb0bf6a9d8d0ad,0c745c2931b0db178eb2eb43687753d2f2555c2766c26d7a112ebca6c0f23a82
adult,0.5,123,8,54,38,16,0.2962962962962963,False,False,False,False,False,48,6,0.1111111111111111,37,1,11,5,0,64a00aeba052c6f2b383b03f31e29463b01525e5caf339a09a4fd324fcb02c35,0c745c2931b0db178eb2eb43687753d2f2555c2766c26d7a112ebca6c0f23a82
adult,0.5,123,9,1786,10,1776,0.9944008958566629,False,False,False,False,False,1196,590,0.3303471444568869,8,2,1188,588,0,b56907b7d265a2a57263c7b1aa07c9f85e932f33eb8db9484aaaa87aa676e378,0c745c2931b0db178eb2eb43687753d2f2555c2766c26d7a112ebca6c0f23a82
adult,0.5,123,10,661,649,12,0.018154311649016642,False,False,False,False,False,591,70,0.1059001512859304,579,70,12,0,1,e7054fe57472c1f841fae68e8e9de29ff5d8e121e1155fa6e3beb28ca5572bb8,0c745c2931b0db178eb2eb43687753d2f2555c2766c26d7a112ebca6c0f23a82
adult,0.5,123,11,2712,1484,1228,0.4528023598820059,False,False,False,False,False,2171,541,0.19948377581120944,1315,169,856,372,0,d1fcb308bae977518b345c2757a42c8596bf5c0dc478bb6eff041c4f8ec82733,0c745c2931b0db178eb2eb43687753d2f2555c2766c26d7a112ebca6c0f23a82
adult,0.5,123,12,971,26,945,0.9732234809474768,False,False,False,False,False,687,284,0.2924819773429454,22,4,665,280,0,591e2e4a5c41d5972711da1a96effc06d7045f5d777ae02971b7c63f7e739489,0c745c2931b0db178eb2eb43687753d2f2555c2766c26d7a112ebca6c0f23a82
adult,0.5,123,13,179,178,1,0.00558659217877095,False,False,False,False,False,162,17,0.09497206703910614,162,16,0,1,1,86d1a4e4f3ede9508c7511ea1abe27e7d7f36dbbe1d07cb7f6d68819e409a355,0c745c2931b0db178eb2eb43687753d2f2555c2766c26d7a112ebca6c0f23a82
adult,0.5,123,14,691,282,409,0.5918958031837916,False,False,False,False,False,519,172,0.24891461649782923,248,34,271,138,0,3bb8e6d37e307bf36a473a524ad8099ea896a9141ec1f6a36c8df45ee6aa11c2,0c745c2931b0db178eb2eb43687753d2f2555c2766c26d7a112ebca6c0f23a82
adult,0.5,123,15,4005,3754,251,0.06267166042446941,False,False,False,False,False,3498,507,0.12659176029962546,3330,424,168,83,0,5bfea38d20b165f2ddd979db044a584b8d184c91c3b2603365f0a120f63af64d,0c745c2931b0db178eb2eb43687753d2f2555c2766c26d7a112ebca6c0f23a82
adult,0.5,123,16,1239,392,847,0.6836158192090396,False,False,False,False,False,936,303,0.24455205811138014,352,40,584,263,0,b73ebbeadea185f436c69c0afb4bacb0f2733999c0cebe6bbd35a39f35ec39d7,0c745c2931b0db178eb2eb43687753d2f2555c2766c26d7a112ebca6c0f23a82
adult,0.5,123,17,1119,120,999,0.8927613941018767,False,False,False,False,False,774,345,0.30831099195710454,104,16,670,329,0,f5bd7d909516b2c2b81bc5b0f3db725711d77cfbaff9c52a18f1fec267529aea,0c745c2931b0db178eb2eb43687753d2f2555c2766c26d7a112ebca6c0f23a82
adult,0.5,123,18,289,284,5,0.01730103806228374,False,False,False,False,False,259,30,0.10380622837370242,255,29,4,1,0,8fbfe0562cc0aea4db1b546e067e26f62888497979468bf9a92d6800d164e77b,0c745c2931b0db178eb2eb43687753d2f2555c2766c26d7a112ebca6c0f23a82
adult,0.5,123,19,424,3,421,0.9929245283018868,False,False,False,False,False,298,126,0.2971698113207547,2,1,296,125,0,c47758d932ab4fb8a1d956182e9df4bb5f0b723156bba1e807abf7f1e7c59584,0c745c2931b0db178eb2eb43687753d2f2555c2766c26d7a112ebca6c0f23a82
adult,0.5,2024,0,797,754,43,0.053952321204516936,False,False,False,False,True,684,113,0.14178168130489335,648,106,36,7,0,55bf927d3fb3c018fb57cbc08eb81bbf6c5f855d1010bddbcfc75a6657fb4b41,99bae3a923a192c60dc8cecda6d3294199ba434a68ac7e90419795177df1f287
adult,0.5,2024,1,217,197,20,0.09216589861751152,False,False,False,False,True,192,25,0.1152073732718894,176,21,16,4,0,7e3817090b3097e382c2558c61c012dc6c943aef3562699131c21bfbbb423500,99bae3a923a192c60dc8cecda6d3294199ba434a68ac7e90419795177df1f287
adult,0.5,2024,2,1766,51,1715,0.9711211778029445,False,False,False,False,True,1201,565,0.3199320498301246,47,4,1154,561,0,ae359e8cd02cae1a8a71e0013474a5950c09864079f4901e15e1f8abbc37b10e,99bae3a923a192c60dc8cecda6d3294199ba434a68ac7e90419795177df1f287
adult,0.5,2024,3,389,242,147,0.37789203084832906,False,False,False,False,True,310,79,0.20308483290488433,209,33,101,46,0,b985f949ede7887bc88b340fa3549eccb8c498b90c622f1ab5468d9095a93fd3,99bae3a923a192c60dc8cecda6d3294199ba434a68ac7e90419795177df1f287
adult,0.5,2024,4,200,150,50,0.25,False,False,False,False,False,167,33,0.165,136,14,31,19,0,547c85c1d5918f61cc76f420ab40c3e583f7a3c64be424c9dd3aef4f2e6b4793,99bae3a923a192c60dc8cecda6d3294199ba434a68ac7e90419795177df1f287
adult,0.5,2024,5,4463,4,4459,0.9991037418776607,False,False,False,False,False,3043,1420,0.318171633430428,4,0,3039,1420,1,6b5e1960e2505449df37e9e1fa41802a6b9d764f77cf772af0f4d54244b865cb,99bae3a923a192c60dc8cecda6d3294199ba434a68ac7e90419795177df1f287
adult,0.5,2024,6,2733,2203,530,0.19392608854738383,False,False,False,False,False,2325,408,0.14928649835345773,1968,235,357,173,0,e6647fcef548d4a43ed07c68339dbf93ed56b02b036f0a4907320d05354cdfe9,99bae3a923a192c60dc8cecda6d3294199ba434a68ac7e90419795177df1f287
adult,0.5,2024,7,1543,609,934,0.6053143227478938,False,False,False,False,False,1178,365,0.23655217109526896,528,81,650,284,0,5c7c6c6c76d683459a64fba48a7a5b2b6ed3c5a139d773454781b144cb985395,99bae3a923a192c60dc8cecda6d3294199ba434a68ac7e90419795177df1f287
adult,0.5,2024,8,1820,741,1079,0.5928571428571429,False,False,False,False,False,1421,399,0.21923076923076923,674,67,747,332,0,8f87094e64c06b5f0f8892635ce0522a492b7623b8dce1bb3be225110e467bef,99bae3a923a192c60dc8cecda6d3294199ba434a68ac7e90419795177df1f287
adult,0.5,2024,9,493,106,387,0.7849898580121704,False,False,False,False,False,363,130,0.26369168356997974,94,12,269,118,0,13a2805b5f7923d08338092f5d0dfb111913602709aaa51bf66f24e5b84d2169,99bae3a923a192c60dc8cecda6d3294199ba434a68ac7e90419795177df1f287
adult,0.5,2024,10,947,72,875,0.9239704329461457,False,False,False,False,False,648,299,0.31573389651531153,62,10,586,289,0,20d76a8c1a3a549983b20daeacf8be59973c88f5c0c7e5e7f0cc603bcfa1a7be,99bae3a923a192c60dc8cecda6d3294199ba434a68ac7e90419795177df1f287
adult,0.5,2024,11,2249,895,1354,0.6020453534904402,False,False,False,False,False,1718,531,0.23610493552690084,789,106,929,425,0,5b9f829d8fac1a22ea2c9093d5292430c32790a4e686b101ba27af97f2a1bcd6,99bae3a923a192c60dc8cecda6d3294199ba434a68ac7e90419795177df1f287
adult,0.5,2024,12,483,369,114,0.2360248447204969,False,False,False,False,False,414,69,0.14285714285714285,338,31,76,38,0,dd50668e4513086238c293d3f13dd50045e53d55e38da6d6431df4bc15498836,99bae3a923a192c60dc8cecda6d3294199ba434a68ac7e90419795177df1f287
adult,0.5,2024,13,671,382,289,0.4307004470938897,False,False,False,False,False,547,124,0.18479880774962743,345,37,202,87,0,3f3693759034170d68588a7436479feb39c28adf5f4ea8625663266458bdd4b2,99bae3a923a192c60dc8cecda6d3294199ba434a68ac7e90419795177df1f287
adult,0.5,2024,14,68,22,46,0.6764705882352942,False,False,False,False,False,51,17,0.25,21,1,30,16,0,81b25ee51e78e0035625efd095523fce7ea1b2b5c20e03184cb80e74acc6b0eb,99bae3a923a192c60dc8cecda6d3294199ba434a68ac7e90419795177df1f287
adult,0.5,2024,15,5009,1154,3855,0.769614693551607,False,False,False,False,False,3700,1309,0.2613296067079257,1023,131,2677,1178,0,1e5c53575effcb890a7ba81f3fcded0e1a08cb6f95cd4fc7f99db3a77c95eacf,99bae3a923a192c60dc8cecda6d3294199ba434a68ac7e90419795177df1f287
adult,0.5,2024,16,407,301,106,0.26044226044226043,False,False,False,False,False,333,74,0.18181818181818182,264,37,69,37,0,70275500dbe4ef2faec39d02f7753e14d5edf7e9b585e74f674b48b73ace7152,99bae3a923a192c60dc8cecda6d3294199ba434a68ac7e90419795177df1f287
adult,0.5,2024,17,985,217,768,0.7796954314720812,False,False,False,False,False,719,266,0.2700507614213198,185,32,534,234,0,0f3a6b3fdff8f53931e5f3efeb0e976f62899819271888dd885a0d9bc001d941,99bae3a923a192c60dc8cecda6d3294199ba434a68ac7e90419795177df1f287
adult,0.5,2024,18,1395,77,1318,0.9448028673835125,False,False,False,False,False,972,423,0.3032258064516129,66,11,906,412,0,bb0daf4e56a4e3f6673e117b312f20a740e0da8e2cc394dbfba201397bced620,99bae3a923a192c60dc8cecda6d3294199ba434a68ac7e90419795177df1f287
adult,0.5,2024,19,511,258,253,0.49510763209393344,False,False,False,False,False,388,123,0.24070450097847357,226,32,162,91,0,a9431eecc3b57ea7cbf14c8c0b5f500604338100b3fa25f1da6aeb667d2623a5,99bae3a923a192c60dc8cecda6d3294199ba434a68ac7e90419795177df1f287
adult,0.5,3141,0,1955,599,1356,0.6936061381074169,False,False,False,False,True,1474,481,0.24603580562659846,530,69,944,412,0,26170848b9ea5769202a58798cd2b9ff06607ad7ca12edb9a868c40fbc2fd83b,5d9f1520992e31edc2a7517e5337406976589fbcd167f113cc3225ebdc42ca93
adult,0.5,3141,1,4868,39,4829,0.991988496302383,False,False,False,False,True,3375,1493,0.30669679539852096,36,3,3339,1490,0,676c86b2e9f608911c9aa84ad30b0373809cfd0f57273aa0254307bd8831ae10,5d9f1520992e31edc2a7517e5337406976589fbcd167f113cc3225ebdc42ca93
adult,0.5,3141,2,511,2,509,0.9960861056751468,False,False,False,False,True,355,156,0.30528375733855184,2,0,353,156,1,2360f4c3ce43242accae2ea7fa00e88d14db98f24483699d79fa26044a146575,5d9f1520992e31edc2a7517e5337406976589fbcd167f113cc3225ebdc42ca93
adult,0.5,3141,3,1030,44,986,0.9572815533980582,False,False,False,False,True,704,326,0.31650485436893205,41,3,663,323,0,a1cc5aa4d2d003f81b2358f56e80fef66b2d47008ef73b19f51209db841230d2,5d9f1520992e31edc2a7517e5337406976589fbcd167f113cc3225ebdc42ca93
adult,0.5,3141,4,2323,56,2267,0.9758932414980629,False,False,False,False,False,1631,692,0.2978906586310805,41,15,1590,677,0,c7ddb28d847abbbe7c98e40177b39386ab668f4df43c56018e301d87eb13213c,5d9f1520992e31edc2a7517e5337406976589fbcd167f113cc3225ebdc42ca93
adult,0.5,3141,5,544,533,11,0.02022058823529412,False,False,False,False,False,490,54,0.09926470588235294,484,49,6,5,0,4161cd9b2d680a48bacd8cdd43be0ac687bfc3c22025ad7de6b35ce9e10c0d3d,5d9f1520992e31edc2a7517e5337406976589fbcd167f113cc3225ebdc42ca93
adult,0.5,3141,6,1232,947,285,0.23133116883116883,False,False,False,False,False,1020,212,0.17207792207792208,830,117,190,95,0,4dcdf020c567f3e8234542b79eec77e36a2ed192f57a0158b95b66b54f2a4555,5d9f1520992e31edc2a7517e5337406976589fbcd167f113cc3225ebdc42ca93
adult,0.5,3141,7,358,343,15,0.04189944134078212,False,False,False,False,False,301,57,0.15921787709497207,292,51,9,6,0,b896b463705c187aaf8bc461d9287eef6d349f2820780ac2627fb6f3c2c9bb6c,5d9f1520992e31edc2a7517e5337406976589fbcd167f113cc3225ebdc42ca93
adult,0.5,3141,8,1298,220,1078,0.8305084745762712,False,False,False,False,False,904,394,0.3035439137134052,193,27,711,367,0,7b0cd0a9b2a6eeef4135c163e0df031fb691c03b273d47a1507db6d8e05f039d,5d9f1520992e31edc2a7517e5337406976589fbcd167f113cc3225ebdc42ca93
adult,0.5,3141,9,5104,908,4196,0.8221003134796239,False,False,False,False,False,3685,1419,0.27801724137931033,801,107,2884,1312,0,4e1a63f4a5423fdcb47d170105c0c3e5c47b0e17ae5e8c191ae4feab7d40cf6b,5d9f1520992e31edc2a7517e5337406976589fbcd167f113cc3225ebdc42ca93
adult,0.5,3141,10,974,441,533,0.5472279260780287,False,False,False,False,False,748,226,0.23203285420944558,397,44,351,182,0,c04fe34e17fe35ad5f63e9959a05de33e81522e6ae3de7979bda633f6570ad18,5d9f1520992e31edc2a7517e5337406976589fbcd167f113cc3225ebdc42ca93
adult,0.5,3141,11,246,213,33,0.13414634146341464,False,False,False,False,False,210,36,0.14634146341463414,188,25,22,11,0,1d6744dc3ad7e17f3e88446a71336c29cbde222eb12606c3cf6dd6f8c1a68858,5d9f1520992e31edc2a7517e5337406976589fbcd167f113cc3225ebdc42ca93
adult,0.5,3141,12,463,257,206,0.4449244060475162,False,False,False,False,False,374,89,0.19222462203023757,234,23,140,66,0,b84d1bbb5ea318131eb928fccaf451124560294aba3912baa65984df2cacee6f,5d9f1520992e31edc2a7517e5337406976589fbcd167f113cc3225ebdc42ca93
adult,0.5,3141,13,53,47,6,0.11320754716981132,False,False,False,False,False,48,5,0.09433962264150944,44,3,4,2,0,6c1802cd6e7ac7d9b36beea9c474dd134d4ca6b08645dcd9868ae7da6ed77ff1,5d9f1520992e31edc2a7517e5337406976589fbcd167f113cc3225ebdc42ca93
adult,0.5,3141,14,1654,451,1203,0.7273276904474002,False,False,False,False,False,1214,440,0.2660217654171705,411,40,803,400,0,62cb84b81d5570aaa8124bb6b83bcf7fa15bac0d1de735c1151a7f5236ccb436,5d9f1520992e31edc2a7517e5337406976589fbcd167f113cc3225ebdc42ca93
adult,0.5,3141,15,1179,1112,67,0.056827820186598814,False,False,False,False,False,1042,137,0.11620016963528414,999,113,43,24,0,4edc95a2ec019cdfd56494b92e523373cfd38c080e6969b5c47f4cded930587d,5d9f1520992e31edc2a7517e5337406976589fbcd167f113cc3225ebdc42ca93
adult,0.5,3141,16,818,630,188,0.22982885085574573,False,False,False,False,False,679,139,0.16992665036674817,552,78,127,61,0,41d0c4d798f18a30d01f4ddbebc137c96201101880001974b88ca6f7db5b1bc0,5d9f1520992e31edc2a7517e5337406976589fbcd167f113cc3225ebdc42ca93
adult,0.5,3141,17,416,353,63,0.15144230769230768,False,False,False,False,False,356,60,0.14423076923076922,310,43,46,17,0,6116b6c22b6ae3b71da92baf8ba0b37f1195bb71db73d973c5093b65b8f0763c,5d9f1520992e31edc2a7517e5337406976589fbcd167f113cc3225ebdc42ca93
adult,0.5,3141,18,703,481,222,0.3157894736842105,False,False,False,False,False,585,118,0.1678520625889047,433,48,152,70,0,b9bb50076ac170e9df5b7940251c7bb7d94f379dc418779b106752b12326b4ec,5d9f1520992e31edc2a7517e5337406976589fbcd167f113cc3225ebdc42ca93
adult,0.5,3141,19,1417,1128,289,0.20395201129146084,False,False,False,False,False,1200,217,0.15314043754410728,991,137,209,80,0,9f55693de0225b18886cfbc362ed007b6d69240bc322dcf69fa5dee6422da76c,5d9f1520992e31edc2a7517e5337406976589fbcd167f113cc3225ebdc42ca93
adult,0.5,4242,0,2545,540,2005,0.787819253438114,False,False,False,False,True,1841,704,0.27662082514734776,484,56,1357,648,0,a78d3b2b51217b0ca09aa4643343107b8f9a806b8bd6550b0bb7cac996bbd167,d60003b6d5da276b56df4355da7e8545ee44656cedf5ca57316c362b521c3cdf
adult,0.5,4242,1,1865,1651,214,0.11474530831099196,False,False,False,False,True,1600,265,0.14209115281501342,1452,199,148,66,0,3c0ea127fe5126c3dc139593d7dad0fde0c65358a7b0333fe4bb53afb370739f,d60003b6d5da276b56df4355da7e8545ee44656cedf5ca57316c362b521c3cdf
adult,0.5,4242,2,154,145,9,0.05844155844155844,False,False,False,False,True,131,23,0.14935064935064934,126,19,5,4,0,ec69550649b37c747f18dc67250776bab52eef9dff13e6c02fec9ddf40f67b40,d60003b6d5da276b56df4355da7e8545ee44656cedf5ca57316c362b521c3cdf
adult,0.5,4242,3,387,91,296,0.7648578811369509,False,False,False,False,True,285,102,0.26356589147286824,81,10,204,92,0,35a04a3ed39df69c190bf47f19ebbb1757c1f16e505cb31d76bf0008dc918cb3,d60003b6d5da276b56df4355da7e8545ee44656cedf5ca57316c362b521c3cdf
adult,0.5,4242,4,193,84,109,0.5647668393782384,False,False,False,False,False,146,47,0.24352331606217617,70,14,76,33,0,3116095cad69d78b8dfe953d36d684aeb9c18d72ca80ab52988e6ea8dd16ce2d,d60003b6d5da276b56df4355da7e8545ee44656cedf5ca57316c362b521c3cdf
adult,0.5,4242,5,129,124,5,0.03875968992248062,False,False,False,False,False,109,20,0.15503875968992248,105,19,4,1,0,fae69a53578048236e3693845820f00a84e5dab50a0d6b6716e4e53469f1bd75,d60003b6d5da276b56df4355da7e8545ee44656cedf5ca57316c362b521c3cdf
adult,0.5,4242,6,1121,1066,55,0.04906333630686887,False,False,False,False,False,979,142,0.12667261373773417,944,122,35,20,0,2d41a54c17ef8ca44048629427b81b27a5e804e67f261231bb96707a0c88e33e,d60003b6d5da276b56df4355da7e8545ee44656cedf5ca57316c362b521c3cdf
adult,0.5,4242,7,866,38,828,0.9561200923787528,False,False,False,False,False,588,278,0.3210161662817552,33,5,555,273,0,b98759bb024f80e1bd9cd5644598f4b181d9439545f0b86cbbaba548fc6f4255,d60003b6d5da276b56df4355da7e8545ee44656cedf5ca57316c362b521c3cdf
adult,0.5,4242,8,162,42,120,0.7407407407407407,False,False,False,False,False,120,42,0.25925925925925924,41,1,79,41,0,c7369390597aae6ae06d6c143d528d99c88fa66bfe4502fdc839452cf61eae9d,d60003b6d5da276b56df4355da7e8545ee44656cedf5ca57316c362b521c3cdf
adult,0.5,4242,9,1253,338,915,0.7302474062250599,False,False,False,False,False,943,310,0.24740622505985635,294,44,649,266,0,3ec4260bc1a93b4be8503e8152ebe0a6003e4b806fcf45cc4a59fd700f3a32d0,d60003b6d5da276b56df4355da7e8545ee44656cedf5ca57316c362b521c3cdf
adult,0.5,4242,10,1772,1641,131,0.07392776523702031,False,False,False,False,False,1543,229,0.12923250564334085,1447,194,96,35,0,b204ef0bfa63f13042a5643a9afaeb723c06813cc939d97e7396523c8fa5414a,d60003b6d5da276b56df4355da7e8545ee44656cedf5ca57316c362b521c3cdf
adult,0.5,4242,11,1122,5,1117,0.9955436720142602,False,False,False,False,False,766,356,0.3172905525846702,5,0,761,356,1,b8052e8bc0371a361dc0d5ad4b85a77e5d57bcac84b8f03228922e6270f74905,d60003b6d5da276b56df4355da7e8545ee44656cedf5ca57316c362b521c3cdf
adult,0.5,4242,12,171,63,108,0.631578947368421,False,False,False,False,False,129,42,0.24561403508771928,58,5,71,37,0,97e8cfd8c028a72a6b797879dea8056db065a757756d77d3c1ff096ebcf016aa,d60003b6d5da276b56df4355da7e8545ee44656cedf5ca57316c362b521c3cdf
adult,0.5,4242,13,5731,467,5264,0.9185133484557669,False,False,False,False,False,3999,1732,0.3022160181469203,417,50,3582,1682,0,b5345dc402809b152201a200f66753783eb2cbf5d88e03aa1e9a6ab8260ee46b,d60003b6d5da276b56df4355da7e8545ee44656cedf5ca57316c362b521c3cdf
adult,0.5,4242,14,2540,235,2305,0.90748031496063,False,False,False,False,False,1828,712,0.2803149606299213,216,19,1612,693,0,5ef5e9adc209f20742be662454e8d9331e18a010be7c8cc309de8a849816a803,d60003b6d5da276b56df4355da7e8545ee44656cedf5ca57316c362b521c3cdf
adult,0.5,4242,15,1133,483,650,0.5736981465136805,False,False,False,False,False,900,233,0.205648720211827,423,60,477,173,0,c20ccbfee169bbb303f2ecaf4ccf43ac0538864d1a9dd30f68eaf09f439f434a,d60003b6d5da276b56df4355da7e8545ee44656cedf5ca57316c362b521c3cdf
adult,0.5,4242,16,2545,568,1977,0.7768172888015717,False,False,False,False,False,1846,699,0.27465618860510804,505,63,1341,636,0,cd65a9e4ef293bf7c1697fed0a6dbef25000d96808389731dde0418c482966f8,d60003b6d5da276b56df4355da7e8545ee44656cedf5ca57316c362b521c3cdf
adult,0.5,4242,17,2216,205,2011,0.9074909747292419,False,False,False,False,False,1570,646,0.2915162454873646,190,15,1380,631,0,7328bd298e962f1e23dcc877c5fece3fd3f7546ade52076c2b6ac045e38c2b8b,d60003b6d5da276b56df4355da7e8545ee44656cedf5ca57316c362b521c3cdf
adult,0.5,4242,18,603,561,42,0.06965174129353234,False,False,False,False,False,524,79,0.1310116086235489,497,64,27,15,0,4a7a1cab177f7c345c1846e0fb6753c10349bff5d3f9a18cac89b21d92acb9d1,d60003b6d5da276b56df4355da7e8545ee44656cedf5ca57316c362b521c3cdf
adult,0.5,4242,19,638,457,181,0.2836990595611285,False,False,False,False,False,534,104,0.16300940438871472,411,46,123,58,0,f663370721563af21c808ad4854888653337152d7d65c35323296a80450201e0,d60003b6d5da276b56df4355da7e8545ee44656cedf5ca57316c362b521c3cdf
adult,0.5,456,0,826,71,755,0.914043583535109,False,False,False,False,True,597,229,0.2772397094430993,63,8,534,221,0,0e79700b3e78fb25aa9835d898d7ae565e6d70e35b671ed5a7c265084ad58964,24dc9477780a973e417e3ea98d564fe88d3f89b5554ed5e730bc6c6a60a73c3b
adult,0.5,456,1,1672,1395,277,0.16566985645933013,False,False,False,False,True,1433,239,0.14294258373205743,1243,152,190,87,0,6460931ebcc2451ea8c8b9ba3184de255d245c04e83eb3a945ff9d1f8056a89d,24dc9477780a973e417e3ea98d564fe88d3f89b5554ed5e730bc6c6a60a73c3b
adult,0.5,456,2,1309,1082,227,0.173414820473644,False,False,False,False,True,1113,196,0.1497326203208556,962,120,151,76,0,a00c642d81255b9a6b9b727314cb5fb1c6667d50f86e95e8728e9e647a97e437,24dc9477780a973e417e3ea98d564fe88d3f89b5554ed5e730bc6c6a60a73c3b
adult,0.5,456,3,2045,24,2021,0.9882640586797066,False,False,False,False,True,1390,655,0.3202933985330073,22,2,1368,653,0,87a849d2f67e114fcb2c5b1437cf9bf1c0e4310d33fb6324a11005c3c3b0a800,24dc9477780a973e417e3ea98d564fe88d3f89b5554ed5e730bc6c6a60a73c3b
adult,0.5,456,4,6,5,1,0.16666666666666666,False,False,False,False,False,5,1,0.16666666666666666,4,1,1,0,1,4784bf687a27871522b2a5d623c96aff7dd5cb87969abb4d717a25a6f32d773f,24dc9477780a973e417e3ea98d564fe88d3f89b5554ed5e730bc6c6a60a73c3b
adult,0.5,456,5,1163,810,353,0.3035253654342218,False,False,False,False,False,983,180,0.15477214101461736,728,82,255,98,0,86ec0c2ff9c75f57664fca53e8d44fbdf67ab4522c9ef94580f7281143b6b210,24dc9477780a973e417e3ea98d564fe88d3f89b5554ed5e730bc6c6a60a73c3b
adult,0.5,456,6,2389,703,1686,0.7057346169945584,False,False,False,False,False,1769,620,0.2595228128924236,618,85,1151,535,0,1356c07bc8e3aa8107036f657e68c0fa21dfc298edafd3f4bb568a1341e74fe7,24dc9477780a973e417e3ea98d564fe88d3f89b5554ed5e730bc6c6a60a73c3b
adult,0.5,456,7,734,25,709,0.9659400544959128,False,False,False,False,False,502,232,0.31607629427792916,24,1,478,231,0,6a25a97bab92a4120d0235ca16322c5abde484198f1e372a4ae62c3c0bb4b156,24dc9477780a973e417e3ea98d564fe88d3f89b5554ed5e730bc6c6a60a73c3b
adult,0.5,456,8,456,15,441,0.9671052631578947,False,False,False,False,False,324,132,0.2894736842105263,14,1,310,131,0,a13bd8fa4d84daefbce1d0a373e2c7abbcbc72bb196d51d34524e481fdca062c,24dc9477780a973e417e3ea98d564fe88d3f89b5554ed5e730bc6c6a60a73c3b
adult,0.5,456,9,1537,1447,90,0.05855562784645413,False,False,False,False,False,1327,210,0.13662979830839297,1264,183,63,27,0,846c3ea11cc3a063c32db7619e386f52b03ab4d64df51343373817cebdad62fb,24dc9477780a973e417e3ea98d564fe88d3f89b5554ed5e730bc6c6a60a73c3b
adult,0.5,456,10,431,14,417,0.9675174013921114,False,False,False,False,False,292,139,0.3225058004640371,14,0,278,139,1,22dae130a8a6df419978fae5260cc2e2c934da92295ba0e0e0a60cb027582de2,24dc9477780a973e417e3ea98d564fe88d3f89b5554ed5e730bc6c6a60a73c3b
adult,0.5,456,11,1623,385,1238,0.762784966112138,False,False,False,False,False,1222,401,0.24707332101047444,340,45,882,356,0,5828c38561f48266d23bcdc1be34a6bc9ec3e20536416645a37ef83500836cb0,24dc9477780a973e417e3ea98d564fe88d3f89b5554ed5e730bc6c6a60a73c3b
adult,0.5,456,12,681,681,0,0.0,False,False,True,True,False,604,77,0.1130690161527166,604,77,0,0,2,03e0a914fc03f2cbe72944ed551351a21cd52bbff4d2fb48e04d247f20601491,24dc9477780a973e417e3ea98d564fe88d3f89b5554ed5e730bc6c6a60a73c3b
adult,0.5,456,13,3183,0,3183,1.0,False,True,False,True,False,2175,1008,0.3166823751178134,0,0,2175,1008,2,6bb28f38a5fe8db731b3ab4e7457a77dc34eaaab477fa7af9dfe8b6d4bfef57d,24dc9477780a973e417e3ea98d564fe88d3f89b5554ed5e730bc6c6a60a73c3b
adult,0.5,456,14,1345,143,1202,0.8936802973977696,False,False,False,False,False,947,398,0.295910780669145,127,16,820,382,0,0cbd695c99d47b06244d026efd7afbc2dde8b31b81826deaa4f8bdf07497872e,24dc9477780a973e417e3ea98d564fe88d3f89b5554ed5e730bc6c6a60a73c3b
adult,0.5,456,15,4423,1881,2542,0.574723038661542,False,False,False,False,False,3434,989,0.22360388876328283,1679,202,1755,787,0,981e9e277bca581d3990bb124795e782c3103903e810e0afc7050d611b5ded46,24dc9477780a973e417e3ea98d564fe88d3f89b5554ed5e730bc6c6a60a73c3b
adult,0.5,456,16,2384,18,2366,0.9924496644295302,False,False,False,False,False,1634,750,0.3145973154362416,17,1,1617,749,0,12c6374364e751be3590e094d0a13acf0917f0d1db5c780e52586b024a61dd48,24dc9477780a973e417e3ea98d564fe88d3f89b5554ed5e730bc6c6a60a73c3b
adult,0.5,456,17,2,0,2,1.0,False,True,False,True,False,1,1,0.5,0,0,1,1,2,6f44e19538bb4ad098bff78a8ad34d92c15eaf13c7d2fb252f2372668fbbcc13,24dc9477780a973e417e3ea98d564fe88d3f89b5554ed5e730bc6c6a60a73c3b
adult,0.5,456,18,687,64,623,0.9068413391557496,False,False,False,False,False,470,217,0.3158660844250364,54,10,416,207,0,df05540d70f6b0802e870ca8445f555ed5df240cc7a254c60fc0260b7df2010d,24dc9477780a973e417e3ea98d564fe88d3f89b5554ed5e730bc6c6a60a73c3b
adult,0.5,456,19,250,41,209,0.836,False,False,False,False,False,176,74,0.296,37,4,139,70,0,17f5915789dd83e5c51733780dce20389d971469395b40ba1f0ff86d08128675,24dc9477780a973e417e3ea98d564fe88d3f89b5554ed5e730bc6c6a60a73c3b
adult,0.5,5050,0,1039,283,756,0.7276227141482194,False,False,False,False,True,744,295,0.28392685274302215,245,38,499,257,0,6192105bf114b75995ed4710d46318dd05c10463939b5fe36e254aeb344fbb4a,6939674eca2a153f0402d26da900fde067706da61003c7d095a2639246421f3c
adult,0.5,5050,1,479,204,275,0.5741127348643006,False,False,False,False,True,366,113,0.2359081419624217,176,28,190,85,0,ecf503df888374177b3c5ba2459784231587afbd1869b2b22852b7b8fe23ea56,6939674eca2a153f0402d26da900fde067706da61003c7d095a2639246421f3c
adult,0.5,5050,2,1599,1116,483,0.30206378986866794,False,False,False,False,True,1298,301,0.1882426516572858,989,127,309,174,0,4f1c4f0fdac8d3b7b4c541de7c47d9405ce64d9ee2e70ec88929a3c50d52a435,6939674eca2a153f0402d26da900fde067706da61003c7d095a2639246421f3c
adult,0.5,5050,3,820,13,807,0.9841463414634146,False,False,False,False,True,578,242,0.2951219512195122,11,2,567,240,0,a2faa05f08686626b204e003a4c6fb8726e3c704a238e4249d37354c0987e684,6939674eca2a153f0402d26da900fde067706da61003c7d095a2639246421f3c
adult,0.5,5050,4,2309,2222,87,0.037678648765699436,False,False,False,False,False,2037,272,0.11779991338241663,1979,243,58,29,0,66627263b4bd718cf385573601c510cd9e651eb47631948adaeb6666e0f47888,6939674eca2a153f0402d26da900fde067706da61003c7d095a2639246421f3c
adult,0.5,5050,5,290,278,12,0.041379310344827586,False,False,False,False,False,257,33,0.11379310344827587,249,29,8,4,0,8d407f19c3ecfa9bc56ad9aa39557e69c36c66a3ea57ac212153d3ce81417a20,6939674eca2a153f0402d26da900fde067706da61003c7d095a2639246421f3c
adult,0.5,5050,6,302,48,254,0.8410596026490066,False,False,False,False,False,224,78,0.2582781456953642,43,5,181,73,0,92113c81e549db65803050c2b2fad12a858f7c8676f8dc8c94dbafcb7ea84725,6939674eca2a153f0402d26da900fde067706da61003c7d095a2639246421f3c
adult,0.5,5050,7,501,410,91,0.18163672654690619,False,False,False,False,False,431,70,0.13972055888223553,363,47,68,23,0,448e5b736c0d789d7f821d56d62a621c04b4966497dc40dff9f87ddb07eb963c,6939674eca2a153f0402d26da900fde067706da61003c7d095a2639246421f3c
adult,0.5,5050,8,373,367,6,0.0160857908847185,False,False,False,False,False,338,35,0.0938337801608579,333,34,5,1,0,5667963229412b20545c7f80f5617be561d70c6a05f65717838b7d3e4e1146fd,6939674eca2a153f0402d26da900fde067706da61003c7d095a2639246421f3c
adult,0.5,5050,9,166,17,149,0.8975903614457831,False,False,False,False,False,119,47,0.28313253012048195,15,2,104,45,0,1cd19a2ed5c53685e1c44227007585221867bbf788051d705cb1f78ca99c22d0,6939674eca2a153f0402d26da900fde067706da61003c7d095a2639246421f3c
adult,0.5,5050,10,506,9,497,0.9822134387351779,False,False,False,False,False,354,152,0.30039525691699603,8,1,346,151,0,50c6d6816d6d3e95efbaf4cc3b8aa95ba55b5bb4a7668f6c34f5ac2d59c03efe,6939674eca2a153f0402d26da900fde067706da61003c7d095a2639246421f3c
adult,0.5,5050,11,958,70,888,0.9269311064718163,False,False,False,False,False,678,280,0.29227557411273486,63,7,615,273,0,57c622234547e1a5082b3da5198c2fde2b613fb0a52555214ce69bd35a35b0ab,6939674eca2a153f0402d26da900fde067706da61003c7d095a2639246421f3c
adult,0.5,5050,12,1639,9,1630,0.9945088468578401,False,False,False,False,False,1125,514,0.3136058572300183,7,2,1118,512,0,c5e51edf80e8231084287710cb37a6ffc963d3fa9b19d52772fcb1ad9ac3eff6,6939674eca2a153f0402d26da900fde067706da61003c7d095a2639246421f3c
adult,0.5,5050,13,1831,1,1830,0.9994538503549972,False,False,False,False,False,1242,589,0.3216821409066084,1,0,1241,589,1,19f0e95067ba380f3ed2ce557c14cc541f34dfb1c303612cb38fae207944cc9b,6939674eca2a153f0402d26da900fde067706da61003c7d095a2639246421f3c
adult,0.5,5050,14,2889,0,2889,1.0,False,True,False,True,False,2001,888,0.3073727933541018,0,0,2001,888,2,a6b6d20919818dd4aa5a39a75d35bead35045867cc7d82b50b641f348d5a4edd,6939674eca2a153f0402d26da900fde067706da61003c7d095a2639246421f3c
adult,0.5,5050,15,6474,2,6472,0.9996910719802286,False,False,False,False,False,4449,2025,0.31278962001853566,2,0,4447,2025,1,f1804513bde4aacafceea718a3b865e6747d8d14ae5dce74bf2d990b8e125f9e,6939674eca2a153f0402d26da900fde067706da61003c7d095a2639246421f3c
adult,0.5,5050,16,1146,420,726,0.6335078534031413,False,False,False,False,False,858,288,0.2513089005235602,366,54,492,234,0,e4ddda0d0925b9b2e0a9a59d176c1b69cac687c507929bf6851e91d6547aa688,6939674eca2a153f0402d26da900fde067706da61003c7d095a2639246421f3c
adult,0.5,5050,17,2193,1790,403,0.18376652986776107,False,False,False,False,False,1860,333,0.1518467852257182,1574,216,286,117,0,27b485b3d4079aebd49512b376c98cc6b9fb7272275e43a936469f842cdce036,6939674eca2a153f0402d26da900fde067706da61003c7d095a2639246421f3c
adult,0.5,5050,18,1370,1357,13,0.00948905109489051,False,False,False,False,False,1213,157,0.1145985401459854,1205,152,8,5,0,268a8488fdc6b40a1345c981dac1b204e7b4c970f80a119c2c833e18edea528e,6939674eca2a153f0402d26da900fde067706da61003c7d095a2639246421f3c
adult,0.5,5050,19,262,188,74,0.2824427480916031,False,False,False,False,False,225,37,0.14122137404580154,166,22,59,15,0,11ce6a3e854dc11265fb7a4aa6a30c0ba1d697380d2354f423d0226d3ec49b0f,6939674eca2a153f0402d26da900fde067706da61003c7d095a2639246421f3c
adult,0.5,6060,0,3856,1042,2814,0.7297717842323651,False,False,False,False,True,2892,964,0.25,940,102,1952,862,0,c1bc1c3d02bd005c7bd88d0be0d454a1b840c2975ad8a5e0f1df9cfd8e5c08c7,3bc50692fa9120bd7edd23dde6827c5f294e58ed8efb312ab8fa19797654666c
adult,0.5,6060,1,182,33,149,0.8186813186813187,False,False,False,False,True,134,48,0.26373626373626374,28,5,106,43,0,7707fecee059dbe003cbbedf073423f7845797923a21993d96a3ae13d3a8b40f,3bc50692fa9120bd7edd23dde6827c5f294e58ed8efb312ab8fa19797654666c
adult,0.5,6060,2,539,30,509,0.9443413729128015,False,False,False,False,True,379,160,0.29684601113172543,24,6,355,154,0,6db346b18e66129f6417539b3fc79fec0e538f3f30ba8b45cbcc590e49e69172,3bc50692fa9120bd7edd23dde6827c5f294e58ed8efb312ab8fa19797654666c
adult,0.5,6060,3,1592,15,1577,0.9905778894472361,False,False,False,False,True,1107,485,0.3046482412060301,14,1,1093,484,0,445d806d92f0996a0b733f2e3d48038ea1c175eea7c29e76670510ec6acb9b75,3bc50692fa9120bd7edd23dde6827c5f294e58ed8efb312ab8fa19797654666c
adult,0.5,6060,4,1133,1120,13,0.01147396293027361,False,False,False,False,False,1016,117,0.10326566637246248,1008,112,8,5,0,369e08871abb3e8768a265b682341a68e5601bdd9be3d7cfaa08cd7502e227ae,3bc50692fa9120bd7edd23dde6827c5f294e58ed8efb312ab8fa19797654666c
adult,0.5,6060,5,2027,1320,707,0.3487913172175629,False,False,False,False,False,1641,386,0.19042920572274297,1164,156,477,230,0,e8810ef5bf74e7bc4d09283ad4b75466ba1c60b77f32277e81d9f6dd045a0f8d,3bc50692fa9120bd7edd23dde6827c5f294e58ed8efb312ab8fa19797654666c
adult,0.5,6060,6,636,3,633,0.9952830188679245,False,False,False,False,False,445,191,0.300314465408805,3,0,442,191,1,4b0b31254958b8643fbf356b8b98b595d9d1bed1689f458cc5f639e16bda50c9,3bc50692fa9120bd7edd23dde6827c5f294e58ed8efb312ab8fa19797654666c
adult,0.5,6060,7,31,28,3,0.0967741935483871,False,False,False,False,False,27,4,0.12903225806451613,25,3,2,1,0,33333e8039a69ef8b86eaf58ce69cf6aac0cd314330951124d26e398f66638df,3bc50692fa9120bd7edd23dde6827c5f294e58ed8efb312ab8fa19797654666c
adult,0.5,6060,8,3258,420,2838,0.8710865561694291,False,False,False,False,False,2314,944,0.28974831184775934,368,52,1946,892,0,60143d13ec0d886f888cad7761c1f1f140a5009107669cf4cd86d285d7d2f019,3bc50692fa9120bd7edd23dde6827c5f294e58ed8efb312ab8fa19797654666c
adult,0.5,6060,9,1032,387,645,0.625,False,False,False,False,False,797,235,0.22771317829457363,345,42,452,193,0,86ac9c0adc1cd5863af0ba32e8849d3c57ea650de1b6614f7b36c8a6174d2fa3,3bc50692fa9120bd7edd23dde6827c5f294e58ed8efb312ab8fa19797654666c
adult,0.5,6060,10,1056,233,823,0.7793560606060606,False,False,False,False,False,784,272,0.25757575757575757,202,31,582,241,0,0ff40ceece41843f50b64551b51a78a42e77c8f7a8252845675a532babc87444,3bc50692fa9120bd7edd23dde6827c5f294e58ed8efb312ab8fa19797654666c
adult,0.5,6060,11,2007,774,1233,0.6143497757847534,False,False,False,False,False,1517,490,0.24414549078226208,689,85,828,405,0,6ecf06c38c1456d31fb26479ab4270d4c7d15474d9e2515dbfabefc9b83b289d,3bc50692fa9120bd7edd23dde6827c5f294e58ed8efb312ab8fa19797654666c
adult,0.5,6060,12,1612,122,1490,0.924317617866005,False,False,False,False,False,1108,504,0.31265508684863524,106,16,1002,488,0,9a1a479b63bfa053a538710e4f805a826047ab52ef465d85442fb872392d6536,3bc50692fa9120bd7edd23dde6827c5f294e58ed8efb312ab8fa19797654666c
adult,0.5,6060,13,201,196,5,0.024875621890547265,False,False,False,False,False,182,19,0.0945273631840796,179,17,3,2,0,2e50898fc440cf0d550fe27483299442a4c8c8e9880f6b6260bfdbbae5e63e25,3bc50692fa9120bd7edd23dde6827c5f294e58ed8efb312ab8fa19797654666c
adult,0.5,6060,14,423,45,378,0.8936170212765957,False,False,False,False,False,289,134,0.31678486997635935,38,7,251,127,0,79f9363e2f8afb68a254a655015c628f480d7c57a382da4ffdf17d5f14746253,3bc50692fa9120bd7edd23dde6827c5f294e58ed8efb312ab8fa19797654666c
adult,0.5,6060,15,1023,367,656,0.6412512218963832,False,False,False,False,False,754,269,0.26295210166177907,319,48,435,221,0,f2430e23cace108bb7557cf392e9a9816a9b684ff8f994b7b21b441045bed540,3bc50692fa9120bd7edd23dde6827c5f294e58ed8efb312ab8fa19797654666c
adult,0.5,6060,16,1336,499,837,0.6264970059880239,False,False,False,False,False,1024,312,0.23353293413173654,451,48,573,264,0,a9bafa541c5650312b45c8356c72bbc5840b0f28861e40d0565cd9b2044e898d,3bc50692fa9120bd7edd23dde6827c5f294e58ed8efb312ab8fa19797654666c
adult,0.5,6060,17,94,35,59,0.6276595744680851,False,False,False,False,False,71,23,0.24468085106382978,30,5,41,18,0,c7835dadc4f490da9c37bd7eb14216dfd1d34cdd8b88306e707fa00c5ff8a22b,3bc50692fa9120bd7edd23dde6827c5f294e58ed8efb312ab8fa19797654666c
adult,0.5,6060,18,1214,1188,26,0.0214168039538715,False,False,False,False,False,1072,142,0.11696869851729819,1054,134,18,8,0,06e739bd68157283ce41901da4d4846990111fefed872cba0d6bb4e38b8b8daf,3bc50692fa9120bd7edd23dde6827c5f294e58ed8efb312ab8fa19797654666c
adult,0.5,6060,19,3894,947,2947,0.7568053415511042,False,False,False,False,False,2855,1039,0.2668207498715973,836,111,2019,928,0,4e721f749e40f7d24bddb92bc42646af3748a839722f388bea6bef70155f4227,3bc50692fa9120bd7edd23dde6827c5f294e58ed8efb312ab8fa19797654666c
adult,0.5,7070,0,702,38,664,0.9458689458689459,False,False,False,False,True,486,216,0.3076923076923077,35,3,451,213,0,9c3b6fb4db39f6ecbd8e559fe949a36f6128f23044a706e39aa1bbc780163eb6,ef8d61b5564f17eeffc08dda13c1d35bf409eafd2ac308ed56eb3c278fed17b9
adult,0.5,7070,1,3344,9,3335,0.9973086124401914,False,False,False,False,True,2271,1073,0.3208732057416268,9,0,2262,1073,1,f20f3f5f3817dae6b9db3028573ab55644cb16c1c2de08e423c1587ab1a6a5c6,ef8d61b5564f17eeffc08dda13c1d35bf409eafd2ac308ed56eb3c278fed17b9
adult,0.5,7070,2,141,63,78,0.5531914893617021,False,False,False,False,True,113,28,0.19858156028368795,57,6,56,22,0,e332b95f7535b543354099e3fd79081d7448ffc62cb00ed53a8127b55dd37248,ef8d61b5564f17eeffc08dda13c1d35bf409eafd2ac308ed56eb3c278fed17b9
adult,0.5,7070,3,168,150,18,0.10714285714285714,False,False,False,False,True,141,27,0.16071428571428573,130,20,11,7,0,178ac246e0d7d260b8dd0629e2523a17745f11c16755f9da22728ef7604362ec,ef8d61b5564f17eeffc08dda13c1d35bf409eafd2ac308ed56eb3c278fed17b9
adult,0.5,7070,4,2166,581,1585,0.7317636195752539,False,False,False,False,False,1594,572,0.26408125577100644,506,75,1088,497,0,d5dcecda900d2427b0ba241d170414e968dad842d00f5ea8e4c5aec6dc65d230,ef8d61b5564f17eeffc08dda13c1d35bf409eafd2ac308ed56eb3c278fed17b9
adult,0.5,7070,5,1377,11,1366,0.9920116194625999,False,False,False,False,False,964,413,0.2999273783587509,10,1,954,412,0,5ea3873e0ad25d0890c32e03a18529b63329cd138ca27e83279ee6ab49bc778e,ef8d61b5564f17eeffc08dda13c1d35bf409eafd2ac308ed56eb3c278fed17b9
adult,0.5,7070,6,247,235,12,0.048582995951417005,False,False,False,False,False,221,26,0.10526315789473684,214,21,7,5,0,4e295eeca741892c8dd20d70f1c74f9df299e928f2fae490f0b73d40ccfb46d3,ef8d61b5564f17eeffc08dda13c1d35bf409eafd2ac308ed56eb3c278fed17b9
adult,0.5,7070,7,405,242,163,0.4024691358024691,False,False,False,False,False,344,61,0.1506172839506173,220,22,124,39,0,c5a2cd6f204831eae6c0c54a48d81388cf1d4c44ffccd25c5449f930d048df72,ef8d61b5564f17eeffc08dda13c1d35bf409eafd2ac308ed56eb3c278fed17b9
adult,0.5,7070,8,1980,1373,607,0.30656565656565654,False,False,False,False,False,1623,357,0.1803030303030303,1215,158,408,199,0,2a3e53ae9c9772ea3a939d526835be4bdfe1496f9e6469d69542160be2b3b069,ef8d61b5564f17eeffc08dda13c1d35bf409eafd2ac308ed56eb3c278fed17b9
adult,0.5,7070,9,2166,916,1250,0.577100646352724,False,False,False,False,False,1662,504,0.23268698060941828,809,107,853,397,0,375c24e54ec086104ba3620b3ef40ae27c6ab184c8a1f5d80c56685f1a5892d6,ef8d61b5564f17eeffc08dda13c1d35bf409eafd2ac308ed56eb3c278fed17b9
adult,0.5,7070,10,2713,2541,172,0.0633984518982676,False,False,False,False,False,2363,350,0.12900847769996315,2257,284,106,66,0,ddeedc405c40a744550745fa931a1be7e8aa000910d3a42eae3bf0b52325089a,ef8d61b5564f17eeffc08dda13c1d35bf409eafd2ac308ed56eb3c278fed17b9
adult,0.5,7070,11,106,99,7,0.0660377358490566,False,False,False,False,False,95,11,0.10377358490566038,91,8,4,3,0,940c5950997756bd2ff90665dd11c32865155b8ea688a6d6936c33d80971cca3,ef8d61b5564f17eeffc08dda13c1d35bf409eafd2ac308ed56eb3c278fed17b9
adult,0.5,7070,12,116,88,28,0.2413793103448276,False,False,False,False,False,99,17,0.14655172413793102,77,11,22,6,0,e259ffd57e2f35d43d7c08048f25ef59e64a72ad8d98bc0eddb96466d323ba59,ef8d61b5564f17eeffc08dda13c1d35bf409eafd2ac308ed56eb3c278fed17b9
adult,0.5,7070,13,297,188,109,0.367003367003367,False,False,False,False,False,242,55,0.18518518518518517,169,19,73,36,0,6d160b9f94342099256236ff1b9da425cb37e4848d79428bcc7ac899641e0e85,ef8d61b5564f17eeffc08dda13c1d35bf409eafd2ac308ed56eb3c278fed17b9
adult,0.5,7070,14,4647,82,4565,0.9823542070152786,False,False,False,False,False,3226,1421,0.3057886808693781,73,9,3153,1412,0,3d18eb1721342725be228601a48574e609cf42313f8e87602284d1c626c2dde8,ef8d61b5564f17eeffc08dda13c1d35bf409eafd2ac308ed56eb3c278fed17b9
adult,0.5,7070,15,238,57,181,0.7605042016806722,False,False,False,False,False,177,61,0.25630252100840334,55,2,122,59,0,19a907e040325d546e9608696d5a4a0b69786755300fd0e9a4d60719585a3306,ef8d61b5564f17eeffc08dda13c1d35bf409eafd2ac308ed56eb3c278fed17b9
adult,0.5,7070,16,63,18,45,0.7142857142857143,False,False,False,False,False,49,14,0.2222222222222222,17,1,32,13,0,742cc293750924da8c6c25c78006958fca53fd6ddab244eeb1b256832f7a8337,ef8d61b5564f17eeffc08dda13c1d35bf409eafd2ac308ed56eb3c278fed17b9
adult,0.5,7070,17,1420,4,1416,0.9971830985915493,False,False,False,False,False,946,474,0.33380281690140845,4,0,942,474,1,2d515b815877f424e1edf151ff41bc157138e2bb114031eb80bf4cccce33f843,ef8d61b5564f17eeffc08dda13c1d35bf409eafd2ac308ed56eb3c278fed17b9
adult,0.5,7070,18,2182,863,1319,0.6044912923923006,False,False,False,False,False,1664,518,0.2373968835930339,777,86,887,432,0,28f3e091de8efee1ace3264692e691cde8e250192121d513c8c64f3ae1ba2f72,ef8d61b5564f17eeffc08dda13c1d35bf409eafd2ac308ed56eb3c278fed17b9
adult,0.5,7070,19,2668,1246,1422,0.532983508245877,False,False,False,False,False,2118,550,0.20614692653673164,1086,160,1032,390,0,6a7028f79dc86be56f520c03112ebbf95d23cb615906b288336e68541e81455a,ef8d61b5564f17eeffc08dda13c1d35bf409eafd2ac308ed56eb3c278fed17b9
adult,0.5,789,0,1862,37,1825,0.9801288936627283,False,False,False,False,True,1284,578,0.3104189044038668,34,3,1250,575,0,ab3dc4f685c242bfff8016a6ff68738f9228d40747e6871bd8c4ba5c504543a6,217c860d5e0a03da679dc3de68b82ad2e2bbdf5543c9a97cb18f050a6e88e1fc
adult,0.5,789,1,319,317,2,0.006269592476489028,False,False,False,False,True,278,41,0.12852664576802508,277,40,1,1,0,826e5c18dac8f2b29f4d601f43f55565aedd93dcac49f94bd5ecdeda885c75bb,217c860d5e0a03da679dc3de68b82ad2e2bbdf5543c9a97cb18f050a6e88e1fc
adult,0.5,789,2,942,388,554,0.5881104033970276,False,False,False,False,True,739,203,0.21549893842887474,347,41,392,162,0,96c08c9324ddb16100912f96f3901c923454e14b8029fcf9a1cc28a1b162343e,217c860d5e0a03da679dc3de68b82ad2e2bbdf5543c9a97cb18f050a6e88e1fc
adult,0.5,789,3,1392,1198,194,0.13936781609195403,False,False,False,False,True,1171,221,0.15876436781609196,1035,163,136,58,0,765141e7d156080bfac6e2eea00bb64c7ba8faa357257acee6a8817f692c5c6b,217c860d5e0a03da679dc3de68b82ad2e2bbdf5543c9a97cb18f050a6e88e1fc
adult,0.5,789,4,913,733,180,0.19715224534501644,False,False,False,False,False,771,142,0.15553121577217963,644,89,127,53,0,43f34459c65b4be7ee6979e3825bd8eb5c41d408d4325dbe065d24e1c0b1b62b,217c860d5e0a03da679dc3de68b82ad2e2bbdf5543c9a97cb18f050a6e88e1fc
adult,0.5,789,5,536,206,330,0.6156716417910447,False,False,False,False,False,420,116,0.21641791044776118,182,24,238,92,0,aff6abc0a417ba36a8e0d557cd914dfa59c2b73216218126c2029b761ed6868c,217c860d5e0a03da679dc3de68b82ad2e2bbdf5543c9a97cb18f050a6e88e1fc
adult,0.5,789,6,5019,96,4923,0.9808726838015541,False,False,False,False,False,3436,1583,0.31540147439729027,85,11,3351,1572,0,aeedb0b7e6f835027b18b0a7c11735238d05be8f1695a4461c0191e57e11215e,217c860d5e0a03da679dc3de68b82ad2e2bbdf5543c9a97cb18f050a6e88e1fc
adult,0.5,789,7,556,15,541,0.9730215827338129,False,False,False,False,False,376,180,0.3237410071942446,13,2,363,178,0,89ab0ee416eb8ac38a75445b8761cf5b5be6feeadb5d07fffaa44e5f0c179245,217c860d5e0a03da679dc3de68b82ad2e2bbdf5543c9a97cb18f050a6e88e1fc
adult,0.5,789,8,419,311,108,0.2577565632458234,False,False,False,False,False,340,79,0.18854415274463007,271,40,69,39,0,3b04fa54aa98e144b2f72bba3e34b17cab7a69a448d974303cbad17f4862bcb6,217c860d5e0a03da679dc3de68b82ad2e2bbdf5543c9a97cb18f050a6e88e1fc
adult,0.5,789,9,486,221,265,0.5452674897119342,False,False,False,False,False,380,106,0.21810699588477367,200,21,180,85,0,ed3179d8cb7bae6372021daf3a1deab4188c64d42401d28f726f9d2752c65850,217c860d5e0a03da679dc3de68b82ad2e2bbdf5543c9a97cb18f050a6e88e1fc
adult,0.5,789,10,1735,554,1181,0.6806916426512968,False,False,False,False,False,1291,444,0.2559077809798271,489,65,802,379,0,b072c272670e0cd201ceb833ff402856a85f9c538d1ae56c0843f6ce8a97a9ba,217c860d5e0a03da679dc3de68b82ad2e2bbdf5543c9a97cb18f050a6e88e1fc
adult,0.5,789,11,1879,311,1568,0.83448642895157,False,False,False,False,False,1357,522,0.27780734433209153,281,30,1076,492,0,96e490ade1145f8a45b2eb907c20c2fbb6a455ab86331c920b2820dd5832713e,217c860d5e0a03da679dc3de68b82ad2e2bbdf5543c9a97cb18f050a6e88e1fc
adult,0.5,789,12,963,47,916,0.9511941848390446,False,False,False,False,False,666,297,0.308411214953271,42,5,624,292,0,ee7335f4d7e1c0affdd9916bc8581198ccfb7edc8aad07c9d69ee54b42ffff92,217c860d5e0a03da679dc3de68b82ad2e2bbdf5543c9a97cb18f050a6e88e1fc
adult,0.5,789,13,2563,2534,29,0.01131486539211861,False,False,False,False,False,2273,290,0.11314865392118612,2257,277,16,13,0,ec836d4b0907d289a901c6662908323ac13134b0404bdd48ae27ba3d7be56b1e,217c860d5e0a03da679dc3de68b82ad2e2bbdf5543c9a97cb18f050a6e88e1fc
adult,0.5,789,14,5,1,4,0.8,False,False,False,False,False,3,2,0.4,1,0,2,2,1,428567e87d16877db01155289cef5f7163dd913c81a545e1f903c0c19c2bd0c0,217c860d5e0a03da679dc3de68b82ad2e2bbdf5543c9a97cb18f050a6e88e1fc
adult,0.5,789,15,2652,1110,1542,0.581447963800905,False,False,False,False,False,2033,619,0.23340874811463047,975,135,1058,484,0,8a429f9f7c61adcab9efdbbe792c69f997b91ae00dd101a6852942a8c5f46ff5,217c860d5e0a03da679dc3de68b82ad2e2bbdf5543c9a97cb18f050a6e88e1fc
adult,0.5,789,16,2257,569,1688,0.7478954364200265,False,False,False,False,False,1675,582,0.25786442179884805,506,63,1169,519,0,12fa507fda6bce72894c03ee818eadaa90a9d0a8a5a0bb5f24508f4646608952,217c860d5e0a03da679dc3de68b82ad2e2bbdf5543c9a97cb18f050a6e88e1fc
adult,0.5,789,17,1147,29,1118,0.974716652136007,False,False,False,False,False,772,375,0.3269398430688753,28,1,744,374,0,391f998635356be0a816975ffc36bb43e013999328f994638aae2b6436e9584a,217c860d5e0a03da679dc3de68b82ad2e2bbdf5543c9a97cb18f050a6e88e1fc
adult,0.5,789,18,999,0,999,1.0,False,True,False,True,False,693,306,0.3063063063063063,0,0,693,306,2,efa7842fd8427dd3e2ed789e070e7002fc3f5ad7d02960caf36f9a228d6df3ca,217c860d5e0a03da679dc3de68b82ad2e2bbdf5543c9a97cb18f050a6e88e1fc
adult,0.5,789,19,502,127,375,0.7470119521912351,False,False,False,False,False,377,125,0.24900398406374502,115,12,262,113,0,cebf989b9c12e769cc7629c7083c70b3b1c056367336c70ec23530a7baa41f94,217c860d5e0a03da679dc3de68b82ad2e2bbdf5543c9a97cb18f050a6e88e1fc
adult,1.0,1001,0,3440,570,2870,0.8343023255813954,False,False,False,False,True,2503,937,0.27238372093023255,500,70,2003,867,0,2597c38f837f0937adb58abbf62da7ae10d8c42bde376e36d6f45575f090fe9c,0d65100aebc57014509911736120e7accd88a37e92582c061cc2949275538897
adult,1.0,1001,1,375,140,235,0.6266666666666667,False,False,False,False,True,289,86,0.22933333333333333,125,15,164,71,0,79527272ab613da665a5753c5716631a41f9dfe2ae965b7ff37cfc9a8a99b961,0d65100aebc57014509911736120e7accd88a37e92582c061cc2949275538897
adult,1.0,1001,2,359,276,83,0.23119777158774374,False,False,False,False,True,294,65,0.181058495821727,242,34,52,31,0,3922b1f3545b851d1527f7044498656e7ee62a495266502a1e07897e8afc7d18,0d65100aebc57014509911736120e7accd88a37e92582c061cc2949275538897
adult,1.0,1001,3,3524,1732,1792,0.5085130533484676,False,False,False,False,True,2755,769,0.21821793416572077,1547,185,1208,584,0,ffe4f2a478d7fd2eb721bb8abe6615383530a118ddb9bba529498af23e0d9d26,0d65100aebc57014509911736120e7accd88a37e92582c061cc2949275538897
adult,1.0,1001,4,288,223,65,0.22569444444444445,False,False,False,False,False,230,58,0.2013888888888889,194,29,36,29,0,06f7f107d88676aa61ec0e13278e077553ee3e7f36f0a0a66735ad2a10fe7b29,0d65100aebc57014509911736120e7accd88a37e92582c061cc2949275538897
adult,1.0,1001,5,832,138,694,0.8341346153846154,False,False,False,False,False,589,243,0.2920673076923077,125,13,464,230,0,f41fd39f0b795dc4d1314e312e25590cfdcf96f0fbb37cde9e5b25486d0806a9,0d65100aebc57014509911736120e7accd88a37e92582c061cc2949275538897
adult,1.0,1001,6,149,116,33,0.2214765100671141,False,False,False,False,False,125,24,0.1610738255033557,105,11,20,13,0,47bcde0db89e739d293c1d3d33b038932007d33e67e4a135f59403f0311db036,0d65100aebc57014509911736120e7accd88a37e92582c061cc2949275538897
adult,1.0,1001,7,448,109,339,0.7566964285714286,False,False,False,False,False,326,122,0.27232142857142855,103,6,223,116,0,97b5caef9635367de80ae7997b4afed194ccd33cc6cb3ed3f1ed7dd6ca467567,0d65100aebc57014509911736120e7accd88a37e92582c061cc2949275538897
adult,1.0,1001,8,786,375,411,0.5229007633587787,False,False,False,False,False,637,149,0.1895674300254453,341,34,296,115,0,ec3f4df8c403fddd2e0a6ba7824d8299f5271e2151034b4ae0c4b74f3b8a267e,0d65100aebc57014509911736120e7accd88a37e92582c061cc2949275538897
adult,1.0,1001,9,2148,414,1734,0.8072625698324022,False,False,False,False,False,1537,611,0.2844506517690875,369,45,1168,566,0,74fed3b010ffcb628d3b1008c8174f6e80f93dac822e4beb28366829be9c3764,0d65100aebc57014509911736120e7accd88a37e92582c061cc2949275538897
adult,1.0,1001,10,1512,349,1163,0.7691798941798942,False,False,False,False,False,1058,454,0.3002645502645503,307,42,751,412,0,281a4a94b5732881e59e9ba72e207d401fb7e3ae570e358e7814a5cd3f2955d2,0d65100aebc57014509911736120e7accd88a37e92582c061cc2949275538897
adult,1.0,1001,11,2879,738,2141,0.7436609934004863,False,False,False,False,False,2152,727,0.25251823549843694,656,82,1496,645,0,9c6e439c4dfede1c78d443aee6bd1417ad0bf293189c8ed35d95850a46d4b181,0d65100aebc57014509911736120e7accd88a37e92582c061cc2949275538897
adult,1.0,1001,12,838,79,759,0.905727923627685,False,False,False,False,False,605,233,0.27804295942720764,68,11,537,222,0,98dc8b314b5cb0ba0522342ca4eb8b313c4c8d289e8cdbffedd75b4fc7ee3f92,0d65100aebc57014509911736120e7accd88a37e92582c061cc2949275538897
adult,1.0,1001,13,3452,286,3166,0.9171494785631518,False,False,False,False,False,2418,1034,0.29953650057937425,253,33,2165,1001,0,a656fa6bcd3153cc4820663805071a72ac69792b9015e15166fe074756b5a0b3,0d65100aebc57014509911736120e7accd88a37e92582c061cc2949275538897
adult,1.0,1001,14,494,361,133,0.2692307692307692,False,False,False,False,False,407,87,0.17611336032388664,311,50,96,37,0,dcaf8bc91c46984ab5fdd797236e7a28232494554e63d6bbddf92f91ea4cf734,0d65100aebc57014509911736120e7accd88a37e92582c061cc2949275538897
adult,1.0,1001,15,803,295,508,0.6326276463262764,False,False,False,False,False,618,185,0.23038605230386053,261,34,357,151,0,7a4d6577606340deb0329d170ce77f752d4d3116a5b3ffed0978995b269ec9b8,0d65100aebc57014509911736120e7accd88a37e92582c061cc2949275538897
adult,1.0,1001,16,876,586,290,0.3310502283105023,False,False,False,False,False,716,160,0.182648401826484,515,71,201,89,0,5347cbbb0617cd1f94d7e3fb70368311eb34d4d0a7407284874395f84ed95bc2,0d65100aebc57014509911736120e7accd88a37e92582c061cc2949275538897
adult,1.0,1001,17,399,326,73,0.18295739348370926,False,False,False,False,False,330,69,0.17293233082706766,280,46,50,23,0,9d25a5c75121dd012e7524a312f28b7e8053be4f168a9f82b4053d1098b228f3,0d65100aebc57014509911736120e7accd88a37e92582c061cc2949275538897
adult,1.0,1001,18,2731,1188,1543,0.5649945075064079,False,False,False,False,False,2128,603,0.22079824240205054,1050,138,1078,465,0,7d11c26a47d29e1c9481343a8f69fd34e98fc1c7ee0f80304a673d62109693c5,0d65100aebc57014509911736120e7accd88a37e92582c061cc2949275538897
adult,1.0,1001,19,813,503,310,0.3813038130381304,False,False,False,False,False,652,161,0.1980319803198032,436,67,216,94,0,67e6055161af90c782591314cd1d3262d5f9c16098e328201cc5bdf1e0303550,0d65100aebc57014509911736120e7accd88a37e92582c061cc2949275538897
adult,1.0,123,0,751,365,386,0.5139813581890812,False,False,False,False,True,592,159,0.21171770972037285,326,39,266,120,0,ca8f3afbe51a59dd872fc109bdfb29e20d285d12b5630f9425cb73bd771b8b17,1e6e69ae50042cddf3d11eb5f1b03abd3ab7bd7e72526ddac9b12e9c59b74878
adult,1.0,123,1,1840,1336,504,0.27391304347826084,False,False,False,False,True,1531,309,0.16793478260869565,1183,153,348,156,0,6fa8bb0ffa7e34a8a9c487ae37aaa9b529d7e5e65b8014b845809c1088d7055a,1e6e69ae50042cddf3d11eb5f1b03abd3ab7bd7e72526ddac9b12e9c59b74878
adult,1.0,123,2,530,441,89,0.16792452830188678,False,False,False,False,True,443,87,0.1641509433962264,384,57,59,30,0,c3d8a8d5a7d06fdd687a0639dd8f21403d51c130de81903ab2325ba9c908683f,1e6e69ae50042cddf3d11eb5f1b03abd3ab7bd7e72526ddac9b12e9c59b74878
adult,1.0,123,3,4524,535,3989,0.8817418213969939,False,False,False,False,True,3228,1296,0.2864721485411141,470,65,2758,1231,0,f3eba3a21dbd37487af37023ccb479871585b94387f30e1b9c18e9de817f9455,1e6e69ae50042cddf3d11eb5f1b03abd3ab7bd7e72526ddac9b12e9c59b74878
adult,1.0,123,4,1566,419,1147,0.7324393358876118,False,False,False,False,False,1161,405,0.25862068965517243,377,42,784,363,0,b6d8355c6f92802bbf4f908907552b8eadd5fc92dddfb80aa011992ac71a47ce,1e6e69ae50042cddf3d11eb5f1b03abd3ab7bd7e72526ddac9b12e9c59b74878
adult,1.0,123,5,3887,102,3785,0.9737586827887831,False,False,False,False,False,2670,1217,0.3130949318240288,91,11,2579,1206,0,c9a026be785e012b743d6c2b2ae61b490685b269af68fe34287cae55873bf818,1e6e69ae50042cddf3d11eb5f1b03abd3ab7bd7e72526ddac9b12e9c59b74878
adult,1.0,123,6,1138,1098,40,0.0351493848857645,False,False,False,False,False,994,144,0.1265377855887522,964,134,30,10,0,f208ecf9976929f3977efddb61805e9a4709d5df4c2db9dfaf2840558be944c6,1e6e69ae50042cddf3d11eb5f1b03abd3ab7bd7e72526ddac9b12e9c59b74878
adult,1.0,123,7,1589,146,1443,0.908118313404657,False,False,False,False,False,1142,447,0.2813089993706734,133,13,1009,434,0,c4f0d657baaffc2abf6f4546fb59800e4e3ee45dffa76956927b2a59881814d5,1e6e69ae50042cddf3d11eb5f1b03abd3ab7bd7e72526ddac9b12e9c59b74878
adult,1.0,123,8,225,213,12,0.05333333333333334,False,False,False,False,False,199,26,0.11555555555555555,191,22,8,4,0,bb4eb045a9d4e5cc5190b6ecd512d2f6e2fca56a1198e16e2b38584c3b13a197,1e6e69ae50042cddf3d11eb5f1b03abd3ab7bd7e72526ddac9b12e9c59b74878
adult,1.0,123,9,2001,57,1944,0.9715142428785607,False,False,False,False,False,1360,641,0.32033983008495753,53,4,1307,637,0,22b5de3d6cf5c747efcef66a43bb35521299acb9b370fd3e903ce87c5920e1f8,1e6e69ae50042cddf3d11eb5f1b03abd3ab7bd7e72526ddac9b12e9c59b74878
adult,1.0,123,10,1201,809,392,0.3263946711074105,False,False,False,False,False,990,211,0.17568692756036636,714,95,276,116,0,194e831891efc77ce81a61740607ea773d45013cc8dcf8db2642f49a50850a74,1e6e69ae50042cddf3d11eb5f1b03abd3ab7bd7e72526ddac9b12e9c59b74878
adult,1.0,123,11,864,66,798,0.9236111111111112,False,False,False,False,False,619,245,0.2835648148148148,59,7,560,238,0,9da1baefabfa5e865fb425cea55f562d96e6c5dca7a61788e92eb13c2939bd0e,1e6e69ae50042cddf3d11eb5f1b03abd3ab7bd7e72526ddac9b12e9c59b74878
adult,1.0,123,12,630,22,608,0.9650793650793651,False,False,False,False,False,441,189,0.3,18,4,423,185,0,dffe63f6d278481c93c2d8c07d61147256a2ddec49d60875355d84764d4b9205,1e6e69ae50042cddf3d11eb5f1b03abd3ab7bd7e72526ddac9b12e9c59b74878
adult,1.0,123,13,1773,391,1382,0.7794698251551043,False,False,False,False,False,1284,489,0.27580372250423013,346,45,938,444,0,45a5a74d6e1d97613b81362e46f7b9d149510848100c2e523babf907f511156e,1e6e69ae50042cddf3d11eb5f1b03abd3ab7bd7e72526ddac9b12e9c59b74878
adult,1.0,123,14,884,282,602,0.6809954751131222,False,False,False,False,False,661,223,0.252262443438914,252,30,409,193,0,f779ef4875fa6c01ad0c08e90a373ec114ea68eab110ebbbe1e98a82f704956c,1e6e69ae50042cddf3d11eb5f1b03abd3ab7bd7e72526ddac9b12e9c59b74878
adult,1.0,123,15,656,315,341,0.5198170731707317,False,False,False,False,False,512,144,0.21951219512195122,286,29,226,115,0,f879f882cf947655ff97fbdeb356afc3845ff08bdc2c6e16ce641c5600c62fd7,1e6e69ae50042cddf3d11eb5f1b03abd3ab7bd7e72526ddac9b12e9c59b74878
adult,1.0,123,16,346,324,22,0.06358381502890173,False,False,False,False,False,294,52,0.15028901734104047,286,38,8,14,0,079953f031d1ca9106c76a7219d1e758b9cdc2fd88d25364bc5c27ff8f53c1fd,1e6e69ae50042cddf3d11eb5f1b03abd3ab7bd7e72526ddac9b12e9c59b74878
adult,1.0,123,17,296,162,134,0.4527027027027027,False,False,False,False,False,240,56,0.1891891891891892,142,20,98,36,0,125c6fc4c54a9c49875e21fdc3f0ec0f6b43eb9695f8af3a6b92cc1e58346b41,1e6e69ae50042cddf3d11eb5f1b03abd3ab7bd7e72526ddac9b12e9c59b74878
adult,1.0,123,18,2170,1529,641,0.29539170506912443,False,False,False,False,False,1806,364,0.16774193548387098,1357,172,449,192,0,672f2553d72713566e8f9a60b2be1566cc03d473f254c40d6663c5bb94044685,1e6e69ae50042cddf3d11eb5f1b03abd3ab7bd7e72526ddac9b12e9c59b74878
adult,1.0,123,19,275,192,83,0.3018181818181818,False,False,False,False,False,229,46,0.16727272727272727,170,22,59,24,0,e818cd7c52e7e109cc07fb4c5d83838b40bcc2c7818eae667f3231a73058fc9b,1e6e69ae50042cddf3d11eb5f1b03abd3ab7bd7e72526ddac9b12e9c59b74878
adult,1.0,2024,0,744,612,132,0.1774193548387097,False,False,False,False,True,646,98,0.13172043010752688,545,67,101,31,0,23b337141c4c45f090b7c2eb9dcee67404f10fbd5b681faf4f534ecaaec10b40,b601f6d52b8b088598b1edd962558600f9b70570d32152a7d62b80e7a96f4709
adult,1.0,2024,1,1015,472,543,0.5349753694581281,False,False,False,False,True,779,236,0.23251231527093597,413,59,366,177,0,0a692b0be6abdc02a9f18a8d55f12bf06778e6bba045225bb2fe9d5511841783,b601f6d52b8b088598b1edd962558600f9b70570d32152a7d62b80e7a96f4709
adult,1.0,2024,2,556,416,140,0.2517985611510791,False,False,False,False,True,464,92,0.16546762589928057,375,41,89,51,0,45df67d2032237d2bc6257a64b5ed084facf115f5e3d826f8913a58b72c1238f,b601f6d52b8b088598b1edd962558600f9b70570d32152a7d62b80e7a96f4709
adult,1.0,2024,3,2245,69,2176,0.9692650334075724,False,False,False,False,True,1528,717,0.31937639198218265,63,6,1465,711,0,499ea3e056bf7d9b5124a4bf921f4c95e92cccf6197321571242ea4c7aa8b5af,b601f6d52b8b088598b1edd962558600f9b70570d32152a7d62b80e7a96f4709
adult,1.0,2024,4,3713,291,3422,0.9216267169404794,False,False,False,False,False,2598,1115,0.3002962563964449,253,38,2345,1077,0,013682d2dd2a598134bc3ef1b421e2f99b179c9f114e8db5d8368a54941dc3c1,b601f6d52b8b088598b1edd962558600f9b70570d32152a7d62b80e7a96f4709
adult,1.0,2024,5,419,271,148,0.3532219570405728,False,False,False,False,False,333,86,0.2052505966587112,241,30,92,56,0,02f303bab69896fb9757ae6e4c30a88138291151de4d0f8e211e1d2d248a9f6e,b601f6d52b8b088598b1edd962558600f9b70570d32152a7d62b80e7a96f4709
adult,1.0,2024,6,1498,882,616,0.411214953271028,False,False,False,False,False,1218,280,0.18691588785046728,785,97,433,183,0,8fcb5a6ee5dcdd876821650f6348c4f35cf96327771b4113cc79163277bd6c43,b601f6d52b8b088598b1edd962558600f9b70570d32152a7d62b80e7a96f4709
adult,1.0,2024,7,573,159,414,0.7225130890052356,False,False,False,False,False,434,139,0.2425828970331588,144,15,290,124,0,73a6959b53c571529bf45bfbfc0f3c9334eaca8cfbf9b5991755db8bafb7602b,b601f6d52b8b088598b1edd962558600f9b70570d32152a7d62b80e7a96f4709
adult,1.0,2024,8,458,317,141,0.3078602620087336,False,False,False,False,False,372,86,0.18777292576419213,276,41,96,45,0,c0f36a5939a25f931c780b3e66e383810d264d76ca636ba0d3526062efe58c05,b601f6d52b8b088598b1edd962558600f9b70570d32152a7d62b80e7a96f4709
adult,1.0,2024,9,2181,798,1383,0.6341127922971114,False,False,False,False,False,1647,534,0.24484181568088034,694,104,953,430,0,aa8cd0839bcb9f574ce5f12303d7fa14183652b0877f02600e0cbfb6802d6282,b601f6d52b8b088598b1edd962558600f9b70570d32152a7d62b80e7a96f4709
adult,1.0,2024,10,1075,341,734,0.6827906976744186,False,False,False,False,False,801,274,0.25488372093023254,307,34,494,240,0,ea12d276de660e9edbf08753140e1bcced1e1bf1739591da2a897c0c63ced9af,b601f6d52b8b088598b1edd962558600f9b70570d32152a7d62b80e7a96f4709
adult,1.0,2024,11,2305,96,2209,0.958351409978308,False,False,False,False,False,1599,706,0.30629067245119307,88,8,1511,698,0,b1bbd42f0bdcf8cb9d434387c0ccc560a8f0612126815a3415c27d872299221b,b601f6d52b8b088598b1edd962558600f9b70570d32152a7d62b80e7a96f4709
adult,1.0,2024,12,1019,871,148,0.1452404317958783,False,False,False,False,False,866,153,0.15014720314033367,768,103,98,50,0,2552e8d6c70ebc5f3e9960a524d0838094871af091402eb46ce28e9dd84a33ec,b601f6d52b8b088598b1edd962558600f9b70570d32152a7d62b80e7a96f4709
adult,1.0,2024,13,920,298,622,0.6760869565217391,False,False,False,False,False,708,212,0.23043478260869565,264,34,444,178,0,dd000c96a0aaca6cd7fb12cb2108ea1d09263c487e6950416e0c41d87eab7dc8,b601f6d52b8b088598b1edd962558600f9b70570d32152a7d62b80e7a96f4709
adult,1.0,2024,14,1651,556,1095,0.6632344033918837,False,False,False,False,False,1253,398,0.24106602059357965,497,59,756,339,0,51c2ec675639da26cfb26e19da324710c02c941ca5d0e9354daa440ce3ff4f0a,b601f6d52b8b088598b1edd962558600f9b70570d32152a7d62b80e7a96f4709
adult,1.0,2024,15,1357,1251,106,0.07811348563006633,False,False,False,False,False,1189,168,0.12380250552689757,1125,126,64,42,0,9fd2cb165e88c3d9eb44334c54c232ccfe71f454f26fe2f8985a36e8b0ca9e9a,b601f6d52b8b088598b1edd962558600f9b70570d32152a7d62b80e7a96f4709
adult,1.0,2024,16,2283,64,2219,0.9719667104686815,False,False,False,False,False,1594,689,0.3017958826106001,55,9,1539,680,0,0f35eaaed0db4aeebde28e31a229224048940fb77b9889f055d6d585f1e64ebb,b601f6d52b8b088598b1edd962558600f9b70570d32152a7d62b80e7a96f4709
adult,1.0,2024,17,499,32,467,0.935871743486974,False,False,False,False,False,351,148,0.2965931863727455,28,4,323,144,0,f9f162f92a9fa2300faffc2247707082460c64a9389c04a709b0bc07887e7fff,b601f6d52b8b088598b1edd962558600f9b70570d32152a7d62b80e7a96f4709
adult,1.0,2024,18,1060,340,720,0.6792452830188679,False,False,False,False,False,786,274,0.25849056603773585,304,36,482,238,0,cf050ed18d2f9df812aa3b31acc02b0708631f8fa9ae255c380414a6757facbb,b601f6d52b8b088598b1edd962558600f9b70570d32152a7d62b80e7a96f4709
adult,1.0,2024,19,1575,668,907,0.5758730158730159,False,False,False,False,False,1208,367,0.233015873015873,578,90,630,277,0,80212da3f3449c9f3f06af7ba7f54f90220d861f6da49f7ac5ad547a3ac50ac4,b601f6d52b8b088598b1edd962558600f9b70570d32152a7d62b80e7a96f4709
adult,1.0,3141,0,1494,264,1230,0.8232931726907631,False,False,False,False,True,1093,401,0.2684069611780455,236,28,857,373,0,335f0a857e178aa22099ecd742eef395b3664ae400609db0ebea483e2aefe2a9,5a18cbe0da1f85269bf025e202823470c1c625c39ac4747669ff55f61c3bdbe9
adult,1.0,3141,1,2202,15,2187,0.9931880108991825,False,False,False,False,True,1536,666,0.3024523160762943,15,0,1521,666,1,081fd1212dc634d122d44113836bfd3637671134edd55a821f2e8dbf8a01530a,5a18cbe0da1f85269bf025e202823470c1c625c39ac4747669ff55f61c3bdbe9
adult,1.0,3141,2,2523,27,2496,0.9892984542211652,False,False,False,False,True,1739,784,0.31074118113357113,21,6,1718,778,0,91275633a49ad40c2fe1655d88b81d092cbb7ee108d6c7036b516a794fedba14,5a18cbe0da1f85269bf025e202823470c1c625c39ac4747669ff55f61c3bdbe9
adult,1.0,3141,3,1028,107,921,0.8959143968871596,False,False,False,False,True,730,298,0.2898832684824903,91,16,639,282,0,004d30e23b7c03743dc3cd0e1e949758b77ded0ae4f610aa9b645fb66c2b2e46,5a18cbe0da1f85269bf025e202823470c1c625c39ac4747669ff55f61c3bdbe9
adult,1.0,3141,4,1186,365,821,0.6922428330522765,False,False,False,False,False,877,309,0.260539629005059,332,33,545,276,0,bf1a5bb5c5ec28b5650d9b6e4f6dead632869722c4f8428b7dbaef6c352c1854,5a18cbe0da1f85269bf025e202823470c1c625c39ac4747669ff55f61c3bdbe9
adult,1.0,3141,5,346,82,264,0.7630057803468208,False,False,False,False,False,250,96,0.2774566473988439,72,10,178,86,0,1b67f5c73463f54f00ba7d66b67270c0a7e58e79f94d0eb02de37b26b67b675b,5a18cbe0da1f85269bf025e202823470c1c625c39ac4747669ff55f61c3bdbe9
adult,1.0,3141,6,2222,146,2076,0.9342934293429342,False,False,False,False,False,1597,625,0.2812781278127813,132,14,1465,611,0,d79bda1d80292a28357f1eda1760f7f6bb77be69c7f2231686c9d0b28a2e1ca1,5a18cbe0da1f85269bf025e202823470c1c625c39ac4747669ff55f61c3bdbe9
adult,1.0,3141,7,1030,735,295,0.28640776699029125,False,False,False,False,False,848,182,0.1766990291262136,653,82,195,100,0,7b9eae4a33c7409b721d49f9ca872169946c23da51122f6948c436f93f3ab4db,5a18cbe0da1f85269bf025e202823470c1c625c39ac4747669ff55f61c3bdbe9
adult,1.0,3141,8,1689,353,1336,0.7910005920663115,False,False,False,False,False,1199,490,0.2901124925991711,318,35,881,455,0,99a94ed60c4eabf516ff950f7d88c48783687cd564eaeb7e7b84f41aa214ae94,5a18cbe0da1f85269bf025e202823470c1c625c39ac4747669ff55f61c3bdbe9
adult,1.0,3141,9,257,4,253,0.9844357976653697,False,False,False,False,False,187,70,0.2723735408560311,4,0,183,70,1,672b51b8a9f2dd230860eab76dd6160cc853723f15de8dfcb32b84621e58dce2,5a18cbe0da1f85269bf025e202823470c1c625c39ac4747669ff55f61c3bdbe9
adult,1.0,3141,10,817,652,165,0.20195838433292534,False,False,False,False,False,682,135,0.16523867809057527,566,86,116,49,0,fe36cd86819188b28379a5682e1c435025cde7fecdc49ee3b3488222dec844f9,5a18cbe0da1f85269bf025e202823470c1c625c39ac4747669ff55f61c3bdbe9
adult,1.0,3141,11,938,250,688,0.7334754797441365,False,False,False,False,False,679,259,0.27611940298507465,221,29,458,230,0,60ed38c9b07a8b5c1f08e72c74a62ffeadcf22667982709ee7f6e978e1a1472c,5a18cbe0da1f85269bf025e202823470c1c625c39ac4747669ff55f61c3bdbe9
adult,1.0,3141,12,754,546,208,0.27586206896551724,False,False,False,False,False,614,140,0.1856763925729443,472,74,142,66,0,68f87d61233516febb4deeba408de0cd17ef8756e51fd961feb0a13e19db8919,5a18cbe0da1f85269bf025e202823470c1c625c39ac4747669ff55f61c3bdbe9
adult,1.0,3141,13,1414,398,1016,0.7185289957567186,False,False,False,False,False,1060,354,0.25035360678925034,351,47,709,307,0,04bfb4d677d21c72cf05eb191f5797fc0c5af47f83c626d4a628752fecd671a6,5a18cbe0da1f85269bf025e202823470c1c625c39ac4747669ff55f61c3bdbe9
adult,1.0,3141,14,486,245,241,0.49588477366255146,False,False,False,False,False,392,94,0.1934156378600823,223,22,169,72,0,193fcf9f22c58f581a5d74917557db7e5484df01993df7d036cbbc399bea7b36,5a18cbe0da1f85269bf025e202823470c1c625c39ac4747669ff55f61c3bdbe9
adult,1.0,3141,15,2032,1208,824,0.40551181102362205,False,False,False,False,False,1639,393,0.1934055118110236,1082,126,557,267,0,a4b7053a9d934fb4457b7675c0b07d3360d395176b96d2d47069aac810de3aa5,5a18cbe0da1f85269bf025e202823470c1c625c39ac4747669ff55f61c3bdbe9
adult,1.0,3141,16,1122,601,521,0.464349376114082,False,False,False,False,False,891,231,0.20588235294117646,527,74,364,157,0,9b64994afebbf7af5ccb0d44a27d7eaa63a201d9ab9a097d8fbb0182918553a8,5a18cbe0da1f85269bf025e202823470c1c625c39ac4747669ff55f61c3bdbe9
adult,1.0,3141,17,349,54,295,0.8452722063037249,False,False,False,False,False,244,105,0.3008595988538682,51,3,193,102,0,12eb6f53b22fcb41673ddb159644301ddea7148b61202ff580c43f58e491e53b,5a18cbe0da1f85269bf025e202823470c1c625c39ac4747669ff55f61c3bdbe9
adult,1.0,3141,18,3091,2703,388,0.12552571983176966,False,False,False,False,False,2659,432,0.1397605952766095,2398,305,261,127,0,62326c5421e1a232894f5a5b8ba1f604d4f4a3495a42f3b6968df6ee9be7ef29,5a18cbe0da1f85269bf025e202823470c1c625c39ac4747669ff55f61c3bdbe9
adult,1.0,3141,19,2166,49,2117,0.9773776546629732,False,False,False,False,False,1479,687,0.3171745152354571,44,5,1435,682,0,a4906e3d53341bf7c28c3ac7edb92e715875af795a1eef2692242c6f191b265b,5a18cbe0da1f85269bf025e202823470c1c625c39ac4747669ff55f61c3bdbe9
adult,1.0,4242,0,835,171,664,0.7952095808383234,False,False,False,False,True,593,242,0.2898203592814371,148,23,445,219,0,4e744079a2f612a0f44d32862bf23d3297b87f4e601b69b30dfc11b9acfb610a,489ae5c5b9f4539d8985ba0a69eb1213358e011af3c4be2a252476cec14692da
adult,1.0,4242,1,192,142,50,0.2604166666666667,False,False,False,False,True,165,27,0.140625,125,17,40,10,0,ba2a93de0883f32280a2b7a2d7fb5b335e8552f99235a652dfa1224cde0dd88c,489ae5c5b9f4539d8985ba0a69eb1213358e011af3c4be2a252476cec14692da
adult,1.0,4242,2,791,60,731,0.9241466498103666,False,False,False,False,True,556,235,0.2970922882427307,53,7,503,228,0,f059480ce03cb60ebb994cee78ab444873a3db0dc0303e36fa7f88edaf05b60b,489ae5c5b9f4539d8985ba0a69eb1213358e011af3c4be2a252476cec14692da
adult,1.0,4242,3,2695,1116,1579,0.5858998144712431,False,False,False,False,True,2043,652,0.24192949907235622,986,130,1057,522,0,93c1a042370170a83e20cb82ab15f9610d98081f9459c72f7fbc918712146961,489ae5c5b9f4539d8985ba0a69eb1213358e011af3c4be2a252476cec14692da
adult,1.0,4242,4,353,281,72,0.20396600566572237,False,False,False,False,False,304,49,0.1388101983002833,256,25,48,24,0,0aeb28d3afe580cfc464a2986d6e7d20c3fb519ac43c3b31e6b1f0877a2b8d76,489ae5c5b9f4539d8985ba0a69eb1213358e011af3c4be2a252476cec14692da
adult,1.0,4242,5,6472,1132,5340,0.8250927070457355,False,False,False,False,False,4635,1837,0.2838380716934487,993,139,3642,1698,0,27a9f463e81db9af5d0a70362970fc0b3f194717622bce2a10a32ff8d7a0d2ec,489ae5c5b9f4539d8985ba0a69eb1213358e011af3c4be2a252476cec14692da
adult,1.0,4242,6,1334,114,1220,0.9145427286356822,False,False,False,False,False,928,406,0.30434782608695654,96,18,832,388,0,c3be1fbbd6c503f0c9fdf299c97cdd6bb6dcf782ea98401fe164a6ea5ce5b788,489ae5c5b9f4539d8985ba0a69eb1213358e011af3c4be2a252476cec14692da
adult,1.0,4242,7,1548,1245,303,0.19573643410852712,False,False,False,False,False,1317,231,0.14922480620155038,1112,133,205,98,0,dbea7a80286d566d08a73dc7abc975600a343a85c2884e2730ff39ec69cd1455,489ae5c5b9f4539d8985ba0a69eb1213358e011af3c4be2a252476cec14692da
adult,1.0,4242,8,602,244,358,0.5946843853820598,False,False,False,False,False,466,136,0.22591362126245848,218,26,248,110,0,bb07a01e3120704b03b91f51bb797cac57a203f4f33d53c9a1766f7129c1e3ba,489ae5c5b9f4539d8985ba0a69eb1213358e011af3c4be2a252476cec14692da
adult,1.0,4242,9,941,538,403,0.42826780021253985,False,False,False,False,False,746,195,0.20722635494155153,472,66,274,129,0,18f1de216566afabd3c51c0882221a48c2a6ecadca9af8380d123580324ba0ec,489ae5c5b9f4539d8985ba0a69eb1213358e011af3c4be2a252476cec14692da
adult,1.0,4242,10,1018,869,149,0.14636542239685657,False,False,False,False,False,878,140,0.137524557956778,773,96,105,44,0,c47b56d583bda5fe2648b8b56e9c024fa146d53087704ff4fe9470605e11c27e,489ae5c5b9f4539d8985ba0a69eb1213358e011af3c4be2a252476cec14692da
adult,1.0,4242,11,428,121,307,0.7172897196261683,False,False,False,False,False,329,99,0.23130841121495327,106,15,223,84,0,6fd1e8028a9a1a2d7d6bcb4f2f4eeda4c903109c65fbeaf24c66bf61d03b85b2,489ae5c5b9f4539d8985ba0a69eb1213358e011af3c4be2a252476cec14692da
adult,1.0,4242,12,886,560,326,0.36794582392776526,False,False,False,False,False,720,166,0.1873589164785553,499,61,221,105,0,0ac40b634d582fab2c4f6346c81f7608bfe4ceed57cb41ce8f90dc86564204e5,489ae5c5b9f4539d8985ba0a69eb1213358e011af3c4be2a252476cec14692da
adult,1.0,4242,13,264,151,113,0.42803030303030304,False,False,False,False,False,212,52,0.19696969696969696,136,15,76,37,0,dfbc5a5d1863d274b654c92568dea0091f9080d93a3026fd7545d299b38ecfd5,489ae5c5b9f4539d8985ba0a69eb1213358e011af3c4be2a252476cec14692da
adult,1.0,4242,14,900,33,867,0.9633333333333334,False,False,False,False,False,646,254,0.2822222222222222,30,3,616,251,0,7148f14b6e80b6fd49541c2714a18749c7f6215ad2aefafc065c9fb572a4f327,489ae5c5b9f4539d8985ba0a69eb1213358e011af3c4be2a252476cec14692da
adult,1.0,4242,15,61,24,37,0.6065573770491803,False,False,False,False,False,44,17,0.2786885245901639,19,5,25,12,0,8a0ee41fc2f593726ef5564f9011bdb9e4392d43867958df1dd9db3df3bdbfd7,489ae5c5b9f4539d8985ba0a69eb1213358e011af3c4be2a252476cec14692da
adult,1.0,4242,16,3103,952,2151,0.6932001289075088,False,False,False,False,False,2357,746,0.24041250402835965,843,109,1514,637,0,6cf61ac1c2c8854c392d123d89b08c2a7ace76f85ad8f12a60c6f75cb93b6424,489ae5c5b9f4539d8985ba0a69eb1213358e011af3c4be2a252476cec14692da
adult,1.0,4242,17,2763,498,2265,0.8197611292073833,False,False,False,False,False,1980,783,0.28338762214983715,438,60,1542,723,0,7e23339ec68c1207acb1cabeda108d1f0131deea71edd01da33188c3c1f4caec,489ae5c5b9f4539d8985ba0a69eb1213358e011af3c4be2a252476cec14692da
adult,1.0,4242,18,620,126,494,0.7967741935483871,False,False,False,False,False,451,169,0.2725806451612903,112,14,339,155,0,dea92feef8a7f43c4faebbdaffb3da53f5b39b39ba45b0cf6c30faf9c2553fdb,489ae5c5b9f4539d8985ba0a69eb1213358e011af3c4be2a252476cec14692da
adult,1.0,4242,19,1340,427,913,0.6813432835820895,False,False,False,False,False,1011,329,0.2455223880597015,384,43,627,286,0,3a96c6af99f83cc44891dfa42d7e29f6ef9c4c50cfae0accab00dc713779762d,489ae5c5b9f4539d8985ba0a69eb1213358e011af3c4be2a252476cec14692da
adult,1.0,456,0,1444,831,613,0.4245152354570637,False,False,False,False,True,1174,270,0.18698060941828254,742,89,432,181,0,32fbbe212636c90241bc696d20e960008416294c1a6abe7ca84b77f6331ec475,22d883dda6f569633d906995526660174be7671df337900527849bb32912784e
adult,1.0,456,1,2382,99,2283,0.9584382871536524,False,False,False,False,True,1640,742,0.31150293870696893,85,14,1555,728,0,9fe455ca50eb3fad35a005b2d3c5021e47d881ad922b9f2aff403f4f6ee40c81,22d883dda6f569633d906995526660174be7671df337900527849bb32912784e
adult,1.0,456,2,1010,228,782,0.7742574257425743,False,False,False,False,True,734,276,0.2732673267326733,192,36,542,240,0,6e3b829295442240c78024556d3a0874577280cd60f6c7d3cd174f5f8401a96d,22d883dda6f569633d906995526660174be7671df337900527849bb32912784e
adult,1.0,456,3,1803,492,1311,0.7271214642262895,False,False,False,False,True,1360,443,0.2457016084303938,448,44,912,399,0,501c0510e2c2bd08b5fc69e0754e4142e76220dfcf2a6bd7accd8ea787907ed1,22d883dda6f569633d906995526660174be7671df337900527849bb32912784e
adult,1.0,456,4,529,343,186,0.3516068052930057,False,False,False,False,False,418,111,0.20982986767485823,304,39,114,72,0,eaa7224ab1797b635e8dcd9d6348916a1af15a0e68c339718530ace977c4e9e5,22d883dda6f569633d906995526660174be7671df337900527849bb32912784e
adult,1.0,456,5,329,155,174,0.5288753799392097,False,False,False,False,False,258,71,0.21580547112462006,142,13,116,58,0,f5ad0c9f29f136b607973f5f8cc2f32fb583e28fed3c32778574d512f06decff,22d883dda6f569633d906995526660174be7671df337900527849bb32912784e
adult,1.0,456,6,1094,97,997,0.9113345521023766,False,False,False,False,False,764,330,0.3016453382084095,84,13,680,317,0,d517585925d81699bc20330f5fcf7c9cbfe4729cbaa30299f8c45b708f044c38,22d883dda6f569633d906995526660174be7671df337900527849bb32912784e
adult,1.0,456,7,1291,1089,202,0.15646785437645236,False,False,False,False,False,1111,180,0.139426800929512,968,121,143,59,0,e78c132e7bfed154cc02d21a7c7b38717cd677a741f9f48c38ec5d3b67c2b407,22d883dda6f569633d906995526660174be7671df337900527849bb32912784e
adult,1.0,456,8,26,15,11,0.4230769230769231,False,False,False,False,False,21,5,0.19230769230769232,14,1,7,4,0,6e01980f671448fce38393590c5652fa66e1a8aeb391bce543fe81247dc5b622,22d883dda6f569633d906995526660174be7671df337900527849bb32912784e
adult,1.0,456,9,1072,533,539,0.5027985074626866,False,False,False,False,False,842,230,0.21455223880597016,472,61,370,169,0,2f7cced047761a9ca5b1d8dca4895e55e10a581658a07069837474674aadbe95,22d883dda6f569633d906995526660174be7671df337900527849bb32912784e
adult,1.0,456,10,1407,1275,132,0.09381663113006397,False,False,False,False,False,1214,193,0.13717128642501777,1118,157,96,36,0,f6be1020153e5896a72f58b2f16917483ca59a28f19b1d96d772679d5cb97af0,22d883dda6f569633d906995526660174be7671df337900527849bb32912784e
adult,1.0,456,11,2923,377,2546,0.8710229216558331,False,False,False,False,False,2077,846,0.28942866917550464,324,53,1753,793,0,770b07807c62eb80ff655a1a07e3fa5fc05cc31033abeb6fda02cef990dc8582,22d883dda6f569633d906995526660174be7671df337900527849bb32912784e
adult,1.0,456,12,985,348,637,0.6467005076142132,False,False,False,False,False,771,214,0.21725888324873097,314,34,457,180,0,18dbd9b167f2bf36661715445f3e9a8f842e54b4e0e53fc3e0bb33aa29bc9ea0,22d883dda6f569633d906995526660174be7671df337900527849bb32912784e
adult,1.0,456,13,678,150,528,0.7787610619469026,False,False,False,False,False,475,203,0.2994100294985251,135,15,340,188,0,79238490ce983a71b778d3d74f2b9b481e99b909312172a5fe5eb3ecab72e700,22d883dda6f569633d906995526660174be7671df337900527849bb32912784e
adult,1.0,456,14,3811,314,3497,0.9176069273156652,False,False,False,False,False,2681,1130,0.296510102335345,285,29,2396,1101,0,24c6bde4d5b0007ac8f023ad5ef9cb69b94ea094f3efa4e92a8741c8a4d47d28,22d883dda6f569633d906995526660174be7671df337900527849bb32912784e
adult,1.0,456,15,1630,550,1080,0.6625766871165644,False,False,False,False,False,1222,408,0.25030674846625767,477,73,745,335,0,7a0e57d611693877610c62caaa71683012e3abc68f19e9fad76582c42b766f16,22d883dda6f569633d906995526660174be7671df337900527849bb32912784e
adult,1.0,456,16,2312,1022,1290,0.5579584775086506,False,False,False,False,False,1813,499,0.21583044982698962,912,110,901,389,0,c1a867c6afd6c9f0fadab7cbc2efe9d728a6905a9afc9e3bd43ba31c7a847c2b,22d883dda6f569633d906995526660174be7671df337900527849bb32912784e
adult,1.0,456,17,414,31,383,0.9251207729468599,False,False,False,False,False,292,122,0.2946859903381642,30,1,262,121,0,24cbd7b9d26eef0b0dd825d33190bed800f8aedf2a6e74ab4d58ab6ad02a2856,22d883dda6f569633d906995526660174be7671df337900527849bb32912784e
adult,1.0,456,18,838,173,665,0.7935560859188544,False,False,False,False,False,596,242,0.28878281622911695,159,14,437,228,0,c0df3db6bb66814f84d41d3ccc17695e5860664838a5d9f6c7112acc6f9536d6,22d883dda6f569633d906995526660174be7671df337900527849bb32912784e
adult,1.0,456,19,1168,682,486,0.4160958904109589,False,False,False,False,False,935,233,0.199486301369863,609,73,326,160,0,67bcd807a39bd1861b81ea42be015d713e87f2b24e12c15d156e18c42ab3263a,22d883dda6f569633d906995526660174be7671df337900527849bb32912784e
adult,1.0,5050,0,1796,252,1544,0.8596881959910914,False,False,False,False,True,1247,549,0.3056792873051225,226,26,1021,523,0,d799fd2be786ffd00c54b2f9cfcdf8b97d178ffffdbb7348c0efd9f3f58417ef,5147bf878a23e828e432b4cf8394a270077a9b40b90a990e2e8ee718ac87b6a7
adult,1.0,5050,1,636,152,484,0.7610062893081762,False,False,False,False,True,470,166,0.2610062893081761,129,23,341,143,0,fce6677032fbdb54103a9b15a965fcc86c2481a572f1b925645a3c2fbba26e42,5147bf878a23e828e432b4cf8394a270077a9b40b90a990e2e8ee718ac87b6a7
adult,1.0,5050,2,1581,1229,352,0.2226438962681847,False,False,False,False,True,1338,243,0.15370018975332067,1096,133,242,110,0,dccdba48b2eb3d0ba6bb6c92fcf87772330f3a9b95902681dd4518a82e14286a,5147bf878a23e828e432b4cf8394a270077a9b40b90a990e2e8ee718ac87b6a7
adult,1.0,5050,3,846,695,151,0.17848699763593381,False,False,False,False,True,716,130,0.1536643026004728,614,81,102,49,0,38e3d9591d3a3b7736fb224d65344f21ca21306594231137603ce36bad701cee,5147bf878a23e828e432b4cf8394a270077a9b40b90a990e2e8ee718ac87b6a7
adult,1.0,5050,4,763,223,540,0.7077326343381389,False,False,False,False,False,590,173,0.22673656618610746,192,31,398,142,0,a838c5fddbb515cd74c24f5d0bf62730502107ffa7cde5ee376cb513c78525b8,5147bf878a23e828e432b4cf8394a270077a9b40b90a990e2e8ee718ac87b6a7
adult,1.0,5050,5,937,546,391,0.41728922091782283,False,False,False,False,False,744,193,0.20597652081109924,480,66,264,127,0,e9775099aef201be2547af6943166889a9dd91ed1b3ccb1d25dff376a3d68a7c,5147bf878a23e828e432b4cf8394a270077a9b40b90a990e2e8ee718ac87b6a7
adult,1.0,5050,6,2097,113,1984,0.9461134954697187,False,False,False,False,False,1478,619,0.2951835956127802,103,10,1375,609,0,7a3141f2f274230135fa345039ded2793b9ac3ff8bf2407b2306a41a1795f242,5147bf878a23e828e432b4cf8394a270077a9b40b90a990e2e8ee718ac87b6a7
adult,1.0,5050,7,1089,151,938,0.8613406795224977,False,False,False,False,False,767,322,0.2956841138659321,132,19,635,303,0,dd32b3b450c8cb89286daa33001d10bd1ec1a7c41f73973b7b591eb144350ddb,5147bf878a23e828e432b4cf8394a270077a9b40b90a990e2e8ee718ac87b6a7
adult,1.0,5050,8,767,250,517,0.6740547588005215,False,False,False,False,False,569,198,0.258148631029987,219,31,350,167,0,cf5d67582afc8933acd15bb2da046c6ce112b98c9d9dcb2ada8965781f6929ef,5147bf878a23e828e432b4cf8394a270077a9b40b90a990e2e8ee718ac87b6a7
adult,1.0,5050,9,974,359,615,0.6314168377823408,False,False,False,False,False,745,229,0.2351129363449692,325,34,420,195,0,8ef617c85f9fec3eb5fdfd50a048ac2f936b4c8d4238b78fec694039309cee11,5147bf878a23e828e432b4cf8394a270077a9b40b90a990e2e8ee718ac87b6a7
adult,1.0,5050,10,761,653,108,0.14191852825229961,False,False,False,False,False,648,113,0.14848883048620237,576,77,72,36,0,1901716fed0a7ed4b55b0f1f6564e2728a59cdb93833d493dc813e1af5597a9c,5147bf878a23e828e432b4cf8394a270077a9b40b90a990e2e8ee718ac87b6a7
adult,1.0,5050,11,3043,711,2332,0.7663489976996385,False,False,False,False,False,2240,803,0.2638843246795925,638,73,1602,730,0,839ada0229b9edcb62d25c931359e17a37cbf9431f42fd68b08804a7ef5c87dd,5147bf878a23e828e432b4cf8394a270077a9b40b90a990e2e8ee718ac87b6a7
adult,1.0,5050,12,1355,360,995,0.7343173431734318,False,False,False,False,False,1003,352,0.25977859778597784,316,44,687,308,0,76ee4672e838c3d9415587fc01e43f50935b74596d87af19f94e3228b7d21fa5,5147bf878a23e828e432b4cf8394a270077a9b40b90a990e2e8ee718ac87b6a7
adult,1.0,5050,13,878,315,563,0.6412300683371298,False,False,False,False,False,655,223,0.2539863325740319,276,39,379,184,0,ba78dcdd796de78a485408c13b42bdac109a90c53b6f062e9e03e438a3fd211c,5147bf878a23e828e432b4cf8394a270077a9b40b90a990e2e8ee718ac87b6a7
adult,1.0,5050,14,519,457,62,0.11946050096339114,False,False,False,False,False,445,74,0.14258188824662812,401,56,44,18,0,40b9a095196b974ed7233dceccc90f239664b6b249e43dea1293b35e989e0258,5147bf878a23e828e432b4cf8394a270077a9b40b90a990e2e8ee718ac87b6a7
adult,1.0,5050,15,3171,223,2948,0.9296751813308105,False,False,False,False,False,2232,939,0.2961210974456008,201,22,2031,917,0,cc02abe19948a401c9b10f241a52cf722be9da96e4788fa0113abb11873538fc,5147bf878a23e828e432b4cf8394a270077a9b40b90a990e2e8ee718ac87b6a7
adult,1.0,5050,16,788,670,118,0.14974619289340102,False,False,False,False,False,668,120,0.15228426395939088,585,85,83,35,0,b4d042acc6028194a9ae61b06e935c798f23c8010405c3363133b13062a21d33,5147bf878a23e828e432b4cf8394a270077a9b40b90a990e2e8ee718ac87b6a7
adult,1.0,5050,17,1476,588,888,0.6016260162601627,False,False,False,False,False,1143,333,0.22560975609756098,528,60,615,273,0,b4c56d14ee709c28daa2cd0215eb68b6184aa5e6932a66f5340f9d8b02e4ca4a,5147bf878a23e828e432b4cf8394a270077a9b40b90a990e2e8ee718ac87b6a7
adult,1.0,5050,18,1052,545,507,0.48193916349809884,False,False,False,False,False,845,207,0.1967680608365019,486,59,359,148,0,0f32ecc535fff278412c26f0570e30c87c187778ba583878ed1cf130ba3cd4d0,5147bf878a23e828e432b4cf8394a270077a9b40b90a990e2e8ee718ac87b6a7
adult,1.0,5050,19,2617,312,2305,0.880779518532671,False,False,False,False,False,1854,763,0.2915552158960642,272,40,1582,723,0,9c521cc8f8e78b9ea8f5ddd4528b758a6bec7faedc818d06cf20bc9b4e4c6289,5147bf878a23e828e432b4cf8394a270077a9b40b90a990e2e8ee718ac87b6a7
adult,1.0,6060,0,2000,480,1520,0.76,False,False,False,False,True,1481,519,0.2595,435,45,1046,474,0,6bc4bc16922f5bed0c4a6fe60e2f993e57da1407771156908038f25800d68cf0,7726a9de20ad234a97c781c5509e7ea912e2263d41ab6f708ee78bf62142e4cf
adult,1.0,6060,1,833,475,358,0.4297719087635054,False,False,False,False,True,684,149,0.1788715486194478,421,54,263,95,0,de8f96d4d4910eceeebda3ab5b7e4070bcdc41a5c7cbc012c246487549d62b81,7726a9de20ad234a97c781c5509e7ea912e2263d41ab6f708ee78bf62142e4cf
adult,1.0,6060,2,1159,958,201,0.1734253666954271,False,False,False,False,True,999,160,0.13805004314063848,865,93,134,67,0,7dffa52b1c13880280d3f2e89818184311e018b7437ab24e1c4610db50c4c537,7726a9de20ad234a97c781c5509e7ea912e2263d41ab6f708ee78bf62142e4cf
adult,1.0,6060,3,2582,84,2498,0.9674670797831139,False,False,False,False,True,1809,773,0.29938032532920217,70,14,1739,759,0,6a435050e90e63d19e91444b78c48107054254a23919a13ec3d576326cd35c9e,7726a9de20ad234a97c781c5509e7ea912e2263d41ab6f708ee78bf62142e4cf
adult,1.0,6060,4,1661,479,1182,0.7116195063214931,False,False,False,False,False,1223,438,0.2636965683323299,422,57,801,381,0,c061e1721275ac3c5200f9fc1d7522d72533ba4d9991a8f45c4f6e136a76be0c,7726a9de20ad234a97c781c5509e7ea912e2263d41ab6f708ee78bf62142e4cf
adult,1.0,6060,5,748,309,439,0.5868983957219251,False,False,False,False,False,579,169,0.22593582887700533,271,38,308,131,0,0550ba19e154e0ee8fe986eab56d8fab092c34d61f8472f789fb62546e6a7bdf,7726a9de20ad234a97c781c5509e7ea912e2263d41ab6f708ee78bf62142e4cf
adult,1.0,6060,6,2351,158,2193,0.9327945555082944,False,False,False,False,False,1633,718,0.3054019566142067,140,18,1493,700,0,59434cd04d636372a00c8600deedddb731e3513807429d6264966be9f4914204,7726a9de20ad234a97c781c5509e7ea912e2263d41ab6f708ee78bf62142e4cf
adult,1.0,6060,7,3035,1614,1421,0.4682042833607908,False,False,False,False,False,2426,609,0.20065897858319603,1426,188,1000,421,0,a81106bc281ccdba9f17a647359a2938ae0fa52e73f60c8647552c6b89a6a988,7726a9de20ad234a97c781c5509e7ea912e2263d41ab6f708ee78bf62142e4cf
adult,1.0,6060,8,279,221,58,0.2078853046594982,False,False,False,False,False,235,44,0.15770609318996415,199,22,36,22,0,076071715fa117f188bbd576ac02a9f92dd7757267ae577af8391f54ece889a6,7726a9de20ad234a97c781c5509e7ea912e2263d41ab6f708ee78bf62142e4cf
adult,1.0,6060,9,1974,362,1612,0.8166160081053698,False,False,False,False,False,1438,536,0.27152988855116517,329,33,1109,503,0,58da77fc1ed9f63ef1ce5bf94f6872d529dc5e66918d9a82d8f180135ae63338,7726a9de20ad234a97c781c5509e7ea912e2263d41ab6f708ee78bf62142e4cf
adult,1.0,6060,10,1253,218,1035,0.8260175578611333,False,False,False,False,False,891,362,0.28890662410215484,193,25,698,337,0,b11b7a5e92bd84da6dfa081a1f0750b7f97864cd3e16d095e82cb1a5c6913689,7726a9de20ad234a97c781c5509e7ea912e2263d41ab6f708ee78bf62142e4cf
adult,1.0,6060,11,450,160,290,0.6444444444444445,False,False,False,False,False,338,112,0.24888888888888888,139,21,199,91,0,4728ccfb0db7b1b08975a62f08b821137ceed12a7e3d7ac0f1f5afd854993c3d,7726a9de20ad234a97c781c5509e7ea912e2263d41ab6f708ee78bf62142e4cf
adult,1.0,6060,12,598,485,113,0.18896321070234115,False,False,False,False,False,496,102,0.1705685618729097,425,60,71,42,0,8d2e2cc6b1c6e773353b59713d0f70fd1076901e3908f53cf4614cacf7c16eb2,7726a9de20ad234a97c781c5509e7ea912e2263d41ab6f708ee78bf62142e4cf
adult,1.0,6060,13,791,5,786,0.9936788874841972,False,False,False,False,False,533,258,0.32616940581542353,4,1,529,257,0,ce292082fb56d2c20d7a6f2eee596ee562a9a54b4a5be865e79655632eeca12b,7726a9de20ad234a97c781c5509e7ea912e2263d41ab6f708ee78bf62142e4cf
adult,1.0,6060,14,969,949,20,0.02063983488132095,False,False,False,False,False,866,103,0.10629514963880289,850,99,16,4,0,876f7c5614fdc34b8cc46d8f8f4cd7e53199cf9b43434afe70a44564757a6244,7726a9de20ad234a97c781c5509e7ea912e2263d41ab6f708ee78bf62142e4cf
adult,1.0,6060,15,761,329,432,0.5676741130091985,False,False,False,False,False,574,187,0.2457293035479632,291,38,283,149,0,644f9eebb4b3b3c8b81540d91872fb5cfbea21130bac64c458d3c519ec2a044d,7726a9de20ad234a97c781c5509e7ea912e2263d41ab6f708ee78bf62142e4cf
adult,1.0,6060,16,1264,108,1156,0.9145569620253164,False,False,False,False,False,886,378,0.2990506329113924,100,8,786,370,0,63cd55fde3a451376ee80639d3acf44d64cc1d57b7e0e63c885bf1a4c37ccdd4,7726a9de20ad234a97c781c5509e7ea912e2263d41ab6f708ee78bf62142e4cf
adult,1.0,6060,17,995,591,404,0.40603015075376886,False,False,False,False,False,783,212,0.21306532663316582,523,68,260,144,0,9cf3a20f3807f9345bacda0aeb99d73459da452d9c0ec30b205d5450df708356,7726a9de20ad234a97c781c5509e7ea912e2263d41ab6f708ee78bf62142e4cf
adult,1.0,6060,18,1986,89,1897,0.9551863041289023,False,False,False,False,False,1398,588,0.29607250755287007,71,18,1327,570,0,2dc4fcc2000ba9f82da40164aa05b3d07d83d0a7fa132af6440e7bc9224ce71f,7726a9de20ad234a97c781c5509e7ea912e2263d41ab6f708ee78bf62142e4cf
adult,1.0,6060,19,1457,730,727,0.49897048730267674,False,False,False,False,False,1136,321,0.22031571722717913,649,81,487,240,0,eebccd8dc5e2b1a89991f2cd2716bc94b662a9a7ff3ccff7c21e8d48609097a6,7726a9de20ad234a97c781c5509e7ea912e2263d41ab6f708ee78bf62142e4cf
adult,1.0,7070,0,638,198,440,0.6896551724137931,False,False,False,False,True,472,166,0.2601880877742947,179,19,293,147,0,bc0ecff51aaa9f4d9d30fcf30242b00c996a44fd71d3e658410f25677480ed72,32d25bda5103c7f294e2db8dcb5c08649c3a88aabc36e536f0ac8c08493288d1
adult,1.0,7070,1,2488,1754,734,0.295016077170418,False,False,False,False,True,2067,421,0.1692122186495177,1557,197,510,224,0,a60dc90f20dfb03cf36c80ea99b95c2e017028d3644bc4d6ad3a560813f87f36,32d25bda5103c7f294e2db8dcb5c08649c3a88aabc36e536f0ac8c08493288d1
adult,1.0,7070,2,911,169,742,0.814489571899012,False,False,False,False,True,644,267,0.29308452250274425,153,16,491,251,0,14c00400a89530d248c34ae172ec42372ed6e42894db16c31a6b269aed63701e,32d25bda5103c7f294e2db8dcb5c08649c3a88aabc36e536f0ac8c08493288d1
adult,1.0,7070,3,3747,248,3499,0.9338137176407793,False,False,False,False,True,2619,1128,0.3010408326661329,223,25,2396,1103,0,aff543d9f7ba8c2ec5fc118b0aa0d3701620991735003595b01c1b9fdbb22e1d,32d25bda5103c7f294e2db8dcb5c08649c3a88aabc36e536f0ac8c08493288d1
adult,1.0,7070,4,808,96,712,0.8811881188118812,False,False,False,False,False,559,249,0.30816831683168316,82,14,477,235,0,aae7be7161d0442ef9a4e294030772b6db1505ed553e8099efe566801906aad6,32d25bda5103c7f294e2db8dcb5c08649c3a88aabc36e536f0ac8c08493288d1
adult,1.0,7070,5,1487,174,1313,0.882985877605918,False,False,False,False,False,1083,404,0.2716879623402825,154,20,929,384,0,58b6d00362f278e3c336333dc6465303570d525ea138c2923115d9741242eff9,32d25bda5103c7f294e2db8dcb5c08649c3a88aabc36e536f0ac8c08493288d1
adult,1.0,7070,6,581,237,344,0.5920826161790017,False,False,False,False,False,437,144,0.24784853700516352,204,33,233,111,0,9e81b6d441ebaadd014155da3c444649b057a7efbb0375c04b67518b0cb61b1a,32d25bda5103c7f294e2db8dcb5c08649c3a88aabc36e536f0ac8c08493288d1
adult,1.0,7070,7,2016,1373,643,0.3189484126984127,False,False,False,False,False,1666,350,0.1736111111111111,1217,156,449,194,0,3243328858bdc3b059f46c4050b94683985f75ba4843edd7ff01188289777e5e,32d25bda5103c7f294e2db8dcb5c08649c3a88aabc36e536f0ac8c08493288d1
adult,1.0,7070,8,1434,348,1086,0.7573221757322176,False,False,False,False,False,1030,404,0.28172942817294283,304,44,726,360,0,5bf074af4ddc8af7dc75db75fe3867a989a26431f7dd70214444143364da0b62,32d25bda5103c7f294e2db8dcb5c08649c3a88aabc36e536f0ac8c08493288d1
adult,1.0,7070,9,938,889,49,0.05223880597014925,False,False,False,False,False,835,103,0.10980810234541578,791,98,44,5,0,8fdf109a0f789057f39a29805df609795585a6eaea148f4ccfe709c3c2962e22,32d25bda5103c7f294e2db8dcb5c08649c3a88aabc36e536f0ac8c08493288d1
adult,1.0,7070,10,1374,181,1193,0.8682678311499272,False,False,False,False,False,1011,363,0.26419213973799127,161,20,850,343,0,f6949478a1d5974887d9e809877a7ef4b84d7e62b8dd75ea9326ed183a16a6d9,32d25bda5103c7f294e2db8dcb5c08649c3a88aabc36e536f0ac8c08493288d1
adult,1.0,7070,11,1741,883,858,0.4928202182653647,False,False,False,False,False,1358,383,0.2199885123492246,782,101,576,282,0,7d18a4d30ab324b8a8e93f5de688eb684daff98f245346f589f0c0b245b04f62,32d25bda5103c7f294e2db8dcb5c08649c3a88aabc36e536f0ac8c08493288d1
adult,1.0,7070,12,147,90,57,0.3877551020408163,False,False,False,False,False,129,18,0.12244897959183673,86,4,43,14,0,b48a6a278e689313bc18ac0bd517e39286f62a6ad36ba23568614b3701fc4c53,32d25bda5103c7f294e2db8dcb5c08649c3a88aabc36e536f0ac8c08493288d1
adult,1.0,7070,13,778,424,354,0.455012853470437,False,False,False,False,False,628,150,0.1928020565552699,383,41,245,109,0,d733a458ccfaf7ef8d675aef79daa9c63f837cf8f6addd8aaf645990a536a750,32d25bda5103c7f294e2db8dcb5c08649c3a88aabc36e536f0ac8c08493288d1
adult,1.0,7070,14,459,170,289,0.6296296296296297,False,False,False,False,False,338,121,0.2636165577342048,152,18,186,103,0,c6047cdc9da17ea034c7aa05ab90a87d8b288cba84d867c1f08ebe772e0e49f9,32d25bda5103c7f294e2db8dcb5c08649c3a88aabc36e536f0ac8c08493288d1
adult,1.0,7070,15,1732,649,1083,0.6252886836027713,False,False,False,False,False,1318,414,0.2390300230946882,582,67,736,347,0,573a7178bd4501079aeebb97ef1fcccaab20f5a72fe67d5fd0b7d2c533fd0cb7,32d25bda5103c7f294e2db8dcb5c08649c3a88aabc36e536f0ac8c08493288d1
adult,1.0,7070,16,962,119,843,0.8762993762993763,False,False,False,False,False,685,277,0.28794178794178793,103,16,582,261,0,72808979d6d12710086a4802caae1131812899be9394758b047d650556da11bd,32d25bda5103c7f294e2db8dcb5c08649c3a88aabc36e536f0ac8c08493288d1
adult,1.0,7070,17,1435,175,1260,0.8780487804878049,False,False,False,False,False,973,462,0.32195121951219513,144,31,829,431,0,db9211ecf554b998d161d0170615608310978a428d36ed949a65b481a7db671e,32d25bda5103c7f294e2db8dcb5c08649c3a88aabc36e536f0ac8c08493288d1
adult,1.0,7070,18,551,194,357,0.647912885662432,False,False,False,False,False,412,139,0.25226860254083483,170,24,242,115,0,2896ffaf3069561aeb4fbd11cdf417ebfc367097dde690c0f2baecea6fcf7783,32d25bda5103c7f294e2db8dcb5c08649c3a88aabc36e536f0ac8c08493288d1
adult,1.0,7070,19,2919,433,2486,0.8516615279205207,False,False,False,False,False,2134,785,0.2689277149708804,384,49,1750,736,0,b43ec505dddfd16c9bc6cc27017c2bdcc0c66706cdb63147259ae40dc7ff383a,32d25bda5103c7f294e2db8dcb5c08649c3a88aabc36e536f0ac8c08493288d1
adult,1.0,789,0,1260,240,1020,0.8095238095238095,False,False,False,False,True,909,351,0.2785714285714286,216,24,693,327,0,cdaabcbc94fcdc4af85597eed9aaf33bd50072913350148fb1dacbe9fa41139e,16c9112da6f50baaa93fb08bda76082240f7b8f604c728e75851356acc8d9acf
adult,1.0,789,1,1270,70,1200,0.9448818897637795,False,False,False,False,True,896,374,0.29448818897637796,62,8,834,366,0,32c6f358605659d57f1a90e505e0b6ba472d3eb69815511a4737b30a554b6c8b,16c9112da6f50baaa93fb08bda76082240f7b8f604c728e75851356acc8d9acf
adult,1.0,789,2,457,419,38,0.08315098468271334,False,False,False,False,True,387,70,0.15317286652078774,360,59,27,11,0,6ba5c72ca643ff2f8ff8eb031ffba9879870a0985bf9ae7e0edced91017fbf34,16c9112da6f50baaa93fb08bda76082240f7b8f604c728e75851356acc8d9acf
adult,1.0,789,3,1381,184,1197,0.8667632150615496,False,False,False,False,True,999,382,0.27661115133960895,157,27,842,355,0,d0036b4c46dfaed1563f2331569859f3d0ccaa63758c49ac58c2dc1d6c152037,16c9112da6f50baaa93fb08bda76082240f7b8f604c728e75851356acc8d9acf
adult,1.0,789,4,3238,38,3200,0.9882643607164917,False,False,False,False,False,2249,989,0.30543545398394073,31,7,2218,982,0,be74135766081ca54eae9c9ce050077fdcff8f8924e67a7dd95b130558e34e00,16c9112da6f50baaa93fb08bda76082240f7b8f604c728e75851356acc8d9acf
adult,1.0,789,5,546,538,8,0.014652014652014652,False,False,False,False,False,471,75,0.13736263736263737,466,72,5,3,0,09cf6928baf136cea424d4fdbe662cf0496233652e977e70a7e3d09d38153cfd,16c9112da6f50baaa93fb08bda76082240f7b8f604c728e75851356acc8d9acf
adult,1.0,789,6,1131,857,274,0.242263483642794,False,False,False,False,False,947,184,0.16268788682581786,767,90,180,94,0,ee1f3ff2531fd1e2590660dbbbf7fcdaa5b075c88d95ba47d9de5483243b6b33,16c9112da6f50baaa93fb08bda76082240f7b8f604c728e75851356acc8d9acf
adult,1.0,789,7,1037,322,715,0.6894889103182257,False,False,False,False,False,755,282,0.2719382835101254,293,29,462,253,0,de8d19558c81fda3151d2dcdb2a1c0054d759601f0465e2b02aa56e01099326b,16c9112da6f50baaa93fb08bda76082240f7b8f604c728e75851356acc8d9acf
adult,1.0,789,8,1341,916,425,0.3169276659209545,False,False,False,False,False,1088,253,0.18866517524235646,813,103,275,150,0,27df54cf42f8f74c38ba42da3e40b2847420d20d1d107546921ddc155e024517,16c9112da6f50baaa93fb08bda76082240f7b8f604c728e75851356acc8d9acf
adult,1.0,789,9,402,67,335,0.8333333333333334,False,False,False,False,False,285,117,0.291044776119403,58,9,227,108,0,a542ae8da91598c2fa17949c01567ab0acff3b5df77e19f296c88c9be00e3973,16c9112da6f50baaa93fb08bda76082240f7b8f604c728e75851356acc8d9acf
adult,1.0,789,10,616,463,153,0.2483766233766234,False,False,False,False,False,516,100,0.16233766233766234,413,50,103,50,0,b29ce6c7225ed70811e8a6bc587d7ad9eaa268d98464ac35b63bd16aaee84ae3,16c9112da6f50baaa93fb08bda76082240f7b8f604c728e75851356acc8d9acf
adult,1.0,789,11,339,324,15,0.04424778761061947,False,False,False,False,False,303,36,0.10619469026548672,293,31,10,5,0,c97416a6d52a5c3193fb7e5ad46c133075dd3c7523f211237792987a01416849,16c9112da6f50baaa93fb08bda76082240f7b8f604c728e75851356acc8d9acf
adult,1.0,789,12,674,581,93,0.13798219584569732,False,False,False,False,False,577,97,0.14391691394658754,517,64,60,33,0,25f3771e69e9de658b0c23b9bfbce6e6073d37f6ebdcc039e3f3d7eabaf47a0a,16c9112da6f50baaa93fb08bda76082240f7b8f604c728e75851356acc8d9acf
adult,1.0,789,13,820,270,550,0.6707317073170732,False,False,False,False,False,599,221,0.26951219512195124,235,35,364,186,0,cb5e739429e3d10cb3d06ffab7c1a3799b839a406dae8d808424fe26be6c3832,16c9112da6f50baaa93fb08bda76082240f7b8f604c728e75851356acc8d9acf
adult,1.0,789,14,2021,356,1665,0.8238495794161306,False,False,False,False,False,1472,549,0.27164769915883225,305,51,1167,498,0,01bda8c26860c92a2be65aebf9b32f15d0d432a6eb07aa633f74c29dce2ef0eb,16c9112da6f50baaa93fb08bda76082240f7b8f604c728e75851356acc8d9acf
adult,1.0,789,15,2692,1961,731,0.2715453194650817,False,False,False,False,False,2215,477,0.17719167904903418,1732,229,483,248,0,7fb784c5d737f293dd0aaf0414549cce8d2097e50ba814c147d14a72cd045d4b,16c9112da6f50baaa93fb08bda76082240f7b8f604c728e75851356acc8d9acf
adult,1.0,789,16,1520,138,1382,0.9092105263157895,False,False,False,False,False,1065,455,0.2993421052631579,123,15,942,440,0,c4b858678da2e975cf5258db6a299c107f312d0023fc58a69d3a0ef74eb568a2,16c9112da6f50baaa93fb08bda76082240f7b8f604c728e75851356acc8d9acf
adult,1.0,789,17,694,244,450,0.6484149855907781,False,False,False,False,False,510,184,0.26512968299711814,213,31,297,153,0,7cfeb0cbf8f5ab86665114ce7a5669aa8b7db60e4d840d8511df53d3353db82d,16c9112da6f50baaa93fb08bda76082240f7b8f604c728e75851356acc8d9acf
adult,1.0,789,18,3647,273,3374,0.9251439539347409,False,False,False,False,False,2551,1096,0.3005209761447765,235,38,2316,1058,0,5a7123cf24f27737855ce919ed97b5e764c19a9f33449bf5720973e393d84ff8,16c9112da6f50baaa93fb08bda76082240f7b8f604c728e75851356acc8d9acf
adult,1.0,789,19,2060,543,1517,0.7364077669902913,False,False,False,False,False,1541,519,0.2519417475728155,493,50,1048,469,0,cd7a13b2cf5369b91ba501a72dfd052069b8000e9e47c4a9e94f51f3569b97b5,16c9112da6f50baaa93fb08bda76082240f7b8f604c728e75851356acc8d9acf
compas,0.1,1001,0,1494,1221,273,0.1827309236947791,False,False,False,False,True,884,610,0.40829986613119146,749,472,135,138,0,,ffc639b0fee3914c23aaa6910469b2b44a5242d2d8bfed32787131a1f1a5f07f
compas,0.1,1001,1,1,1,0,0.0,False,False,True,True,True,0,1,1.0,0,1,0,0,3,,ffc639b0fee3914c23aaa6910469b2b44a5242d2d8bfed32787131a1f1a5f07f
compas,0.1,1001,2,465,465,0,0.0,False,False,True,True,True,283,182,0.3913978494623656,283,182,0,0,2,,ffc639b0fee3914c23aaa6910469b2b44a5242d2d8bfed32787131a1f1a5f07f
compas,0.1,1001,3,0,0,0,,True,True,True,False,True,0,0,,0,0,0,0,4,,ffc639b0fee3914c23aaa6910469b2b44a5242d2d8bfed32787131a1f1a5f07f
compas,0.1,1001,4,0,0,0,,True,True,True,False,False,0,0,,0,0,0,0,4,,ffc639b0fee3914c23aaa6910469b2b44a5242d2d8bfed32787131a1f1a5f07f
compas,0.1,1001,5,64,0,64,1.0,False,True,False,True,False,32,32,0.5,0,0,32,32,2,,ffc639b0fee3914c23aaa6910469b2b44a5242d2d8bfed32787131a1f1a5f07f
compas,0.1,1001,6,422,1,421,0.9976303317535545,False,False,False,False,False,201,221,0.523696682464455,0,1,201,220,1,,ffc639b0fee3914c23aaa6910469b2b44a5242d2d8bfed32787131a1f1a5f07f
compas,0.1,1001,7,26,0,26,1.0,False,True,False,True,False,12,14,0.5384615384615384,0,0,12,14,2,,ffc639b0fee3914c23aaa6910469b2b44a5242d2d8bfed32787131a1f1a5f07f
compas,0.1,1001,8,21,21,0,0.0,False,False,True,True,False,11,10,0.47619047619047616,11,10,0,0,2,,ffc639b0fee3914c23aaa6910469b2b44a5242d2d8bfed32787131a1f1a5f07f
compas,0.1,1001,9,38,2,36,0.9473684210526315,False,False,False,False,False,16,22,0.5789473684210527,0,2,16,20,1,,ffc639b0fee3914c23aaa6910469b2b44a5242d2d8bfed32787131a1f1a5f07f
compas,0.1,1001,10,219,69,150,0.684931506849315,False,False,False,False,False,116,103,0.4703196347031963,41,28,75,75,0,,ffc639b0fee3914c23aaa6910469b2b44a5242d2d8bfed32787131a1f1a5f07f
compas,0.1,1001,11,1018,0,1018,1.0,False,True,False,True,False,488,530,0.5206286836935167,0,0,488,530,2,,ffc639b0fee3914c23aaa6910469b2b44a5242d2d8bfed32787131a1f1a5f07f
compas,0.1,1001,12,3,0,3,1.0,False,True,False,True,False,1,2,0.6666666666666666,0,0,1,2,2,,ffc639b0fee3914c23aaa6910469b2b44a5242d2d8bfed32787131a1f1a5f07f
compas,0.1,1001,13,0,0,0,,True,True,True,False,False,0,0,,0,0,0,0,4,,ffc639b0fee3914c23aaa6910469b2b44a5242d2d8bfed32787131a1f1a5f07f
compas,0.1,1001,14,0,0,0,,True,True,True,False,False,0,0,,0,0,0,0,4,,ffc639b0fee3914c23aaa6910469b2b44a5242d2d8bfed32787131a1f1a5f07f
compas,0.1,1001,15,0,0,0,,True,True,True,False,False,0,0,,0,0,0,0,4,,ffc639b0fee3914c23aaa6910469b2b44a5242d2d8bfed32787131a1f1a5f07f
compas,0.1,1001,16,0,0,0,,True,True,True,False,False,0,0,,0,0,0,0,4,,ffc639b0fee3914c23aaa6910469b2b44a5242d2d8bfed32787131a1f1a5f07f
compas,0.1,1001,17,108,107,1,0.009259259259259259,False,False,False,False,False,76,32,0.2962962962962963,75,32,1,0,1,,ffc639b0fee3914c23aaa6910469b2b44a5242d2d8bfed32787131a1f1a5f07f
compas,0.1,1001,18,3,0,3,1.0,False,True,False,True,False,1,2,0.6666666666666666,0,0,1,2,2,,ffc639b0fee3914c23aaa6910469b2b44a5242d2d8bfed32787131a1f1a5f07f
compas,0.1,1001,19,6,1,5,0.8333333333333334,False,False,False,False,False,3,3,0.5,1,0,2,3,1,,ffc639b0fee3914c23aaa6910469b2b44a5242d2d8bfed32787131a1f1a5f07f
compas,0.1,123,0,0,0,0,,True,True,True,False,True,0,0,,0,0,0,0,4,,602c4007de41591cd82c5e7f731a6dce9083e5db67bfa2bc2b21afa5cff7f5ad
compas,0.1,123,1,912,912,0,0.0,False,False,True,True,True,571,341,0.37390350877192985,571,341,0,0,2,,602c4007de41591cd82c5e7f731a6dce9083e5db67bfa2bc2b21afa5cff7f5ad
compas,0.1,123,2,232,142,90,0.3879310344827586,False,False,False,False,True,125,107,0.46120689655172414,85,57,40,50,0,,602c4007de41591cd82c5e7f731a6dce9083e5db67bfa2bc2b21afa5cff7f5ad
compas,0.1,123,3,25,0,25,1.0,False,True,False,True,True,16,9,0.36,0,0,16,9,2,,602c4007de41591cd82c5e7f731a6dce9083e5db67bfa2bc2b21afa5cff7f5ad
compas,0.1,123,4,3,3,0,0.0,False,False,True,True,False,1,2,0.6666666666666666,1,2,0,0,2,,602c4007de41591cd82c5e7f731a6dce9083e5db67bfa2bc2b21afa5cff7f5ad
compas,0.1,123,5,48,48,0,0.0,False,False,True,True,False,29,19,0.3958333333333333,29,19,0,0,2,,602c4007de41591cd82c5e7f731a6dce9083e5db67bfa2bc2b21afa5cff7f5ad
compas,0.1,123,6,2,0,2,1.0,False,True,False,True,False,2,0,0.0,0,0,2,0,3,,602c4007de41591cd82c5e7f731a6dce9083e5db67bfa2bc2b21afa5cff7f5ad
compas,0.1,123,7,32,16,16,0.5,False,False,False,False,False,17,15,0.46875,10,6,7,9,0,,602c4007de41591cd82c5e7f731a6dce9083e5db67bfa2bc2b21afa5cff7f5ad
compas,0.1,123,8,844,370,474,0.5616113744075829,False,False,False,False,False,432,412,0.4881516587677725,218,152,214,260,0,,602c4007de41591cd82c5e7f731a6dce9083e5db67bfa2bc2b21afa5cff7f5ad
compas,0.1,123,9,32,0,32,1.0,False,True,False,True,False,19,13,0.40625,0,0,19,13,2,,602c4007de41591cd82c5e7f731a6dce9083e5db67bfa2bc2b21afa5cff7f5ad
compas,0.1,123,10,0,0,0,,True,True,True,False,False,0,0,,0,0,0,0,4,,602c4007de41591cd82c5e7f731a6dce9083e5db67bfa2bc2b21afa5cff7f5ad
compas,0.1,123,11,3,0,3,1.0,False,True,False,True,False,3,0,0.0,0,0,3,0,3,,602c4007de41591cd82c5e7f731a6dce9083e5db67bfa2bc2b21afa5cff7f5ad
compas,0.1,123,12,0,0,0,,True,True,True,False,False,0,0,,0,0,0,0,4,,602c4007de41591cd82c5e7f731a6dce9083e5db67bfa2bc2b21afa5cff7f5ad
compas,0.1,123,13,0,0,0,,True,True,True,False,False,0,0,,0,0,0,0,4,,602c4007de41591cd82c5e7f731a6dce9083e5db67bfa2bc2b21afa5cff7f5ad
compas,0.1,123,14,518,0,518,1.0,False,True,False,True,False,251,267,0.5154440154440154,0,0,251,267,2,,602c4007de41591cd82c5e7f731a6dce9083e5db67bfa2bc2b21afa5cff7f5ad
compas,0.1,123,15,737,50,687,0.932157394843962,False,False,False,False,False,362,375,0.508819538670285,33,17,329,358,0,,602c4007de41591cd82c5e7f731a6dce9083e5db67bfa2bc2b21afa5cff7f5ad
compas,0.1,123,16,19,18,1,0.05263157894736842,False,False,False,False,False,13,6,0.3157894736842105,12,6,1,0,1,,602c4007de41591cd82c5e7f731a6dce9083e5db67bfa2bc2b21afa5cff7f5ad
compas,0.1,123,17,47,4,43,0.9148936170212766,False,False,False,False,False,15,32,0.6808510638297872,1,3,14,29,0,,602c4007de41591cd82c5e7f731a6dce9083e5db67bfa2bc2b21afa5cff7f5ad
compas,0.1,123,18,432,324,108,0.25,False,False,False,False,False,254,178,0.41203703703703703,200,124,54,54,0,,602c4007de41591cd82c5e7f731a6dce9083e5db67bfa2bc2b21afa5cff7f5ad
compas,0.1,123,19,2,1,1,0.5,False,False,False,False,False,1,1,0.5,0,1,1,0,2,,602c4007de41591cd82c5e7f731a6dce9083e5db67bfa2bc2b21afa5cff7f5ad
compas,0.1,2024,0,325,116,209,0.6430769230769231,False,False,False,False,True,167,158,0.48615384615384616,72,44,95,114,0,,8dce8acb6164acb8e14b8f43698ea12061cd6f54b5ca907a7ddccf7fbc58d159
compas,0.1,2024,1,0,0,0,,True,True,True,False,True,0,0,,0,0,0,0,4,,8dce8acb6164acb8e14b8f43698ea12061cd6f54b5ca907a7ddccf7fbc58d159
compas,0.1,2024,2,2,2,0,0.0,False,False,True,True,True,1,1,0.5,1,1,0,0,2,,8dce8acb6164acb8e14b8f43698ea12061cd6f54b5ca907a7ddccf7fbc58d159
compas,0.1,2024,3,1,1,0,0.0,False,False,True,True,True,0,1,1.0,0,1,0,0,3,,8dce8acb6164acb8e14b8f43698ea12061cd6f54b5ca907a7ddccf7fbc58d159
compas,0.1,2024,4,322,0,322,1.0,False,True,False,True,False,153,169,0.5248447204968945,0,0,153,169,2,,8dce8acb6164acb8e14b8f43698ea12061cd6f54b5ca907a7ddccf7fbc58d159
compas,0.1,2024,5,23,21,2,0.08695652173913043,False,False,False,False,False,16,7,0.30434782608695654,15,6,1,1,0,,8dce8acb6164acb8e14b8f43698ea12061cd6f54b5ca907a7ddccf7fbc58d159
compas,0.1,2024,6,32,20,12,0.375,False,False,False,False,False,17,15,0.46875,14,6,3,9,0,,8dce8acb6164acb8e14b8f43698ea12061cd6f54b5ca907a7ddccf7fbc58d159
compas,0.1,2024,7,21,0,21,1.0,False,True,False,True,False,9,12,0.5714285714285714,0,0,9,12,2,,8dce8acb6164acb8e14b8f43698ea12061cd6f54b5ca907a7ddccf7fbc58d159
compas,0.1,2024,8,8,8,0,0.0,False,False,True,True,False,4,4,0.5,4,4,0,0,2,,8dce8acb6164acb8e14b8f43698ea12061cd6f54b5ca907a7ddccf7fbc58d159
compas,0.1,2024,9,619,619,0,0.0,False,False,True,True,False,391,228,0.3683360258481422,391,228,0,0,2,,8dce8acb6164acb8e14b8f43698ea12061cd6f54b5ca907a7ddccf7fbc58d159
compas,0.1,2024,10,33,0,33,1.0,False,True,False,True,False,20,13,0.3939393939393939,0,0,20,13,2,,8dce8acb6164acb8e14b8f43698ea12061cd6f54b5ca907a7ddccf7fbc58d159
compas,0.1,2024,11,0,0,0,,True,True,True,False,False,0,0,,0,0,0,0,4,,8dce8acb6164acb8e14b8f43698ea12061cd6f54b5ca907a7ddccf7fbc58d159
compas,0.1,2024,12,492,491,1,0.0020325203252032522,False,False,False,False,False,323,169,0.3434959349593496,322,169,1,0,1,,8dce8acb6164acb8e14b8f43698ea12061cd6f54b5ca907a7ddccf7fbc58d159
compas,0.1,2024,13,202,30,172,0.8514851485148515,False,False,False,False,False,94,108,0.5346534653465347,22,8,72,100,0,,8dce8acb6164acb8e14b8f43698ea12061cd6f54b5ca907a7ddccf7fbc58d159
compas,0.1,2024,14,571,571,0,0.0,False,False,True,True,False,330,241,0.4220665499124343,330,241,0,0,2,,8dce8acb6164acb8e14b8f43698ea12061cd6f54b5ca907a7ddccf7fbc58d159
compas,0.1,2024,15,102,3,99,0.9705882352941176,False,False,False,False,False,50,52,0.5098039215686274,2,1,48,51,0,,8dce8acb6164acb8e14b8f43698ea12061cd6f54b5ca907a7ddccf7fbc58d159
compas,0.1,2024,16,0,0,0,,True,True,True,False,False,0,0,,0,0,0,0,4,,8dce8acb6164acb8e14b8f43698ea12061cd6f54b5ca907a7ddccf7fbc58d159
compas,0.1,2024,17,5,5,0,0.0,False,False,True,True,False,3,2,0.4,3,2,0,0,2,,8dce8acb6164acb8e14b8f43698ea12061cd6f54b5ca907a7ddccf7fbc58d159
compas,0.1,2024,18,0,0,0,,True,True,True,False,False,0,0,,0,0,0,0,4,,8dce8acb6164acb8e14b8f43698ea12061cd6f54b5ca907a7ddccf7fbc58d159
compas,0.1,2024,19,1130,1,1129,0.9991150442477876,False,False,False,False,False,526,604,0.5345132743362832,0,1,526,603,1,,8dce8acb6164acb8e14b8f43698ea12061cd6f54b5ca907a7ddccf7fbc58d159
compas,0.1,3141,0,820,85,735,0.8963414634146342,False,False,False,False,True,385,435,0.5304878048780488,46,39,339,396,0,,106c619a8cfea586dd9fb881b792a1053fc8bbb15ce19010e92992bcbb4694d2
compas,0.1,3141,1,1,0,1,1.0,False,True,False,True,True,0,1,1.0,0,0,0,1,3,,106c619a8cfea586dd9fb881b792a1053fc8bbb15ce19010e92992bcbb4694d2
compas,0.1,3141,2,997,620,377,0.3781344032096289,False,False,False,False,True,580,417,0.4182547642928786,400,220,180,197,0,,106c619a8cfea586dd9fb881b792a1053fc8bbb15ce19010e92992bcbb4694d2
compas,0.1,3141,3,0,0,0,,True,True,True,False,True,0,0,,0,0,0,0,4,,106c619a8cfea586dd9fb881b792a1053fc8bbb15ce19010e92992bcbb4694d2
compas,0.1,3141,4,18,18,0,0.0,False,False,True,True,False,11,7,0.3888888888888889,11,7,0,0,2,,106c619a8cfea586dd9fb881b792a1053fc8bbb15ce19010e92992bcbb4694d2
compas,0.1,3141,5,1,1,0,0.0,False,False,True,True,False,0,1,1.0,0,1,0,0,3,,106c619a8cfea586dd9fb881b792a1053fc8bbb15ce19010e92992bcbb4694d2
compas,0.1,3141,6,0,0,0,,True,True,True,False,False,0,0,,0,0,0,0,4,,106c619a8cfea586dd9fb881b792a1053fc8bbb15ce19010e92992bcbb4694d2
compas,0.1,3141,7,219,54,165,0.7534246575342466,False,False,False,False,False,112,107,0.4885844748858447,38,16,74,91,0,,106c619a8cfea586dd9fb881b792a1053fc8bbb15ce19010e92992bcbb4694d2
compas,0.1,3141,8,145,86,59,0.4068965517241379,False,False,False,False,False,74,71,0.4896551724137931,49,37,25,34,0,,106c619a8cfea586dd9fb881b792a1053fc8bbb15ce19010e92992bcbb4694d2
compas,0.1,3141,9,0,0,0,,True,True,True,False,False,0,0,,0,0,0,0,4,,106c619a8cfea586dd9fb881b792a1053fc8bbb15ce19010e92992bcbb4694d2
compas,0.1,3141,10,40,37,3,0.075,False,False,False,False,False,22,18,0.45,19,18,3,0,1,,106c619a8cfea586dd9fb881b792a1053fc8bbb15ce19010e92992bcbb4694d2
compas,0.1,3141,11,0,0,0,,True,True,True,False,False,0,0,,0,0,0,0,4,,106c619a8cfea586dd9fb881b792a1053fc8bbb15ce19010e92992bcbb4694d2
compas,0.1,3141,12,13,3,10,0.7692307692307693,False,False,False,False,False,6,7,0.5384615384615384,1,2,5,5,0,,106c619a8cfea586dd9fb881b792a1053fc8bbb15ce19010e92992bcbb4694d2
compas,0.1,3141,13,687,80,607,0.883551673944687,False,False,False,False,False,355,332,0.48326055312954874,48,32,307,300,0,,106c619a8cfea586dd9fb881b792a1053fc8bbb15ce19010e92992bcbb4694d2
compas,0.1,3141,14,0,0,0,,True,True,True,False,False,0,0,,0,0,0,0,4,,106c619a8cfea586dd9fb881b792a1053fc8bbb15ce19010e92992bcbb4694d2
compas,0.1,3141,15,9,0,9,1.0,False,True,False,True,False,7,2,0.2222222222222222,0,0,7,2,2,,106c619a8cfea586dd9fb881b792a1053fc8bbb15ce19010e92992bcbb4694d2
compas,0.1,3141,16,0,0,0,,True,True,True,False,False,0,0,,0,0,0,0,4,,106c619a8cfea586dd9fb881b792a1053fc8bbb15ce19010e92992bcbb4694d2
compas,0.1,3141,17,108,77,31,0.28703703703703703,False,False,False,False,False,56,52,0.48148148148148145,40,37,16,15,0,,106c619a8cfea586dd9fb881b792a1053fc8bbb15ce19010e92992bcbb4694d2
compas,0.1,3141,18,736,736,0,0.0,False,False,True,True,False,467,269,0.3654891304347826,467,269,0,0,2,,106c619a8cfea586dd9fb881b792a1053fc8bbb15ce19010e92992bcbb4694d2
compas,0.1,3141,19,94,91,3,0.031914893617021274,False,False,False,False,False,52,42,0.44680851063829785,50,41,2,1,0,,106c619a8cfea586dd9fb881b792a1053fc8bbb15ce19010e92992bcbb4694d2
compas,0.1,4242,0,656,651,5,0.007621951219512195,False,False,False,False,True,390,266,0.4054878048780488,387,264,3,2,0,,bdc89a17d67ebd0bc8fdd12c70ddd2afe2d07fa3db6a76c7e57c4e79ee39bd45
compas,0.1,4242,1,26,26,0,0.0,False,False,True,True,True,16,10,0.38461538461538464,16,10,0,0,2,,bdc89a17d67ebd0bc8fdd12c70ddd2afe2d07fa3db6a76c7e57c4e79ee39bd45
compas,0.1,4242,2,115,0,115,1.0,False,True,False,True,True,50,65,0.5652173913043478,0,0,50,65,2,,bdc89a17d67ebd0bc8fdd12c70ddd2afe2d07fa3db6a76c7e57c4e79ee39bd45
compas,0.1,4242,3,0,0,0,,True,True,True,False,True,0,0,,0,0,0,0,4,,bdc89a17d67ebd0bc8fdd12c70ddd2afe2d07fa3db6a76c7e57c4e79ee39bd45
compas,0.1,4242,4,26,0,26,1.0,False,True,False,True,False,11,15,0.5769230769230769,0,0,11,15,2,,bdc89a17d67ebd0bc8fdd12c70ddd2afe2d07fa3db6a76c7e57c4e79ee39bd45
compas,0.1,4242,5,2,2,0,0.0,False,False,True,True,False,1,1,0.5,1,1,0,0,2,,bdc89a17d67ebd0bc8fdd12c70ddd2afe2d07fa3db6a76c7e57c4e79ee39bd45
compas,0.1,4242,6,28,6,22,0.7857142857142857,False,False,False,False,False,19,9,0.32142857142857145,5,1,14,8,0,,bdc89a17d67ebd0bc8fdd12c70ddd2afe2d07fa3db6a76c7e57c4e79ee39bd45
compas,0.1,4242,7,189,0,189,1.0,False,True,False,True,False,90,99,0.5238095238095238,0,0,90,99,2,,bdc89a17d67ebd0bc8fdd12c70ddd2afe2d07fa3db6a76c7e57c4e79ee39bd45
compas,0.1,4242,8,2,2,0,0.0,False,False,True,True,False,0,2,1.0,0,2,0,0,3,,bdc89a17d67ebd0bc8fdd12c70ddd2afe2d07fa3db6a76c7e57c4e79ee39bd45
compas,0.1,4242,9,16,0,16,1.0,False,True,False,True,False,6,10,0.625,0,0,6,10,2,,bdc89a17d67ebd0bc8fdd12c70ddd2afe2d07fa3db6a76c7e57c4e79ee39bd45
compas,0.1,4242,10,0,0,0,,True,True,True,False,False,0,0,,0,0,0,0,4,,bdc89a17d67ebd0bc8fdd12c70ddd2afe2d07fa3db6a76c7e57c4e79ee39bd45
compas,0.1,4242,11,441,0,441,1.0,False,True,False,True,False,208,233,0.528344671201814,0,0,208,233,2,,bdc89a17d67ebd0bc8fdd12c70ddd2afe2d07fa3db6a76c7e57c4e79ee39bd45
compas,0.1,4242,12,719,0,719,1.0,False,True,False,True,False,339,380,0.5285118219749653,0,0,339,380,2,,bdc89a17d67ebd0bc8fdd12c70ddd2afe2d07fa3db6a76c7e57c4e79ee39bd45
compas,0.1,4242,13,11,0,11,1.0,False,True,False,True,False,5,6,0.5454545454545454,0,0,5,6,2,,bdc89a17d67ebd0bc8fdd12c70ddd2afe2d07fa3db6a76c7e57c4e79ee39bd45
compas,0.1,4242,14,2,0,2,1.0,False,True,False,True,False,1,1,0.5,0,0,1,1,2,,bdc89a17d67ebd0bc8fdd12c70ddd2afe2d07fa3db6a76c7e57c4e79ee39bd45
compas,0.1,4242,15,829,829,0,0.0,False,False,True,True,False,520,309,0.37273823884197826,520,309,0,0,2,,bdc89a17d67ebd0bc8fdd12c70ddd2afe2d07fa3db6a76c7e57c4e79ee39bd45
compas,0.1,4242,16,16,0,16,1.0,False,True,False,True,False,9,7,0.4375,0,0,9,7,2,,bdc89a17d67ebd0bc8fdd12c70ddd2afe2d07fa3db6a76c7e57c4e79ee39bd45
compas,0.1,4242,17,104,1,103,0.9903846153846154,False,False,False,False,False,50,54,0.5192307692307693,0,1,50,53,1,,bdc89a17d67ebd0bc8fdd12c70ddd2afe2d07fa3db6a76c7e57c4e79ee39bd45
compas,0.1,4242,18,41,11,30,0.7317073170731707,False,False,False,False,False,21,20,0.4878048780487805,5,6,16,14,0,,bdc89a17d67ebd0bc8fdd12c70ddd2afe2d07fa3db6a76c7e57c4e79ee39bd45
compas,0.1,4242,19,665,360,305,0.45864661654135336,False,False,False,False,False,362,303,0.4556390977443609,207,153,155,150,0,,bdc89a17d67ebd0bc8fdd12c70ddd2afe2d07fa3db6a76c7e57c4e79ee39bd45
compas,0.1,456,0,907,0,907,1.0,False,True,False,True,True,454,453,0.4994487320837927,0,0,454,453,2,,43f701da3a79e017ef656160403d384494e8f4c8d57870db95f6ac126377aa34
compas,0.1,456,1,1638,1631,7,0.004273504273504274,False,False,False,False,True,1007,631,0.38522588522588525,1004,627,3,4,0,,43f701da3a79e017ef656160403d384494e8f4c8d57870db95f6ac126377aa34
compas,0.1,456,2,0,0,0,,True,True,True,False,True,0,0,,0,0,0,0,4,,43f701da3a79e017ef656160403d384494e8f4c8d57870db95f6ac126377aa34
compas,0.1,456,3,0,0,0,,True,True,True,False,True,0,0,,0,0,0,0,4,,43f701da3a79e017ef656160403d384494e8f4c8d57870db95f6ac126377aa34
compas,0.1,456,4,7,1,6,0.8571428571428571,False,False,False,False,False,6,1,0.14285714285714285,1,0,5,1,1,,43f701da3a79e017ef656160403d384494e8f4c8d57870db95f6ac126377aa34
compas,0.1,456,5,0,0,0,,True,True,True,False,False,0,0,,0,0,0,0,4,,43f701da3a79e017ef656160403d384494e8f4c8d57870db95f6ac126377aa34
compas,0.1,456,6,1,0,1,1.0,False,True,False,True,False,0,1,1.0,0,0,0,1,3,,43f701da3a79e017ef656160403d384494e8f4c8d57870db95f6ac126377aa34
compas,0.1,456,7,486,0,486,1.0,False,True,False,True,False,225,261,0.5370370370370371,0,0,225,261,2,,43f701da3a79e017ef656160403d384494e8f4c8d57870db95f6ac126377aa34
compas,0.1,456,8,131,0,131,1.0,False,True,False,True,False,60,71,0.5419847328244275,0,0,60,71,2,,43f701da3a79e017ef656160403d384494e8f4c8d57870db95f6ac126377aa34
compas,0.1,456,9,297,1,296,0.9966329966329966,False,False,False,False,False,143,154,0.5185185185185185,0,1,143,153,1,,43f701da3a79e017ef656160403d384494e8f4c8d57870db95f6ac126377aa34
compas,0.1,456,10,0,0,0,,True,True,True,False,False,0,0,,0,0,0,0,4,,43f701da3a79e017ef656160403d384494e8f4c8d57870db95f6ac126377aa34
compas,0.1,456,11,56,56,0,0.0,False,False,True,True,False,32,24,0.42857142857142855,32,24,0,0,2,,43f701da3a79e017ef656160403d384494e8f4c8d57870db95f6ac126377aa34
compas,0.1,456,12,1,0,1,1.0,False,True,False,True,False,0,1,1.0,0,0,0,1,3,,43f701da3a79e017ef656160403d384494e8f4c8d57870db95f6ac126377aa34
compas,0.1,456,13,60,0,60,1.0,False,True,False,True,False,35,25,0.4166666666666667,0,0,35,25,2,,43f701da3a79e017ef656160403d384494e8f4c8d57870db95f6ac126377aa34
compas,0.1,456,14,29,0,29,1.0,False,True,False,True,False,18,11,0.3793103448275862,0,0,18,11,2,,43f701da3a79e017ef656160403d384494e8f4c8d57870db95f6ac126377aa34
compas,0.1,456,15,66,10,56,0.8484848484848485,False,False,False,False,False,34,32,0.48484848484848486,8,2,26,30,0,,43f701da3a79e017ef656160403d384494e8f4c8d57870db95f6ac126377aa34
compas,0.1,456,16,0,0,0,,True,True,True,False,False,0,0,,0,0,0,0,4,,43f701da3a79e017ef656160403d384494e8f4c8d57870db95f6ac126377aa34
compas,0.1,456,17,0,0,0,,True,True,True,False,False,0,0,,0,0,0,0,4,,43f701da3a79e017ef656160403d384494e8f4c8d57870db95f6ac126377aa34
compas,0.1,456,18,207,188,19,0.09178743961352658,False,False,False,False,False,129,78,0.37681159420289856,121,67,8,11,0,,43f701da3a79e017ef656160403d384494e8f4c8d57870db95f6ac126377aa34
compas,0.1,456,19,2,1,1,0.5,False,False,False,False,False,1,1,0.5,1,0,0,1,2,,43f701da3a79e017ef656160403d384494e8f4c8d57870db95f6ac126377aa34
compas,0.1,5050,0,12,3,9,0.75,False,False,False,False,True,9,3,0.25,3,0,6,3,1,,08493a87e2daf0640c97fa6dd02cfaa00708b96650bf32986e0c411e391ec96e
compas,0.1,5050,1,1,1,0,0.0,False,False,True,True,True,1,0,0.0,1,0,0,0,3,,08493a87e2daf0640c97fa6dd02cfaa00708b96650bf32986e0c411e391ec96e
compas,0.1,5050,2,198,194,4,0.020202020202020204,False,False,False,False,True,120,78,0.3939393939393939,117,77,3,1,0,,08493a87e2daf0640c97fa6dd02cfaa00708b96650bf32986e0c411e391ec96e
compas,0.1,5050,3,1442,1364,78,0.05409153952843273,False,False,False,False,True,877,565,0.39181692094313453,843,521,34,44,0,,08493a87e2daf0640c97fa6dd02cfaa00708b96650bf32986e0c411e391ec96e
compas,0.1,5050,4,46,0,46,1.0,False,True,False,True,False,24,22,0.4782608695652174,0,0,24,22,2,,08493a87e2daf0640c97fa6dd02cfaa00708b96650bf32986e0c411e391ec96e
compas,0.1,5050,5,437,0,437,1.0,False,True,False,True,False,208,229,0.5240274599542334,0,0,208,229,2,,08493a87e2daf0640c97fa6dd02cfaa00708b96650bf32986e0c411e391ec96e
compas,0.1,5050,6,10,10,0,0.0,False,False,True,True,False,6,4,0.4,6,4,0,0,2,,08493a87e2daf0640c97fa6dd02cfaa00708b96650bf32986e0c411e391ec96e
compas,0.1,5050,7,2,0,2,1.0,False,True,False,True,False,1,1,0.5,0,0,1,1,2,,08493a87e2daf0640c97fa6dd02cfaa00708b96650bf32986e0c411e391ec96e
compas,0.1,5050,8,0,0,0,,True,True,True,False,False,0,0,,0,0,0,0,4,,08493a87e2daf0640c97fa6dd02cfaa00708b96650bf32986e0c411e391ec96e
compas,0.1,5050,9,2,1,1,0.5,False,False,False,False,False,0,2,1.0,0,1,0,1,2,,08493a87e2daf0640c97fa6dd02cfaa00708b96650bf32986e0c411e391ec96e
compas,0.1,5050,10,409,0,409,1.0,False,True,False,True,False,196,213,0.5207823960880196,0,0,196,213,2,,08493a87e2daf0640c97fa6dd02cfaa00708b96650bf32986e0c411e391ec96e
compas,0.1,5050,11,11,11,0,0.0,False,False,True,True,False,8,3,0.2727272727272727,8,3,0,0,2,,08493a87e2daf0640c97fa6dd02cfaa00708b96650bf32986e0c411e391ec96e
compas,0.1,5050,12,648,15,633,0.9768518518518519,False,False,False,False,False,308,340,0.5246913580246914,8,7,300,333,0,,08493a87e2daf0640c97fa6dd02cfaa00708b96650bf32986e0c411e391ec96e
compas,0.1,5050,13,0,0,0,,True,True,True,False,False,0,0,,0,0,0,0,4,,08493a87e2daf0640c97fa6dd02cfaa00708b96650bf32986e0c411e391ec96e
compas,0.1,5050,14,12,5,7,0.5833333333333334,False,False,False,False,False,8,4,0.3333333333333333,5,0,3,4,1,,08493a87e2daf0640c97fa6dd02cfaa00708b96650bf32986e0c411e391ec96e
compas,0.1,5050,15,1,1,0,0.0,False,False,True,True,False,0,1,1.0,0,1,0,0,3,,08493a87e2daf0640c97fa6dd02cfaa00708b96650bf32986e0c411e391ec96e
compas,0.1,5050,16,103,103,0,0.0,False,False,True,True,False,66,37,0.3592233009708738,66,37,0,0,2,,08493a87e2daf0640c97fa6dd02cfaa00708b96650bf32986e0c411e391ec96e
compas,0.1,5050,17,169,147,22,0.1301775147928994,False,False,False,False,False,97,72,0.4260355029585799,90,57,7,15,0,,08493a87e2daf0640c97fa6dd02cfaa00708b96650bf32986e0c411e391ec96e
compas,0.1,5050,18,40,32,8,0.2,False,False,False,False,False,25,15,0.375,21,11,4,4,0,,08493a87e2daf0640c97fa6dd02cfaa00708b96650bf32986e0c411e391ec96e
compas,0.1,5050,19,345,1,344,0.9971014492753624,False,False,False,False,False,160,185,0.5362318840579711,1,0,159,185,1,,08493a87e2daf0640c97fa6dd02cfaa00708b96650bf32986e0c411e391ec96e
compas,0.1,6060,0,148,69,79,0.5337837837837838,False,False,False,False,True,81,67,0.4527027027027027,45,24,36,43,0,,bb8c4c603fcfa881a432f549a81fce12e0a2ea510d4088a7297f165d5d9fee1b
compas,0.1,6060,1,1067,1067,0,0.0,False,False,True,True,True,628,439,0.4114339268978444,628,439,0,0,2,,bb8c4c603fcfa881a432f549a81fce12e0a2ea510d4088a7297f165d5d9fee1b
compas,0.1,6060,2,0,0,0,,True,True,True,False,True,0,0,,0,0,0,0,4,,bb8c4c603fcfa881a432f549a81fce12e0a2ea510d4088a7297f165d5d9fee1b
compas,0.1,6060,3,55,4,51,0.9272727272727272,False,False,False,False,True,20,35,0.6363636363636364,1,3,19,32,0,,bb8c4c603fcfa881a432f549a81fce12e0a2ea510d4088a7297f165d5d9fee1b
compas,0.1,6060,4,38,4,34,0.8947368421052632,False,False,False,False,False,18,20,0.5263157894736842,2,2,16,18,0,,bb8c4c603fcfa881a432f549a81fce12e0a2ea510d4088a7297f165d5d9fee1b
compas,0.1,6060,5,0,0,0,,True,True,True,False,False,0,0,,0,0,0,0,4,,bb8c4c603fcfa881a432f549a81fce12e0a2ea510d4088a7297f165d5d9fee1b
compas,0.1,6060,6,8,1,7,0.875,False,False,False,False,False,3,5,0.625,0,1,3,4,1,,bb8c4c603fcfa881a432f549a81fce12e0a2ea510d4088a7297f165d5d9fee1b
compas,0.1,6060,7,0,0,0,,True,True,True,False,False,0,0,,0,0,0,0,4,,bb8c4c603fcfa881a432f549a81fce12e0a2ea510d4088a7297f165d5d9fee1b
compas,0.1,6060,8,1116,4,1112,0.996415770609319,False,False,False,False,False,541,575,0.5152329749103942,3,1,538,574,0,,bb8c4c603fcfa881a432f549a81fce12e0a2ea510d4088a7297f165d5d9fee1b
compas,0.1,6060,9,4,0,4,1.0,False,True,False,True,False,3,1,0.25,0,0,3,1,2,,bb8c4c603fcfa881a432f549a81fce12e0a2ea510d4088a7297f165d5d9fee1b
compas,0.1,6060,10,764,134,630,0.824607329842932,False,False,False,False,False,391,373,0.4882198952879581,82,52,309,321,0,,bb8c4c603fcfa881a432f549a81fce12e0a2ea510d4088a7297f165d5d9fee1b
compas,0.1,6060,11,19,17,2,0.10526315789473684,False,False,False,False,False,12,7,0.3684210526315789,11,6,1,1,0,,bb8c4c603fcfa881a432f549a81fce12e0a2ea510d4088a7297f165d5d9fee1b
compas,0.1,6060,12,6,0,6,1.0,False,True,False,True,False,5,1,0.16666666666666666,0,0,5,1,2,,bb8c4c603fcfa881a432f549a81fce12e0a2ea510d4088a7297f165d5d9fee1b
compas,0.1,6060,13,13,13,0,0.0,False,False,True,True,False,7,6,0.46153846153846156,7,6,0,0,2,,bb8c4c603fcfa881a432f549a81fce12e0a2ea510d4088a7297f165d5d9fee1b
compas,0.1,6060,14,128,127,1,0.0078125,False,False,False,False,False,93,35,0.2734375,93,34,0,1,1,,bb8c4c603fcfa881a432f549a81fce12e0a2ea510d4088a7297f165d5d9fee1b
compas,0.1,6060,15,311,305,6,0.01929260450160772,False,False,False,False,False,174,137,0.4405144694533762,171,134,3,3,0,,bb8c4c603fcfa881a432f549a81fce12e0a2ea510d4088a7297f165d5d9fee1b
compas,0.1,6060,16,25,2,23,0.92,False,False,False,False,False,16,9,0.36,2,0,14,9,1,,bb8c4c603fcfa881a432f549a81fce12e0a2ea510d4088a7297f165d5d9fee1b
compas,0.1,6060,17,86,45,41,0.47674418604651164,False,False,False,False,False,45,41,0.47674418604651164,25,20,20,21,0,,bb8c4c603fcfa881a432f549a81fce12e0a2ea510d4088a7297f165d5d9fee1b
compas,0.1,6060,18,0,0,0,,True,True,True,False,False,0,0,,0,0,0,0,4,,bb8c4c603fcfa881a432f549a81fce12e0a2ea510d4088a7297f165d5d9fee1b
compas,0.1,6060,19,100,96,4,0.04,False,False,False,False,False,59,41,0.41,57,39,2,2,0,,bb8c4c603fcfa881a432f549a81fce12e0a2ea510d4088a7297f165d5d9fee1b
compas,0.1,7070,0,0,0,0,,True,True,True,False,True,0,0,,0,0,0,0,4,,b71a69947929dcc01247f509210c6ad6d6fd662b0f59c0ce218ff2e124bf6311
compas,0.1,7070,1,20,20,0,0.0,False,False,True,True,True,16,4,0.2,16,4,0,0,2,,b71a69947929dcc01247f509210c6ad6d6fd662b0f59c0ce218ff2e124bf6311
compas,0.1,7070,2,25,0,25,1.0,False,True,False,True,True,10,15,0.6,0,0,10,15,2,,b71a69947929dcc01247f509210c6ad6d6fd662b0f59c0ce218ff2e124bf6311
compas,0.1,7070,3,7,0,7,1.0,False,True,False,True,True,2,5,0.7142857142857143,0,0,2,5,2,,b71a69947929dcc01247f509210c6ad6d6fd662b0f59c0ce218ff2e124bf6311
compas,0.1,7070,4,9,5,4,0.4444444444444444,False,False,False,False,False,8,1,0.1111111111111111,5,0,3,1,1,,b71a69947929dcc01247f509210c6ad6d6fd662b0f59c0ce218ff2e124bf6311
compas,0.1,7070,5,0,0,0,,True,True,True,False,False,0,0,,0,0,0,0,4,,b71a69947929dcc01247f509210c6ad6d6fd662b0f59c0ce218ff2e124bf6311
compas,0.1,7070,6,1165,161,1004,0.8618025751072962,False,False,False,False,False,577,588,0.5047210300429185,102,59,475,529,0,,b71a69947929dcc01247f509210c6ad6d6fd662b0f59c0ce218ff2e124bf6311
compas,0.1,7070,7,0,0,0,,True,True,True,False,False,0,0,,0,0,0,0,4,,b71a69947929dcc01247f509210c6ad6d6fd662b0f59c0ce218ff2e124bf6311
compas,0.1,7070,8,1,1,0,0.0,False,False,True,True,False,1,0,0.0,1,0,0,0,3,,b71a69947929dcc01247f509210c6ad6d6fd662b0f59c0ce218ff2e124bf6311
compas,0.1,7070,9,13,11,2,0.15384615384615385,False,False,False,False,False,9,4,0.3076923076923077,8,3,1,1,0,,b71a69947929dcc01247f509210c6ad6d6fd662b0f59c0ce218ff2e124bf6311
compas,0.1,7070,10,0,0,0,,True,True,True,False,False,0,0,,0,0,0,0,4,,b71a69947929dcc01247f509210c6ad6d6fd662b0f59c0ce218ff2e124bf6311
compas,0.1,7070,11,422,45,377,0.8933649289099526,False,False,False,False,False,202,220,0.5213270142180095,28,17,174,203,0,,b71a69947929dcc01247f509210c6ad6d6fd662b0f59c0ce218ff2e124bf6311
compas,0.1,7070,12,1509,1507,2,0.0013253810470510272,False,False,False,False,False,926,583,0.3863485752153744,924,583,2,0,1,,b71a69947929dcc01247f509210c6ad6d6fd662b0f59c0ce218ff2e124bf6311
compas,0.1,7070,13,14,9,5,0.35714285714285715,False,False,False,False,False,7,7,0.5,6,3,1,4,0,,b71a69947929dcc01247f509210c6ad6d6fd662b0f59c0ce218ff2e124bf6311
compas,0.1,7070,14,38,38,0,0.0,False,False,True,True,False,25,13,0.34210526315789475,25,13,0,0,2,,b71a69947929dcc01247f509210c6ad6d6fd662b0f59c0ce218ff2e124bf6311
compas,0.1,7070,15,0,0,0,,True,True,True,False,False,0,0,,0,0,0,0,4,,b71a69947929dcc01247f509210c6ad6d6fd662b0f59c0ce218ff2e124bf6311
compas,0.1,7070,16,0,0,0,,True,True,True,False,False,0,0,,0,0,0,0,4,,b71a69947929dcc01247f509210c6ad6d6fd662b0f59c0ce218ff2e124bf6311
compas,0.1,7070,17,0,0,0,,True,True,True,False,False,0,0,,0,0,0,0,4,,b71a69947929dcc01247f509210c6ad6d6fd662b0f59c0ce218ff2e124bf6311
compas,0.1,7070,18,585,12,573,0.9794871794871794,False,False,False,False,False,289,296,0.505982905982906,9,3,280,293,0,,b71a69947929dcc01247f509210c6ad6d6fd662b0f59c0ce218ff2e124bf6311
compas,0.1,7070,19,80,79,1,0.0125,False,False,False,False,False,52,28,0.35,52,27,0,1,1,,b71a69947929dcc01247f509210c6ad6d6fd662b0f59c0ce218ff2e124bf6311
compas,0.1,789,0,573,573,0,0.0,False,False,True,True,True,346,227,0.3961605584642234,346,227,0,0,2,,8a5e9d20e42e544dcb74f8aeeec6320b26f28bdd808fcd272efbedbbc0b94bc1
compas,0.1,789,1,0,0,0,,True,True,True,False,True,0,0,,0,0,0,0,4,,8a5e9d20e42e544dcb74f8aeeec6320b26f28bdd808fcd272efbedbbc0b94bc1
compas,0.1,789,2,18,18,0,0.0,False,False,True,True,True,11,7,0.3888888888888889,11,7,0,0,2,,8a5e9d20e42e544dcb74f8aeeec6320b26f28bdd808fcd272efbedbbc0b94bc1
compas,0.1,789,3,688,0,688,1.0,False,True,False,True,True,312,376,0.5465116279069767,0,0,312,376,2,,8a5e9d20e42e544dcb74f8aeeec6320b26f28bdd808fcd272efbedbbc0b94bc1
compas,0.1,789,4,11,2,9,0.8181818181818182,False,False,False,False,False,2,9,0.8181818181818182,0,2,2,7,1,,8a5e9d20e42e544dcb74f8aeeec6320b26f28bdd808fcd272efbedbbc0b94bc1
compas,0.1,789,5,174,174,0,0.0,False,False,True,True,False,111,63,0.3620689655172414,111,63,0,0,2,,8a5e9d20e42e544dcb74f8aeeec6320b26f28bdd808fcd272efbedbbc0b94bc1
compas,0.1,789,6,2,0,2,1.0,False,True,False,True,False,0,2,1.0,0,0,0,2,3,,8a5e9d20e42e544dcb74f8aeeec6320b26f28bdd808fcd272efbedbbc0b94bc1
compas,0.1,789,7,70,12,58,0.8285714285714286,False,False,False,False,False,28,42,0.6,3,9,25,33,0,,8a5e9d20e42e544dcb74f8aeeec6320b26f28bdd808fcd272efbedbbc0b94bc1
compas,0.1,789,8,71,70,1,0.014084507042253521,False,False,False,False,False,44,27,0.38028169014084506,43,27,1,0,1,,8a5e9d20e42e544dcb74f8aeeec6320b26f28bdd808fcd272efbedbbc0b94bc1
compas,0.1,789,9,0,0,0,,True,True,True,False,False,0,0,,0,0,0,0,4,,8a5e9d20e42e544dcb74f8aeeec6320b26f28bdd808fcd272efbedbbc0b94bc1
compas,0.1,789,10,143,51,92,0.6433566433566433,False,False,False,False,False,64,79,0.5524475524475524,24,27,40,52,0,,8a5e9d20e42e544dcb74f8aeeec6320b26f28bdd808fcd272efbedbbc0b94bc1
compas,0.1,789,11,51,17,34,0.6666666666666666,False,False,False,False,False,21,30,0.5882352941176471,10,7,11,23,0,,8a5e9d20e42e544dcb74f8aeeec6320b26f28bdd808fcd272efbedbbc0b94bc1
compas,0.1,789,12,133,131,2,0.015037593984962405,False,False,False,False,False,95,38,0.2857142857142857,93,38,2,0,1,,8a5e9d20e42e544dcb74f8aeeec6320b26f28bdd808fcd272efbedbbc0b94bc1
compas,0.1,789,13,1,1,0,0.0,False,False,True,True,False,0,1,1.0,0,1,0,0,3,,8a5e9d20e42e544dcb74f8aeeec6320b26f28bdd808fcd272efbedbbc0b94bc1
compas,0.1,789,14,0,0,0,,True,True,True,False,False,0,0,,0,0,0,0,4,,8a5e9d20e42e544dcb74f8aeeec6320b26f28bdd808fcd272efbedbbc0b94bc1
compas,0.1,789,15,1081,0,1081,1.0,False,True,False,True,False,546,535,0.49491211840888066,0,0,546,535,2,,8a5e9d20e42e544dcb74f8aeeec6320b26f28bdd808fcd272efbedbbc0b94bc1
compas,0.1,789,16,262,262,0,0.0,False,False,True,True,False,159,103,0.3931297709923664,159,103,0,0,2,,8a5e9d20e42e544dcb74f8aeeec6320b26f28bdd808fcd272efbedbbc0b94bc1
compas,0.1,789,17,27,10,17,0.6296296296296297,False,False,False,False,False,11,16,0.5925925925925926,7,3,4,13,0,,8a5e9d20e42e544dcb74f8aeeec6320b26f28bdd808fcd272efbedbbc0b94bc1
compas,0.1,789,18,566,566,0,0.0,False,False,True,True,False,368,198,0.3498233215547703,368,198,0,0,2,,8a5e9d20e42e544dcb74f8aeeec6320b26f28bdd808fcd272efbedbbc0b94bc1
compas,0.1,789,19,17,1,16,0.9411764705882353,False,False,False,False,False,3,14,0.8235294117647058,0,1,3,13,1,,8a5e9d20e42e544dcb74f8aeeec6320b26f28bdd808fcd272efbedbbc0b94bc1
compas,0.5,1001,0,867,618,249,0.28719723183391005,False,False,False,False,True,497,370,0.42675893886966554,372,246,125,124,0,,c44bbb0453d36f1788174fea12cbf64425df9b7e04611d5102b98968abc100b9
compas,0.5,1001,1,65,65,0,0.0,False,False,True,True,True,37,28,0.4307692307692308,37,28,0,0,2,,c44bbb0453d36f1788174fea12cbf64425df9b7e04611d5102b98968abc100b9
compas,0.5,1001,2,357,354,3,0.008403361344537815,False,False,False,False,True,227,130,0.3641456582633053,226,128,1,2,0,,c44bbb0453d36f1788174fea12cbf64425df9b7e04611d5102b98968abc100b9
compas,0.5,1001,3,41,40,1,0.024390243902439025,False,False,False,False,True,24,17,0.4146341463414634,23,17,1,0,1,,c44bbb0453d36f1788174fea12cbf64425df9b7e04611d5102b98968abc100b9
compas,0.5,1001,4,52,52,0,0.0,False,False,True,True,False,36,16,0.3076923076923077,36,16,0,0,2,,c44bbb0453d36f1788174fea12cbf64425df9b7e04611d5102b98968abc100b9
compas,0.5,1001,5,159,19,140,0.8805031446540881,False,False,False,False,False,76,83,0.5220125786163522,14,5,62,78,0,,c44bbb0453d36f1788174fea12cbf64425df9b7e04611d5102b98968abc100b9
compas,0.5,1001,6,381,64,317,0.8320209973753281,False,False,False,False,False,188,193,0.5065616797900262,36,28,152,165,0,,c44bbb0453d36f1788174fea12cbf64425df9b7e04611d5102b98968abc100b9
compas,0.5,1001,7,110,5,105,0.9545454545454546,False,False,False,False,False,55,55,0.5,2,3,53,52,0,,c44bbb0453d36f1788174fea12cbf64425df9b7e04611d5102b98968abc100b9
compas,0.5,1001,8,130,127,3,0.023076923076923078,False,False,False,False,False,74,56,0.4307692307692308,73,54,1,2,0,,c44bbb0453d36f1788174fea12cbf64425df9b7e04611d5102b98968abc100b9
compas,0.5,1001,9,193,77,116,0.6010362694300518,False,False,False,False,False,106,87,0.45077720207253885,47,30,59,57,0,,c44bbb0453d36f1788174fea12cbf64425df9b7e04611d5102b98968abc100b9
compas,0.5,1001,10,367,176,191,0.5204359673024523,False,False,False,False,False,198,169,0.4604904632152589,105,71,93,98,0,,c44bbb0453d36f1788174fea12cbf64425df9b7e04611d5102b98968abc100b9
compas,0.5,1001,11,571,14,557,0.9754816112084063,False,False,False,False,False,268,303,0.5306479859894921,9,5,259,298,0,,c44bbb0453d36f1788174fea12cbf64425df9b7e04611d5102b98968abc100b9
compas,0.5,1001,12,63,1,62,0.9841269841269841,False,False,False,False,False,31,32,0.5079365079365079,1,0,30,32,1,,c44bbb0453d36f1788174fea12cbf64425df9b7e04611d5102b98968abc100b9
compas,0.5,1001,13,21,0,21,1.0,False,True,False,True,False,13,8,0.38095238095238093,0,0,13,8,2,,c44bbb0453d36f1788174fea12cbf64425df9b7e04611d5102b98968abc100b9
compas,0.5,1001,14,5,1,4,0.8,False,False,False,False,False,3,2,0.4,0,1,3,1,1,,c44bbb0453d36f1788174fea12cbf64425df9b7e04611d5102b98968abc100b9
compas,0.5,1001,15,72,41,31,0.4305555555555556,False,False,False,False,False,46,26,0.3611111111111111,28,13,18,13,0,,c44bbb0453d36f1788174fea12cbf64425df9b7e04611d5102b98968abc100b9
compas,0.5,1001,16,30,14,16,0.5333333333333333,False,False,False,False,False,15,15,0.5,9,5,6,10,0,,c44bbb0453d36f1788174fea12cbf64425df9b7e04611d5102b98968abc100b9
compas,0.5,1001,17,257,202,55,0.2140077821011673,False,False,False,False,False,154,103,0.40077821011673154,127,75,27,28,0,,c44bbb0453d36f1788174fea12cbf64425df9b7e04611d5102b98968abc100b9
compas,0.5,1001,18,64,2,62,0.96875,False,False,False,False,False,29,35,0.546875,1,1,28,34,0,,c44bbb0453d36f1788174fea12cbf64425df9b7e04611d5102b98968abc100b9
compas,0.5,1001,19,83,16,67,0.8072289156626506,False,False,False,False,False,47,36,0.43373493975903615,14,2,33,34,0,,c44bbb0453d36f1788174fea12cbf64425df9b7e04611d5102b98968abc100b9
compas,0.5,123,0,3,0,3,1.0,False,True,False,True,True,0,3,1.0,0,0,0,3,3,,a451be3ef79c7d932384717819548d9822f2070f07012835beefef83cbee2aae
compas,0.5,123,1,548,546,2,0.0036496350364963502,False,False,False,False,True,332,216,0.39416058394160586,331,215,1,1,0,,a451be3ef79c7d932384717819548d9822f2070f07012835beefef83cbee2aae
compas,0.5,123,2,285,179,106,0.3719298245614035,False,False,False,False,True,161,124,0.43508771929824563,109,70,52,54,0,,a451be3ef79c7d932384717819548d9822f2070f07012835beefef83cbee2aae
compas,0.5,123,3,84,5,79,0.9404761904761905,False,False,False,False,True,39,45,0.5357142857142857,2,3,37,42,0,,a451be3ef79c7d932384717819548d9822f2070f07012835beefef83cbee2aae
compas,0.5,123,4,52,51,1,0.019230769230769232,False,False,False,False,False,38,14,0.2692307692307692,38,13,0,1,1,,a451be3ef79c7d932384717819548d9822f2070f07012835beefef83cbee2aae
compas,0.5,123,5,111,111,0,0.0,False,False,True,True,False,68,43,0.38738738738738737,68,43,0,0,2,,a451be3ef79c7d932384717819548d9822f2070f07012835beefef83cbee2aae
compas,0.5,123,6,302,18,284,0.9403973509933775,False,False,False,False,False,139,163,0.5397350993377483,12,6,127,157,0,,a451be3ef79c7d932384717819548d9822f2070f07012835beefef83cbee2aae
compas,0.5,123,7,441,78,363,0.8231292517006803,False,False,False,False,False,232,209,0.47392290249433106,50,28,182,181,0,,a451be3ef79c7d932384717819548d9822f2070f07012835beefef83cbee2aae
compas,0.5,123,8,396,325,71,0.17929292929292928,False,False,False,False,False,232,164,0.41414141414141414,195,130,37,34,0,,a451be3ef79c7d932384717819548d9822f2070f07012835beefef83cbee2aae
compas,0.5,123,9,178,4,174,0.9775280898876404,False,False,False,False,False,90,88,0.4943820224719101,4,0,86,88,1,,a451be3ef79c7d932384717819548d9822f2070f07012835beefef83cbee2aae
compas,0.5,123,10,17,2,15,0.8823529411764706,False,False,False,False,False,9,8,0.47058823529411764,2,0,7,8,1,,a451be3ef79c7d932384717819548d9822f2070f07012835beefef83cbee2aae
compas,0.5,123,11,16,10,6,0.375,False,False,False,False,False,10,6,0.375,7,3,3,3,0,,a451be3ef79c7d932384717819548d9822f2070f07012835beefef83cbee2aae
compas,0.5,123,12,180,0,180,1.0,False,True,False,True,False,76,104,0.5777777777777777,0,0,76,104,2,,a451be3ef79c7d932384717819548d9822f2070f07012835beefef83cbee2aae
compas,0.5,123,13,213,13,200,0.9389671361502347,False,False,False,False,False,104,109,0.5117370892018779,6,7,98,102,0,,a451be3ef79c7d932384717819548d9822f2070f07012835beefef83cbee2aae
compas,0.5,123,14,52,15,37,0.7115384615384616,False,False,False,False,False,19,33,0.6346153846153846,7,8,12,25,0,,a451be3ef79c7d932384717819548d9822f2070f07012835beefef83cbee2aae
compas,0.5,123,15,202,113,89,0.4405940594059406,False,False,False,False,False,121,81,0.400990099009901,77,36,44,45,0,,a451be3ef79c7d932384717819548d9822f2070f07012835beefef83cbee2aae
compas,0.5,123,16,193,81,112,0.5803108808290155,False,False,False,False,False,105,88,0.45595854922279794,50,31,55,57,0,,a451be3ef79c7d932384717819548d9822f2070f07012835beefef83cbee2aae
compas,0.5,123,17,312,298,14,0.04487179487179487,False,False,False,False,False,185,127,0.40705128205128205,173,125,12,2,0,,a451be3ef79c7d932384717819548d9822f2070f07012835beefef83cbee2aae
compas,0.5,123,18,261,33,228,0.8735632183908046,False,False,False,False,False,127,134,0.5134099616858238,25,8,102,126,0,,a451be3ef79c7d932384717819548d9822f2070f07012835beefef83cbee2aae
compas,0.5,123,19,42,6,36,0.8571428571428571,False,False,False,False,False,24,18,0.42857142857142855,4,2,20,16,0,,a451be3ef79c7d932384717819548d9822f2070f07012835beefef83cbee2aae
compas,0.5,2024,0,419,146,273,0.6515513126491647,False,False,False,False,True,217,202,0.4821002386634845,89,57,128,145,0,,d5811e09912eea0be29a722bfc22b9e8926d0d5485f82a73b69329a4faa6eb4f
compas,0.5,2024,1,30,27,3,0.1,False,False,False,False,True,19,11,0.36666666666666664,18,9,1,2,0,,d5811e09912eea0be29a722bfc22b9e8926d0d5485f82a73b69329a4faa6eb4f
compas,0.5,2024,2,47,34,13,0.2765957446808511,False,False,False,False,True,26,21,0.44680851063829785,16,18,10,3,0,,d5811e09912eea0be29a722bfc22b9e8926d0d5485f82a73b69329a4faa6eb4f
compas,0.5,2024,3,6,6,0,0.0,False,False,True,True,True,5,1,0.16666666666666666,5,1,0,0,2,,d5811e09912eea0be29a722bfc22b9e8926d0d5485f82a73b69329a4faa6eb4f
compas,0.5,2024,4,448,84,364,0.8125,False,False,False,False,False,215,233,0.5200892857142857,53,31,162,202,0,,d5811e09912eea0be29a722bfc22b9e8926d0d5485f82a73b69329a4faa6eb4f
compas,0.5,2024,5,138,84,54,0.391304347826087,False,False,False,False,False,78,60,0.43478260869565216,52,32,26,28,0,,d5811e09912eea0be29a722bfc22b9e8926d0d5485f82a73b69329a4faa6eb4f
compas,0.5,2024,6,117,30,87,0.7435897435897436,False,False,False,False,False,51,66,0.5641025641025641,18,12,33,54,0,,d5811e09912eea0be29a722bfc22b9e8926d0d5485f82a73b69329a4faa6eb4f
compas,0.5,2024,7,168,65,103,0.6130952380952381,False,False,False,False,False,92,76,0.4523809523809524,39,26,53,50,0,,d5811e09912eea0be29a722bfc22b9e8926d0d5485f82a73b69329a4faa6eb4f
compas,0.5,2024,8,359,348,11,0.03064066852367688,False,False,False,False,False,239,120,0.3342618384401114,231,117,8,3,0,,d5811e09912eea0be29a722bfc22b9e8926d0d5485f82a73b69329a4faa6eb4f
compas,0.5,2024,9,24,16,8,0.3333333333333333,False,False,False,False,False,12,12,0.5,7,9,5,3,0,,d5811e09912eea0be29a722bfc22b9e8926d0d5485f82a73b69329a4faa6eb4f
compas,0.5,2024,10,126,5,121,0.9603174603174603,False,False,False,False,False,64,62,0.49206349206349204,5,0,59,62,1,,d5811e09912eea0be29a722bfc22b9e8926d0d5485f82a73b69329a4faa6eb4f
compas,0.5,2024,11,323,297,26,0.0804953560371517,False,False,False,False,False,199,124,0.38390092879256965,187,110,12,14,0,,d5811e09912eea0be29a722bfc22b9e8926d0d5485f82a73b69329a4faa6eb4f
compas,0.5,2024,12,343,94,249,0.7259475218658892,False,False,False,False,False,167,176,0.5131195335276968,58,36,109,140,0,,d5811e09912eea0be29a722bfc22b9e8926d0d5485f82a73b69329a4faa6eb4f
compas,0.5,2024,13,573,329,244,0.4258289703315881,False,False,False,False,False,315,258,0.450261780104712,215,114,100,144,0,,d5811e09912eea0be29a722bfc22b9e8926d0d5485f82a73b69329a4faa6eb4f
compas,0.5,2024,14,83,53,30,0.3614457831325301,False,False,False,False,False,41,42,0.5060240963855421,29,24,12,18,0,,d5811e09912eea0be29a722bfc22b9e8926d0d5485f82a73b69329a4faa6eb4f
compas,0.5,2024,15,240,56,184,0.7666666666666667,False,False,False,False,False,125,115,0.4791666666666667,34,22,91,93,0,,d5811e09912eea0be29a722bfc22b9e8926d0d5485f82a73b69329a4faa6eb4f
compas,0.5,2024,16,66,38,28,0.42424242424242425,False,False,False,False,False,34,32,0.48484848484848486,22,16,12,16,0,,d5811e09912eea0be29a722bfc22b9e8926d0d5485f82a73b69329a4faa6eb4f
compas,0.5,2024,17,71,33,38,0.5352112676056338,False,False,False,False,False,34,37,0.5211267605633803,15,18,19,19,0,,d5811e09912eea0be29a722bfc22b9e8926d0d5485f82a73b69329a4faa6eb4f
compas,0.5,2024,18,87,87,0,0.0,False,False,True,True,False,51,36,0.41379310344827586,51,36,0,0,2,,d5811e09912eea0be29a722bfc22b9e8926d0d5485f82a73b69329a4faa6eb4f
compas,0.5,2024,19,220,56,164,0.7454545454545455,False,False,False,False,False,120,100,0.45454545454545453,32,24,88,76,0,,d5811e09912eea0be29a722bfc22b9e8926d0d5485f82a73b69329a4faa6eb4f
compas,0.5,3141,0,54,6,48,0.8888888888888888,False,False,False,False,True,25,29,0.5370370370370371,5,1,20,28,0,,d293121ab4dbd6d522096af6e1963c9cb5ecc444dac4a5dec896eadec6ceda75
compas,0.5,3141,1,456,90,366,0.8026315789473685,False,False,False,False,True,225,231,0.506578947368421,54,36,171,195,0,,d293121ab4dbd6d522096af6e1963c9cb5ecc444dac4a5dec896eadec6ceda75
compas,0.5,3141,2,338,307,31,0.09171597633136094,False,False,False,False,True,196,142,0.42011834319526625,183,124,13,18,0,,d293121ab4dbd6d522096af6e1963c9cb5ecc444dac4a5dec896eadec6ceda75
compas,0.5,3141,3,97,95,2,0.020618556701030927,False,False,False,False,True,67,30,0.30927835051546393,66,29,1,1,0,,d293121ab4dbd6d522096af6e1963c9cb5ecc444dac4a5dec896eadec6ceda75
compas,0.5,3141,4,50,49,1,0.02,False,False,False,False,False,36,14,0.28,35,14,1,0,1,,d293121ab4dbd6d522096af6e1963c9cb5ecc444dac4a5dec896eadec6ceda75
compas,0.5,3141,5,5,4,1,0.2,False,False,False,False,False,1,4,0.8,1,3,0,1,1,,d293121ab4dbd6d522096af6e1963c9cb5ecc444dac4a5dec896eadec6ceda75
compas,0.5,3141,6,271,51,220,0.8118081180811808,False,False,False,False,False,134,137,0.5055350553505535,30,21,104,116,0,,d293121ab4dbd6d522096af6e1963c9cb5ecc444dac4a5dec896eadec6ceda75
compas,0.5,3141,7,142,1,141,0.9929577464788732,False,False,False,False,False,65,77,0.5422535211267606,1,0,64,77,1,,d293121ab4dbd6d522096af6e1963c9cb5ecc444dac4a5dec896eadec6ceda75
compas,0.5,3141,8,132,95,37,0.2803030303030303,False,False,False,False,False,83,49,0.3712121212121212,65,30,18,19,0,,d293121ab4dbd6d522096af6e1963c9cb5ecc444dac4a5dec896eadec6ceda75
compas,0.5,3141,9,503,13,490,0.974155069582505,False,False,False,False,False,234,269,0.5347912524850894,8,5,226,264,0,,d293121ab4dbd6d522096af6e1963c9cb5ecc444dac4a5dec896eadec6ceda75
compas,0.5,3141,10,115,36,79,0.6869565217391305,False,False,False,False,False,62,53,0.4608695652173913,21,15,41,38,0,,d293121ab4dbd6d522096af6e1963c9cb5ecc444dac4a5dec896eadec6ceda75
compas,0.5,3141,11,38,12,26,0.6842105263157895,False,False,False,False,False,17,21,0.5526315789473685,6,6,11,15,0,,d293121ab4dbd6d522096af6e1963c9cb5ecc444dac4a5dec896eadec6ceda75
compas,0.5,3141,12,306,193,113,0.369281045751634,False,False,False,False,False,167,139,0.4542483660130719,114,79,53,60,0,,d293121ab4dbd6d522096af6e1963c9cb5ecc444dac4a5dec896eadec6ceda75
compas,0.5,3141,13,84,84,0,0.0,False,False,True,True,False,56,28,0.3333333333333333,56,28,0,0,2,,d293121ab4dbd6d522096af6e1963c9cb5ecc444dac4a5dec896eadec6ceda75
compas,0.5,3141,14,535,472,63,0.11775700934579439,False,False,False,False,False,317,218,0.4074766355140187,290,182,27,36,0,,d293121ab4dbd6d522096af6e1963c9cb5ecc444dac4a5dec896eadec6ceda75
compas,0.5,3141,15,20,1,19,0.95,False,False,False,False,False,10,10,0.5,1,0,9,10,1,,d293121ab4dbd6d522096af6e1963c9cb5ecc444dac4a5dec896eadec6ceda75
compas,0.5,3141,16,39,31,8,0.20512820512820512,False,False,False,False,False,26,13,0.3333333333333333,22,9,4,4,0,,d293121ab4dbd6d522096af6e1963c9cb5ecc444dac4a5dec896eadec6ceda75
compas,0.5,3141,17,376,264,112,0.2978723404255319,False,False,False,False,False,224,152,0.40425531914893614,161,103,63,49,0,,d293121ab4dbd6d522096af6e1963c9cb5ecc444dac4a5dec896eadec6ceda75
compas,0.5,3141,18,257,83,174,0.6770428015564203,False,False,False,False,False,144,113,0.4396887159533074,50,33,94,80,0,,d293121ab4dbd6d522096af6e1963c9cb5ecc444dac4a5dec896eadec6ceda75
compas,0.5,3141,19,70,1,69,0.9857142857142858,False,False,False,False,False,38,32,0.45714285714285713,0,1,38,31,1,,d293121ab4dbd6d522096af6e1963c9cb5ecc444dac4a5dec896eadec6ceda75
compas,0.5,4242,0,79,30,49,0.620253164556962,False,False,False,False,True,38,41,0.5189873417721519,16,14,22,27,0,,1f6ca98e0dac86bcb7215093341fb91904c27495b8451084b0ac155947238070
compas,0.5,4242,1,53,50,3,0.05660377358490566,False,False,False,False,True,39,14,0.2641509433962264,37,13,2,1,0,,1f6ca98e0dac86bcb7215093341fb91904c27495b8451084b0ac155947238070
compas,0.5,4242,2,212,86,126,0.5943396226415094,False,False,False,False,True,112,100,0.4716981132075472,53,33,59,67,0,,1f6ca98e0dac86bcb7215093341fb91904c27495b8451084b0ac155947238070
compas,0.5,4242,3,151,77,74,0.4900662251655629,False,False,False,False,True,72,79,0.5231788079470199,38,39,34,40,0,,1f6ca98e0dac86bcb7215093341fb91904c27495b8451084b0ac155947238070
compas,0.5,4242,4,173,168,5,0.028901734104046242,False,False,False,False,False,98,75,0.43352601156069365,95,73,3,2,0,,1f6ca98e0dac86bcb7215093341fb91904c27495b8451084b0ac155947238070
compas,0.5,4242,5,155,85,70,0.45161290322580644,False,False,False,False,False,89,66,0.4258064516129032,56,29,33,37,0,,1f6ca98e0dac86bcb7215093341fb91904c27495b8451084b0ac155947238070
compas,0.5,4242,6,639,480,159,0.24882629107981222,False,False,False,False,False,373,266,0.4162754303599374,297,183,76,83,0,,1f6ca98e0dac86bcb7215093341fb91904c27495b8451084b0ac155947238070
compas,0.5,4242,7,59,50,9,0.15254237288135594,False,False,False,False,False,33,26,0.4406779661016949,28,22,5,4,0,,1f6ca98e0dac86bcb7215093341fb91904c27495b8451084b0ac155947238070
compas,0.5,4242,8,33,1,32,0.9696969696969697,False,False,False,False,False,14,19,0.5757575757575758,0,1,14,18,1,,1f6ca98e0dac86bcb7215093341fb91904c27495b8451084b0ac155947238070
compas,0.5,4242,9,270,0,270,1.0,False,True,False,True,False,126,144,0.5333333333333333,0,0,126,144,2,,1f6ca98e0dac86bcb7215093341fb91904c27495b8451084b0ac155947238070
compas,0.5,4242,10,367,3,364,0.9918256130790191,False,False,False,False,False,172,195,0.5313351498637602,2,1,170,194,0,,1f6ca98e0dac86bcb7215093341fb91904c27495b8451084b0ac155947238070
compas,0.5,4242,11,494,435,59,0.1194331983805668,False,False,False,False,False,309,185,0.37449392712550605,277,158,32,27,0,,1f6ca98e0dac86bcb7215093341fb91904c27495b8451084b0ac155947238070
compas,0.5,4242,12,76,39,37,0.4868421052631579,False,False,False,False,False,46,30,0.39473684210526316,27,12,19,18,0,,1f6ca98e0dac86bcb7215093341fb91904c27495b8451084b0ac155947238070
compas,0.5,4242,13,28,8,20,0.7142857142857143,False,False,False,False,False,13,15,0.5357142857142857,6,2,7,13,0,,1f6ca98e0dac86bcb7215093341fb91904c27495b8451084b0ac155947238070
compas,0.5,4242,14,146,82,64,0.4383561643835616,False,False,False,False,False,79,67,0.4589041095890411,47,35,32,32,0,,1f6ca98e0dac86bcb7215093341fb91904c27495b8451084b0ac155947238070
compas,0.5,4242,15,162,42,120,0.7407407407407407,False,False,False,False,False,75,87,0.5370370370370371,23,19,52,68,0,,1f6ca98e0dac86bcb7215093341fb91904c27495b8451084b0ac155947238070
compas,0.5,4242,16,137,60,77,0.5620437956204379,False,False,False,False,False,75,62,0.45255474452554745,38,22,37,40,0,,1f6ca98e0dac86bcb7215093341fb91904c27495b8451084b0ac155947238070
compas,0.5,4242,17,363,151,212,0.5840220385674931,False,False,False,False,False,188,175,0.4820936639118457,81,70,107,105,0,,1f6ca98e0dac86bcb7215093341fb91904c27495b8451084b0ac155947238070
compas,0.5,4242,18,252,37,215,0.8531746031746031,False,False,False,False,False,127,125,0.49603174603174605,18,19,109,106,0,,1f6ca98e0dac86bcb7215093341fb91904c27495b8451084b0ac155947238070
compas,0.5,4242,19,39,4,35,0.8974358974358975,False,False,False,False,False,20,19,0.48717948717948717,2,2,18,17,0,,1f6ca98e0dac86bcb7215093341fb91904c27495b8451084b0ac155947238070
compas,0.5,456,0,977,454,523,0.5353121801432958,False,False,False,False,True,539,438,0.4483111566018424,284,170,255,268,0,,753504b01a831e0a728f7f110a95662f57311427d8438087d37311d556965545
compas,0.5,456,1,113,50,63,0.5575221238938053,False,False,False,False,True,62,51,0.45132743362831856,34,16,28,35,0,,753504b01a831e0a728f7f110a95662f57311427d8438087d37311d556965545
compas,0.5,456,2,25,11,14,0.56,False,False,False,False,True,15,10,0.4,9,2,6,8,0,,753504b01a831e0a728f7f110a95662f57311427d8438087d37311d556965545
compas,0.5,456,3,33,8,25,0.7575757575757576,False,False,False,False,True,19,14,0.42424242424242425,5,3,14,11,0,,753504b01a831e0a728f7f110a95662f57311427d8438087d37311d556965545
compas,0.5,456,4,80,80,0,0.0,False,False,True,True,False,46,34,0.425,46,34,0,0,2,,753504b01a831e0a728f7f110a95662f57311427d8438087d37311d556965545
compas,0.5,456,5,25,2,23,0.92,False,False,False,False,False,13,12,0.48,1,1,12,11,0,,753504b01a831e0a728f7f110a95662f57311427d8438087d37311d556965545
compas,0.5,456,6,394,31,363,0.9213197969543148,False,False,False,False,False,210,184,0.467005076142132,15,16,195,168,0,,753504b01a831e0a728f7f110a95662f57311427d8438087d37311d556965545
compas,0.5,456,7,248,81,167,0.6733870967741935,False,False,False,False,False,117,131,0.5282258064516129,51,30,66,101,0,,753504b01a831e0a728f7f110a95662f57311427d8438087d37311d556965545
compas,0.5,456,8,266,4,262,0.9849624060150376,False,False,False,False,False,124,142,0.5338345864661654,3,1,121,141,0,,753504b01a831e0a728f7f110a95662f57311427d8438087d37311d556965545
compas,0.5,456,9,30,22,8,0.26666666666666666,False,False,False,False,False,19,11,0.36666666666666664,15,7,4,4,0,,753504b01a831e0a728f7f110a95662f57311427d8438087d37311d556965545
compas,0.5,456,10,24,4,20,0.8333333333333334,False,False,False,False,False,12,12,0.5,3,1,9,11,0,,753504b01a831e0a728f7f110a95662f57311427d8438087d37311d556965545
compas,0.5,456,11,59,18,41,0.6949152542372882,False,False,False,False,False,28,31,0.5254237288135594,11,7,17,24,0,,753504b01a831e0a728f7f110a95662f57311427d8438087d37311d556965545
compas,0.5,456,12,124,2,122,0.9838709677419355,False,False,False,False,False,69,55,0.4435483870967742,2,0,67,55,1,,753504b01a831e0a728f7f110a95662f57311427d8438087d37311d556965545
compas,0.5,456,13,372,277,95,0.2553763440860215,False,False,False,False,False,216,156,0.41935483870967744,168,109,48,47,0,,753504b01a831e0a728f7f110a95662f57311427d8438087d37311d556965545
compas,0.5,456,14,176,58,118,0.6704545454545454,False,False,False,False,False,88,88,0.5,33,25,55,63,0,,753504b01a831e0a728f7f110a95662f57311427d8438087d37311d556965545
compas,0.5,456,15,2,1,1,0.5,False,False,False,False,False,1,1,0.5,1,0,0,1,2,,753504b01a831e0a728f7f110a95662f57311427d8438087d37311d556965545
compas,0.5,456,16,126,92,34,0.2698412698412698,False,False,False,False,False,73,53,0.42063492063492064,56,36,17,17,0,,753504b01a831e0a728f7f110a95662f57311427d8438087d37311d556965545
compas,0.5,456,17,667,583,84,0.12593703148425786,False,False,False,False,False,401,266,0.3988005997001499,353,230,48,36,0,,753504b01a831e0a728f7f110a95662f57311427d8438087d37311d556965545
compas,0.5,456,18,48,14,34,0.7083333333333334,False,False,False,False,False,22,26,0.5416666666666666,9,5,13,21,0,,753504b01a831e0a728f7f110a95662f57311427d8438087d37311d556965545
compas,0.5,456,19,99,96,3,0.030303030303030304,False,False,False,False,False,70,29,0.29292929292929293,68,28,2,1,0,,753504b01a831e0a728f7f110a95662f57311427d8438087d37311d556965545
compas,0.5,5050,0,110,50,60,0.5454545454545454,False,False,False,False,True,61,49,0.44545454545454544,33,17,28,32,0,,51f434ebead55da85c6028b745e84e4cd807c865283fecd98e958bfa48fd7548
compas,0.5,5050,1,83,34,49,0.5903614457831325,False,False,False,False,True,42,41,0.4939759036144578,19,15,23,26,0,,51f434ebead55da85c6028b745e84e4cd807c865283fecd98e958bfa48fd7548
compas,0.5,5050,2,357,220,137,0.38375350140056025,False,False,False,False,True,196,161,0.45098039215686275,130,90,66,71,0,,51f434ebead55da85c6028b745e84e4cd807c865283fecd98e958bfa48fd7548
compas,0.5,5050,3,786,673,113,0.14376590330788805,False,False,False,False,True,475,311,0.39567430025445294,418,255,57,56,0,,51f434ebead55da85c6028b745e84e4cd807c865283fecd98e958bfa48fd7548
compas,0.5,5050,4,94,1,93,0.9893617021276596,False,False,False,False,False,44,50,0.5319148936170213,0,1,44,49,1,,51f434ebead55da85c6028b745e84e4cd807c865283fecd98e958bfa48fd7548
compas,0.5,5050,5,272,11,261,0.9595588235294118,False,False,False,False,False,124,148,0.5441176470588235,7,4,117,144,0,,51f434ebead55da85c6028b745e84e4cd807c865283fecd98e958bfa48fd7548
compas,0.5,5050,6,72,64,8,0.1111111111111111,False,False,False,False,False,42,30,0.4166666666666667,39,25,3,5,0,,51f434ebead55da85c6028b745e84e4cd807c865283fecd98e958bfa48fd7548
compas,0.5,5050,7,47,6,41,0.8723404255319149,False,False,False,False,False,27,20,0.425531914893617,5,1,22,19,0,,51f434ebead55da85c6028b745e84e4cd807c865283fecd98e958bfa48fd7548
compas,0.5,5050,8,41,8,33,0.8048780487804879,False,False,False,False,False,24,17,0.4146341463414634,6,2,18,15,0,,51f434ebead55da85c6028b745e84e4cd807c865283fecd98e958bfa48fd7548
compas,0.5,5050,9,194,41,153,0.788659793814433,False,False,False,False,False,100,94,0.4845360824742268,27,14,73,80,0,,51f434ebead55da85c6028b745e84e4cd807c865283fecd98e958bfa48fd7548
compas,0.5,5050,10,315,66,249,0.7904761904761904,False,False,False,False,False,170,145,0.4603174603174603,44,22,126,123,0,,51f434ebead55da85c6028b745e84e4cd807c865283fecd98e958bfa48fd7548
compas,0.5,5050,11,87,75,12,0.13793103448275862,False,False,False,False,False,50,37,0.42528735632183906,45,30,5,7,0,,51f434ebead55da85c6028b745e84e4cd807c865283fecd98e958bfa48fd7548
compas,0.5,5050,12,333,0,333,1.0,False,True,False,True,False,153,180,0.5405405405405406,0,0,153,180,2,,51f434ebead55da85c6028b745e84e4cd807c865283fecd98e958bfa48fd7548
compas,0.5,5050,13,55,53,2,0.03636363636363636,False,False,False,False,False,34,21,0.38181818181818183,33,20,1,1,0,,51f434ebead55da85c6028b745e84e4cd807c865283fecd98e958bfa48fd7548
compas,0.5,5050,14,97,41,56,0.5773195876288659,False,False,False,False,False,51,46,0.4742268041237113,26,15,25,31,0,,51f434ebead55da85c6028b745e84e4cd807c865283fecd98e958bfa48fd7548
compas,0.5,5050,15,175,152,23,0.13142857142857142,False,False,False,False,False,100,75,0.42857142857142855,87,65,13,10,0,,51f434ebead55da85c6028b745e84e4cd807c865283fecd98e958bfa48fd7548
compas,0.5,5050,16,207,186,21,0.10144927536231885,False,False,False,False,False,129,78,0.37681159420289856,122,64,7,14,0,,51f434ebead55da85c6028b745e84e4cd807c865283fecd98e958bfa48fd7548
compas,0.5,5050,17,169,94,75,0.4437869822485207,False,False,False,False,False,92,77,0.4556213017751479,56,38,36,39,0,,51f434ebead55da85c6028b745e84e4cd807c865283fecd98e958bfa48fd7548
compas,0.5,5050,18,81,23,58,0.7160493827160493,False,False,False,False,False,43,38,0.4691358024691358,15,8,28,30,0,,51f434ebead55da85c6028b745e84e4cd807c865283fecd98e958bfa48fd7548
compas,0.5,5050,19,313,90,223,0.7124600638977636,False,False,False,False,False,157,156,0.4984025559105431,57,33,100,123,0,,51f434ebead55da85c6028b745e84e4cd807c865283fecd98e958bfa48fd7548
compas,0.5,6060,0,297,112,185,0.622895622895623,False,False,False,False,True,156,141,0.47474747474747475,76,36,80,105,0,,844bdac704784ff003e86ae6e85905d9ca55f4699a91d0baa2dc7baed159b6aa
compas,0.5,6060,1,487,462,25,0.0513347022587269,False,False,False,False,True,290,197,0.40451745379876797,279,183,11,14,0,,844bdac704784ff003e86ae6e85905d9ca55f4699a91d0baa2dc7baed159b6aa
compas,0.5,6060,2,185,30,155,0.8378378378378378,False,False,False,False,True,96,89,0.4810810810810811,18,12,78,77,0,,844bdac704784ff003e86ae6e85905d9ca55f4699a91d0baa2dc7baed159b6aa
compas,0.5,6060,3,186,50,136,0.7311827956989247,False,False,False,False,True,85,101,0.543010752688172,26,24,59,77,0,,844bdac704784ff003e86ae6e85905d9ca55f4699a91d0baa2dc7baed159b6aa
compas,0.5,6060,4,10,10,0,0.0,False,False,True,True,False,4,6,0.6,4,6,0,0,2,,844bdac704784ff003e86ae6e85905d9ca55f4699a91d0baa2dc7baed159b6aa
compas,0.5,6060,5,220,40,180,0.8181818181818182,False,False,False,False,False,104,116,0.5272727272727272,23,17,81,99,0,,844bdac704784ff003e86ae6e85905d9ca55f4699a91d0baa2dc7baed159b6aa
compas,0.5,6060,6,121,34,87,0.71900826446281,False,False,False,False,False,68,53,0.4380165289256198,22,12,46,41,0,,844bdac704784ff003e86ae6e85905d9ca55f4699a91d0baa2dc7baed159b6aa
compas,0.5,6060,7,54,50,4,0.07407407407407407,False,False,False,False,False,35,19,0.35185185185185186,33,17,2,2,0,,844bdac704784ff003e86ae6e85905d9ca55f4699a91d0baa2dc7baed159b6aa
compas,0.5,6060,8,85,9,76,0.8941176470588236,False,False,False,False,False,49,36,0.4235294117647059,7,2,42,34,0,,844bdac704784ff003e86ae6e85905d9ca55f4699a91d0baa2dc7baed159b6aa
compas,0.5,6060,9,741,144,597,0.805668016194332,False,False,False,False,False,379,362,0.4885290148448043,86,58,293,304,0,,844bdac704784ff003e86ae6e85905d9ca55f4699a91d0baa2dc7baed159b6aa
compas,0.5,6060,10,129,73,56,0.43410852713178294,False,False,False,False,False,74,55,0.4263565891472868,42,31,32,24,0,,844bdac704784ff003e86ae6e85905d9ca55f4699a91d0baa2dc7baed159b6aa
compas,0.5,6060,11,104,21,83,0.7980769230769231,False,False,False,False,False,44,60,0.5769230769230769,6,15,38,45,0,,844bdac704784ff003e86ae6e85905d9ca55f4699a91d0baa2dc7baed159b6aa
compas,0.5,6060,12,105,68,37,0.3523809523809524,False,False,False,False,False,47,58,0.5523809523809524,32,36,15,22,0,,844bdac704784ff003e86ae6e85905d9ca55f4699a91d0baa2dc7baed159b6aa
compas,0.5,6060,13,199,140,59,0.2964824120603015,False,False,False,False,False,119,80,0.4020100502512563,91,49,28,31,0,,844bdac704784ff003e86ae6e85905d9ca55f4699a91d0baa2dc7baed159b6aa
compas,0.5,6060,14,293,212,81,0.2764505119453925,False,False,False,False,False,181,112,0.3822525597269625,139,73,42,39,0,,844bdac704784ff003e86ae6e85905d9ca55f4699a91d0baa2dc7baed159b6aa
compas,0.5,6060,15,187,42,145,0.7754010695187166,False,False,False,False,False,93,94,0.5026737967914439,26,16,67,78,0,,844bdac704784ff003e86ae6e85905d9ca55f4699a91d0baa2dc7baed159b6aa
compas,0.5,6060,16,101,97,4,0.039603960396039604,False,False,False,False,False,60,41,0.40594059405940597,56,41,4,0,1,,844bdac704784ff003e86ae6e85905d9ca55f4699a91d0baa2dc7baed159b6aa
compas,0.5,6060,17,74,3,71,0.9594594594594594,False,False,False,False,False,43,31,0.4189189189189189,1,2,42,29,0,,844bdac704784ff003e86ae6e85905d9ca55f4699a91d0baa2dc7baed159b6aa
compas,0.5,6060,18,134,126,8,0.05970149253731343,False,False,False,False,False,66,68,0.5074626865671642,63,63,3,5,0,,844bdac704784ff003e86ae6e85905d9ca55f4699a91d0baa2dc7baed159b6aa
compas,0.5,6060,19,176,165,11,0.0625,False,False,False,False,False,103,73,0.4147727272727273,97,68,6,5,0,,844bdac704784ff003e86ae6e85905d9ca55f4699a91d0baa2dc7baed159b6aa
compas,0.5,7070,0,73,58,15,0.2054794520547945,False,False,False,False,True,43,30,0.410958904109589,38,20,5,10,0,,ce57627cce9c56703c3612a17b8cd96955c246d1cf39e663b398cd4ef9dc9924
compas,0.5,7070,1,28,1,27,0.9642857142857143,False,False,False,False,True,13,15,0.5357142857142857,1,0,12,15,1,,ce57627cce9c56703c3612a17b8cd96955c246d1cf39e663b398cd4ef9dc9924
compas,0.5,7070,2,265,137,128,0.4830188679245283,False,False,False,False,True,153,112,0.4226415094339623,80,57,73,55,0,,ce57627cce9c56703c3612a17b8cd96955c246d1cf39e663b398cd4ef9dc9924
compas,0.5,7070,3,108,21,87,0.8055555555555556,False,False,False,False,True,51,57,0.5277777777777778,13,8,38,49,0,,ce57627cce9c56703c3612a17b8cd96955c246d1cf39e663b398cd4ef9dc9924
compas,0.5,7070,4,118,42,76,0.6440677966101694,False,False,False,False,False,62,56,0.4745762711864407,24,18,38,38,0,,ce57627cce9c56703c3612a17b8cd96955c246d1cf39e663b398cd4ef9dc9924
compas,0.5,7070,5,101,67,34,0.33663366336633666,False,False,False,False,False,62,39,0.38613861386138615,49,18,13,21,0,,ce57627cce9c56703c3612a17b8cd96955c246d1cf39e663b398cd4ef9dc9924
compas,0.5,7070,6,389,355,34,0.08740359897172237,False,False,False,False,False,241,148,0.38046272493573263,225,130,16,18,0,,ce57627cce9c56703c3612a17b8cd96955c246d1cf39e663b398cd4ef9dc9924
compas,0.5,7070,7,157,95,62,0.39490445859872614,False,False,False,False,False,82,75,0.47770700636942676,58,37,24,38,0,,ce57627cce9c56703c3612a17b8cd96955c246d1cf39e663b398cd4ef9dc9924
compas,0.5,7070,8,386,358,28,0.07253886010362694,False,False,False,False,False,234,152,0.39378238341968913,214,144,20,8,0,,ce57627cce9c56703c3612a17b8cd96955c246d1cf39e663b398cd4ef9dc9924
compas,0.5,7070,9,563,91,472,0.8383658969804618,False,False,False,False,False,278,285,0.5062166962699822,55,36,223,249,0,,ce57627cce9c56703c3612a17b8cd96955c246d1cf39e663b398cd4ef9dc9924
compas,0.5,7070,10,83,27,56,0.6746987951807228,False,False,False,False,False,36,47,0.5662650602409639,17,10,19,37,0,,ce57627cce9c56703c3612a17b8cd96955c246d1cf39e663b398cd4ef9dc9924
compas,0.5,7070,11,82,0,82,1.0,False,True,False,True,False,39,43,0.524390243902439,0,0,39,43,2,,ce57627cce9c56703c3612a17b8cd96955c246d1cf39e663b398cd4ef9dc9924
compas,0.5,7070,12,2,0,2,1.0,False,True,False,True,False,0,2,1.0,0,0,0,2,3,,ce57627cce9c56703c3612a17b8cd96955c246d1cf39e663b398cd4ef9dc9924
compas,0.5,7070,13,92,69,23,0.25,False,False,False,False,False,51,41,0.44565217391304346,41,28,10,13,0,,ce57627cce9c56703c3612a17b8cd96955c246d1cf39e663b398cd4ef9dc9924
compas,0.5,7070,14,125,110,15,0.12,False,False,False,False,False,81,44,0.352,74,36,7,8,0,,ce57627cce9c56703c3612a17b8cd96955c246d1cf39e663b398cd4ef9dc9924
compas,0.5,7070,15,43,8,35,0.813953488372093,False,False,False,False,False,25,18,0.4186046511627907,6,2,19,16,0,,ce57627cce9c56703c3612a17b8cd96955c246d1cf39e663b398cd4ef9dc9924
compas,0.5,7070,16,236,180,56,0.23728813559322035,False,False,False,False,False,133,103,0.4364406779661017,107,73,26,30,0,,ce57627cce9c56703c3612a17b8cd96955c246d1cf39e663b398cd4ef9dc9924
compas,0.5,7070,17,188,0,188,1.0,False,True,False,True,False,84,104,0.5531914893617021,0,0,84,104,2,,ce57627cce9c56703c3612a17b8cd96955c246d1cf39e663b398cd4ef9dc9924
compas,0.5,7070,18,763,225,538,0.7051114023591087,False,False,False,False,False,405,358,0.4692005242463958,145,80,260,278,0,,ce57627cce9c56703c3612a17b8cd96955c246d1cf39e663b398cd4ef9dc9924
compas,0.5,7070,19,86,44,42,0.4883720930232558,False,False,False,False,False,51,35,0.4069767441860465,29,15,22,20,0,,ce57627cce9c56703c3612a17b8cd96955c246d1cf39e663b398cd4ef9dc9924
compas,0.5,789,0,374,348,26,0.06951871657754011,False,False,False,False,True,236,138,0.3689839572192513,220,128,16,10,0,,d6d516b463c329c8db0d61d83ec371cde01b489bf7d159737411cc706b07d043
compas,0.5,789,1,24,18,6,0.25,False,False,False,False,True,14,10,0.4166666666666667,11,7,3,3,0,,d6d516b463c329c8db0d61d83ec371cde01b489bf7d159737411cc706b07d043
compas,0.5,789,2,77,60,17,0.22077922077922077,False,False,False,False,True,50,27,0.35064935064935066,43,17,7,10,0,,d6d516b463c329c8db0d61d83ec371cde01b489bf7d159737411cc706b07d043
compas,0.5,789,3,770,14,756,0.9818181818181818,False,False,False,False,True,339,431,0.5597402597402598,9,5,330,426,0,,d6d516b463c329c8db0d61d83ec371cde01b489bf7d159737411cc706b07d043
compas,0.5,789,4,129,30,99,0.7674418604651163,False,False,False,False,False,57,72,0.5581395348837209,12,18,45,54,0,,d6d516b463c329c8db0d61d83ec371cde01b489bf7d159737411cc706b07d043
compas,0.5,789,5,184,171,13,0.07065217391304347,False,False,False,False,False,108,76,0.41304347826086957,101,70,7,6,0,,d6d516b463c329c8db0d61d83ec371cde01b489bf7d159737411cc706b07d043
compas,0.5,789,6,71,8,63,0.8873239436619719,False,False,False,False,False,37,34,0.4788732394366197,5,3,32,31,0,,d6d516b463c329c8db0d61d83ec371cde01b489bf7d159737411cc706b07d043
compas,0.5,789,7,241,53,188,0.7800829875518672,False,False,False,False,False,138,103,0.42738589211618255,36,17,102,86,0,,d6d516b463c329c8db0d61d83ec371cde01b489bf7d159737411cc706b07d043
compas,0.5,789,8,165,101,64,0.3878787878787879,False,False,False,False,False,92,73,0.44242424242424244,55,46,37,27,0,,d6d516b463c329c8db0d61d83ec371cde01b489bf7d159737411cc706b07d043
compas,0.5,789,9,1,1,0,0.0,False,False,True,True,False,0,1,1.0,0,1,0,0,3,,d6d516b463c329c8db0d61d83ec371cde01b489bf7d159737411cc706b07d043
compas,0.5,789,10,318,88,230,0.7232704402515723,False,False,False,False,False,167,151,0.4748427672955975,56,32,111,119,0,,d6d516b463c329c8db0d61d83ec371cde01b489bf7d159737411cc706b07d043
compas,0.5,789,11,212,59,153,0.7216981132075472,False,False,False,False,False,108,104,0.49056603773584906,35,24,73,80,0,,d6d516b463c329c8db0d61d83ec371cde01b489bf7d159737411cc706b07d043
compas,0.5,789,12,212,144,68,0.32075471698113206,False,False,False,False,False,125,87,0.41037735849056606,91,53,34,34,0,,d6d516b463c329c8db0d61d83ec371cde01b489bf7d159737411cc706b07d043
compas,0.5,789,13,146,143,3,0.02054794520547945,False,False,False,False,False,93,53,0.363013698630137,92,51,1,2,0,,d6d516b463c329c8db0d61d83ec371cde01b489bf7d159737411cc706b07d043
compas,0.5,789,14,44,28,16,0.36363636363636365,False,False,False,False,False,20,24,0.5454545454545454,14,14,6,10,0,,d6d516b463c329c8db0d61d83ec371cde01b489bf7d159737411cc706b07d043
compas,0.5,789,15,4,2,2,0.5,False,False,False,False,False,2,2,0.5,1,1,1,1,0,,d6d516b463c329c8db0d61d83ec371cde01b489bf7d159737411cc706b07d043
compas,0.5,789,16,120,0,120,1.0,False,True,False,True,False,60,60,0.5,0,0,60,60,2,,d6d516b463c329c8db0d61d83ec371cde01b489bf7d159737411cc706b07d043
compas,0.5,789,17,261,223,38,0.14559386973180077,False,False,False,False,False,165,96,0.367816091954023,146,77,19,19,0,,d6d516b463c329c8db0d61d83ec371cde01b489bf7d159737411cc706b07d043
compas,0.5,789,18,167,50,117,0.7005988023952096,False,False,False,False,False,84,83,0.49700598802395207,26,24,58,59,0,,d6d516b463c329c8db0d61d83ec371cde01b489bf7d159737411cc706b07d043
compas,0.5,789,19,368,347,21,0.057065217391304345,False,False,False,False,False,226,142,0.3858695652173913,222,125,4,17,0,,d6d516b463c329c8db0d61d83ec371cde01b489bf7d159737411cc706b07d043
compas,1.0,1001,0,296,63,233,0.7871621621621622,False,False,False,False,True,159,137,0.46283783783783783,41,22,118,115,0,,a9de7a8ff19f51d710ef5855e068ea6adf632a75dba12b1c98fce6df4a9bfaf0
compas,1.0,1001,1,155,31,124,0.8,False,False,False,False,True,74,81,0.5225806451612903,19,12,55,69,0,,a9de7a8ff19f51d710ef5855e068ea6adf632a75dba12b1c98fce6df4a9bfaf0
compas,1.0,1001,2,28,26,2,0.07142857142857142,False,False,False,False,True,19,9,0.32142857142857145,18,8,1,1,0,,a9de7a8ff19f51d710ef5855e068ea6adf632a75dba12b1c98fce6df4a9bfaf0
compas,1.0,1001,3,266,226,40,0.15037593984962405,False,False,False,False,True,146,120,0.45112781954887216,128,98,18,22,0,,a9de7a8ff19f51d710ef5855e068ea6adf632a75dba12b1c98fce6df4a9bfaf0
compas,1.0,1001,4,126,117,9,0.07142857142857142,False,False,False,False,False,75,51,0.40476190476190477,69,48,6,3,0,,a9de7a8ff19f51d710ef5855e068ea6adf632a75dba12b1c98fce6df4a9bfaf0
compas,1.0,1001,5,39,5,34,0.8717948717948718,False,False,False,False,False,19,20,0.5128205128205128,3,2,16,18,0,,a9de7a8ff19f51d710ef5855e068ea6adf632a75dba12b1c98fce6df4a9bfaf0
compas,1.0,1001,6,80,72,8,0.1,False,False,False,False,False,48,32,0.4,43,29,5,3,0,,a9de7a8ff19f51d710ef5855e068ea6adf632a75dba12b1c98fce6df4a9bfaf0
compas,1.0,1001,7,380,63,317,0.8342105263157895,False,False,False,False,False,189,191,0.5026315789473684,36,27,153,164,0,,a9de7a8ff19f51d710ef5855e068ea6adf632a75dba12b1c98fce6df4a9bfaf0
compas,1.0,1001,8,28,23,5,0.17857142857142858,False,False,False,False,False,14,14,0.5,12,11,2,3,0,,a9de7a8ff19f51d710ef5855e068ea6adf632a75dba12b1c98fce6df4a9bfaf0
compas,1.0,1001,9,155,131,24,0.15483870967741936,False,False,False,False,False,99,56,0.36129032258064514,88,43,11,13,0,,a9de7a8ff19f51d710ef5855e068ea6adf632a75dba12b1c98fce6df4a9bfaf0
compas,1.0,1001,10,240,207,33,0.1375,False,False,False,False,False,141,99,0.4125,126,81,15,18,0,,a9de7a8ff19f51d710ef5855e068ea6adf632a75dba12b1c98fce6df4a9bfaf0
compas,1.0,1001,11,296,2,294,0.9932432432432432,False,False,False,False,False,146,150,0.5067567567567568,1,1,145,149,0,,a9de7a8ff19f51d710ef5855e068ea6adf632a75dba12b1c98fce6df4a9bfaf0
compas,1.0,1001,12,326,17,309,0.9478527607361963,False,False,False,False,False,157,169,0.5184049079754601,7,10,150,159,0,,a9de7a8ff19f51d710ef5855e068ea6adf632a75dba12b1c98fce6df4a9bfaf0
compas,1.0,1001,13,173,132,41,0.23699421965317918,False,False,False,False,False,99,74,0.4277456647398844,84,48,15,26,0,,a9de7a8ff19f51d710ef5855e068ea6adf632a75dba12b1c98fce6df4a9bfaf0
compas,1.0,1001,14,246,8,238,0.967479674796748,False,False,False,False,False,116,130,0.5284552845528455,5,3,111,127,0,,a9de7a8ff19f51d710ef5855e068ea6adf632a75dba12b1c98fce6df4a9bfaf0
compas,1.0,1001,15,225,125,100,0.4444444444444444,False,False,False,False,False,135,90,0.4,81,44,54,46,0,,a9de7a8ff19f51d710ef5855e068ea6adf632a75dba12b1c98fce6df4a9bfaf0
compas,1.0,1001,16,435,381,54,0.12413793103448276,False,False,False,False,False,258,177,0.4068965517241379,234,147,24,30,0,,a9de7a8ff19f51d710ef5855e068ea6adf632a75dba12b1c98fce6df4a9bfaf0
compas,1.0,1001,17,82,54,28,0.34146341463414637,False,False,False,False,False,44,38,0.4634146341463415,32,22,12,16,0,,a9de7a8ff19f51d710ef5855e068ea6adf632a75dba12b1c98fce6df4a9bfaf0
compas,1.0,1001,18,159,122,37,0.23270440251572327,False,False,False,False,False,94,65,0.4088050314465409,75,47,19,18,0,,a9de7a8ff19f51d710ef5855e068ea6adf632a75dba12b1c98fce6df4a9bfaf0
compas,1.0,1001,19,153,83,70,0.45751633986928103,False,False,False,False,False,92,61,0.39869281045751637,58,25,34,36,0,,a9de7a8ff19f51d710ef5855e068ea6adf632a75dba12b1c98fce6df4a9bfaf0
compas,1.0,123,0,232,178,54,0.23275862068965517,False,False,False,False,True,136,96,0.41379310344827586,114,64,22,32,0,,0bf6f786777ea4ba4d8f87b9b3712e7429a3a8d382a04165c87c6fadbdb37a0f
compas,1.0,123,1,95,65,30,0.3157894736842105,False,False,False,False,True,44,51,0.5368421052631579,30,35,14,16,0,,0bf6f786777ea4ba4d8f87b9b3712e7429a3a8d382a04165c87c6fadbdb37a0f
compas,1.0,123,2,95,80,15,0.15789473684210525,False,False,False,False,True,64,31,0.3263157894736842,53,27,11,4,0,,0bf6f786777ea4ba4d8f87b9b3712e7429a3a8d382a04165c87c6fadbdb37a0f
compas,1.0,123,3,323,143,180,0.5572755417956656,False,False,False,False,True,156,167,0.5170278637770898,78,65,78,102,0,,0bf6f786777ea4ba4d8f87b9b3712e7429a3a8d382a04165c87c6fadbdb37a0f
compas,1.0,123,4,88,36,52,0.5909090909090909,False,False,False,False,False,51,37,0.42045454545454547,22,14,29,23,0,,0bf6f786777ea4ba4d8f87b9b3712e7429a3a8d382a04165c87c6fadbdb37a0f
compas,1.0,123,5,108,37,71,0.6574074074074074,False,False,False,False,False,52,56,0.5185185185185185,20,17,32,39,0,,0bf6f786777ea4ba4d8f87b9b3712e7429a3a8d382a04165c87c6fadbdb37a0f
compas,1.0,123,6,479,391,88,0.1837160751565762,False,False,False,False,False,297,182,0.37995824634655534,257,134,40,48,0,,0bf6f786777ea4ba4d8f87b9b3712e7429a3a8d382a04165c87c6fadbdb37a0f
compas,1.0,123,7,194,51,143,0.7371134020618557,False,False,False,False,False,99,95,0.4896907216494845,31,20,68,75,0,,0bf6f786777ea4ba4d8f87b9b3712e7429a3a8d382a04165c87c6fadbdb37a0f
compas,1.0,123,8,26,24,2,0.07692307692307693,False,False,False,False,False,12,14,0.5384615384615384,10,14,2,0,1,,0bf6f786777ea4ba4d8f87b9b3712e7429a3a8d382a04165c87c6fadbdb37a0f
compas,1.0,123,9,242,75,167,0.6900826446280992,False,False,False,False,False,123,119,0.49173553719008267,42,33,81,86,0,,0bf6f786777ea4ba4d8f87b9b3712e7429a3a8d382a04165c87c6fadbdb37a0f
compas,1.0,123,10,90,74,16,0.17777777777777778,False,False,False,False,False,55,35,0.3888888888888889,45,29,10,6,0,,0bf6f786777ea4ba4d8f87b9b3712e7429a3a8d382a04165c87c6fadbdb37a0f
compas,1.0,123,11,190,12,178,0.9368421052631579,False,False,False,False,False,103,87,0.45789473684210524,9,3,94,84,0,,0bf6f786777ea4ba4d8f87b9b3712e7429a3a8d382a04165c87c6fadbdb37a0f
compas,1.0,123,12,305,173,132,0.43278688524590164,False,False,False,False,False,171,134,0.43934426229508194,110,63,61,71,0,,0bf6f786777ea4ba4d8f87b9b3712e7429a3a8d382a04165c87c6fadbdb37a0f
compas,1.0,123,13,49,27,22,0.4489795918367347,False,False,False,False,False,26,23,0.46938775510204084,18,9,8,14,0,,0bf6f786777ea4ba4d8f87b9b3712e7429a3a8d382a04165c87c6fadbdb37a0f
compas,1.0,123,14,420,24,396,0.9428571428571428,False,False,False,False,False,202,218,0.5190476190476191,20,4,182,214,0,,0bf6f786777ea4ba4d8f87b9b3712e7429a3a8d382a04165c87c6fadbdb37a0f
compas,1.0,123,15,72,57,15,0.20833333333333334,False,False,False,False,False,41,31,0.4305555555555556,33,24,8,7,0,,0bf6f786777ea4ba4d8f87b9b3712e7429a3a8d382a04165c87c6fadbdb37a0f
compas,1.0,123,16,329,3,326,0.9908814589665653,False,False,False,False,False,157,172,0.5227963525835866,2,1,155,171,0,,0bf6f786777ea4ba4d8f87b9b3712e7429a3a8d382a04165c87c6fadbdb37a0f
compas,1.0,123,17,25,4,21,0.84,False,False,False,False,False,12,13,0.52,3,1,9,12,0,,0bf6f786777ea4ba4d8f87b9b3712e7429a3a8d382a04165c87c6fadbdb37a0f
compas,1.0,123,18,136,80,56,0.4117647058823529,False,False,False,False,False,70,66,0.4852941176470588,43,37,27,29,0,,0bf6f786777ea4ba4d8f87b9b3712e7429a3a8d382a04165c87c6fadbdb37a0f
compas,1.0,123,19,390,354,36,0.09230769230769231,False,False,False,False,False,240,150,0.38461538461538464,220,134,20,16,0,,0bf6f786777ea4ba4d8f87b9b3712e7429a3a8d382a04165c87c6fadbdb37a0f
compas,1.0,2024,0,448,333,115,0.25669642857142855,False,False,False,False,True,253,195,0.43526785714285715,204,129,49,66,0,,f6e87c790dfd3646c1de59315667a405ccb22d34a179af2832f905a021bba21b
compas,1.0,2024,1,166,65,101,0.608433734939759,False,False,False,False,True,87,79,0.4759036144578313,39,26,48,53,0,,f6e87c790dfd3646c1de59315667a405ccb22d34a179af2832f905a021bba21b
compas,1.0,2024,2,23,18,5,0.21739130434782608,False,False,False,False,True,14,9,0.391304347826087,11,7,3,2,0,,f6e87c790dfd3646c1de59315667a405ccb22d34a179af2832f905a021bba21b
compas,1.0,2024,3,313,69,244,0.7795527156549521,False,False,False,False,True,158,155,0.4952076677316294,43,26,115,129,0,,f6e87c790dfd3646c1de59315667a405ccb22d34a179af2832f905a021bba21b
compas,1.0,2024,4,120,42,78,0.65,False,False,False,False,False,68,52,0.43333333333333335,32,10,36,42,0,,f6e87c790dfd3646c1de59315667a405ccb22d34a179af2832f905a021bba21b
compas,1.0,2024,5,196,113,83,0.42346938775510207,False,False,False,False,False,113,83,0.42346938775510207,72,41,41,42,0,,f6e87c790dfd3646c1de59315667a405ccb22d34a179af2832f905a021bba21b
compas,1.0,2024,6,11,11,0,0.0,False,False,True,True,False,9,2,0.18181818181818182,9,2,0,0,2,,f6e87c790dfd3646c1de59315667a405ccb22d34a179af2832f905a021bba21b
compas,1.0,2024,7,152,143,9,0.05921052631578947,False,False,False,False,False,86,66,0.4342105263157895,82,61,4,5,0,,f6e87c790dfd3646c1de59315667a405ccb22d34a179af2832f905a021bba21b
compas,1.0,2024,8,259,28,231,0.8918918918918919,False,False,False,False,False,124,135,0.5212355212355212,20,8,104,127,0,,f6e87c790dfd3646c1de59315667a405ccb22d34a179af2832f905a021bba21b
compas,1.0,2024,9,50,1,49,0.98,False,False,False,False,False,25,25,0.5,0,1,25,24,1,,f6e87c790dfd3646c1de59315667a405ccb22d34a179af2832f905a021bba21b
compas,1.0,2024,10,109,56,53,0.48623853211009177,False,False,False,False,False,58,51,0.46788990825688076,30,26,28,25,0,,f6e87c790dfd3646c1de59315667a405ccb22d34a179af2832f905a021bba21b
compas,1.0,2024,11,324,186,138,0.42592592592592593,False,False,False,False,False,190,134,0.41358024691358025,128,58,62,76,0,,f6e87c790dfd3646c1de59315667a405ccb22d34a179af2832f905a021bba21b
compas,1.0,2024,12,44,13,31,0.7045454545454546,False,False,False,False,False,21,23,0.5227272727272727,10,3,11,20,0,,f6e87c790dfd3646c1de59315667a405ccb22d34a179af2832f905a021bba21b
compas,1.0,2024,13,255,172,83,0.3254901960784314,False,False,False,False,False,146,109,0.42745098039215684,114,58,32,51,0,,f6e87c790dfd3646c1de59315667a405ccb22d34a179af2832f905a021bba21b
compas,1.0,2024,14,280,99,181,0.6464285714285715,False,False,False,False,False,150,130,0.4642857142857143,61,38,89,92,0,,f6e87c790dfd3646c1de59315667a405ccb22d34a179af2832f905a021bba21b
compas,1.0,2024,15,345,132,213,0.6173913043478261,False,False,False,False,False,166,179,0.518840579710145,79,53,87,126,0,,f6e87c790dfd3646c1de59315667a405ccb22d34a179af2832f905a021bba21b
compas,1.0,2024,16,368,53,315,0.8559782608695652,False,False,False,False,False,190,178,0.483695652173913,34,19,156,159,0,,f6e87c790dfd3646c1de59315667a405ccb22d34a179af2832f905a021bba21b
compas,1.0,2024,17,160,158,2,0.0125,False,False,False,False,False,91,69,0.43125,89,69,2,0,1,,f6e87c790dfd3646c1de59315667a405ccb22d34a179af2832f905a021bba21b
compas,1.0,2024,18,135,76,59,0.43703703703703706,False,False,False,False,False,76,59,0.43703703703703706,44,32,32,27,0,,f6e87c790dfd3646c1de59315667a405ccb22d34a179af2832f905a021bba21b
compas,1.0,2024,19,130,120,10,0.07692307692307693,False,False,False,False,False,79,51,0.3923076923076923,75,45,4,6,0,,f6e87c790dfd3646c1de59315667a405ccb22d34a179af2832f905a021bba21b
compas,1.0,3141,0,192,68,124,0.6458333333333334,False,False,False,False,True,96,96,0.5,45,23,51,73,0,,79c343857a40883f6af04bffb8f9eed89f6aa8bab6e602f56619a8b31b1448cc
compas,1.0,3141,1,17,6,11,0.6470588235294118,False,False,False,False,True,9,8,0.47058823529411764,2,4,7,4,0,,79c343857a40883f6af04bffb8f9eed89f6aa8bab6e602f56619a8b31b1448cc
compas,1.0,3141,2,265,222,43,0.16226415094339622,False,False,False,False,True,163,102,0.3849056603773585,139,83,24,19,0,,79c343857a40883f6af04bffb8f9eed89f6aa8bab6e602f56619a8b31b1448cc
compas,1.0,3141,3,129,10,119,0.9224806201550387,False,False,False,False,True,55,74,0.5736434108527132,5,5,50,69,0,,79c343857a40883f6af04bffb8f9eed89f6aa8bab6e602f56619a8b31b1448cc
compas,1.0,3141,4,261,15,246,0.9425287356321839,False,False,False,False,False,130,131,0.5019157088122606,11,4,119,127,0,,79c343857a40883f6af04bffb8f9eed89f6aa8bab6e602f56619a8b31b1448cc
compas,1.0,3141,5,391,350,41,0.10485933503836317,False,False,False,False,False,234,157,0.40153452685422,213,137,21,20,0,,79c343857a40883f6af04bffb8f9eed89f6aa8bab6e602f56619a8b31b1448cc
compas,1.0,3141,6,209,80,129,0.6172248803827751,False,False,False,False,False,109,100,0.4784688995215311,49,31,60,69,0,,79c343857a40883f6af04bffb8f9eed89f6aa8bab6e602f56619a8b31b1448cc
compas,1.0,3141,7,216,140,76,0.35185185185185186,False,False,False,False,False,115,101,0.4675925925925926,86,54,29,47,0,,79c343857a40883f6af04bffb8f9eed89f6aa8bab6e602f56619a8b31b1448cc
compas,1.0,3141,8,206,169,37,0.1796116504854369,False,False,False,False,False,120,86,0.4174757281553398,98,71,22,15,0,,79c343857a40883f6af04bffb8f9eed89f6aa8bab6e602f56619a8b31b1448cc
compas,1.0,3141,9,172,104,68,0.3953488372093023,False,False,False,False,False,93,79,0.45930232558139533,61,43,32,36,0,,79c343857a40883f6af04bffb8f9eed89f6aa8bab6e602f56619a8b31b1448cc
compas,1.0,3141,10,73,34,39,0.5342465753424658,False,False,False,False,False,42,31,0.4246575342465753,23,11,19,20,0,,79c343857a40883f6af04bffb8f9eed89f6aa8bab6e602f56619a8b31b1448cc
compas,1.0,3141,11,313,98,215,0.6869009584664537,False,False,False,False,False,168,145,0.46325878594249204,68,30,100,115,0,,79c343857a40883f6af04bffb8f9eed89f6aa8bab6e602f56619a8b31b1448cc
compas,1.0,3141,12,143,134,9,0.06293706293706294,False,False,False,False,False,96,47,0.32867132867132864,91,43,5,4,0,,79c343857a40883f6af04bffb8f9eed89f6aa8bab6e602f56619a8b31b1448cc
compas,1.0,3141,13,71,42,29,0.4084507042253521,False,False,False,False,False,41,30,0.4225352112676056,29,13,12,17,0,,79c343857a40883f6af04bffb8f9eed89f6aa8bab6e602f56619a8b31b1448cc
compas,1.0,3141,14,153,10,143,0.934640522875817,False,False,False,False,False,72,81,0.5294117647058824,7,3,65,78,0,,79c343857a40883f6af04bffb8f9eed89f6aa8bab6e602f56619a8b31b1448cc
compas,1.0,3141,15,353,66,287,0.8130311614730878,False,False,False,False,False,169,184,0.5212464589235127,36,30,133,154,0,,79c343857a40883f6af04bffb8f9eed89f6aa8bab6e602f56619a8b31b1448cc
compas,1.0,3141,16,216,188,28,0.12962962962962962,False,False,False,False,False,132,84,0.3888888888888889,118,70,14,14,0,,79c343857a40883f6af04bffb8f9eed89f6aa8bab6e602f56619a8b31b1448cc
compas,1.0,3141,17,162,10,152,0.9382716049382716,False,False,False,False,False,93,69,0.42592592592592593,6,4,87,65,0,,79c343857a40883f6af04bffb8f9eed89f6aa8bab6e602f56619a8b31b1448cc
compas,1.0,3141,18,153,120,33,0.21568627450980393,False,False,False,False,False,90,63,0.4117647058823529,69,51,21,12,0,,79c343857a40883f6af04bffb8f9eed89f6aa8bab6e602f56619a8b31b1448cc
compas,1.0,3141,19,193,22,171,0.8860103626943006,False,False,False,False,False,100,93,0.48186528497409326,13,9,87,84,0,,79c343857a40883f6af04bffb8f9eed89f6aa8bab6e602f56619a8b31b1448cc
compas,1.0,4242,0,37,25,12,0.32432432432432434,False,False,False,False,True,20,17,0.4594594594594595,14,11,6,6,0,,914976de6a529e2c40032a8811d32b89a0cfc4a0eb283416682001a63de1b863
compas,1.0,4242,1,127,57,70,0.5511811023622047,False,False,False,False,True,63,64,0.5039370078740157,29,28,34,36,0,,914976de6a529e2c40032a8811d32b89a0cfc4a0eb283416682001a63de1b863
compas,1.0,4242,2,32,14,18,0.5625,False,False,False,False,True,14,18,0.5625,9,5,5,13,0,,914976de6a529e2c40032a8811d32b89a0cfc4a0eb283416682001a63de1b863
compas,1.0,4242,3,163,25,138,0.8466257668711656,False,False,False,False,True,81,82,0.5030674846625767,15,10,66,72,0,,914976de6a529e2c40032a8811d32b89a0cfc4a0eb283416682001a63de1b863
compas,1.0,4242,4,233,131,102,0.43776824034334766,False,False,False,False,False,128,105,0.45064377682403434,78,53,50,52,0,,914976de6a529e2c40032a8811d32b89a0cfc4a0eb283416682001a63de1b863
compas,1.0,4242,5,111,34,77,0.6936936936936937,False,False,False,False,False,58,53,0.4774774774774775,20,14,38,39,0,,914976de6a529e2c40032a8811d32b89a0cfc4a0eb283416682001a63de1b863
compas,1.0,4242,6,84,57,27,0.32142857142857145,False,False,False,False,False,50,34,0.40476190476190477,37,20,13,14,0,,914976de6a529e2c40032a8811d32b89a0cfc4a0eb283416682001a63de1b863
compas,1.0,4242,7,97,94,3,0.030927835051546393,False,False,False,False,False,63,34,0.35051546391752575,62,32,1,2,0,,914976de6a529e2c40032a8811d32b89a0cfc4a0eb283416682001a63de1b863
compas,1.0,4242,8,101,14,87,0.8613861386138614,False,False,False,False,False,48,53,0.5247524752475248,9,5,39,48,0,,914976de6a529e2c40032a8811d32b89a0cfc4a0eb283416682001a63de1b863
compas,1.0,4242,9,90,60,30,0.3333333333333333,False,False,False,False,False,52,38,0.4222222222222222,34,26,18,12,0,,914976de6a529e2c40032a8811d32b89a0cfc4a0eb283416682001a63de1b863
compas,1.0,4242,10,342,269,73,0.2134502923976608,False,False,False,False,False,200,142,0.4152046783625731,168,101,32,41,0,,914976de6a529e2c40032a8811d32b89a0cfc4a0eb283416682001a63de1b863
compas,1.0,4242,11,142,78,64,0.4507042253521127,False,False,False,False,False,70,72,0.5070422535211268,44,34,26,38,0,,914976de6a529e2c40032a8811d32b89a0cfc4a0eb283416682001a63de1b863
compas,1.0,4242,12,205,76,129,0.6292682926829268,False,False,False,False,False,107,98,0.47804878048780486,48,28,59,70,0,,914976de6a529e2c40032a8811d32b89a0cfc4a0eb283416682001a63de1b863
compas,1.0,4242,13,247,30,217,0.8785425101214575,False,False,False,False,False,118,129,0.5222672064777328,17,13,101,116,0,,914976de6a529e2c40032a8811d32b89a0cfc4a0eb283416682001a63de1b863
compas,1.0,4242,14,326,28,298,0.9141104294478528,False,False,False,False,False,165,161,0.4938650306748466,18,10,147,151,0,,914976de6a529e2c40032a8811d32b89a0cfc4a0eb283416682001a63de1b863
compas,1.0,4242,15,213,166,47,0.22065727699530516,False,False,False,False,False,129,84,0.39436619718309857,111,55,18,29,0,,914976de6a529e2c40032a8811d32b89a0cfc4a0eb283416682001a63de1b863
compas,1.0,4242,16,106,83,23,0.2169811320754717,False,False,False,False,False,60,46,0.4339622641509434,49,34,11,12,0,,914976de6a529e2c40032a8811d32b89a0cfc4a0eb283416682001a63de1b863
compas,1.0,4242,17,699,474,225,0.3218884120171674,False,False,False,False,False,402,297,0.4248927038626609,287,187,115,110,0,,914976de6a529e2c40032a8811d32b89a0cfc4a0eb283416682001a63de1b863
compas,1.0,4242,18,437,81,356,0.8146453089244852,False,False,False,False,False,216,221,0.505720823798627,39,42,177,179,0,,914976de6a529e2c40032a8811d32b89a0cfc4a0eb283416682001a63de1b863
compas,1.0,4242,19,96,92,4,0.041666666666666664,False,False,False,False,False,54,42,0.4375,53,39,1,3,0,,914976de6a529e2c40032a8811d32b89a0cfc4a0eb283416682001a63de1b863
compas,1.0,456,0,155,33,122,0.7870967741935484,False,False,False,False,True,79,76,0.49032258064516127,23,10,56,66,0,,a6dac57d2bfa256e492a15695584987d003fc57e4ee14bb06f3a70cbc88b1d71
compas,1.0,456,1,215,131,84,0.39069767441860465,False,False,False,False,True,133,82,0.3813953488372093,87,44,46,38,0,,a6dac57d2bfa256e492a15695584987d003fc57e4ee14bb06f3a70cbc88b1d71
compas,1.0,456,2,245,78,167,0.6816326530612244,False,False,False,False,True,134,111,0.4530612244897959,54,24,80,87,0,,a6dac57d2bfa256e492a15695584987d003fc57e4ee14bb06f3a70cbc88b1d71
compas,1.0,456,3,204,108,96,0.47058823529411764,False,False,False,False,True,114,90,0.4411764705882353,66,42,48,48,0,,a6dac57d2bfa256e492a15695584987d003fc57e4ee14bb06f3a70cbc88b1d71
compas,1.0,456,4,113,67,46,0.40707964601769914,False,False,False,False,False,61,52,0.46017699115044247,41,26,20,26,0,,a6dac57d2bfa256e492a15695584987d003fc57e4ee14bb06f3a70cbc88b1d71
compas,1.0,456,5,463,296,167,0.36069114470842334,False,False,False,False,False,266,197,0.42548596112311016,182,114,84,83,0,,a6dac57d2bfa256e492a15695584987d003fc57e4ee14bb06f3a70cbc88b1d71
compas,1.0,456,6,77,66,11,0.14285714285714285,False,False,False,False,False,45,32,0.4155844155844156,38,28,7,4,0,,a6dac57d2bfa256e492a15695584987d003fc57e4ee14bb06f3a70cbc88b1d71
compas,1.0,456,7,203,86,117,0.5763546798029556,False,False,False,False,False,120,83,0.4088669950738916,58,28,62,55,0,,a6dac57d2bfa256e492a15695584987d003fc57e4ee14bb06f3a70cbc88b1d71
compas,1.0,456,8,190,47,143,0.7526315789473684,False,False,False,False,False,96,94,0.49473684210526314,23,24,73,70,0,,a6dac57d2bfa256e492a15695584987d003fc57e4ee14bb06f3a70cbc88b1d71
compas,1.0,456,9,14,10,4,0.2857142857142857,False,False,False,False,False,7,7,0.5,5,5,2,2,0,,a6dac57d2bfa256e492a15695584987d003fc57e4ee14bb06f3a70cbc88b1d71
compas,1.0,456,10,95,94,1,0.010526315789473684,False,False,False,False,False,60,35,0.3684210526315789,59,35,1,0,1,,a6dac57d2bfa256e492a15695584987d003fc57e4ee14bb06f3a70cbc88b1d71
compas,1.0,456,11,411,264,147,0.35766423357664234,False,False,False,False,False,226,185,0.45012165450121655,161,103,65,82,0,,a6dac57d2bfa256e492a15695584987d003fc57e4ee14bb06f3a70cbc88b1d71
compas,1.0,456,12,27,1,26,0.9629629629629629,False,False,False,False,False,14,13,0.48148148148148145,1,0,13,13,1,,a6dac57d2bfa256e492a15695584987d003fc57e4ee14bb06f3a70cbc88b1d71
compas,1.0,456,13,183,172,11,0.060109289617486336,False,False,False,False,False,101,82,0.44808743169398907,98,74,3,8,0,,a6dac57d2bfa256e492a15695584987d003fc57e4ee14bb06f3a70cbc88b1d71
compas,1.0,456,14,506,94,412,0.8142292490118577,False,False,False,False,False,249,257,0.5079051383399209,54,40,195,217,0,,a6dac57d2bfa256e492a15695584987d003fc57e4ee14bb06f3a70cbc88b1d71
compas,1.0,456,15,158,96,62,0.3924050632911392,False,False,False,False,False,90,68,0.43037974683544306,58,38,32,30,0,,a6dac57d2bfa256e492a15695584987d003fc57e4ee14bb06f3a70cbc88b1d71
compas,1.0,456,16,140,81,59,0.42142857142857143,False,False,False,False,False,81,59,0.42142857142857143,52,29,29,30,0,,a6dac57d2bfa256e492a15695584987d003fc57e4ee14bb06f3a70cbc88b1d71
compas,1.0,456,17,160,14,146,0.9125,False,False,False,False,False,77,83,0.51875,8,6,69,77,0,,a6dac57d2bfa256e492a15695584987d003fc57e4ee14bb06f3a70cbc88b1d71
compas,1.0,456,18,218,89,129,0.591743119266055,False,False,False,False,False,133,85,0.38990825688073394,65,24,68,61,0,,a6dac57d2bfa256e492a15695584987d003fc57e4ee14bb06f3a70cbc88b1d71
compas,1.0,456,19,111,61,50,0.45045045045045046,False,False,False,False,False,58,53,0.4774774774774775,34,27,24,26,0,,a6dac57d2bfa256e492a15695584987d003fc57e4ee14bb06f3a70cbc88b1d71
compas,1.0,5050,0,615,120,495,0.8048780487804879,False,False,False,False,True,299,316,0.5138211382113821,65,55,234,261,0,,bec9b32d125611df1113461a5a606b708e2ff2daab66bb2c123fee70b59814d8
compas,1.0,5050,1,274,219,55,0.20072992700729927,False,False,False,False,True,171,103,0.3759124087591241,143,76,28,27,0,,bec9b32d125611df1113461a5a606b708e2ff2daab66bb2c123fee70b59814d8
compas,1.0,5050,2,69,61,8,0.11594202898550725,False,False,False,False,True,42,27,0.391304347826087,38,23,4,4,0,,bec9b32d125611df1113461a5a606b708e2ff2daab66bb2c123fee70b59814d8
compas,1.0,5050,3,90,85,5,0.05555555555555555,False,False,False,False,True,47,43,0.4777777777777778,45,40,2,3,0,,bec9b32d125611df1113461a5a606b708e2ff2daab66bb2c123fee70b59814d8
compas,1.0,5050,4,216,117,99,0.4583333333333333,False,False,False,False,False,114,102,0.4722222222222222,70,47,44,55,0,,bec9b32d125611df1113461a5a606b708e2ff2daab66bb2c123fee70b59814d8
compas,1.0,5050,5,201,159,42,0.208955223880597,False,False,False,False,False,118,83,0.4129353233830846,99,60,19,23,0,,bec9b32d125611df1113461a5a606b708e2ff2daab66bb2c123fee70b59814d8
compas,1.0,5050,6,219,144,75,0.3424657534246575,False,False,False,False,False,126,93,0.4246575342465753,87,57,39,36,0,,bec9b32d125611df1113461a5a606b708e2ff2daab66bb2c123fee70b59814d8
compas,1.0,5050,7,64,59,5,0.078125,False,False,False,False,False,41,23,0.359375,39,20,2,3,0,,bec9b32d125611df1113461a5a606b708e2ff2daab66bb2c123fee70b59814d8
compas,1.0,5050,8,416,42,374,0.8990384615384616,False,False,False,False,False,212,204,0.49038461538461536,27,15,185,189,0,,bec9b32d125611df1113461a5a606b708e2ff2daab66bb2c123fee70b59814d8
compas,1.0,5050,9,311,151,160,0.5144694533762058,False,False,False,False,False,175,136,0.43729903536977494,99,52,76,84,0,,bec9b32d125611df1113461a5a606b708e2ff2daab66bb2c123fee70b59814d8
compas,1.0,5050,10,338,303,35,0.10355029585798817,False,False,False,False,False,213,125,0.3698224852071006,193,110,20,15,0,,bec9b32d125611df1113461a5a606b708e2ff2daab66bb2c123fee70b59814d8
compas,1.0,5050,11,136,104,32,0.23529411764705882,False,False,False,False,False,72,64,0.47058823529411764,64,40,8,24,0,,bec9b32d125611df1113461a5a606b708e2ff2daab66bb2c123fee70b59814d8
compas,1.0,5050,12,241,33,208,0.8630705394190872,False,False,False,False,False,121,120,0.4979253112033195,23,10,98,110,0,,bec9b32d125611df1113461a5a606b708e2ff2daab66bb2c123fee70b59814d8
compas,1.0,5050,13,163,113,50,0.3067484662576687,False,False,False,False,False,89,74,0.4539877300613497,67,46,22,28,0,,bec9b32d125611df1113461a5a606b708e2ff2daab66bb2c123fee70b59814d8
compas,1.0,5050,14,32,1,31,0.96875,False,False,False,False,False,11,21,0.65625,0,1,11,20,1,,bec9b32d125611df1113461a5a606b708e2ff2daab66bb2c123fee70b59814d8
compas,1.0,5050,15,137,4,133,0.9708029197080292,False,False,False,False,False,72,65,0.4744525547445255,2,2,70,63,0,,bec9b32d125611df1113461a5a606b708e2ff2daab66bb2c123fee70b59814d8
compas,1.0,5050,16,47,36,11,0.23404255319148937,False,False,False,False,False,31,16,0.3404255319148936,25,11,6,5,0,,bec9b32d125611df1113461a5a606b708e2ff2daab66bb2c123fee70b59814d8
compas,1.0,5050,17,230,81,149,0.6478260869565218,False,False,False,False,False,113,117,0.508695652173913,49,32,64,85,0,,bec9b32d125611df1113461a5a606b708e2ff2daab66bb2c123fee70b59814d8
compas,1.0,5050,18,38,10,28,0.7368421052631579,False,False,False,False,False,17,21,0.5526315789473685,6,4,11,17,0,,bec9b32d125611df1113461a5a606b708e2ff2daab66bb2c123fee70b59814d8
compas,1.0,5050,19,51,46,5,0.09803921568627451,False,False,False,False,False,30,21,0.4117647058823529,28,18,2,3,0,,bec9b32d125611df1113461a5a606b708e2ff2daab66bb2c123fee70b59814d8
compas,1.0,6060,0,148,39,109,0.7364864864864865,False,False,False,False,True,70,78,0.527027027027027,22,17,48,61,0,,1396772a4098b31c4f728e3c1e7e635e86a0bc801ba1dbff2734b72f275e82b7
compas,1.0,6060,1,146,57,89,0.6095890410958904,False,False,False,False,True,67,79,0.541095890410959,29,28,38,51,0,,1396772a4098b31c4f728e3c1e7e635e86a0bc801ba1dbff2734b72f275e82b7
compas,1.0,6060,2,156,45,111,0.7115384615384616,False,False,False,False,True,80,76,0.48717948717948717,29,16,51,60,0,,1396772a4098b31c4f728e3c1e7e635e86a0bc801ba1dbff2734b72f275e82b7
compas,1.0,6060,3,275,133,142,0.5163636363636364,False,False,False,False,True,155,120,0.43636363636363634,92,41,63,79,0,,1396772a4098b31c4f728e3c1e7e635e86a0bc801ba1dbff2734b72f275e82b7
compas,1.0,6060,4,293,239,54,0.18430034129692832,False,False,False,False,False,162,131,0.447098976109215,132,107,30,24,0,,1396772a4098b31c4f728e3c1e7e635e86a0bc801ba1dbff2734b72f275e82b7
compas,1.0,6060,5,44,41,3,0.06818181818181818,False,False,False,False,False,26,18,0.4090909090909091,26,15,0,3,1,,1396772a4098b31c4f728e3c1e7e635e86a0bc801ba1dbff2734b72f275e82b7
compas,1.0,6060,6,238,66,172,0.7226890756302521,False,False,False,False,False,111,127,0.5336134453781513,32,34,79,93,0,,1396772a4098b31c4f728e3c1e7e635e86a0bc801ba1dbff2734b72f275e82b7
compas,1.0,6060,7,123,37,86,0.6991869918699187,False,False,False,False,False,65,58,0.4715447154471545,19,18,46,40,0,,1396772a4098b31c4f728e3c1e7e635e86a0bc801ba1dbff2734b72f275e82b7
compas,1.0,6060,8,182,105,77,0.4230769230769231,False,False,False,False,False,110,72,0.3956043956043956,69,36,41,36,0,,1396772a4098b31c4f728e3c1e7e635e86a0bc801ba1dbff2734b72f275e82b7
compas,1.0,6060,9,339,96,243,0.7168141592920354,False,False,False,False,False,177,162,0.4778761061946903,57,39,120,123,0,,1396772a4098b31c4f728e3c1e7e635e86a0bc801ba1dbff2734b72f275e82b7
compas,1.0,6060,10,48,46,2,0.041666666666666664,False,False,False,False,False,31,17,0.3541666666666667,30,16,1,1,0,,1396772a4098b31c4f728e3c1e7e635e86a0bc801ba1dbff2734b72f275e82b7
compas,1.0,6060,11,36,2,34,0.9444444444444444,False,False,False,False,False,20,16,0.4444444444444444,1,1,19,15,0,,1396772a4098b31c4f728e3c1e7e635e86a0bc801ba1dbff2734b72f275e82b7
compas,1.0,6060,12,319,170,149,0.4670846394984326,False,False,False,False,False,163,156,0.4890282131661442,92,78,71,78,0,,1396772a4098b31c4f728e3c1e7e635e86a0bc801ba1dbff2734b72f275e82b7
compas,1.0,6060,13,30,25,5,0.16666666666666666,False,False,False,False,False,18,12,0.4,15,10,3,2,0,,1396772a4098b31c4f728e3c1e7e635e86a0bc801ba1dbff2734b72f275e82b7
compas,1.0,6060,14,201,70,131,0.6517412935323383,False,False,False,False,False,106,95,0.472636815920398,44,26,62,69,0,,1396772a4098b31c4f728e3c1e7e635e86a0bc801ba1dbff2734b72f275e82b7
compas,1.0,6060,15,32,19,13,0.40625,False,False,False,False,False,19,13,0.40625,13,6,6,7,0,,1396772a4098b31c4f728e3c1e7e635e86a0bc801ba1dbff2734b72f275e82b7
compas,1.0,6060,16,108,67,41,0.37962962962962965,False,False,False,False,False,64,44,0.4074074074074074,46,21,18,23,0,,1396772a4098b31c4f728e3c1e7e635e86a0bc801ba1dbff2734b72f275e82b7
compas,1.0,6060,17,461,138,323,0.7006507592190889,False,False,False,False,False,258,203,0.4403470715835141,98,40,160,163,0,,1396772a4098b31c4f728e3c1e7e635e86a0bc801ba1dbff2734b72f275e82b7
compas,1.0,6060,18,468,286,182,0.3888888888888889,False,False,False,False,False,254,214,0.45726495726495725,158,128,96,86,0,,1396772a4098b31c4f728e3c1e7e635e86a0bc801ba1dbff2734b72f275e82b7
compas,1.0,6060,19,241,207,34,0.14107883817427386,False,False,False,False,False,140,101,0.4190871369294606,123,84,17,17,0,,1396772a4098b31c4f728e3c1e7e635e86a0bc801ba1dbff2734b72f275e82b7
compas,1.0,7070,0,237,212,25,0.10548523206751055,False,False,False,False,True,142,95,0.4008438818565401,132,80,10,15,0,,d4c304e6b0a1e353809257d5457a5ce75411d73486b2480d696c02db1fe75237
compas,1.0,7070,1,176,110,66,0.375,False,False,False,False,True,110,66,0.375,73,37,37,29,0,,d4c304e6b0a1e353809257d5457a5ce75411d73486b2480d696c02db1fe75237
compas,1.0,7070,2,67,44,23,0.34328358208955223,False,False,False,False,True,42,25,0.373134328358209,30,14,12,11,0,,d4c304e6b0a1e353809257d5457a5ce75411d73486b2480d696c02db1fe75237
compas,1.0,7070,3,197,21,176,0.8934010152284264,False,False,False,False,True,98,99,0.5025380710659898,12,9,86,90,0,,d4c304e6b0a1e353809257d5457a5ce75411d73486b2480d696c02db1fe75237
compas,1.0,7070,4,224,79,145,0.6473214285714286,False,False,False,False,False,117,107,0.47767857142857145,50,29,67,78,0,,d4c304e6b0a1e353809257d5457a5ce75411d73486b2480d696c02db1fe75237
compas,1.0,7070,5,239,170,69,0.28870292887029286,False,False,False,False,False,139,100,0.41841004184100417,105,65,34,35,0,,d4c304e6b0a1e353809257d5457a5ce75411d73486b2480d696c02db1fe75237
compas,1.0,7070,6,128,13,115,0.8984375,False,False,False,False,False,64,64,0.5,9,4,55,60,0,,d4c304e6b0a1e353809257d5457a5ce75411d73486b2480d696c02db1fe75237
compas,1.0,7070,7,284,100,184,0.647887323943662,False,False,False,False,False,152,132,0.4647887323943662,61,39,91,93,0,,d4c304e6b0a1e353809257d5457a5ce75411d73486b2480d696c02db1fe75237
compas,1.0,7070,8,235,56,179,0.7617021276595745,False,False,False,False,False,108,127,0.5404255319148936,32,24,76,103,0,,d4c304e6b0a1e353809257d5457a5ce75411d73486b2480d696c02db1fe75237
compas,1.0,7070,9,209,153,56,0.2679425837320574,False,False,False,False,False,111,98,0.4688995215311005,90,63,21,35,0,,d4c304e6b0a1e353809257d5457a5ce75411d73486b2480d696c02db1fe75237
compas,1.0,7070,10,514,373,141,0.27431906614785995,False,False,False,False,False,305,209,0.4066147859922179,237,136,68,73,0,,d4c304e6b0a1e353809257d5457a5ce75411d73486b2480d696c02db1fe75237
compas,1.0,7070,11,152,24,128,0.8421052631578947,False,False,False,False,False,70,82,0.5394736842105263,10,14,60,68,0,,d4c304e6b0a1e353809257d5457a5ce75411d73486b2480d696c02db1fe75237
compas,1.0,7070,12,149,33,116,0.7785234899328859,False,False,False,False,False,69,80,0.5369127516778524,19,14,50,66,0,,d4c304e6b0a1e353809257d5457a5ce75411d73486b2480d696c02db1fe75237
compas,1.0,7070,13,134,59,75,0.5597014925373134,False,False,False,False,False,65,69,0.5149253731343284,31,28,34,41,0,,d4c304e6b0a1e353809257d5457a5ce75411d73486b2480d696c02db1fe75237
compas,1.0,7070,14,112,69,43,0.38392857142857145,False,False,False,False,False,65,47,0.41964285714285715,40,29,25,18,0,,d4c304e6b0a1e353809257d5457a5ce75411d73486b2480d696c02db1fe75237
compas,1.0,7070,15,242,167,75,0.30991735537190085,False,False,False,False,False,152,90,0.371900826446281,115,52,37,38,0,,d4c304e6b0a1e353809257d5457a5ce75411d73486b2480d696c02db1fe75237
compas,1.0,7070,16,143,1,142,0.993006993006993,False,False,False,False,False,70,73,0.5104895104895105,0,1,70,72,1,,d4c304e6b0a1e353809257d5457a5ce75411d73486b2480d696c02db1fe75237
compas,1.0,7070,17,152,143,9,0.05921052631578947,False,False,False,False,False,89,63,0.4144736842105263,86,57,3,6,0,,d4c304e6b0a1e353809257d5457a5ce75411d73486b2480d696c02db1fe75237
compas,1.0,7070,18,276,48,228,0.8260869565217391,False,False,False,False,False,142,134,0.4855072463768116,33,15,109,119,0,,d4c304e6b0a1e353809257d5457a5ce75411d73486b2480d696c02db1fe75237
compas,1.0,7070,19,18,13,5,0.2777777777777778,False,False,False,False,False,14,4,0.2222222222222222,11,2,3,2,0,,d4c304e6b0a1e353809257d5457a5ce75411d73486b2480d696c02db1fe75237
compas,1.0,789,0,362,276,86,0.23756906077348067,False,False,False,False,True,222,140,0.3867403314917127,183,93,39,47,0,,712ee3635f68be23d7ce7fa953afc8ebd542cd9c588bed0a049285a38532bed0
compas,1.0,789,1,197,135,62,0.3147208121827411,False,False,False,False,True,101,96,0.4873096446700508,74,61,27,35,0,,712ee3635f68be23d7ce7fa953afc8ebd542cd9c588bed0a049285a38532bed0
compas,1.0,789,2,86,11,75,0.872093023255814,False,False,False,False,True,36,50,0.5813953488372093,4,7,32,43,0,,712ee3635f68be23d7ce7fa953afc8ebd542cd9c588bed0a049285a38532bed0
compas,1.0,789,3,310,112,198,0.6387096774193548,False,False,False,False,True,167,143,0.4612903225806452,61,51,106,92,0,,712ee3635f68be23d7ce7fa953afc8ebd542cd9c588bed0a049285a38532bed0
compas,1.0,789,4,80,58,22,0.275,False,False,False,False,False,46,34,0.425,37,21,9,13,0,,712ee3635f68be23d7ce7fa953afc8ebd542cd9c588bed0a049285a38532bed0
compas,1.0,789,5,114,80,34,0.2982456140350877,False,False,False,False,False,62,52,0.45614035087719296,45,35,17,17,0,,712ee3635f68be23d7ce7fa953afc8ebd542cd9c588bed0a049285a38532bed0
compas,1.0,789,6,284,129,155,0.545774647887324,False,False,False,False,False,137,147,0.5176056338028169,83,46,54,101,0,,712ee3635f68be23d7ce7fa953afc8ebd542cd9c588bed0a049285a38532bed0
compas,1.0,789,7,262,100,162,0.6183206106870229,False,False,False,False,False,136,126,0.48091603053435117,66,34,70,92,0,,712ee3635f68be23d7ce7fa953afc8ebd542cd9c588bed0a049285a38532bed0
compas,1.0,789,8,71,3,68,0.9577464788732394,False,False,False,False,False,31,40,0.5633802816901409,3,0,28,40,1,,712ee3635f68be23d7ce7fa953afc8ebd542cd9c588bed0a049285a38532bed0
compas,1.0,789,9,142,89,53,0.3732394366197183,False,False,False,False,False,86,56,0.39436619718309857,61,28,25,28,0,,712ee3635f68be23d7ce7fa953afc8ebd542cd9c588bed0a049285a38532bed0
compas,1.0,789,10,200,42,158,0.79,False,False,False,False,False,110,90,0.45,28,14,82,76,0,,712ee3635f68be23d7ce7fa953afc8ebd542cd9c588bed0a049285a38532bed0
compas,1.0,789,11,186,162,24,0.12903225806451613,False,False,False,False,False,118,68,0.3655913978494624,101,61,17,7,0,,712ee3635f68be23d7ce7fa953afc8ebd542cd9c588bed0a049285a38532bed0
compas,1.0,789,12,102,38,64,0.6274509803921569,False,False,False,False,False,51,51,0.5,21,17,30,34,0,,712ee3635f68be23d7ce7fa953afc8ebd542cd9c588bed0a049285a38532bed0
compas,1.0,789,13,69,21,48,0.6956521739130435,False,False,False,False,False,42,27,0.391304347826087,10,11,32,16,0,,712ee3635f68be23d7ce7fa953afc8ebd542cd9c588bed0a049285a38532bed0
compas,1.0,789,14,80,6,74,0.925,False,False,False,False,False,38,42,0.525,5,1,33,41,0,,712ee3635f68be23d7ce7fa953afc8ebd542cd9c588bed0a049285a38532bed0
compas,1.0,789,15,136,31,105,0.7720588235294118,False,False,False,False,False,73,63,0.4632352941176471,17,14,56,49,0,,712ee3635f68be23d7ce7fa953afc8ebd542cd9c588bed0a049285a38532bed0
compas,1.0,789,16,259,215,44,0.16988416988416988,False,False,False,False,False,155,104,0.4015444015444015,135,80,20,24,0,,712ee3635f68be23d7ce7fa953afc8ebd542cd9c588bed0a049285a38532bed0
compas,1.0,789,17,343,73,270,0.7871720116618076,False,False,False,False,False,173,170,0.4956268221574344,46,27,127,143,0,,712ee3635f68be23d7ce7fa953afc8ebd542cd9c588bed0a049285a38532bed0
compas,1.0,789,18,128,126,2,0.015625,False,False,False,False,False,84,44,0.34375,83,43,1,1,0,,712ee3635f68be23d7ce7fa953afc8ebd542cd9c588bed0a049285a38532bed0
compas,1.0,789,19,477,181,296,0.6205450733752621,False,False,False,False,False,253,224,0.469601677148847,112,69,141,155,0,,712ee3635f68be23d7ce7fa953afc8ebd542cd9c588bed0a049285a38532bed0
