dataset,distribution,method,attack,metric,selected_value,final_round_value,selected_rule,fairness_rank_eligible
compas,IID,FedAvg,Benign,ACC,0.6652267818574514,0.6646868250539957,max_last10,true
compas,IID,FedAvg,Benign,AEOD,0.19665779355220347,0.1998816918071576,min_last10,true
compas,IID,FedAvg,Benign,ASPD,0.22831827832487306,0.2291785089413794,min_last10,true
compas,IID,FedAvg,F Flip,ACC,0.6652267818574514,0.6641468682505399,max_last10,true
compas,IID,FedAvg,F Flip,AEOD,0.20192250813368823,0.20686187518485655,min_last10,true
compas,IID,FedAvg,F Flip,ASPD,0.23226343366244642,0.23448812776700703,min_last10,true
compas,IID,FedAvg,FOE,ACC,0.5642548596112311,0.5642548596112311,max_last10,true
compas,IID,FedAvg,FOE,AEOD,0.039219165927240465,0.039219165927240465,min_last10,false
compas,IID,FedAvg,FOE,ASPD,0.028561523997166025,0.028561523997166025,min_last10,false
compas,IID,FedAvg,S-DFA,ACC,0.5642548596112311,0.5637149028077754,max_last10,true
compas,IID,FedAvg,S-DFA,AEOD,0.039219165927240465,0.04211771665187815,min_last10,false
compas,IID,FedAvg,S-DFA,ASPD,0.028561523997166025,0.029673871049446333,min_last10,false
compas,IID,FedAvg,Sp-DFA,ACC,0.5971922246220303,0.5971922246220303,max_last10,true
compas,IID,FedAvg,Sp-DFA,AEOD,0.11336882579118604,0.11336882579118604,min_last10,false
compas,IID,FedAvg,Sp-DFA,ASPD,0.0884543511678477,0.0884543511678477,min_last10,false
compas,IID,FairFed,Benign,ACC,0.6652267818574514,0.6652267818574514,max_last10,true
compas,IID,FairFed,Benign,AEOD,0.20073942620526475,0.20192250813368823,min_last10,true
compas,IID,FairFed,Benign,ASPD,0.23022782688471624,0.23022782688471624,min_last10,true
compas,IID,FairFed,F Flip,ACC,0.6663066954643628,0.6657667386609071,max_last10,true
compas,IID,FairFed,F Flip,AEOD,0.20922803904170362,0.2121265897663413,min_last10,true
compas,IID,FairFed,F Flip,ASPD,0.23744699427018714,0.23967168837474775,min_last10,true
compas,IID,FairFed,FOE,ACC,0.5631749460043196,0.562634989200864,max_last10,true
compas,IID,FairFed,FOE,AEOD,0.040609287193138124,0.040609287193138124,min_last10,false
compas,IID,FairFed,FOE,ASPD,0.025791744820816413,0.025791744820816413,min_last10,false
compas,IID,FairFed,S-DFA,ACC,0.5604751619870411,0.5593952483801296,max_last10,true
compas,IID,FairFed,S-DFA,AEOD,0.027181307305530908,0.027181307305530908,min_last10,false
compas,IID,FairFed,S-DFA,ASPD,0.015361594496391583,0.015361594496391583,min_last10,false
compas,IID,FairFed,Sp-DFA,ACC,0.5928725701943844,0.5923326133909287,max_last10,true
compas,IID,FairFed,Sp-DFA,AEOD,0.11153504880212954,0.11443359952676722,min_last10,false
compas,IID,FairFed,Sp-DFA,ASPD,0.08253661816148757,0.08364896521376788,min_last10,false
compas,IID,Median,Benign,ACC,0.6711663066954644,0.6587473002159827,max_last10,true
compas,IID,Median,Benign,AEOD,0.1864537119195504,0.19225081336882577,min_last10,true
compas,IID,Median,Benign,ASPD,0.21331268157344,0.21547434656905715,min_last10,true
compas,IID,Median,F Flip,ACC,0.6722462203023758,0.6587473002159827,max_last10,true
compas,IID,Median,F Flip,AEOD,0.18902691511387165,0.18902691511387165,min_last10,true
compas,IID,Median,F Flip,ASPD,0.21572646300483106,0.21572646300483106,min_last10,true
compas,IID,Median,FOE,ACC,0.6744060475161987,0.6603671706263499,max_last10,true
compas,IID,Median,FOE,AEOD,0.19236912156166813,0.19236912156166813,min_last10,true
compas,IID,Median,FOE,ASPD,0.22422488786071032,0.22422488786071032,min_last10,true
compas,IID,Median,S-DFA,ACC,0.6695464362850972,0.6695464362850972,max_last10,true
compas,IID,Median,S-DFA,AEOD,0.19260573794735292,0.20807453416149074,min_last10,true
compas,IID,Median,S-DFA,ASPD,0.22422488786071032,0.23819984196034538,min_last10,true
compas,IID,Median,Sp-DFA,ACC,0.6700863930885529,0.6700863930885529,max_last10,true
compas,IID,Median,Sp-DFA,AEOD,0.18293404318249046,0.19228039041703637,min_last10,true
compas,IID,Median,Sp-DFA,ASPD,0.20987175910741446,0.22728763567307503,min_last10,true
compas,IID,FLTrust,Benign,ACC,0.6673866090712743,0.6641468682505399,max_last10,true
compas,IID,FLTrust,Benign,AEOD,0.21085477669328606,0.22889677610174497,min_last10,true
compas,IID,FLTrust,Benign,ASPD,0.24432883920223822,0.2517370939145396,min_last10,true
compas,IID,FLTrust,F Flip,ACC,0.6695464362850972,0.6695464362850972,max_last10,true
compas,IID,FLTrust,F Flip,AEOD,0.20925761608991422,0.22472641230405205,min_last10,true
compas,IID,FLTrust,F Flip,ASPD,0.24021677344653672,0.2589971135002515,min_last10,true
compas,IID,FLTrust,FOE,ACC,0.6663066954643628,0.6625269978401728,max_last10,true
compas,IID,FLTrust,FOE,AEOD,0.21052942916296946,0.216030760130139,min_last10,true
compas,IID,FLTrust,FOE,ASPD,0.2401945965378344,0.2529941744762456,min_last10,true
compas,IID,FLTrust,S-DFA,ACC,0.6673866090712743,0.6663066954643628,max_last10,true
compas,IID,FLTrust,S-DFA,AEOD,0.21171251109139305,0.2143152913339249,min_last10,true
compas,IID,FLTrust,S-DFA,ASPD,0.2423562615334515,0.2518818274239653,min_last10,true
compas,IID,FLTrust,Sp-DFA,ACC,0.6673866090712743,0.6673866090712743,max_last10,true
compas,IID,FLTrust,Sp-DFA,AEOD,0.20848861283643894,0.20958296362023066,min_last10,true
compas,IID,FLTrust,Sp-DFA,ASPD,0.24050974208255177,0.25486287083584774,min_last10,true
compas,IID,FairGuard,Benign,ACC,0.6479481641468683,0.6430885529157667,max_last10,true
compas,IID,FairGuard,Benign,AEOD,0.19574090505767522,0.20831115054717542,min_last10,true
compas,IID,FairGuard,Benign,ASPD,0.18259299419782038,0.19640103787932728,min_last10,true
compas,IID,FairGuard,F Flip,ACC,0.646328293736501,0.646328293736501,max_last10,true
compas,IID,FairGuard,F Flip,AEOD,0.19435078379177756,0.21422656018929315,min_last10,true
compas,IID,FairGuard,F Flip,ASPD,0.1891818704938564,0.20429134855447406,min_last10,true
compas,IID,FairGuard,FOE,ACC,0.5534557235421166,0.5529157667386609,max_last10,true
compas,IID,FairGuard,FOE,AEOD,0.0013901212658976644,0.0013901212658976644,min_last10,false
compas,IID,FairGuard,FOE,ASPD,0.00031514554471740244,0.0007341723986194291,min_last10,false
compas,IID,FairGuard,S-DFA,ACC,0.550755939524838,0.550755939524838,max_last10,true
compas,IID,FairGuard,S-DFA,AEOD,0.00375628512274475,0.00375628512274475,min_last10,false
compas,IID,FairGuard,S-DFA,ASPD,0.0011753761612237918,0.0011753761612237918,min_last10,false
compas,IID,FairGuard,Sp-DFA,ACC,0.5534557235421166,0.5529157667386609,max_last10,true
compas,IID,FairGuard,Sp-DFA,AEOD,0.0005323868677905939,0.0005323868677905939,min_last10,false
compas,IID,FairGuard,Sp-DFA,ASPD,0.0001890873268304413,0.0008602306165063898,min_last10,false
compas,IID,FLTrust+FairGuard,Benign,ACC,0.6695464362850972,0.6630669546436285,max_last10,true
compas,IID,FLTrust+FairGuard,Benign,AEOD,0.21002661934338956,0.22008281573498967,min_last10,true
compas,IID,FLTrust+FairGuard,Benign,ASPD,0.23742481736148477,0.23742481736148477,min_last10,true
compas,IID,FLTrust+FairGuard,F Flip,ACC,0.6652267818574514,0.661987041036717,max_last10,true
compas,IID,FLTrust+FairGuard,F Flip,AEOD,0.19387755102040816,0.19905353445726115,min_last10,true
compas,IID,FLTrust+FairGuard,F Flip,ASPD,0.23157011346406814,0.2486930213937137,min_last10,true
compas,IID,FLTrust+FairGuard,FOE,ACC,0.5334773218142549,0.5032397408207343,max_last10,true
compas,IID,FLTrust+FairGuard,FOE,AEOD,0.003756285122744729,0.02327713694173328,min_last10,false
compas,IID,FLTrust+FairGuard,FOE,ASPD,0.004638475535951647,0.07996643116345892,min_last10,false
compas,IID,FLTrust+FairGuard,S-DFA,ACC,0.5394168466522679,0.4557235421166307,max_last10,true
compas,IID,FLTrust+FairGuard,S-DFA,AEOD,0.005146406388642388,0.007512570245489458,min_last10,false
compas,IID,FLTrust+FairGuard,S-DFA,ASPD,0.01471262811541807,0.01471262811541807,min_last10,false
compas,IID,FLTrust+FairGuard,Sp-DFA,ACC,0.5323974082073434,0.47840172786177104,max_last10,true
compas,IID,FLTrust+FairGuard,Sp-DFA,AEOD,0.005678793256432946,0.005678793256432946,min_last10,false
compas,IID,FLTrust+FairGuard,Sp-DFA,ASPD,0.049280592753753405,0.049280592753753405,min_last10,false
compas,IID,GuardFed,Benign,ACC,0.6636069114470843,0.6636069114470843,max_last10,true
compas,IID,GuardFed,Benign,AEOD,0.21325051759834368,0.22676722863058268,min_last10,true
compas,IID,GuardFed,Benign,ASPD,0.23612338298237406,0.25534492679869314,min_last10,true
compas,IID,GuardFed,F Flip,ACC,0.6673866090712743,0.6673866090712743,max_last10,true
compas,IID,GuardFed,F Flip,AEOD,0.19245785270629995,0.20366755397811304,min_last10,true
compas,IID,GuardFed,F Flip,ASPD,0.22475129764096052,0.24283831749629708,min_last10,true
compas,IID,GuardFed,FOE,ACC,0.6765658747300216,0.6657667386609071,max_last10,true
compas,IID,GuardFed,FOE,AEOD,0.20056196391600117,0.23064182194616978,min_last10,true
compas,IID,GuardFed,FOE,ASPD,0.23658676365368073,0.2567502424869885,min_last10,true
compas,IID,GuardFed,S-DFA,ACC,0.6846652267818575,0.6722462203023758,max_last10,true
compas,IID,GuardFed,S-DFA,AEOD,0.2030760130139012,0.21203785862170954,min_last10,true
compas,IID,GuardFed,S-DFA,ASPD,0.2292193611416206,0.23389868887781343,min_last10,true
compas,IID,GuardFed,Sp-DFA,ACC,0.6787257019438445,0.656047516198704,max_last10,true
compas,IID,GuardFed,Sp-DFA,AEOD,0.19571132800946467,0.21404909790002957,min_last10,true
compas,IID,GuardFed,Sp-DFA,ASPD,0.2293045671592664,0.2293045671592664,min_last10,true
compas,IID,FLGMM,Benign,ACC,0.6700863930885529,0.6636069114470843,max_last10,true
compas,IID,FLGMM,Benign,AEOD,0.1847382431233363,0.19580005915409643,min_last10,true
compas,IID,FLGMM,Benign,ASPD,0.22498123716803212,0.2292415380503229,min_last10,true
compas,IID,FLGMM,F Flip,ACC,0.6663066954643628,0.6663066954643628,max_last10,true
compas,IID,FLGMM,F Flip,AEOD,0.21319136350192253,0.229547471162378,min_last10,true
compas,IID,FLGMM,F Flip,ASPD,0.23499236063855491,0.25123286104299175,min_last10,true
compas,IID,FLGMM,FOE,ACC,0.6652267818574514,0.661987041036717,max_last10,true
compas,IID,FLGMM,FOE,AEOD,0.18760721679976344,0.20588583259390714,min_last10,true
compas,IID,FLGMM,FOE,ASPD,0.20489946273520657,0.22882251119642089,min_last10,true
compas,IID,FLGMM,S-DFA,ACC,0.6630669546436285,0.6625269978401728,max_last10,true
compas,IID,FLGMM,S-DFA,AEOD,0.18879029872818692,0.19849157054125993,min_last10,true
compas,IID,FLGMM,S-DFA,ASPD,0.20890764718172344,0.2306468537386183,min_last10,true
compas,IID,FLGMM,Sp-DFA,ACC,0.6663066954643628,0.6663066954643628,max_last10,true
compas,IID,FLGMM,Sp-DFA,AEOD,0.2060928719313812,0.2177166518781426,min_last10,true
compas,IID,FLGMM,Sp-DFA,ASPD,0.22611576112901477,0.24015374433759326,min_last10,true
compas,IID,FLAURA,Benign,ACC,0.6646868250539957,0.6646868250539957,max_last10,true
compas,IID,FLAURA,Benign,AEOD,0.19343389529724936,0.2067731440402248,min_last10,true
compas,IID,FLAURA,Benign,ASPD,0.22634570065608633,0.2380959606511607,min_last10,true
compas,IID,FLAURA,F Flip,ACC,0.6673866090712743,0.6641468682505399,max_last10,true
compas,IID,FLAURA,F Flip,AEOD,0.2038450162673765,0.2198757763975155,min_last10,true
compas,IID,FLAURA,F Flip,ASPD,0.22844433654275997,0.24537815714557507,min_last10,true
compas,IID,FLAURA,FOE,ACC,0.6657667386609071,0.6587473002159827,max_last10,true
compas,IID,FLAURA,FOE,AEOD,0.18589174800354924,0.2033126293995859,min_last10,true
compas,IID,FLAURA,FOE,ASPD,0.21001999423400375,0.22825524921592955,min_last10,true
compas,IID,FLAURA,S-DFA,ACC,0.6630669546436285,0.6614470842332614,max_last10,true
compas,IID,FLAURA,S-DFA,AEOD,0.19065365276545404,0.20008873114463177,min_last10,true
compas,IID,FLAURA,S-DFA,ASPD,0.2230938655168912,0.22758410592625358,min_last10,true
compas,IID,FLAURA,Sp-DFA,ACC,0.6657667386609071,0.6614470842332614,max_last10,true
compas,IID,FLAURA,Sp-DFA,AEOD,0.2084590357882284,0.21715468796214143,min_last10,true
compas,IID,FLAURA,Sp-DFA,ASPD,0.2282143970156884,0.23260075611586617,min_last10,true
compas,IID,LayerGuard,Benign,ACC,0.6690064794816415,0.6690064794816415,max_last10,true
compas,IID,LayerGuard,Benign,AEOD,0.19514936409346345,0.20343093759242825,min_last10,true
compas,IID,LayerGuard,Benign,ASPD,0.22172940202883698,0.23318669338789627,min_last10,true
compas,IID,LayerGuard,F Flip,ACC,0.66792656587473,0.6673866090712743,max_last10,true
compas,IID,LayerGuard,F Flip,AEOD,0.19923099674652472,0.20612244897959187,min_last10,true
compas,IID,LayerGuard,F Flip,ASPD,0.22548547003957994,0.23780299201514565,min_last10,true
compas,IID,LayerGuard,FOE,ACC,0.652267818574514,0.6490280777537797,max_last10,true
compas,IID,LayerGuard,FOE,AEOD,0.19532682638272697,0.20198166223010944,min_last10,true
compas,IID,LayerGuard,FOE,ASPD,0.19436543110159712,0.20158459848706795,min_last10,true
compas,IID,LayerGuard,S-DFA,ACC,0.652267818574514,0.6495680345572354,max_last10,true
compas,IID,LayerGuard,S-DFA,AEOD,0.19511978704525285,0.19511978704525285,min_last10,true
compas,IID,LayerGuard,S-DFA,ASPD,0.1975133849316076,0.20817347478310397,min_last10,true
compas,IID,LayerGuard,Sp-DFA,ACC,0.6641468682505399,0.6538876889848813,max_last10,true
compas,IID,LayerGuard,Sp-DFA,AEOD,0.2038450162673765,0.20736468500443656,min_last10,true
compas,IID,LayerGuard,Sp-DFA,ASPD,0.21367218093556206,0.21453241155206845,min_last10,true
compas,IID,SmartFL,Benign,ACC,0.6700863930885529,0.6603671706263499,max_last10,true
compas,IID,SmartFL,Benign,AEOD,0.1942916296953564,0.19568175096125406,min_last10,true
compas,IID,SmartFL,Benign,ASPD,0.22147728559306307,0.22147728559306307,min_last10,true
compas,IID,SmartFL,F Flip,ACC,0.6711663066954644,0.6609071274298056,max_last10,true
compas,IID,SmartFL,F Flip,AEOD,0.19923099674652472,0.2050280981958001,min_last10,true
compas,IID,SmartFL,F Flip,ASPD,0.22857039476064697,0.23079508886520758,min_last10,true
compas,IID,SmartFL,FOE,ACC,0.656047516198704,0.6193304535637149,max_last10,true
compas,IID,SmartFL,FOE,AEOD,0,0.15025140490979,min_last10,true
compas,IID,SmartFL,FOE,ASPD,0,0.13327855247815282,min_last10,true
compas,IID,SmartFL,S-DFA,ACC,0.6684665226781857,0.6252699784017278,max_last10,true
compas,IID,SmartFL,S-DFA,AEOD,0,0.16314699792960663,min_last10,true
compas,IID,SmartFL,S-DFA,ASPD,0,0.14234423931452345,min_last10,true
compas,IID,SmartFL,Sp-DFA,ACC,0.6409287257019438,0.6409287257019438,max_last10,true
compas,IID,SmartFL,Sp-DFA,AEOD,0.16089914226560187,0.18068618751848567,min_last10,true
compas,IID,SmartFL,Sp-DFA,ASPD,0.1428893243863124,0.1688479796252569,min_last10,true
compas,IID,FLTG,Benign,ACC,0.6690064794816415,0.6614470842332614,max_last10,true
compas,IID,FLTG,Benign,AEOD,0.21685891748003544,0.22428275658089325,min_last10,true
compas,IID,FLTG,Benign,ASPD,0.24422495789305362,0.2501835430996549,min_last10,true
compas,IID,FLTG,F Flip,ACC,0.6706263498920086,0.6706263498920086,max_last10,true
compas,IID,FLTG,F Flip,AEOD,0.2128955930198167,0.223868677905945,min_last10,true
compas,IID,FLTG,F Flip,ASPD,0.24355381460337766,0.25893408439130805,min_last10,true
compas,IID,FLTG,FOE,ACC,0.6636069114470843,0.6614470842332614,max_last10,true
compas,IID,FLTG,FOE,AEOD,0.20795622596864838,0.21023365868086363,min_last10,true
compas,IID,FLTG,FOE,ASPD,0.24365769591256226,0.25064342215379803,min_last10,true
compas,IID,FLTG,S-DFA,ACC,0.66792656587473,0.6636069114470843,max_last10,true
compas,IID,FLTG,S-DFA,AEOD,0.20390417036379765,0.20390417036379765,min_last10,true
compas,IID,FLTG,S-DFA,ASPD,0.2447070138558991,0.2502022183911937,min_last10,true
compas,IID,FLTG,Sp-DFA,ACC,0.6668466522678186,0.6609071274298056,max_last10,true
compas,IID,FLTG,Sp-DFA,AEOD,0.21301390121265895,0.21301390121265895,min_last10,true
compas,IID,FLTG,Sp-DFA,ASPD,0.24581936090817944,0.2463422690712661,min_last10,true
compas,IID,FedDNA,Benign,ACC,0.6711663066954644,0.6684665226781857,max_last10,true
compas,IID,FedDNA,Benign,AEOD,0.21804199940845903,0.21804199940845903,min_last10,true
compas,IID,FedDNA,Benign,ASPD,0.23780299201514565,0.23780299201514565,min_last10,true
compas,IID,FedDNA,F Flip,ACC,0.6706263498920086,0.6700863930885529,max_last10,true
compas,IID,FedDNA,F Flip,AEOD,0.2255545696539485,0.22587991718426503,min_last10,true
compas,IID,FedDNA,F Flip,ASPD,0.2397977465926347,0.24120306228093005,min_last10,true
compas,IID,FedDNA,FOE,ACC,0.6706263498920086,0.6706263498920086,max_last10,true
compas,IID,FedDNA,FOE,AEOD,0.22738834664300506,0.2311446317657498,min_last10,true
compas,IID,FedDNA,FOE,ASPD,0.2439728414572797,0.24416192878411014,min_last10,true
compas,IID,FedDNA,S-DFA,ACC,0.67170626349892,0.6684665226781857,max_last10,true
compas,IID,FedDNA,S-DFA,AEOD,0.22718130730553093,0.22792073351079556,min_last10,true
compas,IID,FedDNA,S-DFA,ASPD,0.24514821761850347,0.24644965199761423,min_last10,true
compas,IID,FedDNA,Sp-DFA,ACC,0.6690064794816415,0.6663066954643628,max_last10,true
compas,IID,FedDNA,Sp-DFA,AEOD,0.20224785566400477,0.20224785566400477,min_last10,true
compas,IID,FedDNA,Sp-DFA,ASPD,0.2320113172266725,0.23213737544455948,min_last10,true
compas,IID,LASA,Benign,ACC,0.6652267818574514,0.6652267818574514,max_last10,true
compas,IID,LASA,Benign,AEOD,0.19053534457261168,0.19053534457261168,min_last10,true
compas,IID,LASA,Benign,ASPD,0.22208539977379554,0.22208539977379554,min_last10,true
compas,IID,LASA,F Flip,ACC,0.6657667386609071,0.6630669546436285,max_last10,true
compas,IID,LASA,F Flip,AEOD,0.20804495711328014,0.20804495711328014,min_last10,true
compas,IID,LASA,F Flip,ASPD,0.23423601133123312,0.23423601133123312,min_last10,true
compas,IID,LASA,FOE,ACC,0.6625269978401728,0.6625269978401728,max_last10,true
compas,IID,LASA,FOE,AEOD,0.1925761608991423,0.19665779355220347,min_last10,true
compas,IID,LASA,FOE,ASPD,0.2293045671592664,0.2293045671592664,min_last10,true
compas,IID,LASA,S-DFA,ACC,0.6625269978401728,0.6625269978401728,max_last10,true
compas,IID,LASA,S-DFA,AEOD,0.1925761608991423,0.19665779355220347,min_last10,true
compas,IID,LASA,S-DFA,ASPD,0.2293045671592664,0.2293045671592664,min_last10,true
compas,IID,LASA,Sp-DFA,ACC,0.6641468682505399,0.6641468682505399,max_last10,true
compas,IID,LASA,Sp-DFA,AEOD,0.2050280981958001,0.2111505471753919,min_last10,true
compas,IID,LASA,Sp-DFA,ASPD,0.22659781709186025,0.23079508886520758,min_last10,true
compas,IID,Fed-NGA,Benign,ACC,0.6749460043196545,0.658207343412527,max_last10,true
compas,IID,Fed-NGA,Benign,AEOD,0.1775805974563739,0.1825791186039633,min_last10,true
compas,IID,Fed-NGA,Benign,ASPD,0.20752100678496685,0.20863335383724715,min_last10,true
compas,IID,Fed-NGA,F Flip,ACC,0.6781857451403888,0.6781857451403888,max_last10,true
compas,IID,Fed-NGA,F Flip,AEOD,0.17947352854185156,0.2020703933747412,min_last10,true
compas,IID,Fed-NGA,F Flip,ASPD,0.2110249583599359,0.24214499729791872,min_last10,true
compas,IID,Fed-NGA,FOE,ACC,0.6749460043196545,0.6744060475161987,max_last10,true
compas,IID,Fed-NGA,FOE,AEOD,0.2051168293404318,0.21644483880508725,min_last10,true
compas,IID,Fed-NGA,FOE,ASPD,0.2214994625017654,0.24006853831994743,min_last10,true
compas,IID,Fed-NGA,S-DFA,ACC,0.6765658747300216,0.6754859611231101,max_last10,true
compas,IID,Fed-NGA,S-DFA,AEOD,0.2007098491570542,0.21354628808044956,min_last10,true
compas,IID,Fed-NGA,S-DFA,ASPD,0.2195899139419222,0.23790687332433025,min_last10,true
compas,IID,Fed-NGA,Sp-DFA,ACC,0.6765658747300216,0.6538876889848813,max_last10,true
compas,IID,Fed-NGA,Sp-DFA,AEOD,0.19299023957409056,0.19299023957409056,min_last10,true
compas,IID,Fed-NGA,Sp-DFA,ASPD,0.2131457711553119,0.2131457711553119,min_last10,true
compas,IID,Huber-BRFL,Benign,ACC,0.6652267818574514,0.6646868250539957,max_last10,true
compas,IID,Huber-BRFL,Benign,AEOD,0.19665779355220347,0.1998816918071576,min_last10,true
compas,IID,Huber-BRFL,Benign,ASPD,0.22831827832487306,0.2291785089413794,min_last10,true
compas,IID,Huber-BRFL,F Flip,ACC,0.6657667386609071,0.6641468682505399,max_last10,true
compas,IID,Huber-BRFL,F Flip,AEOD,0.2048210588583259,0.20686187518485655,min_last10,true
compas,IID,Huber-BRFL,F Flip,ASPD,0.23337578071472673,0.23448812776700703,min_last10,true
compas,IID,Huber-BRFL,FOE,ACC,0.6636069114470843,0.6614470842332614,max_last10,true
compas,IID,Huber-BRFL,FOE,AEOD,0.19890564921620818,0.2050280981958001,min_last10,true
compas,IID,Huber-BRFL,FOE,ASPD,0.22580061558429732,0.23190743591748791,min_last10,true
compas,IID,Huber-BRFL,S-DFA,ACC,0.6630669546436285,0.6592872570194385,max_last10,true
compas,IID,Huber-BRFL,S-DFA,AEOD,0.19858030168589175,0.20641821946169775,min_last10,true
compas,IID,Huber-BRFL,S-DFA,ASPD,0.22475129764096052,0.22802530968885795,min_last10,true
compas,IID,Huber-BRFL,Sp-DFA,ACC,0.6630669546436285,0.6614470842332614,max_last10,true
compas,IID,Huber-BRFL,Sp-DFA,AEOD,0.1971901804199941,0.1971901804199941,min_last10,true
compas,IID,Huber-BRFL,Sp-DFA,ASPD,0.22535941182169297,0.22535941182169297,min_last10,true
compas,IID,LoGoFair,Benign,ACC,0.6555075593952484,0.6555075593952484,max_last10,true
compas,IID,LoGoFair,Benign,AEOD,0.08033126293995863,0.08322981366459636,min_last10,true
compas,IID,LoGoFair,Benign,ASPD,0.0006874841697724343,0.0006874841697724343,min_last10,true
compas,IID,LoGoFair,F Flip,ACC,0.6538876889848813,0.652267818574514,max_last10,true
compas,IID,LoGoFair,F Flip,AEOD,0.08858325939071277,0.12277432712215319,min_last10,true
compas,IID,LoGoFair,F Flip,ASPD,0.013984291745404387,0.04199722905361791,min_last10,true
compas,IID,LoGoFair,FOE,ACC,0.6576673866090713,0.6565874730021598,max_last10,true
compas,IID,LoGoFair,FOE,AEOD,0.04433599526767229,0.05421472937000893,min_last10,true
compas,IID,LoGoFair,FOE,ASPD,0.003175966767318683,0.0036801996388665104,min_last10,true
compas,IID,LoGoFair,S-DFA,ACC,0.6571274298056156,0.656047516198704,max_last10,true
compas,IID,LoGoFair,S-DFA,AEOD,0.04196983141082522,0.04605146406388638,min_last10,true
compas,IID,LoGoFair,S-DFA,ASPD,0.0026308816955297187,0.005763661851164947,min_last10,true
compas,IID,LoGoFair,Sp-DFA,ACC,0.6614470842332614,0.6576673866090713,max_last10,true
compas,IID,LoGoFair,Sp-DFA,AEOD,0.05421472937000893,0.07536231884057976,min_last10,true
compas,IID,LoGoFair,Sp-DFA,ASPD,0.0023157361508123198,0.023639417470968704,min_last10,true
compas,IID,AdaAggRL,Benign,ACC,0.6690064794816415,0.6625269978401728,max_last10,true
compas,IID,AdaAggRL,Benign,AEOD,0.1864537119195504,0.1864537119195504,min_last10,true
compas,IID,AdaAggRL,Benign,ASPD,0.22307168860818888,0.22313471771713234,min_last10,true
compas,IID,AdaAggRL,F Flip,ACC,0.6690064794816415,0.6630669546436285,max_last10,true
compas,IID,AdaAggRL,F Flip,AEOD,0.1925761608991423,0.1925761608991423,min_last10,true
compas,IID,AdaAggRL,F Flip,ASPD,0.22621964243819936,0.22621964243819936,min_last10,true
compas,IID,AdaAggRL,FOE,ACC,0.6646868250539957,0.6630669546436285,max_last10,true
compas,IID,AdaAggRL,FOE,AEOD,0.19804791481810113,0.19923099674652472,min_last10,true
compas,IID,AdaAggRL,FOE,ASPD,0.22666084620080373,0.22863342386959043,min_last10,true
compas,IID,AdaAggRL,S-DFA,ACC,0.6641468682505399,0.6630669546436285,max_last10,true
compas,IID,AdaAggRL,S-DFA,AEOD,0.19923099674652472,0.20417036379769304,min_last10,true
compas,IID,AdaAggRL,S-DFA,ASPD,0.22863342386959043,0.23079508886520758,min_last10,true
compas,IID,AdaAggRL,Sp-DFA,ACC,0.6646868250539957,0.6636069114470843,max_last10,true
compas,IID,AdaAggRL,Sp-DFA,AEOD,0.19633244602188704,0.19633244602188704,min_last10,true
compas,IID,AdaAggRL,Sp-DFA,ASPD,0.22535941182169297,0.22535941182169297,min_last10,true
compas,IID,FedAMM,Benign,ACC,0.6663066954643628,0.6646868250539957,max_last10,true
compas,IID,FedAMM,Benign,AEOD,0.18881987577639747,0.1925761608991423,min_last10,true
compas,IID,FedAMM,Benign,ASPD,0.22288260128135842,0.22523335360380603,min_last10,true
compas,IID,FedAMM,F Flip,ACC,0.6690064794816415,0.661987041036717,max_last10,true
compas,IID,FedAMM,F Flip,AEOD,0.19547471162378,0.19547471162378,min_last10,true
compas,IID,FedAMM,F Flip,ASPD,0.2261566133292559,0.22621964243819936,min_last10,true
compas,IID,FedAMM,FOE,ACC,0.6636069114470843,0.6603671706263499,max_last10,true
compas,IID,FedAMM,FOE,AEOD,0.18677905944986695,0.19751552795031052,min_last10,true
compas,IID,FedAMM,FOE,ASPD,0.2291785089413794,0.23362789715050064,min_last10,true
compas,IID,FedAMM,S-DFA,ACC,0.6636069114470843,0.6603671706263499,max_last10,true
compas,IID,FedAMM,S-DFA,AEOD,0.18677905944986695,0.19751552795031052,min_last10,true
compas,IID,FedAMM,S-DFA,ASPD,0.2291785089413794,0.23362789715050064,min_last10,true
compas,IID,FedAMM,Sp-DFA,ACC,0.6641468682505399,0.661987041036717,max_last10,true
compas,IID,FedAMM,Sp-DFA,AEOD,0.19139307897071872,0.19139307897071872,min_last10,true
compas,IID,FedAMM,Sp-DFA,ASPD,0.22313471771713234,0.22418403566046918,min_last10,true
compas,IID,FedAA,Benign,ACC,0.67170626349892,0.6641468682505399,max_last10,true
compas,IID,FedAA,Benign,AEOD,0.20014788524105293,0.20239574090505763,min_last10,true
compas,IID,FedAA,Benign,ASPD,0.24678347283387048,0.2496571333194047,min_last10,true
compas,IID,FedAA,F Flip,ACC,0.6646868250539957,0.6587473002159827,max_last10,true
compas,IID,FedAA,F Flip,AEOD,0.18624667258207633,0.1930198166223011,min_last10,true
compas,IID,FedAA,F Flip,ASPD,0.22059487806785433,0.2353892105837546,min_last10,true
compas,IID,FedAA,FOE,ACC,0.6663066954643628,0.6501079913606912,max_last10,true
compas,IID,FedAA,FOE,AEOD,0.17710736468500438,0.17710736468500438,min_last10,true
compas,IID,FedAA,FOE,ASPD,0.22177025422907812,0.22177025422907812,min_last10,true
compas,IID,FedAA,S-DFA,ACC,0.6663066954643628,0.6625269978401728,max_last10,true
compas,IID,FedAA,S-DFA,AEOD,0.1999112688553682,0.21171251109139305,min_last10,true
compas,IID,FedAA,S-DFA,ASPD,0.23303845826130704,0.24229323242450804,min_last10,true
compas,IID,FedAA,Sp-DFA,ACC,0.6673866090712743,0.6630669546436285,max_last10,true
compas,IID,FedAA,Sp-DFA,AEOD,0.19999999999999996,0.20346051464063886,min_last10,true
compas,IID,FedAA,Sp-DFA,ASPD,0.2332275455881375,0.24615318174443562,min_last10,true
compas,IID,GuardFed-AD2,Benign,ACC,0.6501079913606912,0.6387688984881209,max_last10,true
compas,IID,GuardFed-AD2,Benign,AEOD,0.09721975746820466,0.13978112984324154,min_last10,true
compas,IID,GuardFed-AD2,Benign,ASPD,0.024703909088680753,0.07629790358180422,min_last10,true
compas,IID,GuardFed-AD2,F Flip,ACC,0.6479481641468683,0.6468682505399568,max_last10,true
compas,IID,GuardFed-AD2,F Flip,AEOD,0.08961845607808344,0.131558710440698,min_last10,true
compas,IID,GuardFed-AD2,F Flip,ASPD,0.013306145221401444,0.04000597609329243,min_last10,true
compas,IID,GuardFed-AD2,FOE,ACC,0.6506479481641468,0.6506479481641468,max_last10,true
compas,IID,GuardFed-AD2,FOE,AEOD,0.1019225081336883,0.10343093759242827,min_last10,true
compas,IID,GuardFed-AD2,FOE,ASPD,0.020550991132738172,0.020906988877696653,min_last10,true
compas,IID,GuardFed-AD2,S-DFA,ACC,0.642548596112311,0.6387688984881209,max_last10,true
compas,IID,GuardFed-AD2,S-DFA,AEOD,0.09689440993788817,0.1006802721088435,min_last10,true
compas,IID,GuardFed-AD2,S-DFA,ASPD,0.017566446103692235,0.017566446103692235,min_last10,true
compas,IID,GuardFed-AD2,Sp-DFA,ACC,0.6533477321814255,0.6457883369330454,max_last10,true
compas,IID,GuardFed-AD2,Sp-DFA,AEOD,0.08249038745933157,0.10579710144927534,min_last10,true
compas,IID,GuardFed-AD2,Sp-DFA,ASPD,0.003920644017428698,0.02405494270770714,min_last10,true
compas,IID,GuardFed-AD2+,Benign,ACC,0.6420086393088553,0.6376889848812095,max_last10,true
compas,IID,GuardFed-AD2+,Benign,AEOD,0.04247264123040517,0.10881396036675539,min_last10,true
compas,IID,GuardFed-AD2+,Benign,ASPD,0.0010925045550203016,0.022438362783879007,min_last10,true
compas,IID,GuardFed-AD2+,F Flip,ACC,0.6506479481641468,0.6452483801295896,max_last10,true
compas,IID,GuardFed-AD2+,F Flip,AEOD,0.07036379769299017,0.08142561372375035,min_last10,true
compas,IID,GuardFed-AD2+,F Flip,ASPD,0.0007586837187641415,0.001073829263481485,min_last10,true
compas,IID,GuardFed-AD2+,FOE,ACC,0.6506479481641468,0.6479481641468683,max_last10,true
compas,IID,GuardFed-AD2+,FOE,AEOD,0.10437740313516708,0.10857734398107066,min_last10,true
compas,IID,GuardFed-AD2+,FOE,ASPD,0.029386738442037097,0.029386738442037097,min_last10,true
compas,IID,GuardFed-AD2+,S-DFA,ACC,0.6479481641468683,0.6430885529157667,max_last10,true
compas,IID,GuardFed-AD2+,S-DFA,AEOD,0.08402839396628214,0.13596569062407576,min_last10,true
compas,IID,GuardFed-AD2+,S-DFA,ASPD,0.010473336936108302,0.04735120169665025,min_last10,true
compas,IID,GuardFed-AD2+,Sp-DFA,ACC,0.6414686825053996,0.6366090712742981,max_last10,true
compas,IID,GuardFed-AD2+,Sp-DFA,AEOD,0.036823425022182776,0.0696539485359361,min_last10,true
compas,IID,GuardFed-AD2+,Sp-DFA,ASPD,0.0013854731910353801,0.006653072610700694,min_last10,true
compas,non-IID,FedAvg,Benign,ACC,0.6711663066954644,0.6700863930885529,max_last10,true
compas,non-IID,FedAvg,Benign,AEOD,0.22587991718426503,0.22587991718426503,min_last10,true
compas,non-IID,FedAvg,Benign,ASPD,0.24120306228093005,0.24120306228093005,min_last10,true
compas,non-IID,FedAvg,F Flip,ACC,0.6749460043196545,0.6733261339092873,max_last10,true
compas,non-IID,FedAvg,F Flip,AEOD,0.2177462289263532,0.2177462289263532,min_last10,true
compas,non-IID,FedAvg,F Flip,ASPD,0.24850393406688315,0.24955325201022,min_last10,true
compas,non-IID,FedAvg,FOE,ACC,0.5658747300215983,0.5658747300215983,max_last10,true
compas,non-IID,FedAvg,FOE,AEOD,0.04297545104998521,0.04501626737651583,min_last10,false
compas,non-IID,FedAvg,FOE,ASPD,0.026651975437322804,0.02770129338065963,min_last10,false
compas,non-IID,FedAvg,S-DFA,ACC,0.5556155507559395,0.5556155507559395,max_last10,true
compas,non-IID,FedAvg,S-DFA,AEOD,0.010854776693286008,0.010854776693286008,min_last10,false
compas,non-IID,FedAvg,S-DFA,ASPD,0.005917733006360104,0.005917733006360104,min_last10,false
compas,non-IID,FedAvg,Sp-DFA,ACC,0.6420086393088553,0.6420086393088553,max_last10,true
compas,non-IID,FedAvg,Sp-DFA,AEOD,0.1906832298136646,0.19358178053830224,min_last10,true
compas,non-IID,FedAvg,Sp-DFA,ASPD,0.17871086796919042,0.17871086796919042,min_last10,true
compas,non-IID,FairFed,Benign,ACC,0.6722462203023758,0.67170626349892,max_last10,true
compas,non-IID,FairFed,Benign,AEOD,0.2238391008577344,0.2238391008577344,min_last10,true
compas,non-IID,FairFed,Benign,ASPD,0.23811813755986308,0.23811813755986308,min_last10,true
compas,non-IID,FairFed,F Flip,ACC,0.6771058315334774,0.6771058315334774,max_last10,true
compas,non-IID,FairFed,F Flip,AEOD,0.2198757763975155,0.2198757763975155,min_last10,true
compas,non-IID,FairFed,F Flip,ASPD,0.23964951146604538,0.23964951146604538,min_last10,true
compas,non-IID,FairFed,FOE,ACC,0.5653347732181425,0.5642548596112311,max_last10,true
compas,non-IID,FairFed,FOE,AEOD,0.039219165927240465,0.039219165927240465,min_last10,false
compas,non-IID,FairFed,FOE,ASPD,0.028561523997166025,0.028561523997166025,min_last10,false
compas,non-IID,FairFed,S-DFA,ACC,0.562634989200864,0.5615550755939525,max_last10,true
compas,non-IID,FairFed,S-DFA,AEOD,0.02836438923395445,0.03040520556048506,min_last10,false
compas,non-IID,FairFed,S-DFA,ASPD,0.016347883330784935,0.017397201274121768,min_last10,false
compas,non-IID,FairFed,Sp-DFA,ACC,0.6139308855291576,0.6139308855291576,max_last10,true
compas,non-IID,FairFed,Sp-DFA,AEOD,0.16205264714581483,0.16409346347234546,min_last10,false
compas,non-IID,FairFed,Sp-DFA,ASPD,0.13502119061986795,0.1360705085632048,min_last10,false
compas,non-IID,Median,Benign,ACC,0.6754859611231101,0.6727861771058316,max_last10,true
compas,non-IID,Median,Benign,AEOD,0.17710736468500438,0.18713398402839398,min_last10,true
compas,non-IID,Median,Benign,ASPD,0.2041839656281259,0.21912303165345193,min_last10,true
compas,non-IID,Median,F Flip,ACC,0.6706263498920086,0.6576673866090713,max_last10,true
compas,non-IID,Median,F Flip,AEOD,0.19192546583850933,0.19482401656314702,min_last10,true
compas,non-IID,Median,F Flip,ASPD,0.21245245095693358,0.21578949211377452,min_last10,true
compas,non-IID,Median,FOE,ACC,0.6695464362850972,0.6603671706263499,max_last10,true
compas,non-IID,Median,FOE,AEOD,0.17991718426501035,0.18163265306122445,min_last10,true
compas,non-IID,Median,FOE,ASPD,0.21656451671263513,0.21761383465597192,min_last10,true
compas,non-IID,Median,S-DFA,ACC,0.6700863930885529,0.66792656587473,max_last10,true
compas,non-IID,Median,S-DFA,AEOD,0.18272700384501628,0.18272700384501628,min_last10,true
compas,non-IID,Median,S-DFA,ASPD,0.21675360403946559,0.22684643191047066,min_last10,true
compas,non-IID,Median,Sp-DFA,ACC,0.6733261339092873,0.6733261339092873,max_last10,true
compas,non-IID,Median,Sp-DFA,AEOD,0.1864537119195504,0.20227743271221538,min_last10,true
compas,non-IID,Median,Sp-DFA,ASPD,0.21436199951677684,0.23289022313471774,min_last10,true
compas,non-IID,FLTrust,Benign,ACC,0.6700863930885529,0.6614470842332614,max_last10,true
compas,non-IID,FLTrust,Benign,AEOD,0.20449571132800948,0.21469979296066255,min_last10,true
compas,non-IID,FLTrust,Benign,ASPD,0.22733198949047967,0.23331275160578327,min_last10,true
compas,non-IID,FLTrust,F Flip,ACC,0.6646868250539957,0.6646868250539957,max_last10,true
compas,non-IID,FLTrust,F Flip,AEOD,0.2055013309671695,0.2270629991126885,min_last10,true
compas,non-IID,FLTrust,F Flip,ASPD,0.23792905023303265,0.2493454893918508,min_last10,true
compas,non-IID,FLTrust,FOE,ACC,0.6695464362850972,0.6652267818574514,max_last10,true
compas,non-IID,FLTrust,FOE,AEOD,0.2010943507837918,0.20183377698905647,min_last10,true
compas,non-IID,FLTrust,FOE,ASPD,0.22888554030536434,0.23488497771220676,min_last10,true
compas,non-IID,FLTrust,S-DFA,ACC,0.6706263498920086,0.6646868250539957,max_last10,true
compas,non-IID,FLTrust,S-DFA,AEOD,0.19358178053830233,0.22372079266489203,min_last10,true
compas,non-IID,FLTrust,S-DFA,ASPD,0.2327046374250508,0.23769911070596106,min_last10,true
compas,non-IID,FLTrust,Sp-DFA,ACC,0.6668466522678186,0.6636069114470843,max_last10,true
compas,non-IID,FLTrust,Sp-DFA,AEOD,0.18308192842354326,0.208192842354333,min_last10,true
compas,non-IID,FLTrust,Sp-DFA,ASPD,0.23986077570157815,0.25947916946309707,min_last10,true
compas,non-IID,FairGuard,Benign,ACC,0.6565874730021598,0.6544276457883369,max_last10,true
compas,non-IID,FairGuard,Benign,AEOD,0.18509316770186332,0.21369417332150253,min_last10,true
compas,non-IID,FairGuard,Benign,ASPD,0.17037935353143926,0.19459537062866863,min_last10,true
compas,non-IID,FairGuard,F Flip,ACC,0.6468682505399568,0.6420086393088553,max_last10,true
compas,non-IID,FairGuard,F Flip,AEOD,0.18317065956817508,0.1852114758947057,min_last10,true
compas,non-IID,FairGuard,F Flip,ASPD,0.17657137988227564,0.18036830009325974,min_last10,true
compas,non-IID,FairGuard,FOE,ACC,0.5523758099352052,0.5518358531317494,max_last10,true
compas,non-IID,FairGuard,FOE,AEOD,0.002573203194321207,0.004614019520851819,min_last10,false
compas,non-IID,FairGuard,FOE,ASPD,0.0001890873268304413,0.0012384052701672724,min_last10,false
compas,non-IID,FairGuard,S-DFA,ACC,0.5496760259179265,0.5496760259179265,max_last10,true
compas,non-IID,FairGuard,S-DFA,AEOD,0.002898550724637681,0.002898550724637681,min_last10,false
compas,non-IID,FairGuard,S-DFA,ASPD,0.0011123470522803114,0.0011123470522803114,min_last10,false
compas,non-IID,FairGuard,Sp-DFA,ACC,0.6733261339092873,0.6733261339092873,max_last10,true
compas,non-IID,FairGuard,Sp-DFA,AEOD,0,0.18388050872522926,min_last10,true
compas,non-IID,FairGuard,Sp-DFA,ASPD,0,0.219063504161672,min_last10,true
compas,non-IID,FLTrust+FairGuard,Benign,ACC,0.6663066954643628,0.6663066954643628,max_last10,true
compas,non-IID,FLTrust+FairGuard,Benign,AEOD,0.1916296953564035,0.20890269151138718,min_last10,true
compas,non-IID,FLTrust+FairGuard,Benign,ASPD,0.22011282210500885,0.23022782688471624,min_last10,true
compas,non-IID,FLTrust+FairGuard,F Flip,ACC,0.6668466522678186,0.6668466522678186,max_last10,true
compas,non-IID,FLTrust+FairGuard,F Flip,AEOD,0.18509316770186335,0.19015084294587403,min_last10,true
compas,non-IID,FLTrust+FairGuard,F Flip,ASPD,0.22791792676250983,0.24478871825638143,min_last10,true
compas,non-IID,FLTrust+FairGuard,FOE,ACC,0.597732181425486,0.5944924406047516,max_last10,true
compas,non-IID,FLTrust+FairGuard,FOE,AEOD,0.006773144040224787,0.12141378290446612,min_last10,false
compas,non-IID,FLTrust+FairGuard,FOE,ASPD,0.003819097119686441,0.08371199432271137,min_last10,false
compas,non-IID,FLTrust+FairGuard,S-DFA,ACC,0.5950323974082073,0.5907127429805615,max_last10,true
compas,non-IID,FLTrust+FairGuard,S-DFA,AEOD,0.010854776693286008,0.10798580301685891,min_last10,false
compas,non-IID,FLTrust+FairGuard,S-DFA,ASPD,0.005917733006360104,0.07433116194162337,min_last10,false
compas,non-IID,FLTrust+FairGuard,Sp-DFA,ACC,0.607451403887689,0.5971922246220303,max_last10,true
compas,non-IID,FLTrust+FairGuard,Sp-DFA,AEOD,0.05909494232475599,0.1023070097604259,min_last10,false
compas,non-IID,FLTrust+FairGuard,Sp-DFA,ASPD,0.03972584672021029,0.0821584435078267,min_last10,false
compas,non-IID,GuardFed,Benign,ACC,0.6646868250539957,0.6506479481641468,max_last10,true
compas,non-IID,GuardFed,Benign,AEOD,0.19233954451345758,0.19233954451345758,min_last10,true
compas,non-IID,GuardFed,Benign,ASPD,0.21791030490915053,0.21791030490915053,min_last10,true
compas,non-IID,GuardFed,F Flip,ACC,0.6668466522678186,0.6598272138228942,max_last10,true
compas,non-IID,GuardFed,F Flip,AEOD,0.18994380360839985,0.2038450162673765,min_last10,true
compas,non-IID,GuardFed,F Flip,ASPD,0.22580061558429732,0.23092114708309452,min_last10,true
compas,non-IID,GuardFed,FOE,ACC,0.6814254859611231,0.6441684665226782,max_last10,true
compas,non-IID,GuardFed,FOE,AEOD,0.0662230109435078,0.14152617568766634,min_last10,true
compas,non-IID,GuardFed,FOE,ASPD,0.12781953132021473,0.23339912482915026,min_last10,true
compas,non-IID,GuardFed,S-DFA,ACC,0.6544276457883369,0.6306695464362851,max_last10,true
compas,non-IID,GuardFed,S-DFA,AEOD,0.07373558118899726,0.15034013605442187,min_last10,true
compas,non-IID,GuardFed,S-DFA,ASPD,0.14809389469703427,0.22632469095310515,min_last10,true
compas,non-IID,GuardFed,Sp-DFA,ACC,0.6787257019438445,0.6749460043196545,max_last10,true
compas,non-IID,GuardFed,Sp-DFA,AEOD,0.19446909198461992,0.21123927832002365,min_last10,true
compas,non-IID,GuardFed,Sp-DFA,ASPD,0.23536703367505224,0.25299067285908206,min_last10,true
compas,non-IID,FLGMM,Benign,ACC,0.6754859611231101,0.658207343412527,max_last10,true
compas,non-IID,FLGMM,Benign,AEOD,0.19538598047914818,0.20050280981958002,min_last10,true
compas,non-IID,FLGMM,Benign,ASPD,0.21377606224474668,0.21377606224474668,min_last10,true
compas,non-IID,FLGMM,F Flip,ACC,0.6744060475161987,0.6711663066954644,max_last10,true
compas,non-IID,FLGMM,F Flip,AEOD,0.1949719018042,0.1949719018042,min_last10,true
compas,non-IID,FLGMM,F Flip,ASPD,0.22097305272151524,0.23098067457487448,min_last10,true
compas,non-IID,FLGMM,FOE,ACC,0.67170626349892,0.6614470842332614,max_last10,true
compas,non-IID,FLGMM,FOE,AEOD,0.20147885241052943,0.20147885241052943,min_last10,true
compas,non-IID,FLGMM,FOE,ASPD,0.22815136790674492,0.22815136790674492,min_last10,true
compas,non-IID,FLGMM,S-DFA,ACC,0.6690064794816415,0.6592872570194385,max_last10,true
compas,non-IID,FLGMM,S-DFA,AEOD,0.1994380360839988,0.20813368825791184,min_last10,true
compas,non-IID,FLGMM,S-DFA,ASPD,0.22722810818129507,0.22827742612463192,min_last10,true
compas,non-IID,FLGMM,Sp-DFA,ACC,0.6711663066954644,0.6700863930885529,max_last10,true
compas,non-IID,FLGMM,Sp-DFA,AEOD,0.1832593907128069,0.1832593907128069,min_last10,true
compas,non-IID,FLGMM,Sp-DFA,ASPD,0.2198198534689938,0.22525202889534485,min_last10,true
compas,non-IID,FLAURA,Benign,ACC,0.6727861771058316,0.6700863930885529,max_last10,true
compas,non-IID,FLAURA,Benign,AEOD,0.20289855072463764,0.21064773735581188,min_last10,true
compas,non-IID,FLAURA,Benign,ASPD,0.22961971270398382,0.24401369365752085,min_last10,true
compas,non-IID,FLAURA,F Flip,ACC,0.6744060475161987,0.6695464362850972,max_last10,true
compas,non-IID,FLAURA,F Flip,AEOD,0.20280981958000588,0.20976042590949423,min_last10,true
compas,non-IID,FLAURA,F Flip,ASPD,0.22838130743381652,0.22838130743381652,min_last10,true
compas,non-IID,FLAURA,FOE,ACC,0.6668466522678186,0.6636069114470843,max_last10,true
compas,non-IID,FLAURA,FOE,AEOD,0.1921325051759834,0.2133096716947649,min_last10,true
compas,non-IID,FLAURA,FOE,ASPD,0.22531855962145184,0.23503321283879608,min_last10,true
compas,non-IID,FLAURA,S-DFA,ACC,0.6706263498920086,0.6592872570194385,max_last10,true
compas,non-IID,FLAURA,S-DFA,AEOD,0.20319432120674352,0.20319432120674352,min_last10,true
compas,non-IID,FLAURA,S-DFA,ASPD,0.22827742612463192,0.22827742612463192,min_last10,true
compas,non-IID,FLAURA,Sp-DFA,ACC,0.6695464362850972,0.6695464362850972,max_last10,true
compas,non-IID,FLAURA,Sp-DFA,AEOD,0.194321206743567,0.19787045252883767,min_last10,true
compas,non-IID,FLAURA,Sp-DFA,ASPD,0.22666084620080373,0.23851498750506273,min_last10,true
compas,non-IID,LayerGuard,Benign,ACC,0.6744060475161987,0.6668466522678186,max_last10,true
compas,non-IID,LayerGuard,Benign,AEOD,0.18731144631765745,0.1986986098787341,min_last10,true
compas,non-IID,LayerGuard,Benign,ASPD,0.2222114579916825,0.22733198949047967,min_last10,true
compas,non-IID,LayerGuard,F Flip,ACC,0.673866090712743,0.6641468682505399,max_last10,true
compas,non-IID,LayerGuard,F Flip,AEOD,0.19923099674652472,0.19923099674652472,min_last10,true
compas,non-IID,LayerGuard,F Flip,ASPD,0.22326077593501933,0.22437312298729964,min_last10,true
compas,non-IID,LayerGuard,FOE,ACC,0.6517278617710583,0.6484881209503239,max_last10,true
compas,non-IID,LayerGuard,FOE,AEOD,0.18479739721975746,0.18479739721975746,min_last10,true
compas,non-IID,LayerGuard,FOE,ASPD,0.18788043611474564,0.18788043611474564,min_last10,true
compas,non-IID,LayerGuard,S-DFA,ACC,0.6538876889848813,0.6538876889848813,max_last10,true
compas,non-IID,LayerGuard,S-DFA,AEOD,0.1934043182490388,0.20801538006506948,min_last10,true
compas,non-IID,LayerGuard,S-DFA,ASPD,0.21421726600735108,0.2247104454407194,min_last10,true
compas,non-IID,LayerGuard,Sp-DFA,ACC,0.6630669546436285,0.6511879049676026,max_last10,true
compas,non-IID,LayerGuard,Sp-DFA,AEOD,0.19544513457556933,0.19920141969831412,min_last10,true
compas,non-IID,LayerGuard,Sp-DFA,ASPD,0.2101460524518907,0.21138445772205797,min_last10,true
compas,non-IID,SmartFL,Benign,ACC,0.6754859611231101,0.6700863930885529,max_last10,true
compas,non-IID,SmartFL,Benign,AEOD,0.21419698314108254,0.22318840579710142,min_last10,true
compas,non-IID,SmartFL,Benign,ASPD,0.23757305248807406,0.23757305248807406,min_last10,true
compas,non-IID,SmartFL,F Flip,ACC,0.6754859611231101,0.6727861771058316,max_last10,true
compas,non-IID,SmartFL,F Flip,AEOD,0.19917184265010351,0.22534753031647442,min_last10,true
compas,non-IID,SmartFL,F Flip,ASPD,0.23713184872546972,0.23983859879287583,min_last10,true
compas,non-IID,SmartFL,FOE,ACC,0.67170626349892,0.6501079913606912,max_last10,true
compas,non-IID,SmartFL,FOE,AEOD,0.07695947944395154,0.17985803016858914,min_last10,true
compas,non-IID,SmartFL,FOE,ASPD,0.13306612103689885,0.18257081728911806,min_last10,true
compas,non-IID,SmartFL,S-DFA,ACC,0.6819654427645788,0.6544276457883369,max_last10,true
compas,non-IID,SmartFL,S-DFA,AEOD,0.017391304347826098,0.19189588879029873,min_last10,true
compas,non-IID,SmartFL,S-DFA,ASPD,0.029803430884496773,0.19682006473322927,min_last10,true
compas,non-IID,SmartFL,Sp-DFA,ACC,0.6663066954643628,0.6614470842332614,max_last10,true
compas,non-IID,SmartFL,Sp-DFA,AEOD,0.1959183673469388,0.20254362614611066,min_last10,true
compas,non-IID,SmartFL,Sp-DFA,ASPD,0.2129788607371838,0.2160637854582508,min_last10,true
compas,non-IID,FLTG,Benign,ACC,0.6668466522678186,0.658207343412527,max_last10,true
compas,non-IID,FLTG,Benign,AEOD,0.19852114758947054,0.21404909790002957,min_last10,true
compas,non-IID,FLTG,Benign,ASPD,0.22838130743381652,0.22943062537715336,min_last10,true
compas,non-IID,FLTG,F Flip,ACC,0.66792656587473,0.66792656587473,max_last10,true
compas,non-IID,FLTG,F Flip,AEOD,0.19381839692398695,0.19917184265010351,min_last10,true
compas,non-IID,FLTG,F Flip,ASPD,0.23887448686718482,0.24904901913867217,min_last10,true
compas,non-IID,FLTG,FOE,ACC,0.6657667386609071,0.6657667386609071,max_last10,true
compas,non-IID,FLTG,FOE,AEOD,0.1969239869860988,0.20056196391600117,min_last10,true
compas,non-IID,FLTG,FOE,ASPD,0.22586364469324086,0.24949022290127654,min_last10,true
compas,non-IID,FLTG,S-DFA,ACC,0.6636069114470843,0.6576673866090713,max_last10,true
compas,non-IID,FLTG,S-DFA,AEOD,0.19293108547766935,0.21233362910381548,min_last10,true
compas,non-IID,FLTG,S-DFA,ASPD,0.23022782688471624,0.23022782688471624,min_last10,true
compas,non-IID,FLTG,Sp-DFA,ACC,0.6652267818574514,0.6614470842332614,max_last10,true
compas,non-IID,FLTG,Sp-DFA,AEOD,0.1743862762496302,0.2052942916296953,min_last10,true
compas,non-IID,FLTG,Sp-DFA,ASPD,0.24128126506424885,0.25712841714064943,min_last10,true
compas,non-IID,FedDNA,Benign,ACC,0.6744060475161987,0.6744060475161987,max_last10,true
compas,non-IID,FedDNA,Benign,AEOD,0.21073646850044364,0.21632653061224483,min_last10,true
compas,non-IID,FedDNA,Benign,ASPD,0.2278770745622687,0.23681670318075232,min_last10,true
compas,non-IID,FedDNA,F Flip,ACC,0.673866090712743,0.6673866090712743,max_last10,true
compas,non-IID,FedDNA,F Flip,AEOD,0.19322685595977518,0.19322685595977518,min_last10,true
compas,non-IID,FedDNA,F Flip,ASPD,0.21935647279768705,0.21935647279768705,min_last10,true
compas,non-IID,FedDNA,FOE,ACC,0.673866090712743,0.6690064794816415,max_last10,true
compas,non-IID,FedDNA,FOE,AEOD,0.1913043478260869,0.1937592428275658,min_last10,true
compas,non-IID,FedDNA,FOE,ASPD,0.21757298245573078,0.22097305272151524,min_last10,true
compas,non-IID,FedDNA,S-DFA,ACC,0.6711663066954644,0.66792656587473,max_last10,true
compas,non-IID,FedDNA,S-DFA,AEOD,0.1908606921029281,0.19955634427684116,min_last10,true
compas,non-IID,FedDNA,S-DFA,ASPD,0.2184962421811807,0.22535941182169297,min_last10,true
compas,non-IID,FedDNA,Sp-DFA,ACC,0.67170626349892,0.6668466522678186,max_last10,true
compas,non-IID,FedDNA,Sp-DFA,AEOD,0.1998816918071576,0.1998816918071576,min_last10,true
compas,non-IID,FedDNA,Sp-DFA,ASPD,0.2206579071767978,0.2206579071767978,min_last10,true
compas,non-IID,LASA,Benign,ACC,0.6690064794816415,0.6663066954643628,max_last10,true
compas,non-IID,LASA,Benign,AEOD,0.1998816918071576,0.20278024253179527,min_last10,true
compas,non-IID,LASA,Benign,ASPD,0.22498123716803212,0.22609358422031242,min_last10,true
compas,non-IID,LASA,F Flip,ACC,0.6711663066954644,0.66792656587473,max_last10,true
compas,non-IID,LASA,F Flip,AEOD,0.20053238686779057,0.20171546879621416,min_last10,true
compas,non-IID,LASA,F Flip,ASPD,0.2254002640219341,0.2263865528563275,min_last10,true
compas,non-IID,LASA,FOE,ACC,0.6684665226781857,0.6652267818574514,max_last10,true
compas,non-IID,LASA,FOE,AEOD,0.20922803904170362,0.20922803904170362,min_last10,true
compas,non-IID,LASA,FOE,ASPD,0.22552632223982108,0.22552632223982108,min_last10,true
compas,non-IID,LASA,S-DFA,ACC,0.6684665226781857,0.6652267818574514,max_last10,true
compas,non-IID,LASA,S-DFA,AEOD,0.20922803904170362,0.20922803904170362,min_last10,true
compas,non-IID,LASA,S-DFA,ASPD,0.22552632223982108,0.22552632223982108,min_last10,true
compas,non-IID,LASA,Sp-DFA,ACC,0.6673866090712743,0.6663066954643628,max_last10,true
compas,non-IID,LASA,Sp-DFA,AEOD,0.20739426205264716,0.20857734398107064,min_last10,true
compas,non-IID,LASA,Sp-DFA,ASPD,0.22850736565170351,0.23054297242943367,min_last10,true
compas,non-IID,Fed-NGA,Benign,ACC,0.677645788336933,0.6625269978401728,max_last10,true
compas,non-IID,Fed-NGA,Benign,AEOD,0.16690328305235141,0.17710736468500438,min_last10,true
compas,non-IID,Fed-NGA,Benign,ASPD,0.20214835885039573,0.20412093651918245,min_last10,true
compas,non-IID,Fed-NGA,F Flip,ACC,0.6798056155507559,0.661987041036717,max_last10,true
compas,non-IID,Fed-NGA,F Flip,AEOD,0.16628216503992904,0.16918071576456672,min_last10,true
compas,non-IID,Fed-NGA,F Flip,ASPD,0.20976437618106628,0.21192604117668343,min_last10,true
compas,non-IID,Fed-NGA,FOE,ACC,0.6744060475161987,0.673866090712743,max_last10,true
compas,non-IID,Fed-NGA,FOE,AEOD,0.193315587104407,0.20227743271221538,min_last10,true
compas,non-IID,Fed-NGA,FOE,ASPD,0.2162937249853224,0.23400257018699805,min_last10,true
compas,non-IID,Fed-NGA,S-DFA,ACC,0.6733261339092873,0.6727861771058316,max_last10,true
compas,non-IID,Fed-NGA,S-DFA,AEOD,0.1950310559006211,0.1970127181307305,min_last10,true
compas,non-IID,Fed-NGA,S-DFA,ASPD,0.21641978320320934,0.23425468662277193,min_last10,true
compas,non-IID,Fed-NGA,Sp-DFA,ACC,0.6798056155507559,0.6641468682505399,max_last10,true
compas,non-IID,Fed-NGA,Sp-DFA,AEOD,0.18828748890860686,0.18828748890860686,min_last10,true
compas,non-IID,Fed-NGA,Sp-DFA,ASPD,0.22132905046647375,0.22132905046647375,min_last10,true
compas,non-IID,Huber-BRFL,Benign,ACC,0.6700863930885529,0.6700863930885529,max_last10,true
compas,non-IID,Huber-BRFL,Benign,AEOD,0.22318840579710142,0.22318840579710142,min_last10,true
compas,non-IID,Huber-BRFL,Benign,ASPD,0.23757305248807406,0.23757305248807406,min_last10,true
compas,non-IID,Huber-BRFL,F Flip,ACC,0.6744060475161987,0.6744060475161987,max_last10,true
compas,non-IID,Huber-BRFL,F Flip,AEOD,0.2192250813368825,0.2192250813368825,min_last10,true
compas,non-IID,Huber-BRFL,F Flip,ASPD,0.2368797322896958,0.2368797322896958,min_last10,true
compas,non-IID,Huber-BRFL,FOE,ACC,0.66792656587473,0.6657667386609071,max_last10,true
compas,non-IID,Huber-BRFL,FOE,AEOD,0.20857734398107064,0.2233954451345756,min_last10,true
compas,non-IID,Huber-BRFL,FOE,ASPD,0.22684993352763416,0.2359156203640048,min_last10,true
compas,non-IID,Huber-BRFL,S-DFA,ACC,0.6695464362850972,0.6695464362850972,max_last10,true
compas,non-IID,Huber-BRFL,S-DFA,AEOD,0.21029281277728484,0.22082224194025435,min_last10,true
compas,non-IID,Huber-BRFL,S-DFA,ASPD,0.2311732635188685,0.23683888008945464,min_last10,true
compas,non-IID,Huber-BRFL,Sp-DFA,ACC,0.6668466522678186,0.6663066954643628,max_last10,true
compas,non-IID,Huber-BRFL,Sp-DFA,AEOD,0.22082224194025435,0.22082224194025435,min_last10,true
compas,non-IID,Huber-BRFL,Sp-DFA,ASPD,0.23232646277138994,0.23232646277138994,min_last10,true
compas,non-IID,LoGoFair,Benign,ACC,0.6387688984881209,0.6382289416846653,max_last10,true
compas,non-IID,LoGoFair,Benign,AEOD,0.08509316770186337,0.08509316770186337,min_last10,true
compas,non-IID,LoGoFair,Benign,ASPD,0.056846420238413464,0.056846420238413464,min_last10,true
compas,non-IID,LoGoFair,F Flip,ACC,0.6549676025917927,0.6533477321814255,max_last10,true
compas,non-IID,LoGoFair,F Flip,AEOD,0.06595681750961246,0.07787636793847974,min_last10,true
compas,non-IID,LoGoFair,F Flip,ASPD,0.008559119553380401,0.008559119553380401,min_last10,true
compas,non-IID,LoGoFair,FOE,ACC,0.652267818574514,0.6349892008639308,max_last10,true
compas,non-IID,LoGoFair,FOE,AEOD,0.030405205560485093,0.06696243714877259,min_last10,true
compas,non-IID,LoGoFair,FOE,ASPD,0.003164294710106985,0.04248978986795404,min_last10,true
compas,non-IID,LoGoFair,S-DFA,ACC,0.6479481641468683,0.6479481641468683,max_last10,true
compas,non-IID,LoGoFair,S-DFA,AEOD,0.0479148181011535,0.0479148181011535,min_last10,true
compas,non-IID,LoGoFair,S-DFA,ASPD,0.012638503548888957,0.013687821492225805,min_last10,true
compas,non-IID,LoGoFair,Sp-DFA,ACC,0.6376889848812095,0.6376889848812095,max_last10,true
compas,non-IID,LoGoFair,Sp-DFA,AEOD,0.05264714581484775,0.05264714581484775,min_last10,true
compas,non-IID,LoGoFair,Sp-DFA,ASPD,0.038106932384939785,0.038106932384939785,min_last10,true
compas,non-IID,AdaAggRL,Benign,ACC,0.6711663066954644,0.6690064794816415,max_last10,true
compas,non-IID,AdaAggRL,Benign,AEOD,0.2131026323572907,0.21588287488908603,min_last10,true
compas,non-IID,AdaAggRL,Benign,ASPD,0.23144405524618122,0.23356486804155718,min_last10,true
compas,non-IID,AdaAggRL,F Flip,ACC,0.6765658747300216,0.6733261339092873,max_last10,true
compas,non-IID,AdaAggRL,F Flip,AEOD,0.21268855368234252,0.21632653061224483,min_last10,true
compas,non-IID,AdaAggRL,F Flip,ASPD,0.2317592007908986,0.2367536740718088,min_last10,true
compas,non-IID,AdaAggRL,FOE,ACC,0.6609071274298056,0.6576673866090713,max_last10,true
compas,non-IID,AdaAggRL,FOE,AEOD,0.2043774031351671,0.20490979000295773,min_last10,true
compas,non-IID,AdaAggRL,FOE,ASPD,0.22191848935566744,0.22303083640794774,min_last10,true
compas,non-IID,AdaAggRL,S-DFA,ACC,0.6630669546436285,0.6576673866090713,max_last10,true
compas,non-IID,AdaAggRL,S-DFA,AEOD,0.20233658680863648,0.20490979000295773,min_last10,true
compas,non-IID,AdaAggRL,S-DFA,ASPD,0.22303083640794774,0.22303083640794774,min_last10,true
compas,non-IID,AdaAggRL,Sp-DFA,ACC,0.66792656587473,0.6663066954643628,max_last10,true
compas,non-IID,AdaAggRL,Sp-DFA,AEOD,0.2172729961549837,0.22049689440993792,min_last10,true
compas,non-IID,AdaAggRL,Sp-DFA,ASPD,0.2338800135862746,0.2348032733117245,min_last10,true
compas,non-IID,FedAMM,Benign,ACC,0.67170626349892,0.67170626349892,max_last10,true
compas,non-IID,FedAMM,Benign,AEOD,0.2133096716947649,0.21535048802129542,min_last10,true
compas,non-IID,FedAMM,Benign,ASPD,0.228989421614549,0.23003873955788579,min_last10,true
compas,non-IID,FedAMM,F Flip,ACC,0.6754859611231101,0.6733261339092873,max_last10,true
compas,non-IID,FedAMM,F Flip,AEOD,0.20106477373558118,0.21363501922508132,min_last10,true
compas,non-IID,FedAMM,F Flip,ASPD,0.22170722512013466,0.23096199928333566,min_last10,true
compas,non-IID,FedAMM,FOE,ACC,0.66792656587473,0.6641468682505399,max_last10,true
compas,non-IID,FedAMM,FOE,AEOD,0.20922803904170362,0.20922803904170362,min_last10,true
compas,non-IID,FedAMM,FOE,ASPD,0.22546329313087762,0.22546329313087762,min_last10,true
compas,non-IID,FedAMM,S-DFA,ACC,0.66792656587473,0.6641468682505399,max_last10,true
compas,non-IID,FedAMM,S-DFA,AEOD,0.20922803904170362,0.20922803904170362,min_last10,true
compas,non-IID,FedAMM,S-DFA,ASPD,0.22546329313087762,0.22546329313087762,min_last10,true
compas,non-IID,FedAMM,Sp-DFA,ACC,0.6695464362850972,0.66792656587473,max_last10,true
compas,non-IID,FedAMM,Sp-DFA,AEOD,0.22963620230700976,0.2304939367051168,min_last10,true
compas,non-IID,FedAMM,Sp-DFA,ASPD,0.24034283166442372,0.2413921496077605,min_last10,true
compas,non-IID,FedAA,Benign,ACC,0.6825053995680346,0.6749460043196545,max_last10,true
compas,non-IID,FedAA,Benign,AEOD,0.17941437444543035,0.1937888198757764,min_last10,true
compas,non-IID,FedAA,Benign,ASPD,0.22630134683868164,0.22814786628958145,min_last10,true
compas,non-IID,FedAA,F Flip,ACC,0.67170626349892,0.6636069114470843,max_last10,true
compas,non-IID,FedAA,F Flip,AEOD,0.1780834072759539,0.19053534457261168,min_last10,true
compas,non-IID,FedAA,F Flip,ASPD,0.22091002361257173,0.22091002361257173,min_last10,true
compas,non-IID,FedAA,FOE,ACC,0.6695464362850972,0.6663066954643628,max_last10,true
compas,non-IID,FedAA,FOE,AEOD,0.18497485950902098,0.18497485950902098,min_last10,true
compas,non-IID,FedAA,FOE,ASPD,0.22416185875176686,0.22852604094324228,min_last10,true
compas,non-IID,FedAA,S-DFA,ACC,0.67170626349892,0.6695464362850972,max_last10,true
compas,non-IID,FedAA,S-DFA,AEOD,0.1915409642117717,0.19239869860987874,min_last10,true
compas,non-IID,FedAA,S-DFA,ASPD,0.23450680305854588,0.2380737837424584,min_last10,true
compas,non-IID,FedAA,Sp-DFA,ACC,0.6733261339092873,0.6722462203023758,max_last10,true
compas,non-IID,FedAA,Sp-DFA,AEOD,0.18284531203785864,0.18284531203785864,min_last10,true
compas,non-IID,FedAA,Sp-DFA,ASPD,0.23087679326568988,0.2389970434679083,min_last10,true
compas,non-IID,GuardFed-AD2,Benign,ACC,0.6549676025917927,0.6376889848812095,max_last10,true
compas,non-IID,GuardFed-AD2,Benign,AEOD,0.04368530020703931,0.08908606921029283,min_last10,true
compas,non-IID,GuardFed-AD2,Benign,ASPD,0.005611925107412097,0.03438821495727451,min_last10,true
compas,non-IID,GuardFed-AD2,F Flip,ACC,0.6506479481641468,0.6484881209503239,max_last10,true
compas,non-IID,GuardFed-AD2,F Flip,AEOD,0.09151138716356111,0.10139012126589764,min_last10,true
compas,non-IID,GuardFed-AD2,F Flip,ASPD,0.01035078033538489,0.021096076204527137,min_last10,true
compas,non-IID,GuardFed-AD2,FOE,ACC,0.6441684665226782,0.6420086393088553,max_last10,true
compas,non-IID,GuardFed-AD2,FOE,AEOD,0.11600118308192842,0.1560485063590653,min_last10,true
compas,non-IID,GuardFed-AD2,FOE,ASPD,0.025901462158606947,0.05358408024772776,min_last10,true
compas,non-IID,GuardFed-AD2,S-DFA,ACC,0.646328293736501,0.6403887688984882,max_last10,true
compas,non-IID,GuardFed-AD2,S-DFA,AEOD,0.1079858030168589,0.1485655131617864,min_last10,true
compas,non-IID,GuardFed-AD2,S-DFA,ASPD,0.02325774120014429,0.04715861275265626,min_last10,true
compas,non-IID,GuardFed-AD2,Sp-DFA,ACC,0.6409287257019438,0.6409287257019438,max_last10,true
compas,non-IID,GuardFed-AD2,Sp-DFA,AEOD,0.08896776101745052,0.13416149068322986,min_last10,true
compas,non-IID,GuardFed-AD2,Sp-DFA,ASPD,0.033977358543420655,0.03891230433255094,min_last10,true
compas,non-IID,GuardFed-AD2+,Benign,ACC,0.6549676025917927,0.6484881209503239,max_last10,true
compas,non-IID,GuardFed-AD2+,Benign,AEOD,0.08506359065365277,0.1140490979000296,min_last10,true
compas,non-IID,GuardFed-AD2+,Benign,ASPD,0.00033965686486209234,0.022230600165509762,min_last10,true
compas,non-IID,GuardFed-AD2+,F Flip,ACC,0.6468682505399568,0.6468682505399568,max_last10,true
compas,non-IID,GuardFed-AD2+,F Flip,AEOD,0.09677610174504592,0.09677610174504592,min_last10,true
compas,non-IID,GuardFed-AD2+,F Flip,ASPD,0.006824651851713492,0.006824651851713492,min_last10,true
compas,non-IID,GuardFed-AD2+,FOE,ACC,0.6555075593952484,0.6317494600431965,max_last10,true
compas,non-IID,GuardFed-AD2+,FOE,AEOD,0.04732327713694173,0.10411120970127175,min_last10,true
compas,non-IID,GuardFed-AD2+,FOE,ASPD,0.0021079735324430193,0.06899703179585104,min_last10,true
compas,non-IID,GuardFed-AD2+,S-DFA,ACC,0.6501079913606912,0.6436285097192225,max_last10,true
compas,non-IID,GuardFed-AD2+,S-DFA,AEOD,0.07704821058858324,0.14578527062999108,min_last10,true
compas,non-IID,GuardFed-AD2+,S-DFA,ASPD,0.004046702235315669,0.045835001464843206,min_last10,true
compas,non-IID,GuardFed-AD2+,Sp-DFA,ACC,0.6506479481641468,0.6317494600431965,max_last10,true
compas,non-IID,GuardFed-AD2+,Sp-DFA,AEOD,0.08852410529429156,0.125377107364685,min_last10,true
compas,non-IID,GuardFed-AD2+,Sp-DFA,ASPD,0.038748895531586336,0.08578611888924037,min_last10,true
adult,IID,FedAvg,Benign,ACC,0.831794939903048,0.8313965070721827,max_last10,true
adult,IID,FedAvg,Benign,AEOD,0.061459994025079845,0.07395934426678985,min_last10,true
adult,IID,FedAvg,Benign,ASPD,0.10978492756016583,0.11477528832154552,min_last10,true
adult,IID,FedAvg,F Flip,ACC,0.8298691812205325,0.8298691812205325,max_last10,true
adult,IID,FedAvg,F Flip,AEOD,0.002218603251019191,0.02112071452276887,min_last10,true
adult,IID,FedAvg,F Flip,ASPD,0.153102681714062,0.153102681714062,min_last10,true
adult,IID,FedAvg,FOE,ACC,0.7602098412909224,0.7600106248754898,max_last10,true
adult,IID,FedAvg,FOE,AEOD,0.002114070708553562,0.00327306813294026,min_last10,false
adult,IID,FedAvg,FOE,ASPD,0.0056330836628296285,0.0056395032685623205,min_last10,false
adult,IID,FedAvg,S-DFA,ACC,0.7589481373265157,0.7589481373265157,max_last10,true
adult,IID,FedAvg,S-DFA,AEOD,0.003886554201836919,0.003886554201836919,min_last10,false
adult,IID,FedAvg,S-DFA,ASPD,0.004383888571051534,0.004574590983848312,min_last10,false
adult,IID,FedAvg,Sp-DFA,ACC,0.7958695796533635,0.795537552294309,max_last10,true
adult,IID,FedAvg,Sp-DFA,AEOD,0.09168303676746536,0.09263753883555315,min_last10,false
adult,IID,FedAvg,Sp-DFA,ASPD,0.0798197125950538,0.08021395663211273,min_last10,false
adult,IID,FairFed,Benign,ACC,0.8325918055647785,0.8320605617902915,max_last10,true
adult,IID,FairFed,Benign,AEOD,0.056960524970425364,0.07225483548691314,min_last10,true
adult,IID,FairFed,Benign,ASPD,0.11372774909484562,0.11464462928361732,min_last10,true
adult,IID,FairFed,F Flip,ACC,0.8295371538614782,0.8292715319742346,max_last10,true
adult,IID,FairFed,F Flip,AEOD,0.0009459338269021123,0.022734399946077177,min_last10,true
adult,IID,FairFed,F Flip,ASPD,0.14815537243362717,0.14815537243362717,min_last10,true
adult,IID,FairFed,FOE,ACC,0.7593465701573809,0.7592137592137592,max_last10,true
adult,IID,FairFed,FOE,AEOD,0.0033638914895087607,0.005159223625954005,min_last10,false
adult,IID,FairFed,FOE,ASPD,0.0047652933966450895,0.004968835020907251,min_last10,false
adult,IID,FairFed,S-DFA,ACC,0.7591473537419483,0.7591473537419483,max_last10,true
adult,IID,FairFed,S-DFA,AEOD,0.002091222065391675,0.002727556777450218,min_last10,false
adult,IID,FairFed,S-DFA,ASPD,0.00437104935958615,0.00456817137811562,min_last10,false
adult,IID,FairFed,Sp-DFA,ACC,0.7918852513447108,0.7914868185138455,max_last10,true
adult,IID,FairFed,Sp-DFA,AEOD,0.07138772947891955,0.0719103921912477,min_last10,false
adult,IID,FairFed,Sp-DFA,ASPD,0.06713479234120173,0.06713479234120173,min_last10,false
adult,IID,Median,Benign,ACC,0.8341191314164287,0.8341191314164287,max_last10,true
adult,IID,Median,Benign,AEOD,0.028689898786222967,0.046097708795185266,min_last10,true
adult,IID,Median,Benign,ASPD,0.11395885490122254,0.1192294113915663,min_last10,true
adult,IID,Median,F Flip,ACC,0.8328574274520221,0.8323261836775351,max_last10,true
adult,IID,Median,F Flip,AEOD,0.03716617418320389,0.04102930852579978,min_last10,true
adult,IID,Median,F Flip,ASPD,0.12280781999457623,0.127652415583288,min_last10,true
adult,IID,Median,FOE,ACC,0.8373065940633508,0.8367753502888639,max_last10,true
adult,IID,Median,FOE,AEOD,0.06452856680172125,0.09348122498430589,min_last10,true
adult,IID,Median,FOE,ASPD,0.10382179591760421,0.10547165465217391,min_last10,true
adult,IID,Median,S-DFA,ACC,0.8380370542532705,0.8377050268942161,max_last10,true
adult,IID,Median,S-DFA,AEOD,0.049756918997561406,0.07864160246673957,min_last10,true
adult,IID,Median,S-DFA,ASPD,0.10633264414853538,0.10633264414853538,min_last10,true
adult,IID,Median,Sp-DFA,ACC,0.8373065940633508,0.8373065940633508,max_last10,true
adult,IID,Median,Sp-DFA,AEOD,0.03957499238854567,0.05802812782216438,min_last10,true
adult,IID,Median,Sp-DFA,ASPD,0.1209631061647514,0.12403133666342356,min_last10,true
adult,IID,FLTrust,Benign,ACC,0.8313301016003719,0.8211700644133076,max_last10,true
adult,IID,FLTrust,Benign,AEOD,0.08203176989588445,0.2333600472052968,min_last10,true
adult,IID,FLTrust,Benign,ASPD,0.020732237081335897,0.020732237081335897,min_last10,true
adult,IID,FLTrust,F Flip,ACC,0.8331230493392655,0.827478584235341,max_last10,true
adult,IID,FLTrust,F Flip,AEOD,0.01989431360105476,0.06755715445282928,min_last10,true
adult,IID,FLTrust,F Flip,ASPD,0.12223797967946026,0.20907476268824038,min_last10,true
adult,IID,FLTrust,FOE,ACC,0.8348495916063484,0.8300019921641544,max_last10,true
adult,IID,FLTrust,FOE,AEOD,0.0013086560370969558,0.02475764729806229,min_last10,true
adult,IID,FLTrust,FOE,ASPD,0.07740403501910975,0.12285313839879544,min_last10,true
adult,IID,FLTrust,S-DFA,ACC,0.8348495916063484,0.8298691812205325,max_last10,true
adult,IID,FLTrust,S-DFA,AEOD,0.0013086560370969558,0.02475764729806229,min_last10,true
adult,IID,FLTrust,S-DFA,ASPD,0.07740403501910975,0.12305026041732495,min_last10,true
adult,IID,FLTrust,Sp-DFA,ACC,0.8321933727339133,0.8307988578258848,max_last10,true
adult,IID,FLTrust,Sp-DFA,AEOD,0.12068938926148043,0.1532732680585679,min_last10,true
adult,IID,FLTrust,Sp-DFA,ASPD,0.05979750396902153,0.0675351149424388,min_last10,true
adult,IID,FairGuard,Benign,ACC,0.8329902383956438,0.8305996414104522,max_last10,true
adult,IID,FairGuard,Benign,AEOD,0.02316795295007401,0.05250618198601553,min_last10,true
adult,IID,FairGuard,Benign,ASPD,0.11535531976076217,0.12068668195415527,min_last10,true
adult,IID,FairGuard,F Flip,ACC,0.8323925891493459,0.8315293180158045,max_last10,true
adult,IID,FairGuard,F Flip,AEOD,0.002421956175159945,0.030166492350559904,min_last10,true
adult,IID,FairGuard,F Flip,ASPD,0.12599990876135353,0.13173608727999658,min_last10,true
adult,IID,FairGuard,FOE,ACC,0.7542997542997543,0.7542997542997543,max_last10,true
adult,IID,FairGuard,FOE,AEOD,0,0,min_last10,false
adult,IID,FairGuard,FOE,ASPD,0,0,min_last10,false
adult,IID,FairGuard,S-DFA,ACC,0.7542997542997543,0.7542997542997543,max_last10,true
adult,IID,FairGuard,S-DFA,AEOD,0,0,min_last10,false
adult,IID,FairGuard,S-DFA,ASPD,0,0,min_last10,false
adult,IID,FairGuard,Sp-DFA,ACC,0.7870376519025167,0.7865064081280297,max_last10,true
adult,IID,FairGuard,Sp-DFA,AEOD,0.04984203019333952,0.058728438735076244,min_last10,false
adult,IID,FairGuard,Sp-DFA,ASPD,0.046873513585430446,0.05487432839388807,min_last10,false
adult,IID,FLTrust+FairGuard,Benign,ACC,0.8298691812205325,0.8289395046151803,max_last10,true
adult,IID,FLTrust+FairGuard,Benign,AEOD,0.0010744574446877597,0.07034697378289556,min_last10,true
adult,IID,FLTrust+FairGuard,Benign,ASPD,0.0583647482758243,0.09134759922192773,min_last10,true
adult,IID,FLTrust+FairGuard,F Flip,ACC,0.8313301016003719,0.8239590942293645,max_last10,true
adult,IID,FLTrust+FairGuard,F Flip,AEOD,0.021784467606621782,0.15397757748403307,min_last10,true
adult,IID,FLTrust+FairGuard,F Flip,ASPD,0.04468936310248953,0.05751475235428008,min_last10,true
adult,IID,FLTrust+FairGuard,FOE,ACC,0.8406932731257055,0.8392323527458663,max_last10,true
adult,IID,FLTrust+FairGuard,FOE,AEOD,0.0004444061094986962,0.02221459331414427,min_last10,true
adult,IID,FLTrust+FairGuard,FOE,ASPD,0.11153675771954583,0.11473901754915583,min_last10,true
adult,IID,FLTrust+FairGuard,S-DFA,ACC,0.8413573278438143,0.8236270668703101,max_last10,true
adult,IID,FLTrust+FairGuard,S-DFA,AEOD,0.0035078379414287264,0.014484326116399049,min_last10,true
adult,IID,FLTrust+FairGuard,S-DFA,ASPD,0.1083695649862506,0.1455357720693306,min_last10,true
adult,IID,FLTrust+FairGuard,Sp-DFA,ACC,0.8286074772561259,0.8131350023241916,max_last10,true
adult,IID,FLTrust+FairGuard,Sp-DFA,AEOD,0.006010906799813309,0.05196752522347392,min_last10,true
adult,IID,FLTrust+FairGuard,Sp-DFA,ASPD,0.0788065383202917,0.1955345302768467,min_last10,true
adult,IID,GuardFed,Benign,ACC,0.8335214821701308,0.8321269672621024,max_last10,true
adult,IID,GuardFed,Benign,AEOD,0.0017633440360186325,0.017509486471032787,min_last10,true
adult,IID,GuardFed,Benign,ASPD,0.11016368429839467,0.12256688416692113,min_last10,true
adult,IID,GuardFed,F Flip,ACC,0.8298027757487217,0.8282090444252607,max_last10,true
adult,IID,GuardFed,F Flip,AEOD,0.0005540795966757495,0.022008384309608275,min_last10,true
adult,IID,GuardFed,F Flip,ASPD,0.12902546894317118,0.12902546894317118,min_last10,true
adult,IID,GuardFed,FOE,ACC,0.8321933727339133,0.8309316687695066,max_last10,true
adult,IID,GuardFed,FOE,AEOD,0.0022591595926315655,0.014873324266230004,min_last10,true
adult,IID,GuardFed,FOE,ASPD,0.10929589403221014,0.11701121693697421,min_last10,true
adult,IID,GuardFed,S-DFA,ACC,0.8321933727339133,0.8309316687695066,max_last10,true
adult,IID,GuardFed,S-DFA,AEOD,0.0022591595926315655,0.014873324266230004,min_last10,true
adult,IID,GuardFed,S-DFA,ASPD,0.10929589403221014,0.11701121693697421,min_last10,true
adult,IID,GuardFed,Sp-DFA,ACC,0.8333886712265091,0.8233614449830666,max_last10,true
adult,IID,GuardFed,Sp-DFA,AEOD,0.0009647839575106509,0.023104547965299815,min_last10,true
adult,IID,GuardFed,Sp-DFA,ASPD,0.08951419994720676,0.1771712079559458,min_last10,true
adult,IID,FLGMM,Benign,ACC,0.8319277508466698,0.8230294176240123,max_last10,true
adult,IID,FLGMM,Benign,AEOD,0.05614197232915075,0.06711788928804197,min_last10,true
adult,IID,FLGMM,Benign,ASPD,0.10216589874139215,0.12418881761655362,min_last10,true
adult,IID,FLGMM,F Flip,ACC,0.8256192310246364,0.8238926887575536,max_last10,true
adult,IID,FLGMM,F Flip,AEOD,0.062164874666624015,0.10093502359979223,min_last10,true
adult,IID,FLGMM,F Flip,ASPD,0.0788462195082269,0.09258698435369556,min_last10,true
adult,IID,FLGMM,FOE,ACC,0.8288066936715586,0.8288066936715586,max_last10,true
adult,IID,FLGMM,FOE,AEOD,0.02859679056533826,0.09557130461753938,min_last10,true
adult,IID,FLGMM,FOE,ASPD,0.08798709611100686,0.11087401367271701,min_last10,true
adult,IID,FLGMM,S-DFA,ACC,0.8269473404608539,0.8257520419682581,max_last10,true
adult,IID,FLGMM,S-DFA,AEOD,0.06073169352429464,0.07686740532521896,min_last10,true
adult,IID,FLGMM,S-DFA,ASPD,0.0891868201161074,0.11632319569257293,min_last10,true
adult,IID,FLGMM,Sp-DFA,ACC,0.818248223653629,0.816654492330168,max_last10,true
adult,IID,FLGMM,Sp-DFA,AEOD,0.11173043627770474,0.158069769474327,min_last10,true
adult,IID,FLGMM,Sp-DFA,ASPD,0.04919408069019107,0.04919408069019107,min_last10,true
adult,IID,FLAURA,Benign,ACC,0.8299355866923435,0.8297363702769108,max_last10,true
adult,IID,FLAURA,Benign,AEOD,0.08254929166350122,0.08529912586803423,min_last10,true
adult,IID,FLAURA,Benign,ASPD,0.10891374693970376,0.11384368316212445,min_last10,true
adult,IID,FLAURA,F Flip,ACC,0.8294043429178565,0.8294043429178565,max_last10,true
adult,IID,FLAURA,F Flip,AEOD,0.04600631422253776,0.054074170122999976,min_last10,true
adult,IID,FLAURA,F Flip,ASPD,0.1125344446954778,0.11605242875952876,min_last10,true
adult,IID,FLAURA,FOE,ACC,0.8287402881997477,0.8273457732917192,max_last10,true
adult,IID,FLAURA,FOE,AEOD,0.09352577983847155,0.09352577983847155,min_last10,true
adult,IID,FLAURA,FOE,ASPD,0.10069881821879292,0.10988009821515299,min_last10,true
adult,IID,FLAURA,S-DFA,ACC,0.826349691214556,0.8243575270602298,max_last10,true
adult,IID,FLAURA,S-DFA,AEOD,0.07393592440754893,0.07784475603646879,min_last10,true
adult,IID,FLAURA,S-DFA,ASPD,0.11371302412419626,0.12110963366560007,min_last10,true
adult,IID,FLAURA,Sp-DFA,ACC,0.8268145295172322,0.8268145295172322,max_last10,true
adult,IID,FLAURA,Sp-DFA,AEOD,0.0615056913114036,0.07189097084456009,min_last10,true
adult,IID,FLAURA,Sp-DFA,ASPD,0.10795154834671278,0.11299099903067963,min_last10,true
adult,IID,LayerGuard,Benign,ACC,0.8304668304668305,0.8301348031077761,max_last10,true
adult,IID,LayerGuard,Benign,AEOD,0.06500496101164654,0.08486785772835359,min_last10,true
adult,IID,LayerGuard,Benign,ASPD,0.10549998116246942,0.10767474297202628,min_last10,true
adult,IID,LayerGuard,F Flip,ACC,0.8311972906567501,0.8296035593332891,max_last10,true
adult,IID,LayerGuard,F Flip,AEOD,0.007809666232732826,0.05230111541363747,min_last10,true
adult,IID,LayerGuard,F Flip,ASPD,0.12574992530186893,0.1275327099976412,min_last10,true
adult,IID,LayerGuard,FOE,ACC,0.8301348031077761,0.8257520419682581,max_last10,true
adult,IID,LayerGuard,FOE,AEOD,0.018236644539659785,0.053802271269373536,min_last10,true
adult,IID,LayerGuard,FOE,ASPD,0.1018094100105486,0.10391205156195227,min_last10,true
adult,IID,LayerGuard,S-DFA,ACC,0.8272793678199084,0.8264825021581779,max_last10,true
adult,IID,LayerGuard,S-DFA,AEOD,0.012601597919859486,0.04559789472601905,min_last10,true
adult,IID,LayerGuard,S-DFA,ASPD,0.09605058232042989,0.10358238474631062,min_last10,true
adult,IID,LayerGuard,Sp-DFA,ACC,0.836177701042566,0.8351816189654028,max_last10,true
adult,IID,LayerGuard,Sp-DFA,AEOD,0.016735488683923827,0.031666505774137765,min_last10,true
adult,IID,LayerGuard,Sp-DFA,ASPD,0.12214999095838654,0.13092380654213193,min_last10,true
adult,IID,SmartFL,Benign,ACC,0.8323261836775351,0.8316621289594263,max_last10,true
adult,IID,SmartFL,Benign,AEOD,0.055551334903415905,0.06316450280495656,min_last10,true
adult,IID,SmartFL,Benign,ASPD,0.11438104428448659,0.11925547097858744,min_last10,true
adult,IID,SmartFL,F Flip,ACC,0.8297363702769108,0.8287402881997477,max_last10,true
adult,IID,SmartFL,F Flip,AEOD,0.001469167755309364,0.0053260187210357746,min_last10,true
adult,IID,SmartFL,F Flip,ASPD,0.12791411482323473,0.15872292616542624,min_last10,true
adult,IID,SmartFL,FOE,ACC,0.8162560594993027,0.8162560594993027,max_last10,true
adult,IID,SmartFL,FOE,AEOD,0.010189352418043363,0.018643350387941404,min_last10,true
adult,IID,SmartFL,FOE,ASPD,0.06592979222263964,0.07644522678039642,min_last10,true
adult,IID,SmartFL,S-DFA,ACC,0.8060960223122385,0.8060960223122385,max_last10,true
adult,IID,SmartFL,S-DFA,AEOD,0.004075626724001524,0.018779299814754624,min_last10,true
adult,IID,SmartFL,S-DFA,ASPD,0.05639505274689112,0.06069095259686895,min_last10,true
adult,IID,SmartFL,Sp-DFA,ACC,0.830201208579587,0.8289395046151803,max_last10,true
adult,IID,SmartFL,Sp-DFA,AEOD,0.008059287659276437,0.010286459151481298,min_last10,true
adult,IID,SmartFL,Sp-DFA,ASPD,0.10401968026431443,0.16064467526404339,min_last10,true
adult,IID,FLTG,Benign,ACC,0.8333886712265091,0.825353609137393,max_last10,true
adult,IID,FLTG,Benign,AEOD,0.0007185898274413294,0.2065431659422695,min_last10,true
adult,IID,FLTG,Benign,ASPD,0.016117242703907436,0.03486271211731476,min_last10,true
adult,IID,FLTG,F Flip,ACC,0.8344511587754831,0.8344511587754831,max_last10,true
adult,IID,FLTG,F Flip,AEOD,0.016712640040762006,0.050005969208026024,min_last10,true
adult,IID,FLTG,F Flip,ASPD,0.1281131226009482,0.13031771551589416,min_last10,true
adult,IID,FLTG,FOE,ACC,0.8327910219802112,0.829072315558802,max_last10,true
adult,IID,FLTG,FOE,AEOD,0.0009870613845934795,0.026211963435316288,min_last10,true
adult,IID,FLTG,FOE,ASPD,0.0662466198268159,0.12947598483673078,min_last10,true
adult,IID,FLTG,S-DFA,ACC,0.8327910219802112,0.8290059100869912,max_last10,true
adult,IID,FLTG,S-DFA,AEOD,0.0009870613845934795,0.02589379607928699,min_last10,true
adult,IID,FLTG,S-DFA,ASPD,0.0662466198268159,0.12946956523099806,min_last10,true
adult,IID,FLTG,Sp-DFA,ACC,0.8316621289594263,0.8314629125439936,max_last10,true
adult,IID,FLTG,Sp-DFA,AEOD,0.14704701279695387,0.14918336093259016,min_last10,true
adult,IID,FLTG,Sp-DFA,ASPD,0.055092635111335414,0.060416815370815086,min_last10,true
adult,IID,FedDNA,Benign,ACC,0.8299355866923435,0.8299355866923435,max_last10,true
adult,IID,FedDNA,Benign,AEOD,0.032007521773328884,0.04898349242653166,min_last10,true
adult,IID,FedDNA,Benign,ASPD,0.11799646592679905,0.12385574038536654,min_last10,true
adult,IID,FedDNA,F Flip,ACC,0.8299355866923435,0.8272129623480975,max_last10,true
adult,IID,FedDNA,F Flip,AEOD,0.07429978904990209,0.09488927261915703,min_last10,true
adult,IID,FedDNA,F Flip,ASPD,0.1046008551958022,0.1046008551958022,min_last10,true
adult,IID,FedDNA,FOE,ACC,0.830732452354074,0.8295371538614782,max_last10,true
adult,IID,FedDNA,FOE,AEOD,0.05930136846236056,0.0735046562678684,min_last10,true
adult,IID,FedDNA,FOE,ASPD,0.11236073417660469,0.11368923146044946,min_last10,true
adult,IID,FedDNA,S-DFA,ACC,0.8314629125439936,0.8308652632976957,max_last10,true
adult,IID,FedDNA,S-DFA,AEOD,0.05646013968517993,0.06123265002561906,min_last10,true
adult,IID,FedDNA,S-DFA,ASPD,0.115385913194332,0.11861501500041186,min_last10,true
adult,IID,FedDNA,Sp-DFA,ACC,0.8307988578258848,0.8277442061225845,max_last10,true
adult,IID,FedDNA,Sp-DFA,AEOD,0.04414300737268595,0.0594144692460119,min_last10,true
adult,IID,FedDNA,Sp-DFA,ASPD,0.11546332962721467,0.11944013494974193,min_last10,true
adult,IID,LASA,Benign,ACC,0.8293379374460456,0.828541071784315,max_last10,true
adult,IID,LASA,Benign,AEOD,0.06945930399605638,0.08604913257982316,min_last10,true
adult,IID,LASA,Benign,ASPD,0.10893073883362742,0.10901004102569409,min_last10,true
adult,IID,LASA,F Flip,ACC,0.8310644797131284,0.830201208579587,max_last10,true
adult,IID,LASA,F Flip,AEOD,0.02759773364308471,0.042096911377539015,min_last10,true
adult,IID,LASA,F Flip,ASPD,0.13747868540437239,0.13870862167895237,min_last10,true
adult,IID,LASA,FOE,ACC,0.8292715319742346,0.8292715319742346,max_last10,true
adult,IID,LASA,FOE,AEOD,0.057073625754076596,0.06764112321644922,min_last10,true
adult,IID,LASA,FOE,ASPD,0.11578507224203008,0.11721401629432351,min_last10,true
adult,IID,LASA,S-DFA,ACC,0.8292715319742346,0.8292715319742346,max_last10,true
adult,IID,LASA,S-DFA,AEOD,0.057073625754076596,0.06764112321644922,min_last10,true
adult,IID,LASA,S-DFA,ASPD,0.11578507224203008,0.11721401629432351,min_last10,true
adult,IID,LASA,Sp-DFA,ACC,0.8292715319742346,0.8284746663125041,max_last10,true
adult,IID,LASA,Sp-DFA,AEOD,0.04164279459469644,0.06534597701083766,min_last10,true
adult,IID,LASA,Sp-DFA,ASPD,0.11810521806016447,0.11810521806016447,min_last10,true
adult,IID,Fed-NGA,Benign,ACC,0.8260176638555017,0.824224716116608,max_last10,true
adult,IID,Fed-NGA,Benign,AEOD,0.10418638552172876,0.12084590246713939,min_last10,true
adult,IID,Fed-NGA,Benign,ASPD,0.05310666989412345,0.0664448853376165,min_last10,true
adult,IID,Fed-NGA,F Flip,ACC,0.8288730991433694,0.8288730991433694,max_last10,true
adult,IID,Fed-NGA,F Flip,AEOD,0.025396838090516016,0.025396838090516016,min_last10,true
adult,IID,Fed-NGA,F Flip,ASPD,0.0801357979323172,0.09712265647778943,min_last10,true
adult,IID,Fed-NGA,FOE,ACC,0.8261504747991234,0.8220333355468491,max_last10,true
adult,IID,Fed-NGA,FOE,AEOD,0.008898404079396793,0.2254075769528021,min_last10,true
adult,IID,Fed-NGA,FOE,ASPD,0.018975491911316825,0.20242395084283205,min_last10,true
adult,IID,Fed-NGA,S-DFA,ACC,0.8325254000929677,0.8202403878079554,max_last10,true
adult,IID,Fed-NGA,S-DFA,AEOD,0.07639443841176796,0.15018470271915996,min_last10,true
adult,IID,Fed-NGA,S-DFA,ASPD,0.009754189685467013,0.05156935487255497,min_last10,true
adult,IID,Fed-NGA,Sp-DFA,ACC,0.827478584235341,0.827478584235341,max_last10,true
adult,IID,Fed-NGA,Sp-DFA,AEOD,0.035577622267373654,0.09268894828266744,min_last10,true
adult,IID,Fed-NGA,Sp-DFA,ASPD,0.06643581764451906,0.07029253621730912,min_last10,true
adult,IID,Huber-BRFL,Benign,ACC,0.8316621289594263,0.8309316687695066,max_last10,true
adult,IID,Huber-BRFL,Benign,AEOD,0.06268753737895216,0.0669825110773079,min_last10,true
adult,IID,Huber-BRFL,Benign,ASPD,0.11013650128037031,0.1158594594234576,min_last10,true
adult,IID,Huber-BRFL,F Flip,ACC,0.8294707483896673,0.8282754498970715,max_last10,true
adult,IID,Huber-BRFL,F Flip,AEOD,0.00648558736150151,0.03332474605161162,min_last10,true
adult,IID,Huber-BRFL,F Flip,ASPD,0.142470931924936,0.14327452613379366,min_last10,true
adult,IID,Huber-BRFL,FOE,ACC,0.8365761338734312,0.8362441065143768,max_last10,true
adult,IID,Huber-BRFL,FOE,AEOD,0.024394925087867336,0.04468908994425502,min_last10,true
adult,IID,Huber-BRFL,FOE,ASPD,0.11201935158050091,0.11593799928734351,min_last10,true
adult,IID,Huber-BRFL,S-DFA,ACC,0.8367753502888639,0.8354472408526462,max_last10,true
adult,IID,Huber-BRFL,S-DFA,AEOD,0.028962940072007504,0.060097072460473244,min_last10,true
adult,IID,Huber-BRFL,S-DFA,ASPD,0.10979323292508253,0.10979323292508253,min_last10,true
adult,IID,Huber-BRFL,Sp-DFA,ACC,0.8319277508466698,0.8319277508466698,max_last10,true
adult,IID,Huber-BRFL,Sp-DFA,AEOD,0.03307512462506801,0.04032442788425561,min_last10,true
adult,IID,Huber-BRFL,Sp-DFA,ASPD,0.13128218103215944,0.13351698621658492,min_last10,true
adult,IID,LoGoFair,Benign,ACC,0.8211700644133076,0.8211700644133076,max_last10,true
adult,IID,LoGoFair,Benign,AEOD,0.01067374365307533,0.01349155257101503,min_last10,true
adult,IID,LoGoFair,Benign,ASPD,0.07105797389459304,0.07492111207311578,min_last10,true
adult,IID,LoGoFair,F Flip,ACC,0.8368417557606747,0.8220333355468491,max_last10,true
adult,IID,LoGoFair,F Flip,AEOD,0.001351497243025579,0.011491725078270898,min_last10,true
adult,IID,LoGoFair,F Flip,ASPD,0.07036162722400721,0.07377047799060242,min_last10,true
adult,IID,LoGoFair,FOE,ACC,0.7556942692077827,0.755561458264161,max_last10,true
adult,IID,LoGoFair,FOE,AEOD,0.02143031363761252,0.02143031363761252,min_last10,false
adult,IID,LoGoFair,FOE,ASPD,0.002054675059819692,0.002054675059819692,min_last10,false
adult,IID,LoGoFair,S-DFA,ACC,0.7552958363769174,0.7552958363769174,max_last10,true
adult,IID,LoGoFair,S-DFA,AEOD,0.022702983061729607,0.022702983061729607,min_last10,false
adult,IID,LoGoFair,S-DFA,ASPD,0.0024489190968786313,0.0024489190968786313,min_last10,false
adult,IID,LoGoFair,Sp-DFA,ACC,0.7833189454811077,0.7830533235938641,max_last10,true
adult,IID,LoGoFair,Sp-DFA,AEOD,0.024789635398488885,0.02638047217863526,min_last10,false
adult,IID,LoGoFair,Sp-DFA,ASPD,0.021475366628698707,0.021475366628698707,min_last10,false
adult,IID,AdaAggRL,Benign,ACC,0.8311308851849393,0.8311308851849393,max_last10,true
adult,IID,AdaAggRL,Benign,AEOD,0.06982316863840932,0.09204918627413461,min_last10,true
adult,IID,AdaAggRL,Benign,ASPD,0.1042530529939657,0.10638061064011936,min_last10,true
adult,IID,AdaAggRL,F Flip,ACC,0.8276778006507737,0.8276778006507737,max_last10,true
adult,IID,AdaAggRL,F Flip,AEOD,0.01946190302921602,0.04696024507454655,min_last10,true
adult,IID,AdaAggRL,F Flip,ASPD,0.1314453192628415,0.13450713015578097,min_last10,true
adult,IID,AdaAggRL,FOE,ACC,0.8282090444252607,0.8282090444252607,max_last10,true
adult,IID,AdaAggRL,FOE,AEOD,0.064005332873314,0.07377712633757383,min_last10,true
adult,IID,AdaAggRL,FOE,ASPD,0.11465784965917308,0.11549354189669417,min_last10,true
adult,IID,AdaAggRL,S-DFA,ACC,0.8284082608406933,0.8284082608406933,max_last10,true
adult,IID,AdaAggRL,S-DFA,AEOD,0.0613463220253494,0.07632246518580799,min_last10,true
adult,IID,AdaAggRL,S-DFA,ASPD,0.11271457482008351,0.11271457482008351,min_last10,true
adult,IID,AdaAggRL,Sp-DFA,ACC,0.8302676140513978,0.8300019921641544,max_last10,true
adult,IID,AdaAggRL,Sp-DFA,AEOD,0.03791560967891372,0.05793730446559597,min_last10,true
adult,IID,AdaAggRL,Sp-DFA,ASPD,0.12410233349057356,0.12445579296996201,min_last10,true
adult,IID,FedAMM,Benign,ACC,0.8291387210306129,0.8291387210306129,max_last10,true
adult,IID,FedAMM,Benign,AEOD,0.07150482877512421,0.1134794999117471,min_last10,true
adult,IID,FedAMM,Benign,ASPD,0.09948814076141096,0.09948814076141096,min_last10,true
adult,IID,FedAMM,F Flip,ACC,0.8284746663125041,0.8284746663125041,max_last10,true
adult,IID,FedAMM,F Flip,AEOD,0.06080081066985932,0.0719817942011286,min_last10,true
adult,IID,FedAMM,F Flip,ASPD,0.11582132295315184,0.11641268900874024,min_last10,true
adult,IID,FedAMM,FOE,ACC,0.8311308851849393,0.8311308851849393,max_last10,true
adult,IID,FedAMM,FOE,AEOD,0.04493814015471953,0.06689111650466029,min_last10,true
adult,IID,FedAMM,FOE,ASPD,0.11864522726989135,0.11864522726989135,min_last10,true
adult,IID,FedAMM,S-DFA,ACC,0.8311308851849393,0.8311308851849393,max_last10,true
adult,IID,FedAMM,S-DFA,AEOD,0.04493814015471953,0.06689111650466029,min_last10,true
adult,IID,FedAMM,S-DFA,ASPD,0.11864522726989135,0.11864522726989135,min_last10,true
adult,IID,FedAMM,Sp-DFA,ACC,0.8305996414104522,0.8300683976359652,max_last10,true
adult,IID,FedAMM,Sp-DFA,AEOD,0.03818865096469837,0.05307397076858844,min_last10,true
adult,IID,FedAMM,Sp-DFA,ASPD,0.12474920907448184,0.12686619443244448,min_last10,true
adult,IID,FedAA,Benign,ACC,0.8359120791553224,0.8358456736835115,max_last10,true
adult,IID,FedAA,Benign,AEOD,0.06602858022529912,0.09468591969501627,min_last10,true
adult,IID,FedAA,Benign,ASPD,0.08779864056021654,0.10106850726392433,min_last10,true
adult,IID,FedAA,F Flip,ACC,0.8349159970781592,0.8348495916063484,max_last10,true
adult,IID,FedAA,F Flip,AEOD,0.010622334205961037,0.07875584568254901,min_last10,true
adult,IID,FedAA,F Flip,ASPD,0.09856331631054506,0.10264056840152098,min_last10,true
adult,IID,FedAA,FOE,ACC,0.8359784846271333,0.8359784846271333,max_last10,true
adult,IID,FedAA,FOE,AEOD,0.04848424957344433,0.08066484981872457,min_last10,true
adult,IID,FedAA,FOE,ASPD,0.09676127279757471,0.09676127279757471,min_last10,true
adult,IID,FedAA,S-DFA,ACC,0.8349159970781592,0.8331230493392655,max_last10,true
adult,IID,FedAA,S-DFA,AEOD,0.035893504759086814,0.035893504759086814,min_last10,true
adult,IID,FedAA,S-DFA,ASPD,0.10208130037459602,0.12914555569290836,min_last10,true
adult,IID,FedAA,Sp-DFA,ACC,0.8343847533036722,0.8337206985855634,max_last10,true
adult,IID,FedAA,Sp-DFA,AEOD,0.05907402446289978,0.06882354050007689,min_last10,true
adult,IID,FedAA,Sp-DFA,ASPD,0.0948497148230582,0.11279311468396942,min_last10,true
adult,IID,GuardFed-AD2,Benign,ACC,0.8310644797131284,0.8310644797131284,max_last10,true
adult,IID,GuardFed-AD2,Benign,AEOD,0.0003278780293730632,0.02387511845593443,min_last10,true
adult,IID,GuardFed-AD2,Benign,ASPD,0.06392079666986161,0.09309373198121992,min_last10,true
adult,IID,GuardFed-AD2,F Flip,ACC,0.8224317683777144,0.8223653629059035,max_last10,true
adult,IID,GuardFed-AD2,F Flip,AEOD,0.0011744202585209362,0.0045525921500059185,min_last10,true
adult,IID,GuardFed-AD2,F Flip,ASPD,0.060520632432273465,0.07042582328133412,min_last10,true
adult,IID,GuardFed-AD2,FOE,ACC,0.8240919051729862,0.8208380370542533,max_last10,true
adult,IID,GuardFed-AD2,FOE,AEOD,0.006946558737292607,0.04353523346457977,min_last10,true
adult,IID,GuardFed-AD2,FOE,ASPD,0.05918382978351204,0.0611335242283343,min_last10,true
adult,IID,GuardFed-AD2,S-DFA,ACC,0.8220997410186599,0.8208380370542533,max_last10,true
adult,IID,GuardFed-AD2,S-DFA,AEOD,0.003787733820161787,0.009491897585526765,min_last10,true
adult,IID,GuardFed-AD2,S-DFA,ASPD,0.0628925162603598,0.06993528515828482,min_last10,true
adult,IID,GuardFed-AD2,Sp-DFA,ACC,0.8221661464904708,0.8221661464904708,max_last10,true
adult,IID,GuardFed-AD2,Sp-DFA,AEOD,0.009378225585796374,0.027786234949170374,min_last10,true
adult,IID,GuardFed-AD2,Sp-DFA,ASPD,0.05918156286023767,0.06579572276916594,min_last10,true
adult,IID,GuardFed-AD2+,Benign,ACC,0.83345507669832,0.8209044425260641,max_last10,true
adult,IID,GuardFed-AD2+,Benign,AEOD,0.0034924151072943665,0.02662723752478363,min_last10,true
adult,IID,GuardFed-AD2+,Benign,ASPD,0.06326108187448795,0.06556650272197301,min_last10,true
adult,IID,GuardFed-AD2+,F Flip,ACC,0.8359120791553224,0.8199747659207118,max_last10,true
adult,IID,GuardFed-AD2+,F Flip,AEOD,0.0007117352344927497,0.019150590266135248,min_last10,true
adult,IID,GuardFed-AD2+,F Flip,ASPD,0.059706465935224814,0.06694408992840495,min_last10,true
adult,IID,GuardFed-AD2+,FOE,ACC,0.823693472342121,0.822630984793147,max_last10,true
adult,IID,GuardFed-AD2+,FOE,AEOD,0.0070373820938610665,0.048898381230753574,min_last10,true
adult,IID,GuardFed-AD2+,FOE,ASPD,0.06391249130494495,0.06391249130494495,min_last10,true
adult,IID,GuardFed-AD2+,S-DFA,ACC,0.8226973902649578,0.8189786838435487,max_last10,true
adult,IID,GuardFed-AD2+,S-DFA,AEOD,0.0011515716153590594,0.028127250948361493,min_last10,true
adult,IID,GuardFed-AD2+,S-DFA,ASPD,0.061994894888786144,0.062157651955377806,min_last10,true
adult,IID,GuardFed-AD2+,Sp-DFA,ACC,0.8384354870841357,0.8250879872501494,max_last10,true
adult,IID,GuardFed-AD2+,Sp-DFA,AEOD,0.004828489516185697,0.03935164690163828,min_last10,true
adult,IID,GuardFed-AD2+,Sp-DFA,ASPD,0.06696788259215172,0.07797576109340973,min_last10,true
adult,non-IID,FedAvg,Benign,ACC,0.838302676140514,0.838302676140514,max_last10,true
adult,non-IID,FedAvg,Benign,AEOD,0.020622614101839853,0.02516778044281809,min_last10,true
adult,non-IID,FedAvg,Benign,ASPD,0.12225836192766157,0.12305968921324481,min_last10,true
adult,non-IID,FedAvg,F Flip,ACC,0.8385682980277575,0.8378378378378378,max_last10,true
adult,non-IID,FedAvg,F Flip,AEOD,0.00010396132638657019,0.004441205014591665,min_last10,true
adult,non-IID,FedAvg,F Flip,ASPD,0.1384329397352691,0.14142640188842331,min_last10,true
adult,non-IID,FedAvg,FOE,ACC,0.7678464705491732,0.7678464705491732,max_last10,true
adult,non-IID,FedAvg,FOE,AEOD,0.010728009180584828,0.011046176536614098,min_last10,false
adult,non-IID,FedAvg,FOE,ASPD,0.01494087001465957,0.015144411638921731,min_last10,false
adult,non-IID,FedAvg,S-DFA,ACC,0.7651902516767382,0.7651902516767382,max_last10,true
adult,non-IID,FedAvg,S-DFA,AEOD,0.004750804129435279,0.0066598082656109045,min_last10,false
adult,non-IID,FedAvg,S-DFA,ASPD,0.011345469517725918,0.011936835573314326,min_last10,false
adult,non-IID,FedAvg,Sp-DFA,ACC,0.8010492064546119,0.8006507736237466,max_last10,true
adult,non-IID,FedAvg,Sp-DFA,AEOD,0.07632018032149182,0.0786610238134271,min_last10,true
adult,non-IID,FedAvg,Sp-DFA,ASPD,0.07165614072000454,0.0730295752439781,min_last10,true
adult,non-IID,FairFed,Benign,ACC,0.8379706487814595,0.8376386214224052,max_last10,true
adult,non-IID,FairFed,Benign,AEOD,0.011873297419074391,0.02428125308813689,min_last10,true
adult,non-IID,FairFed,Benign,ASPD,0.127689789725413,0.1290269735382648,min_last10,true
adult,non-IID,FairFed,F Flip,ACC,0.8379042433096487,0.8373065940633508,max_last10,true
adult,non-IID,FairFed,F Flip,AEOD,0.009603284720940963,0.009603284720940963,min_last10,true
adult,non-IID,FairFed,F Flip,ASPD,0.14540924565259283,0.146180741832787,min_last10,true
adult,non-IID,FairFed,FOE,ACC,0.7597450029882462,0.7597450029882462,max_last10,true
adult,non-IID,FairFed,FOE,AEOD,0.0037957308452684184,0.0037957308452684184,min_last10,false
adult,non-IID,FairFed,FOE,ASPD,0.005350239846500807,0.005350239846500807,min_last10,false
adult,non-IID,FairFed,S-DFA,ACC,0.759877813931868,0.7598114084600571,max_last10,true
adult,non-IID,FairFed,S-DFA,AEOD,0.0013640639967646313,0.0020003987088231742,min_last10,false
adult,non-IID,FairFed,S-DFA,ASPD,0.004949576203709175,0.005146698222238646,min_last10,false
adult,non-IID,FairFed,Sp-DFA,ACC,0.7918852513447108,0.7918852513447108,max_last10,true
adult,non-IID,FairFed,Sp-DFA,AEOD,0.08795413820344547,0.08954497498359182,min_last10,false
adult,non-IID,FairFed,Sp-DFA,ASPD,0.06106214623709393,0.061752073301947076,min_last10,false
adult,non-IID,Median,Benign,ACC,0.8282090444252607,0.8282090444252607,max_last10,true
adult,non-IID,Median,Benign,AEOD,0.07012191464775103,0.07012191464775103,min_last10,true
adult,non-IID,Median,Benign,ASPD,0.05595209995133539,0.07956369069392688,min_last10,true
adult,non-IID,Median,F Flip,ACC,0.8342519423600505,0.8340527259446179,max_last10,true
adult,non-IID,Median,F Flip,AEOD,0.002397965099840027,0.017327839757895758,min_last10,true
adult,non-IID,Median,F Flip,ASPD,0.10778461853639489,0.11790657138527348,min_last10,true
adult,non-IID,Median,FOE,ACC,0.8287402881997477,0.8287402881997477,max_last10,true
adult,non-IID,Median,FOE,AEOD,0.0017867638952595022,0.017739115334809707,min_last10,true
adult,non-IID,Median,FOE,ASPD,0.07834771706181548,0.09138194411259762,min_last10,true
adult,non-IID,Median,S-DFA,ACC,0.8266817185736105,0.826349691214556,max_last10,true
adult,non-IID,Median,S-DFA,AEOD,0.00008168389930374165,0.018103551193241862,min_last10,true
adult,non-IID,Median,S-DFA,ASPD,0.07254772364993585,0.08150620320483569,min_last10,true
adult,non-IID,Median,Sp-DFA,ACC,0.8327246165084002,0.8327246165084002,max_last10,true
adult,non-IID,Median,Sp-DFA,AEOD,0.023283338598041547,0.04509979430508987,min_last10,true
adult,non-IID,Median,Sp-DFA,ASPD,0.08356164059283616,0.0972299040160612,min_last10,true
adult,non-IID,FLTrust,Benign,ACC,0.8382362706687031,0.8352480244372136,max_last10,true
adult,non-IID,FLTrust,Benign,AEOD,0.003807155166849374,0.01512523055708992,min_last10,true
adult,non-IID,FLTrust,Benign,ASPD,0.08007764031663263,0.10328403356988378,min_last10,true
adult,non-IID,FLTrust,F Flip,ACC,0.8386347034995684,0.836177701042566,max_last10,true
adult,non-IID,FLTrust,F Flip,AEOD,0.00035072667253488454,0.016535563056257363,min_last10,true
adult,non-IID,FLTrust,F Flip,ASPD,0.14437227871408398,0.1616231034227773,min_last10,true
adult,non-IID,FLTrust,FOE,ACC,0.8375722159505943,0.8357792682117007,max_last10,true
adult,non-IID,FLTrust,FOE,AEOD,0.0002616169642035704,0.0002616169642035704,min_last10,true
adult,non-IID,FLTrust,FOE,ASPD,0.07957538641312113,0.12281271494394741,min_last10,true
adult,non-IID,FLTrust,S-DFA,ACC,0.8375722159505943,0.8357792682117007,max_last10,true
adult,non-IID,FLTrust,S-DFA,AEOD,0.0002616169642035704,0.0002616169642035704,min_last10,true
adult,non-IID,FLTrust,S-DFA,ASPD,0.07957538641312113,0.12281271494394741,min_last10,true
adult,non-IID,FLTrust,Sp-DFA,ACC,0.8400956238794076,0.8358456736835115,max_last10,true
adult,non-IID,FLTrust,Sp-DFA,AEOD,0.003081710746459465,0.012621590482626233,min_last10,true
adult,non-IID,FLTrust,Sp-DFA,ASPD,0.13798091924661593,0.14858775294099189,min_last10,true
adult,non-IID,FairGuard,Benign,ACC,0.839365163689488,0.8385682980277575,max_last10,true
adult,non-IID,FairGuard,Benign,AEOD,0.0006020617473158074,0.004670833878368641,min_last10,true
adult,non-IID,FairGuard,Benign,ASPD,0.12199212884116609,0.13097401989572233,min_last10,true
adult,non-IID,FairGuard,F Flip,ACC,0.8387675144431901,0.8381698651968922,max_last10,true
adult,non-IID,FairGuard,F Flip,AEOD,0.00023762588888354141,0.0029874600934167717,min_last10,true
adult,non-IID,FairGuard,F Flip,ASPD,0.12798093890665851,0.13276549112050165,min_last10,true
adult,non-IID,FairGuard,FOE,ACC,0.7542997542997543,0.7542997542997543,max_last10,true
adult,non-IID,FairGuard,FOE,AEOD,0,0,min_last10,false
adult,non-IID,FairGuard,FOE,ASPD,0,0,min_last10,false
adult,non-IID,FairGuard,S-DFA,ACC,0.7542997542997543,0.7542997542997543,max_last10,true
adult,non-IID,FairGuard,S-DFA,AEOD,0,0,min_last10,false
adult,non-IID,FairGuard,S-DFA,ASPD,0,0,min_last10,false
adult,non-IID,FairGuard,Sp-DFA,ACC,0.8347167806627266,0.8264825021581779,max_last10,true
adult,non-IID,FairGuard,Sp-DFA,AEOD,0.001394909665033195,0.001394909665033195,min_last10,true
adult,non-IID,FairGuard,Sp-DFA,ASPD,0.06928048537355025,0.08391849042650215,min_last10,true
adult,non-IID,FLTrust+FairGuard,Benign,ACC,0.8387675144431901,0.8387675144431901,max_last10,true
adult,non-IID,FLTrust+FairGuard,Benign,AEOD,0.00360208859447142,0.00360208859447142,min_last10,true
adult,non-IID,FLTrust+FairGuard,Benign,ASPD,0.08307790323960988,0.11537758776814744,min_last10,true
adult,non-IID,FLTrust+FairGuard,F Flip,ACC,0.8402284348230294,0.8385682980277575,max_last10,true
adult,non-IID,FLTrust+FairGuard,F Flip,AEOD,0.0009185154551079044,0.02450802587151868,min_last10,true
adult,non-IID,FLTrust+FairGuard,F Flip,ASPD,0.1238024777190531,0.13536509040068734,min_last10,true
adult,non-IID,FLTrust+FairGuard,FOE,ACC,0.8369745667042965,0.8347167806627266,max_last10,true
adult,non-IID,FLTrust+FairGuard,FOE,AEOD,0.0018998646789109008,0.012963748913975448,min_last10,true
adult,non-IID,FLTrust+FairGuard,FOE,ASPD,0.09166855944729442,0.1089831990492243,min_last10,true
adult,non-IID,FLTrust+FairGuard,S-DFA,ACC,0.8375058104787835,0.8375058104787835,max_last10,true
adult,non-IID,FLTrust+FairGuard,S-DFA,AEOD,0.0037397516695218957,0.030829674218333714,min_last10,true
adult,non-IID,FLTrust+FairGuard,S-DFA,ASPD,0.09010291791543044,0.15651907551739314,min_last10,true
adult,non-IID,FLTrust+FairGuard,Sp-DFA,ACC,0.8408260840693274,0.8387011089713793,max_last10,true
adult,non-IID,FLTrust+FairGuard,Sp-DFA,AEOD,0.002532200878416102,0.0073972482236607795,min_last10,true
adult,non-IID,FLTrust+FairGuard,Sp-DFA,ASPD,0.09981702518760394,0.12309517759618585,min_last10,true
adult,non-IID,GuardFed,Benign,ACC,0.8360448900989441,0.8332558602828873,max_last10,true
adult,non-IID,GuardFed,Benign,AEOD,0.001717075533615775,0.026874574087011105,min_last10,true
adult,non-IID,GuardFed,Benign,ASPD,0.06117846146846315,0.10017086583108276,min_last10,true
adult,non-IID,GuardFed,F Flip,ACC,0.8364433229298094,0.8364433229298094,max_last10,true
adult,non-IID,GuardFed,F Flip,AEOD,0.0036220811572381106,0.00828320436226293,min_last10,true
adult,non-IID,GuardFed,F Flip,ASPD,0.07097867170252639,0.12529599899276386,min_last10,true
adult,non-IID,GuardFed,FOE,ACC,0.8354472408526462,0.8176505744073311,max_last10,true
adult,non-IID,GuardFed,FOE,AEOD,0.0015771275942492169,0.042058068684163785,min_last10,true
adult,non-IID,GuardFed,FOE,ASPD,0.051962435356074865,0.06426179810187505,min_last10,true
adult,non-IID,GuardFed,S-DFA,ACC,0.8354472408526462,0.8176505744073311,max_last10,true
adult,non-IID,GuardFed,S-DFA,AEOD,0.0015771275942492169,0.042058068684163785,min_last10,true
adult,non-IID,GuardFed,S-DFA,ASPD,0.051962435356074865,0.06426179810187505,min_last10,true
adult,non-IID,GuardFed,Sp-DFA,ACC,0.8395643801049206,0.8395643801049206,max_last10,true
adult,non-IID,GuardFed,Sp-DFA,AEOD,0.005263184952340572,0.05605400505297742,min_last10,true
adult,non-IID,GuardFed,Sp-DFA,ASPD,0.052283415642709455,0.14289536817020654,min_last10,true
adult,non-IID,FLGMM,Benign,ACC,0.8144631117604091,0.8144631117604091,max_last10,true
adult,non-IID,FLGMM,Benign,AEOD,0.07859819004473195,0.09936932032712403,min_last10,true
adult,non-IID,FLGMM,Benign,ASPD,0.04733462182844894,0.06141299775165346,min_last10,true
adult,non-IID,FLGMM,F Flip,ACC,0.8278770170662062,0.8217677136596055,max_last10,true
adult,non-IID,FLGMM,F Flip,AEOD,0.014946439924348132,0.02828033685754605,min_last10,true
adult,non-IID,FLGMM,F Flip,ASPD,0.054688540991730386,0.11778612353271384,min_last10,true
adult,non-IID,FLGMM,FOE,ACC,0.8132678132678133,0.8129357859087589,max_last10,true
adult,non-IID,FLGMM,FOE,AEOD,0.0590351817695246,0.10848250165224249,min_last10,true
adult,non-IID,FLGMM,FOE,ASPD,0.03358856080825083,0.05360326652008299,min_last10,true
adult,non-IID,FLGMM,S-DFA,ACC,0.8178497908227638,0.8165216813865462,max_last10,true
adult,non-IID,FLGMM,S-DFA,AEOD,0.029056048292892156,0.07518974370105747,min_last10,true
adult,non-IID,FLGMM,S-DFA,ASPD,0.04845805283167003,0.06597813987831395,min_last10,true
adult,non-IID,FLGMM,Sp-DFA,ACC,0.8174513579918985,0.8137990570423003,max_last10,true
adult,non-IID,FLGMM,Sp-DFA,AEOD,0.050965612220825296,0.0800999171165469,min_last10,true
adult,non-IID,FLGMM,Sp-DFA,ASPD,0.04689883090553876,0.051358250150288984,min_last10,true
adult,non-IID,FLAURA,Benign,ACC,0.8267481240454213,0.8254200146092038,max_last10,true
adult,non-IID,FLAURA,Benign,AEOD,0.03496299376631895,0.03966695817727239,min_last10,true
adult,non-IID,FLAURA,Benign,ASPD,0.09026116119674131,0.10611022487116555,min_last10,true
adult,non-IID,FLAURA,F Flip,ACC,0.8329902383956438,0.8329902383956438,max_last10,true
adult,non-IID,FLAURA,F Flip,AEOD,0.00017307847195130455,0.008761883436504525,min_last10,true
adult,non-IID,FLAURA,F Flip,ASPD,0.07421684120170366,0.12990760301591472,min_last10,true
adult,non-IID,FLAURA,FOE,ACC,0.8197091440334684,0.8197091440334684,max_last10,true
adult,non-IID,FLAURA,FOE,AEOD,0.042103765970487594,0.05146542628999151,min_last10,true
adult,non-IID,FLAURA,FOE,ASPD,0.050570885507174326,0.06284003598349504,min_last10,true
adult,non-IID,FLAURA,S-DFA,ACC,0.8118068928879739,0.8118068928879739,max_last10,true
adult,non-IID,FLAURA,S-DFA,AEOD,0.03351324735769723,0.06401047381802538,min_last10,true
adult,non-IID,FLAURA,S-DFA,ASPD,0.050204967980410894,0.05158935595666589,min_last10,true
adult,non-IID,FLAURA,Sp-DFA,ACC,0.833986320472807,0.8295371538614782,max_last10,true
adult,non-IID,FLAURA,Sp-DFA,AEOD,0.001877016035749024,0.0054636817960861395,min_last10,true
adult,non-IID,FLAURA,Sp-DFA,ASPD,0.08863696082383443,0.13398146475261308,min_last10,true
adult,non-IID,LayerGuard,Benign,ACC,0.8368417557606747,0.8352480244372136,max_last10,true
adult,non-IID,LayerGuard,Benign,AEOD,0.009963722066819725,0.04541567679680303,min_last10,true
adult,non-IID,LayerGuard,Benign,ASPD,0.11452943748325135,0.12855192271404559,min_last10,true
adult,non-IID,LayerGuard,F Flip,ACC,0.8378378378378378,0.8378378378378378,max_last10,true
adult,non-IID,LayerGuard,F Flip,AEOD,0.006125721231701853,0.00698939994322112,min_last10,true
adult,non-IID,LayerGuard,F Flip,ASPD,0.1348224331035957,0.13621739336804173,min_last10,true
adult,non-IID,LayerGuard,FOE,ACC,0.8176505744073311,0.8176505744073311,max_last10,true
adult,non-IID,LayerGuard,FOE,AEOD,0.07468421747110071,0.09768480411001396,min_last10,true
adult,non-IID,LayerGuard,FOE,ASPD,0.07570318054150096,0.10269908712002805,min_last10,true
adult,non-IID,LayerGuard,S-DFA,ACC,0.815592004781194,0.8117404874161631,max_last10,true
adult,non-IID,LayerGuard,S-DFA,AEOD,0.061138970588655306,0.06941246427757447,min_last10,true
adult,non-IID,LayerGuard,S-DFA,ASPD,0.06756755401265682,0.08297139796825095,min_last10,true
adult,non-IID,LayerGuard,Sp-DFA,ACC,0.8402948402948403,0.8402948402948403,max_last10,true
adult,non-IID,LayerGuard,Sp-DFA,AEOD,0.0024659398132467203,0.014738517271574936,min_last10,true
adult,non-IID,LayerGuard,Sp-DFA,ASPD,0.11146044465639844,0.13213107358396836,min_last10,true
adult,non-IID,SmartFL,Benign,ACC,0.8373729995351616,0.8368417557606747,max_last10,true
adult,non-IID,SmartFL,Benign,AEOD,0.016236245830836715,0.019940582103457505,min_last10,true
adult,non-IID,SmartFL,Benign,ASPD,0.11945144950484579,0.12766222554329826,min_last10,true
adult,non-IID,SmartFL,F Flip,ACC,0.838302676140514,0.8348495916063484,max_last10,true
adult,non-IID,SmartFL,F Flip,AEOD,0.0016491008202091928,0.028761872012182943,min_last10,true
adult,non-IID,SmartFL,F Flip,ASPD,0.13797865232334158,0.16411695975978477,min_last10,true
adult,non-IID,SmartFL,FOE,ACC,0.8116740819443522,0.8090842685437281,max_last10,true
adult,non-IID,SmartFL,FOE,AEOD,0.03350239425219531,0.053095676979592166,min_last10,true
adult,non-IID,SmartFL,FOE,ASPD,0.04629045289475871,0.07509785184344395,min_last10,true
adult,non-IID,SmartFL,S-DFA,ACC,0.8143967062885982,0.8143967062885982,max_last10,true
adult,non-IID,SmartFL,S-DFA,AEOD,0.041801592664671594,0.041801592664671594,min_last10,true
adult,non-IID,SmartFL,S-DFA,ASPD,0.07127965090505005,0.08167160835879209,min_last10,true
adult,non-IID,SmartFL,Sp-DFA,ACC,0.8379042433096487,0.8371737831197291,max_last10,true
adult,non-IID,SmartFL,Sp-DFA,AEOD,0.003285063670600219,0.009967149363294014,min_last10,true
adult,non-IID,SmartFL,Sp-DFA,ASPD,0.13262425979438242,0.1466051981393254,min_last10,true
adult,non-IID,FLTG,Benign,ACC,0.8379042433096487,0.8370409721761073,max_last10,true
adult,non-IID,FLTG,Benign,AEOD,0.0028526530987614818,0.0028526530987614818,min_last10,true
adult,non-IID,FLTG,Benign,ASPD,0.07826010950483214,0.12768298895558994,min_last10,true
adult,non-IID,FLTG,F Flip,ACC,0.8389003253868119,0.8389003253868119,max_last10,true
adult,non-IID,FLTG,F Flip,AEOD,0.00017193603979326344,0.00017193603979326344,min_last10,true
adult,non-IID,FLTG,F Flip,ASPD,0.14260460015305143,0.14260460015305143,min_last10,true
adult,non-IID,FLTG,FOE,ACC,0.8389667308586227,0.8368417557606747,max_last10,true
adult,non-IID,FLTG,FOE,AEOD,0.0016485296041301445,0.05373486777204595,min_last10,true
adult,non-IID,FLTG,FOE,ASPD,0.10199443508452555,0.12867425632578922,min_last10,true
adult,non-IID,FLTG,S-DFA,ACC,0.8389667308586227,0.8368417557606747,max_last10,true
adult,non-IID,FLTG,S-DFA,AEOD,0.0016485296041301445,0.05373486777204595,min_last10,true
adult,non-IID,FLTG,S-DFA,ASPD,0.10199443508452555,0.12867425632578922,min_last10,true
adult,non-IID,FLTG,Sp-DFA,ACC,0.8400956238794076,0.8397635965203533,max_last10,true
adult,non-IID,FLTG,Sp-DFA,AEOD,0.00501356352579696,0.017554612541277548,min_last10,true
adult,non-IID,FLTG,Sp-DFA,ASPD,0.13376394042461437,0.13376394042461437,min_last10,true
adult,non-IID,FedDNA,Benign,ACC,0.8349824025499701,0.834517564247294,max_last10,true
adult,non-IID,FedDNA,Benign,AEOD,0.0005786418880747712,0.012714127487431837,min_last10,true
adult,non-IID,FedDNA,Benign,ASPD,0.12416953873808766,0.1271263690160297,min_last10,true
adult,non-IID,FedDNA,F Flip,ACC,0.8345839697191049,0.8329238329238329,max_last10,true
adult,non-IID,FedDNA,F Flip,AEOD,0.03680687926948323,0.03680687926948323,min_last10,true
adult,non-IID,FedDNA,F Flip,ASPD,0.1607658854447838,0.16269443531322397,min_last10,true
adult,non-IID,FedDNA,FOE,ACC,0.8358456736835115,0.835580051796268,max_last10,true
adult,non-IID,FedDNA,FOE,AEOD,0.032258856848109696,0.049393054355208355,min_last10,true
adult,non-IID,FedDNA,FOE,ASPD,0.11339844338202645,0.12277307387854805,min_last10,true
adult,non-IID,FedDNA,S-DFA,ACC,0.8376386214224052,0.8365761338734312,max_last10,true
adult,non-IID,FedDNA,S-DFA,AEOD,0.01666865640267534,0.034939573907078025,min_last10,true
adult,non-IID,FedDNA,S-DFA,ASPD,0.12201818842818722,0.12591607272273816,min_last10,true
adult,non-IID,FedDNA,Sp-DFA,ACC,0.8372401885915399,0.8365761338734312,max_last10,true
adult,non-IID,FedDNA,Sp-DFA,AEOD,0.002464226165009409,0.002464226165009409,min_last10,true
adult,non-IID,FedDNA,Sp-DFA,ASPD,0.13215675200689914,0.14009148499884588,min_last10,true
adult,non-IID,LASA,Benign,ACC,0.8377050268942161,0.8368417557606747,max_last10,true
adult,non-IID,LASA,Benign,AEOD,0.018645064036178494,0.04166621445393737,min_last10,true
adult,non-IID,LASA,Benign,ASPD,0.12370467903796913,0.1263918858751381,min_last10,true
adult,non-IID,LASA,F Flip,ACC,0.8384354870841357,0.8381698651968922,max_last10,true
adult,non-IID,LASA,F Flip,AEOD,0.0003084566826854207,0.005145514440056842,min_last10,true
adult,non-IID,LASA,F Flip,ASPD,0.14199208952108097,0.14341914781419046,min_last10,true
adult,non-IID,LASA,FOE,ACC,0.8365097284016203,0.8360448900989441,max_last10,true
adult,non-IID,LASA,FOE,AEOD,0.02275896223747631,0.024145303661323725,min_last10,true
adult,non-IID,LASA,FOE,ASPD,0.11557962479731598,0.12321602667410378,min_last10,true
adult,non-IID,LASA,S-DFA,ACC,0.8365097284016203,0.8360448900989441,max_last10,true
adult,non-IID,LASA,S-DFA,AEOD,0.02275896223747631,0.024145303661323725,min_last10,true
adult,non-IID,LASA,S-DFA,ASPD,0.11557962479731598,0.12321602667410378,min_last10,true
adult,non-IID,LASA,Sp-DFA,ACC,0.839365163689488,0.839365163689488,max_last10,true
adult,non-IID,LASA,Sp-DFA,AEOD,0.0024442336022427735,0.009125748078857576,min_last10,true
adult,non-IID,LASA,Sp-DFA,ASPD,0.12585753394296317,0.13819503315906914,min_last10,true
adult,non-IID,Fed-NGA,Benign,ACC,0.8309316687695066,0.8309316687695066,max_last10,true
adult,non-IID,Fed-NGA,Benign,AEOD,0.0525307442774145,0.0525307442774145,min_last10,true
adult,non-IID,Fed-NGA,Benign,ASPD,0.06544001642777106,0.09811091465780153,min_last10,true
adult,non-IID,Fed-NGA,F Flip,ACC,0.8259512583836908,0.8251543927219603,max_last10,true
adult,non-IID,Fed-NGA,F Flip,AEOD,0.0022831506679514835,0.07132489571022438,min_last10,true
adult,non-IID,Fed-NGA,F Flip,ASPD,0.0812720882082716,0.09675712011511638,min_last10,true
adult,non-IID,Fed-NGA,FOE,ACC,0.8237598778139319,0.8152599774221396,max_last10,true
adult,non-IID,Fed-NGA,FOE,AEOD,0.027465211512745835,0.1287555315137055,min_last10,true
adult,non-IID,Fed-NGA,FOE,ASPD,0.0329473625631624,0.049365885388612224,min_last10,true
adult,non-IID,Fed-NGA,S-DFA,ACC,0.8281426389534498,0.8124709476060827,max_last10,true
adult,non-IID,Fed-NGA,S-DFA,AEOD,0.027537755954784804,0.059645811758026024,min_last10,true
adult,non-IID,Fed-NGA,S-DFA,ASPD,0.04881981767597514,0.0666099093274825,min_last10,true
adult,non-IID,Fed-NGA,Sp-DFA,ACC,0.8240254997011753,0.8185138455408726,max_last10,true
adult,non-IID,Fed-NGA,Sp-DFA,AEOD,0.055076654341727704,0.09114323757276577,min_last10,true
adult,non-IID,Fed-NGA,Sp-DFA,ASPD,0.06663370199122928,0.06663370199122928,min_last10,true
adult,non-IID,Huber-BRFL,Benign,ACC,0.8370409721761073,0.8367753502888639,max_last10,true
adult,non-IID,Huber-BRFL,Benign,AEOD,0.013941099625225162,0.017531763898115615,min_last10,true
adult,non-IID,Huber-BRFL,Benign,ASPD,0.127844241427088,0.1294533156039872,min_last10,true
adult,non-IID,Huber-BRFL,F Flip,ACC,0.8369745667042965,0.8368417557606747,max_last10,true
adult,non-IID,Huber-BRFL,F Flip,AEOD,0.013648636992752983,0.01953444747125499,min_last10,true
adult,non-IID,Huber-BRFL,F Flip,ASPD,0.145850693853055,0.1482890406617426,min_last10,true
adult,non-IID,Huber-BRFL,FOE,ACC,0.8394979746331098,0.8391659472740554,max_last10,true
adult,non-IID,Huber-BRFL,FOE,AEOD,0.000056550391825671564,0.0037608866644465166,min_last10,true
adult,non-IID,Huber-BRFL,FOE,ASPD,0.1118335441170753,0.11612302436132045,min_last10,true
adult,non-IID,Huber-BRFL,S-DFA,ACC,0.8398300019921642,0.8397635965203533,max_last10,true
adult,non-IID,Huber-BRFL,S-DFA,AEOD,0.027100204438234687,0.03207721013497267,min_last10,true
adult,non-IID,Huber-BRFL,S-DFA,ASPD,0.11813880062265361,0.12532318201078824,min_last10,true
adult,non-IID,Huber-BRFL,Sp-DFA,ACC,0.8397635965203533,0.8397635965203533,max_last10,true
adult,non-IID,Huber-BRFL,Sp-DFA,AEOD,0.009830057504322753,0.011557414927361287,min_last10,true
adult,non-IID,Huber-BRFL,Sp-DFA,ASPD,0.1369949279898782,0.14203022599138673,min_last10,true
adult,non-IID,LoGoFair,Benign,ACC,0.823693472342121,0.8234942559266883,max_last10,true
adult,non-IID,LoGoFair,Benign,AEOD,0.017173040200474,0.044330366246613406,min_last10,true
adult,non-IID,LoGoFair,Benign,ASPD,0.06950252348682971,0.07039599217594503,min_last10,true
adult,non-IID,LoGoFair,F Flip,ACC,0.8372401885915399,0.823693472342121,max_last10,true
adult,non-IID,LoGoFair,F Flip,AEOD,0.0004198438180996744,0.04517119631497085,min_last10,true
adult,non-IID,LoGoFair,F Flip,ASPD,0.07003384616754954,0.07028459195521491,min_last10,true
adult,non-IID,LoGoFair,FOE,ACC,0.7784049405671027,0.7783385350952918,max_last10,true
adult,non-IID,LoGoFair,FOE,AEOD,0.000632336199505229,0.00327649542941455,min_last10,false
adult,non-IID,LoGoFair,FOE,ASPD,0.02286805996987039,0.023780787476183757,min_last10,false
adult,non-IID,LoGoFair,S-DFA,ACC,0.7779401022644266,0.7779401022644266,max_last10,true
adult,non-IID,LoGoFair,S-DFA,AEOD,0.00454116782842498,0.0051775025404835195,min_last10,false
adult,non-IID,LoGoFair,S-DFA,ASPD,0.02366296764972095,0.02407005089824528,min_last10,false
adult,non-IID,LoGoFair,Sp-DFA,ACC,0.7964672288996614,0.7962016070124178,max_last10,true
adult,non-IID,LoGoFair,Sp-DFA,AEOD,0.034694522209166745,0.034694522209166745,min_last10,false
adult,non-IID,LoGoFair,Sp-DFA,ASPD,0.026825626536467417,0.03631316184881275,min_last10,false
adult,non-IID,AdaAggRL,Benign,ACC,0.8365761338734312,0.8364433229298094,max_last10,true
adult,non-IID,AdaAggRL,Benign,AEOD,0.00469139765721438,0.014622560407528407,min_last10,true
adult,non-IID,AdaAggRL,Benign,ASPD,0.1313773316258787,0.13386514952124384,min_last10,true
adult,non-IID,AdaAggRL,F Flip,ACC,0.8367753502888639,0.8367753502888639,max_last10,true
adult,non-IID,AdaAggRL,F Flip,AEOD,0.0061714185180256065,0.0061714185180256065,min_last10,true
adult,non-IID,AdaAggRL,F Flip,ASPD,0.1399948097487651,0.1401084768927696,min_last10,true
adult,non-IID,AdaAggRL,FOE,ACC,0.8362441065143768,0.835580051796268,max_last10,true
adult,non-IID,AdaAggRL,FOE,AEOD,0.013123118200029538,0.02039527010237907,min_last10,true
adult,non-IID,AdaAggRL,FOE,ASPD,0.12338105066396977,0.1279428024363527,min_last10,true
adult,non-IID,AdaAggRL,S-DFA,ACC,0.8353808353808354,0.8349159970781592,max_last10,true
adult,non-IID,AdaAggRL,S-DFA,AEOD,0.009736949283437935,0.01796360325387525,min_last10,true
adult,non-IID,AdaAggRL,S-DFA,ASPD,0.12274248044497818,0.12821922664694885,min_last10,true
adult,non-IID,AdaAggRL,Sp-DFA,ACC,0.8375058104787835,0.8375058104787835,max_last10,true
adult,non-IID,AdaAggRL,Sp-DFA,AEOD,0.009193722792264158,0.009193722792264158,min_last10,true
adult,non-IID,AdaAggRL,Sp-DFA,ASPD,0.13928335694343955,0.13928335694343955,min_last10,true
adult,non-IID,FedAMM,Benign,ACC,0.8353808353808354,0.8353808353808354,max_last10,true
adult,non-IID,FedAMM,Benign,AEOD,0.012350262845078785,0.025349427155955118,min_last10,true
adult,non-IID,FedAMM,Benign,ASPD,0.12661657207578234,0.12738580133270214,min_last10,true
adult,non-IID,FedAMM,F Flip,ACC,0.8372401885915399,0.8365097284016203,max_last10,true
adult,non-IID,FedAMM,F Flip,AEOD,0.0011715641781256947,0.009830628720401746,min_last10,true
adult,non-IID,FedAMM,F Flip,ASPD,0.1365859589821699,0.14619584796752677,min_last10,true
adult,non-IID,FedAMM,FOE,ACC,0.8363769174579986,0.8362441065143768,max_last10,true
adult,non-IID,FedAMM,FOE,AEOD,0.02048666467502669,0.027531472577915328,min_last10,true
adult,non-IID,FedAMM,FOE,ASPD,0.11559246400878138,0.12182975293866481,min_last10,true
adult,non-IID,FedAMM,S-DFA,ACC,0.8363769174579986,0.8362441065143768,max_last10,true
adult,non-IID,FedAMM,S-DFA,AEOD,0.02048666467502669,0.027531472577915328,min_last10,true
adult,non-IID,FedAMM,S-DFA,ASPD,0.11559246400878138,0.12182975293866481,min_last10,true
adult,non-IID,FedAMM,Sp-DFA,ACC,0.8378378378378378,0.8369745667042965,max_last10,true
adult,non-IID,FedAMM,Sp-DFA,AEOD,0.0024899308885665272,0.0028960655207691532,min_last10,true
adult,non-IID,FedAMM,Sp-DFA,ASPD,0.1347174524885983,0.1391315533291293,min_last10,true
adult,non-IID,FedAA,Benign,ACC,0.8332558602828873,0.8332558602828873,max_last10,true
adult,non-IID,FedAA,Benign,AEOD,0.0005118096068262856,0.018328039112307293,min_last10,true
adult,non-IID,FedAA,Benign,ASPD,0.10516652276719192,0.11363408303495207,min_last10,true
adult,non-IID,FedAA,F Flip,ACC,0.8345839697191049,0.8345839697191049,max_last10,true
adult,non-IID,FedAA,F Flip,AEOD,0.0042389945226090076,0.02423784066612933,min_last10,true
adult,non-IID,FedAA,F Flip,ASPD,0.10010177482438468,0.13591717649369883,min_last10,true
adult,non-IID,FedAA,FOE,ACC,0.8414901387874361,0.8384354870841357,max_last10,true
adult,non-IID,FedAA,FOE,AEOD,0.013531537696548357,0.013531537696548357,min_last10,true
adult,non-IID,FedAA,FOE,ASPD,0.12604332134512086,0.13772828769976658,min_last10,true
adult,non-IID,FedAA,S-DFA,ACC,0.8400292184075968,0.8397635965203533,max_last10,true
adult,non-IID,FedAA,S-DFA,AEOD,0.0020112518143250435,0.0020112518143250435,min_last10,true
adult,non-IID,FedAA,S-DFA,ASPD,0.11999484906885023,0.11999484906885023,min_last10,true
adult,non-IID,FedAA,Sp-DFA,ACC,0.8392987582176772,0.8375058104787835,max_last10,true
adult,non-IID,FedAA,Sp-DFA,AEOD,0.0032142328767983397,0.054711076051137564,min_last10,true
adult,non-IID,FedAA,Sp-DFA,ASPD,0.11611245207312941,0.12215791515921283,min_last10,true
adult,non-IID,GuardFed-AD2,Benign,ACC,0.8255528255528255,0.8183810345972509,max_last10,true
adult,non-IID,GuardFed-AD2,Benign,AEOD,0.00021991819043315486,0.026831732881082537,min_last10,true
adult,non-IID,GuardFed-AD2,Benign,ASPD,0.04163770321111487,0.06384829524761804,min_last10,true
adult,non-IID,GuardFed-AD2,F Flip,ACC,0.8332558602828873,0.8206388206388207,max_last10,true
adult,non-IID,GuardFed-AD2,F Flip,AEOD,0.0009470762590602089,0.03962640183565996,min_last10,true
adult,non-IID,GuardFed-AD2,F Flip,ASPD,0.06334680367228732,0.06334680367228732,min_last10,true
adult,non-IID,GuardFed-AD2,FOE,ACC,0.8282754498970715,0.8274121787635301,max_last10,true
adult,non-IID,GuardFed-AD2,FOE,AEOD,0.003237652736039376,0.049668951721388244,min_last10,true
adult,non-IID,GuardFed-AD2,FOE,ASPD,0.06248128032937712,0.07941565859798458,min_last10,true
adult,non-IID,GuardFed-AD2,S-DFA,ACC,0.8270801514044758,0.8211036589414967,max_last10,true
adult,non-IID,GuardFed-AD2,S-DFA,AEOD,0.010719440939399083,0.041830724684703,min_last10,true
adult,non-IID,GuardFed-AD2,S-DFA,ASPD,0.046856902855597106,0.06642787338242485,min_last10,true
adult,non-IID,GuardFed-AD2,Sp-DFA,ACC,0.8256192310246364,0.819908360448901,max_last10,true
adult,non-IID,GuardFed-AD2,Sp-DFA,AEOD,0.008242076804571563,0.03074056451000229,min_last10,true
adult,non-IID,GuardFed-AD2,Sp-DFA,ASPD,0.042462441996354544,0.06661215618948896,min_last10,true
adult,non-IID,GuardFed-AD2+,Benign,ACC,0.8230294176240123,0.819908360448901,max_last10,true
adult,non-IID,GuardFed-AD2+,Benign,AEOD,0.0034244403938877843,0.02734639856830401,min_last10,true
adult,non-IID,GuardFed-AD2+,Benign,ASPD,0.04835421570894373,0.07308470360820761,min_last10,true
adult,non-IID,GuardFed-AD2+,F Flip,ACC,0.8390331363304336,0.8216349027159838,max_last10,true
adult,non-IID,GuardFed-AD2+,F Flip,AEOD,0.00019249981863889154,0.030649741153433774,min_last10,true
adult,non-IID,GuardFed-AD2+,F Flip,ASPD,0.058796005352185786,0.0648101126765186,min_last10,true
adult,non-IID,GuardFed-AD2+,FOE,ACC,0.8304004249950195,0.8304004249950195,max_last10,true
adult,non-IID,GuardFed-AD2+,FOE,AEOD,0.0014017642579817746,0.03601060405529144,min_last10,true
adult,non-IID,GuardFed-AD2+,FOE,ASPD,0.04476864523328826,0.09190042758185207,min_last10,true
adult,non-IID,GuardFed-AD2+,S-DFA,ACC,0.8297363702769108,0.8203067932797663,max_last10,true
adult,non-IID,GuardFed-AD2+,S-DFA,AEOD,0.01976407633503191,0.04310339410882008,min_last10,true
adult,non-IID,GuardFed-AD2+,S-DFA,ASPD,0.05328112267990935,0.06138427001599966,min_last10,true
adult,non-IID,GuardFed-AD2+,Sp-DFA,ACC,0.8347831861345375,0.8222325519622817,max_last10,true
adult,non-IID,GuardFed-AD2+,Sp-DFA,AEOD,0.0070807945158686825,0.02701337959421951,min_last10,true
adult,non-IID,GuardFed-AD2+,Sp-DFA,ASPD,0.06541885179012111,0.06899687922904066,min_last10,true
