distribution,alpha,seed,client_id,sample_count,Male0_Smiling0,Male0_Smiling1,Male1_Smiling0,Male1_Smiling1,Male0_count,Male1_count,Smiling0_count,Smiling1_count,Male1_fraction,Smiling1_fraction,joint_tvd_from_client_pool,empty_client,missing_sensitive_group,missing_label,missing_joint_cell,minimum_joint_support,nominal_attack_client_first4,ordered_image_ids_sha256,ordered_joint_rows_sha256,reference_id,reference_result_sha256
IID,5000.0,91001,0,7351,1920,2332,1887,1212,4252,3099,3807,3544,0.4215752958781118,0.4821112773772276,0.010202098267487955,False,False,False,False,1212,True,049fd58c81a17fd2d975cc1a99e614765d2b34ede1d56ae6942c0210f686179f,71468b9f67ec74ebb5942e3d8caf08f46e5004dbc0367a574119ad0fe2059fc3,GuardFed-AD2+_IID_Benign_seed91001,53d7549279d9d0196d91998810a4cfe42b661f5e2951b9d2830b7d7561a00163
IID,5000.0,91001,1,7320,1909,2305,1826,1280,4214,3106,3735,3585,0.4243169398907104,0.48975409836065575,0.010359178466872412,False,False,False,False,1280,True,b0bf155c9525f5f523c5312feca92e0a76d25212a9f30764b79d805f855e5687,a640b3d397b975de5afb1cc31fa12f4c0a8d9e8270e8687b06f041b83f1269fe,GuardFed-AD2+_IID_Benign_seed91001,53d7549279d9d0196d91998810a4cfe42b661f5e2951b9d2830b7d7561a00163
IID,5000.0,91001,2,7305,1930,2265,1923,1187,4195,3110,3853,3452,0.42573579739904177,0.4725530458590007,0.011389315740689451,False,False,False,False,1187,True,2cea4a3f0b4744ba5a3e63bf4a266f6d9a64eb92b68af6679826940e7e4e9aba,6cd8001bdd876738b8e9355b3268df421dbf87a84ed314427b698e8122a61b9f,GuardFed-AD2+_IID_Benign_seed91001,53d7549279d9d0196d91998810a4cfe42b661f5e2951b9d2830b7d7561a00163
IID,5000.0,91001,3,7336,1957,2240,1899,1240,4197,3139,3856,3480,0.42788985823336967,0.4743729552889858,0.008518284164984152,False,False,False,False,1240,True,6eee98b5fe0e3f12e2708c252f3dce5ad806d71d42c038b4d73aadefc6e0a1b1,ba8c88533a15bc7a971c791d2b3e4c3c38dd93e7cb44e75eff8e97f242d7b3c5,GuardFed-AD2+_IID_Benign_seed91001,53d7549279d9d0196d91998810a4cfe42b661f5e2951b9d2830b7d7561a00163
IID,5000.0,91001,4,7261,1982,2217,1867,1195,4199,3062,3849,3412,0.4217049993113896,0.46990772620851123,0.009487193685272108,False,False,False,False,1195,False,884424d8f5729437a9bf26ad5d7a7cfe77b63b986ba23089104d71850db12111,9e63923364d735f4e10a25f9f33ca59986de91c92d7686f7604c92ca9d876b82,GuardFed-AD2+_IID_Benign_seed91001,53d7549279d9d0196d91998810a4cfe42b661f5e2951b9d2830b7d7561a00163
IID,5000.0,91001,5,7406,1987,2353,1865,1201,4340,3066,3852,3554,0.41398865784499056,0.4798811774237105,0.005836982652064809,False,False,False,False,1201,False,78e327ad9e3f567ae079117045413aebefc866e0b2a43b789993372d088240f4,765b60c86399e2eb1f6b698605dc2d77220622a8fc9a4469b42cc28ba5e5a0a9,GuardFed-AD2+_IID_Benign_seed91001,53d7549279d9d0196d91998810a4cfe42b661f5e2951b9d2830b7d7561a00163
IID,5000.0,91001,6,7410,1984,2320,1860,1246,4304,3106,3844,3566,0.41916329284750337,0.4812415654520918,0.0018466455583084629,False,False,False,False,1246,False,c203186f3911bfce6f4463b4e35e016a76124a94b8c0205531ef05a750c84ae7,5969dccbb089bc060e96fa528c2b0ff370be79dae106e9a324d5bd71bceaad07,GuardFed-AD2+_IID_Benign_seed91001,53d7549279d9d0196d91998810a4cfe42b661f5e2951b9d2830b7d7561a00163
IID,5000.0,91001,7,7412,1942,2341,1867,1262,4283,3129,3809,3603,0.42215326497571504,0.4861036157582299,0.006742487348450357,False,False,False,False,1262,False,aee8019855c888dfd8c448d1293181199598ef8bcf6ca24604b5b9b3a9eead91,69d41541597032c60f4d772c0f241a72ba6563b0b9259df6c8f4bb49019bb067,GuardFed-AD2+_IID_Benign_seed91001,53d7549279d9d0196d91998810a4cfe42b661f5e2951b9d2830b7d7561a00163
IID,5000.0,91001,8,7233,1893,2275,1804,1261,4168,3065,3697,3536,0.4237522466473109,0.48887045485967096,0.009475534965887628,False,False,False,False,1261,False,ab7046f0234eb24f2841c8301ae0bdf19a5ebe16025491577a7182eaa02d4210,a58995bfe5799a6f9e739b5105fd5717db3ff4e2cfae547137e2f8b4d4291aca,GuardFed-AD2+_IID_Benign_seed91001,53d7549279d9d0196d91998810a4cfe42b661f5e2951b9d2830b7d7561a00163
IID,5000.0,91001,9,7259,1953,2263,1823,1220,4216,3043,3776,3483,0.41920374707259955,0.47981815677090506,0.0008459706475299478,False,False,False,False,1220,False,dea115540fa7684d2bec9b045fcb58b981242b75c972d5b06fcd72f1883bc5c6,54ced9ea5942eb2d3abe48e4f645d5ed0ba6a89c3979a3f2656fc57283975c40,GuardFed-AD2+_IID_Benign_seed91001,53d7549279d9d0196d91998810a4cfe42b661f5e2951b9d2830b7d7561a00163
IID,5000.0,91001,10,7287,1904,2387,1802,1194,4291,2996,3706,3581,0.4111431316042267,0.4914230822011802,0.015691261305066526,False,False,False,False,1194,False,a415dbb78fd5d64aded70da35d06b1512804fa1b61e6d2072f76342a7a864f1a,48e9a043a74c6c9409b5ff99497cfb83f2551e6dfaee3385f3fce1abc5503222,GuardFed-AD2+_IID_Benign_seed91001,53d7549279d9d0196d91998810a4cfe42b661f5e2951b9d2830b7d7561a00163
IID,5000.0,91001,11,7403,2068,2249,1818,1268,4317,3086,3886,3517,0.4168580305281643,0.47507767121437255,0.014361544443143456,False,False,False,False,1268,False,538ec2c4d5456f820ca49f47ff685b83374d26fee8d436291b748ff8c27cd0c9,76db979c3720bb73a618cc638432222ea91730f61a0f290d2e2c4ccd51c51034,GuardFed-AD2+_IID_Benign_seed91001,53d7549279d9d0196d91998810a4cfe42b661f5e2951b9d2830b7d7561a00163
IID,5000.0,91001,12,7365,1995,2271,1895,1204,4266,3099,3890,3475,0.4207739307535642,0.47182620502376105,0.007568714870022308,False,False,False,False,1204,False,9402b1d1a7e518a693eb610336beeff3f2e5e8c6cce9118a9e7ffeb350dc67f5,93129b92a37201104946ccd6a66b1cf970c1c73a602e8635958e2b0fe89453cb,GuardFed-AD2+_IID_Benign_seed91001,53d7549279d9d0196d91998810a4cfe42b661f5e2951b9d2830b7d7561a00163
IID,5000.0,91001,13,7383,2056,2232,1825,1270,4288,3095,3881,3502,0.4192062847081132,0.4743329269944467,0.014227799688256881,False,False,False,False,1270,False,94a51761bdd0fe0ebdfac88d618d66daa9e84768fe617d78687a7c8dbf9ee11c,9f148a05ffcc51845940a7af5193c0008a14311a6fc9852f32b4ee85397fdeb8,GuardFed-AD2+_IID_Benign_seed91001,53d7549279d9d0196d91998810a4cfe42b661f5e2951b9d2830b7d7561a00163
IID,5000.0,91001,14,7284,1941,2293,1839,1211,4234,3050,3780,3504,0.4187259747391543,0.48105436573311366,0.003537309658407775,False,False,False,False,1211,False,019c75c1f82c9c3b6e39b29b9d0cb9ffe22c6d772c97f7ff2445928b5c8a0719,e73b62f2afa142902d089b066a9bff406ac63e474fc3eceb07d487b423890988,GuardFed-AD2+_IID_Benign_seed91001,53d7549279d9d0196d91998810a4cfe42b661f5e2951b9d2830b7d7561a00163
IID,5000.0,91001,15,7387,2022,2286,1840,1239,4308,3079,3862,3525,0.41681332069852445,0.4771896575064302,0.005184618760151444,False,False,False,False,1239,False,ec99ff063b4d0c7ed1240294f4272f6602b2511600f3bd9e1e36a3262d411d91,721d5eb35d11539f978ae30f67513df5088f9bb4c9b9b0426edccf0a6daa245a,GuardFed-AD2+_IID_Benign_seed91001,53d7549279d9d0196d91998810a4cfe42b661f5e2951b9d2830b7d7561a00163
IID,5000.0,91001,16,7302,2017,2242,1783,1260,4259,3043,3800,3502,0.4167351410572446,0.4795946316077787,0.012514576557234924,False,False,False,False,1260,False,bdf31a0d54d2f8d34f73a706004b2dbceb6132f0b8e6452bdabd5bfeaf612a64,690aa22f3e68dd059f95967cbedb9e988494d40a5f5c933dfbcc5d35494101df,GuardFed-AD2+_IID_Benign_seed91001,53d7549279d9d0196d91998810a4cfe42b661f5e2951b9d2830b7d7561a00163
IID,5000.0,91001,17,7252,1967,2272,1793,1220,4239,3013,3760,3492,0.41547159404302264,0.4815223386651958,0.004612897342779143,False,False,False,False,1220,False,dd7b5695cdb9958ec75099acf9ba884fee69e374e35d9e297f267981ca08088b,1993a3e2d101a099bfbd79f4d7a25ecfa158ed4de1d9ecf246a9d2e54a1c0991,GuardFed-AD2+_IID_Benign_seed91001,53d7549279d9d0196d91998810a4cfe42b661f5e2951b9d2830b7d7561a00163
IID,5000.0,91001,18,7255,1995,2268,1812,1180,4263,2992,3807,3448,0.4124052377670572,0.47525844245348037,0.006966336301328327,False,False,False,False,1180,False,2e6bf0714ac5aa2cce8ae28aeff1a351f101e8521f68de3e7dc63878e884f73c,df8cde68cb900a0ef4fdf7fd8ddcf08e226de290a60fea5c7c4e9d05edac7660,GuardFed-AD2+_IID_Benign_seed91001,53d7549279d9d0196d91998810a4cfe42b661f5e2951b9d2830b7d7561a00163
IID,5000.0,91001,19,7282,1948,2277,1867,1190,4225,3057,3815,3467,0.4198022521285361,0.4761054655314474,0.005341009392098486,False,False,False,False,1190,False,11e61b5bd2f631bf34562a054dbf15b67db246cdb54d101570cc18095e621cf7,b63315c57343febcc01ba8435b380cf878f98477e20672d5678d1c0dee5b4958,GuardFed-AD2+_IID_Benign_seed91001,53d7549279d9d0196d91998810a4cfe42b661f5e2951b9d2830b7d7561a00163
IID,5000.0,91002,0,7231,1894,2279,1823,1235,4173,3058,3717,3514,0.42290139676393307,0.48596321393998065,0.006945104614857714,False,False,False,False,1235,True,22307fbc7f6e94ce9d1f2b9e367e84c93c1671791177e43e57b9ad26be1852d7,3ecc5169398dbbe55067ceb5aa75aaf480fda1c3a69b59e2f3e7254961059c48,GuardFed-AD2+_IID_Benign_seed91002,986651fc2026dd623545da81ee114209b0b11bb3ea85fe855b5b9a344538351d
IID,5000.0,91002,1,7256,2014,2223,1789,1230,4237,3019,3803,3453,0.41606945975744214,0.47588202866593166,0.010682001723635592,False,False,False,False,1230,True,21272846a75b5ff8447d8cc771b1f7933068373c9ca6f0a6d48cb52778bbe618,11401308189a0567d83529ead4174d5710b06d2fb25faa714d5288bae65fdfad,GuardFed-AD2+_IID_Benign_seed91002,986651fc2026dd623545da81ee114209b0b11bb3ea85fe855b5b9a344538351d
IID,5000.0,91002,2,7271,1936,2290,1873,1172,4226,3045,3809,3462,0.41878696190345205,0.47613808279466374,0.008944758584528534,False,False,False,False,1172,True,c05cd350a1bf032ba539dd5f9e1ab7fee33ca9ce865aaa679141aac3d6c97588,ce9961bb49588723f893d43c5b201b19408720c6d5bf3e744d3371b248954a7c,GuardFed-AD2+_IID_Benign_seed91002,986651fc2026dd623545da81ee114209b0b11bb3ea85fe855b5b9a344538351d
IID,5000.0,91002,3,7486,2017,2368,1849,1252,4385,3101,3866,3620,0.41423991450707986,0.4835693294149078,0.005131659561305665,False,False,False,False,1252,True,cc6573e1f7f7553eadb90d52b1100cbfde57ce16a847c3acc682945657467bde,39043b0e767669a49f366a4c30b01958cf0fd2b5f516a1d3f05690b7e6106d55,GuardFed-AD2+_IID_Benign_seed91002,986651fc2026dd623545da81ee114209b0b11bb3ea85fe855b5b9a344538351d
IID,5000.0,91002,4,7424,1981,2374,1856,1213,4355,3069,3837,3587,0.41338900862068967,0.4831627155172414,0.00801819639434341,False,False,False,False,1213,False,9d40c331e34f43c34ef6095bf2f620f4dd3670019034f5546fc2eaf49de12d9b,c2bb20296dc871d82f4b2c3ac44fc4ba445ec1e8cb82fef7faf03e75b904938c,GuardFed-AD2+_IID_Benign_seed91002,986651fc2026dd623545da81ee114209b0b11bb3ea85fe855b5b9a344538351d
IID,5000.0,91002,5,7208,1920,2258,1841,1189,4178,3030,3761,3447,0.42036625971143177,0.47821864594894564,0.005069974213917555,False,False,False,False,1189,False,48d55cd660b9d1f568f8ee7e87e19fb6564bce0bf6af16f71b2da3cb106cb2a2,fac05b896d5d7cf44cebe7af62c070b28479f8949a72daf760552ccdbb6ec1fa,GuardFed-AD2+_IID_Benign_seed91002,986651fc2026dd623545da81ee114209b0b11bb3ea85fe855b5b9a344538351d
IID,5000.0,91002,6,7394,2047,2254,1856,1237,4301,3093,3903,3491,0.4183121449824182,0.4721395726264539,0.007973175996073945,False,False,False,False,1237,False,8871b186cde6019df3b420fd9f62719a142d2e2098a945f97806e0962651f0f9,f62268f9ba38082ca5089d6473f1d3a2d6442f3cda99dfe127f0ed66bdc886de,GuardFed-AD2+_IID_Benign_seed91002,986651fc2026dd623545da81ee114209b0b11bb3ea85fe855b5b9a344538351d
IID,5000.0,91002,7,7516,2028,2348,1866,1274,4376,3140,3894,3622,0.4177754124534327,0.4819052687599787,0.0035778546046808524,False,False,False,False,1274,False,1137138f5685bc39bebf5113117405118a4acedadc8522d643b22f2dd2d2dc32,2f94aa801fe5c51e7e41cd56c2b2d29977daeda75882b3ded292553f84fb220b,GuardFed-AD2+_IID_Benign_seed91002,986651fc2026dd623545da81ee114209b0b11bb3ea85fe855b5b9a344538351d
IID,5000.0,91002,8,7288,1905,2257,1856,1270,4162,3126,3761,3527,0.4289242590559824,0.4839462129527991,0.009552684987596899,False,False,False,False,1270,False,482849763149edd32cc63a4ccd795cea52eeafba12666ced2efe0a7dd133fb52,5fd457b58ea57e46866200f25a5c0d063c472e11e2482f652e31ca9ce16944e6,GuardFed-AD2+_IID_Benign_seed91002,986651fc2026dd623545da81ee114209b0b11bb3ea85fe855b5b9a344538351d
IID,5000.0,91002,9,7353,1985,2255,1837,1276,4240,3113,3822,3531,0.4233646130830953,0.48021215830273356,0.007096173739917694,False,False,False,False,1276,False,9f40bb5049d905ea59772a23cdb74b60902c8c54eccc65c546ca8a64784e5635,559d6bf1e87dd0e89102fdff28a0023136a2b6011ce9a489fe88f17dd3d29c93,GuardFed-AD2+_IID_Benign_seed91002,986651fc2026dd623545da81ee114209b0b11bb3ea85fe855b5b9a344538351d
IID,5000.0,91002,10,7240,1982,2220,1827,1211,4202,3038,3809,3431,0.41961325966850826,0.4738950276243094,0.005383845768958562,False,False,False,False,1211,False,da0098dc769f8403a65c32a4b6566e31e3561b839510e6d3435293a006f521d9,2b5dff333b44f1aeba37f378fab142f34d3a9f3f4fcdc69d9c8a2fbb52cda2d4,GuardFed-AD2+_IID_Benign_seed91002,986651fc2026dd623545da81ee114209b0b11bb3ea85fe855b5b9a344538351d
IID,5000.0,91002,11,7243,1930,2240,1860,1213,4170,3073,3790,3453,0.4242717106171476,0.47673615905011735,0.0049514574682629625,False,False,False,False,1213,False,6649a14d1eb06d0ef08ed7f35b7df2ab42c188d7de42e6269959ab9bb63e454d,22d6f92d05e20798d9595c757876ce1cfe2b55f72837794a3f14d2ea7e091310,GuardFed-AD2+_IID_Benign_seed91002,986651fc2026dd623545da81ee114209b0b11bb3ea85fe855b5b9a344538351d
IID,5000.0,91002,12,7333,1988,2272,1870,1203,4260,3073,3858,3475,0.41906450293195147,0.4738851765989363,0.005393696794331632,False,False,False,False,1203,False,5e95975fb9581886a0a6c7967a92bb87c21aeb97df53d7295716004b3bec662d,f12f8ae7d3362da711ae9e68776b7037361b6eb4b272c2ff7c2902855b60ccef,GuardFed-AD2+_IID_Benign_seed91002,986651fc2026dd623545da81ee114209b0b11bb3ea85fe855b5b9a344538351d
IID,5000.0,91002,13,7423,1976,2340,1899,1208,4316,3107,3875,3548,0.4185639229422067,0.47797386501414524,0.007459190889507972,False,False,False,False,1208,False,304609dd2a00e6bb21cb50e6a505ed213082ba5f5d07c5fddc953cf79ec6f9e2,17e18016df41f7d008f4255d5a48586acb089c680c730f0009170d4348dce06b,GuardFed-AD2+_IID_Benign_seed91002,986651fc2026dd623545da81ee114209b0b11bb3ea85fe855b5b9a344538351d
IID,5000.0,91002,14,7350,1989,2247,1847,1267,4236,3114,3836,3514,0.4236734693877551,0.4780952380952381,0.006596918958445747,False,False,False,False,1267,False,d656fb4d149344043f4bf89b5477212045f5b5338627e444baf99d316d953e57,ecce07e6f5cf695fcb16e923feb094737bd27574006b1b5b9be159afba716b37,GuardFed-AD2+_IID_Benign_seed91002,986651fc2026dd623545da81ee114209b0b11bb3ea85fe855b5b9a344538351d
IID,5000.0,91002,15,7331,2010,2301,1835,1185,4311,3020,3845,3486,0.4119492565816396,0.4755149365707271,0.007422317486745933,False,False,False,False,1185,False,444ae6873acdf6b78c935bbf347990563f2b82e5b7ccbf40f8a870b0074d80e4,bdf50e51a1d47e711028dd6add24c64beb9fa4db0f2bf2e5bd2d405ede0492df,GuardFed-AD2+_IID_Benign_seed91002,986651fc2026dd623545da81ee114209b0b11bb3ea85fe855b5b9a344538351d
IID,5000.0,91002,16,7320,1948,2260,1836,1276,4208,3112,3784,3536,0.42513661202185793,0.4830601092896175,0.006793576999650719,False,False,False,False,1276,False,8213a67b2d8b3a6998d73cb1032cb810c00ba0545b8a964c992fb37ce4014a1e,d28b87766205053fe5869534ba9b0514964b608ef00f052d93b73404ea19c159,GuardFed-AD2+_IID_Benign_seed91002,986651fc2026dd623545da81ee114209b0b11bb3ea85fe855b5b9a344538351d
IID,5000.0,91002,17,7238,1952,2206,1840,1240,4158,3080,3792,3446,0.425531914893617,0.476098369715391,0.006975184445286511,False,False,False,False,1240,False,5f3513c54b308a5e243aebb0dc7c323cb340d0759d6e6577c4810337ec3558da,1fdb464b38115829412372857b91889762c0f064b3bc6893afcd3c07cdbc8dc2,GuardFed-AD2+_IID_Benign_seed91002,986651fc2026dd623545da81ee114209b0b11bb3ea85fe855b5b9a344538351d
IID,5000.0,91002,18,7239,1829,2362,1828,1220,4191,3048,3657,3582,0.42105263157894735,0.49481972648155825,0.016213708356606057,False,False,False,False,1220,False,ddd7cb420bcf8817fd174bad3058d8ea8cf522c0dbfb5971f5d2970c43b040de,180bee421d34e6b404702cb37194ee69239a3b1757607fe717e0b5da10305451,GuardFed-AD2+_IID_Benign_seed91002,986651fc2026dd623545da81ee114209b0b11bb3ea85fe855b5b9a344538351d
IID,5000.0,91002,19,7349,2057,2316,1806,1170,4373,2976,3863,3486,0.40495305483739286,0.4743502517349299,0.014418519230992688,False,False,False,False,1170,False,8f12fe7e09a0824912ab925465a2debc12dccc18173da84dbca282d888a58a9e,aba254f11715bde05c3ddf5690099222004661910c3decac1bd631fbe82da97d,GuardFed-AD2+_IID_Benign_seed91002,986651fc2026dd623545da81ee114209b0b11bb3ea85fe855b5b9a344538351d
IID,5000.0,91003,0,7286,1988,2222,1834,1242,4210,3076,3822,3464,0.4221795223716717,0.47543233598682405,0.007301940898941955,False,False,False,False,1242,True,2569cf4c2f23a2a6dfc6c4fda9aeb773141f7b8178b61120156eeaa838ecd885,9484c44da175a1a801e19f665ed5d44de81192e199e6d1fb30c38ef247347975,GuardFed-AD2+_IID_Benign_seed91003,528ce14e8aa29c1a5af40b7807c0987855726f134af5472c092aef9fd75dde78
IID,5000.0,91003,1,7333,1897,2314,1861,1261,4211,3122,3758,3575,0.42574662484658393,0.4875221600981863,0.010076944477591387,False,False,False,False,1261,True,0addc1d667acd036cdf3b280a6a59b16ebfd249a0c63606d500f0d82d8ac8a63,db0d673eee0540e7f52e145f8fac73d6931501b430ed63e8e4e57e496e7f0954,GuardFed-AD2+_IID_Benign_seed91003,528ce14e8aa29c1a5af40b7807c0987855726f134af5472c092aef9fd75dde78
IID,5000.0,91003,2,7233,1974,2280,1765,1214,4254,2979,3739,3494,0.411862297801742,0.483063735656021,0.008107626259078127,False,False,False,False,1214,True,ad19cdaa123b66336a439b647fcd84c93b88ec98f2dcbc602a801c7605b9e188,2769260f5b2b428a3b40ce0039362d13cd77e8daadee4069c5541f5870591bbc,GuardFed-AD2+_IID_Benign_seed91003,528ce14e8aa29c1a5af40b7807c0987855726f134af5472c092aef9fd75dde78
IID,5000.0,91003,3,7375,1946,2351,1857,1221,4297,3078,3803,3572,0.41735593220338985,0.48433898305084744,0.006921756543697893,False,False,False,False,1221,True,5889a9b20400cef327401253f618dc6f8a1e0a52bd2704c6d57807e660007b97,9a5f37a22024cf37b6735e1d2b89f40780772befbf7f3a94269b8917601da4f2,GuardFed-AD2+_IID_Benign_seed91003,528ce14e8aa29c1a5af40b7807c0987855726f134af5472c092aef9fd75dde78
IID,5000.0,91003,4,7232,1911,2263,1801,1257,4174,3058,3712,3520,0.4228429203539823,0.48672566371681414,0.00762427320668739,False,False,False,False,1257,False,a33fcebd913fda1d26a4f2848caf66f35b9cd40da57719f21dbca4539f8d3ae8,ff981e62a409893e9a8b7abf8c87bbc32dd8604d1ac9a0259955500c0483fab4,GuardFed-AD2+_IID_Benign_seed91003,528ce14e8aa29c1a5af40b7807c0987855726f134af5472c092aef9fd75dde78
IID,5000.0,91003,5,7297,1979,2237,1887,1194,4216,3081,3866,3431,0.42222831300534464,0.47019323009455943,0.008908160415567329,False,False,False,False,1194,False,32cdb912c3fbf0062976d208281bdd5f8e788a0a54511e640b1f794de4e43c1e,1bc4e805ab1f3c3965d3c69de73a823d85fbe6a2f7133a25ac4bbd16da0e5755,GuardFed-AD2+_IID_Benign_seed91003,528ce14e8aa29c1a5af40b7807c0987855726f134af5472c092aef9fd75dde78
IID,5000.0,91003,6,7263,2023,2254,1772,1214,4277,2986,3795,3468,0.4111248795263665,0.4774886410574143,0.009764519158461785,False,False,False,False,1214,False,8f83318a2b55c1629b12907384d0764b8c5a1ced4869d7f3cbede82e51753a79,f0552e60868aecc3e0ef452d43730347b6760f04463a813b0222c9ce47fbb282,GuardFed-AD2+_IID_Benign_seed91003,528ce14e8aa29c1a5af40b7807c0987855726f134af5472c092aef9fd75dde78
IID,5000.0,91003,7,7271,1931,2278,1882,1180,4209,3062,3813,3458,0.421125017191583,0.4755879521386329,0.008149889767278276,False,False,False,False,1180,False,8652e4fd449851b6c980040abd0da9b51258c5a9a3cc7db368a9539e945f53ec,19c8e2853f859755cdbc224cf4dc9a3d13745bdcd60c4658e9c41138adf8d456,GuardFed-AD2+_IID_Benign_seed91003,528ce14e8aa29c1a5af40b7807c0987855726f134af5472c092aef9fd75dde78
IID,5000.0,91003,8,7270,1937,2282,1821,1230,4219,3051,3758,3512,0.4196698762035763,0.4830811554332875,0.003979764923160739,False,False,False,False,1230,False,470507b3a1b865419d763b91788a74097451201dec63395e545a2b655c6d1932,f4c8c3b84f786594f00185a99d916e669bb860d0a8cd8068ea182bca6f7ef7cf,GuardFed-AD2+_IID_Benign_seed91003,528ce14e8aa29c1a5af40b7807c0987855726f134af5472c092aef9fd75dde78
IID,5000.0,91003,9,7163,1963,2211,1809,1180,4174,2989,3772,3391,0.4172832612034064,0.47340499790590534,0.005696392604221404,False,False,False,False,1180,False,8fb93e53e009c64954c169f4413501bbcaea72e8afcdf0ba181b5367f5f437d5,74d7ef8721b04dd2bb4729fafcc877a0e6a04ccb8a6b7f7b86b46217e50d2af3,GuardFed-AD2+_IID_Benign_seed91003,528ce14e8aa29c1a5af40b7807c0987855726f134af5472c092aef9fd75dde78
IID,5000.0,91003,10,7392,2069,2267,1880,1176,4336,3056,3949,3443,0.4134199134199134,0.46577380952380953,0.013327580986317256,False,False,False,False,1176,False,1407b9a72348387307f75bf2fc066e19606b34040cdc71318387fcf5828fc4e7,263588008e26c898747f706a597698afb42bee7069d7cbd7261d03f7a6f12b90,GuardFed-AD2+_IID_Benign_seed91003,528ce14e8aa29c1a5af40b7807c0987855726f134af5472c092aef9fd75dde78
IID,5000.0,91003,11,7429,1910,2345,1921,1253,4255,3174,3831,3598,0.42724458204334365,0.48431821241082246,0.011669969567126168,False,False,False,False,1253,False,48e9636e3ce23617699605a255b9848536e09daf83be597fe66323590d5ad467,660a1dee50071dcde0133c4823a9f1f32b8c27edfa55af84c16941bf764acfb4,GuardFed-AD2+_IID_Benign_seed91003,528ce14e8aa29c1a5af40b7807c0987855726f134af5472c092aef9fd75dde78
IID,5000.0,91003,12,7367,2042,2219,1854,1252,4261,3106,3896,3471,0.4216098819057961,0.47115515135061764,0.011115081686246295,False,False,False,False,1252,False,9b0863862af302b0a53986256e493f084f8ccf71e6511c49cc74dcf7f3da714c,849c32dda6fec2e179857c8866a81084e42f09c4450922a8659cfd325b13f6fd,GuardFed-AD2+_IID_Benign_seed91003,528ce14e8aa29c1a5af40b7807c0987855726f134af5472c092aef9fd75dde78
IID,5000.0,91003,13,7418,1997,2320,1854,1247,4317,3101,3851,3567,0.4180372067942842,0.480857373955244,0.0021954916443436973,False,False,False,False,1247,False,200c9547adcdfe5636fe969f04841024915388ea928c3ad95b32f6304f6406f0,2dffd96779972ada35a8bdd9ffd3b7d21b4493cfa3f16ba9b52caa6fab2cb263,GuardFed-AD2+_IID_Benign_seed91003,528ce14e8aa29c1a5af40b7807c0987855726f134af5472c092aef9fd75dde78
IID,5000.0,91003,14,7311,1959,2311,1811,1230,4270,3041,3770,3541,0.41594857064697033,0.4843386677609082,0.0052372772507814636,False,False,False,False,1230,False,232dfce60ae766841291fa706cd440a3051b643366efe09af8a1e1c0e5e16738,0d77331b6a824b37e7c1b77df3c75316c6d77dcb11ab429f2cbfaa7df050a2e9,GuardFed-AD2+_IID_Benign_seed91003,528ce14e8aa29c1a5af40b7807c0987855726f134af5472c092aef9fd75dde78
IID,5000.0,91003,15,7532,2011,2403,1911,1207,4414,3118,3922,3610,0.41396707381837494,0.47928836962294213,0.008770247537724082,False,False,False,False,1207,False,1378067cad4e0bc09bb4b5ab96ee4d6ba3ae7aab07f314274a3c8bb15f586955,b2a6a946c9f6a4179ff7a6d53985b0e8fbf698f57a2b2138a666fd92b01bb176,GuardFed-AD2+_IID_Benign_seed91003,528ce14e8aa29c1a5af40b7807c0987855726f134af5472c092aef9fd75dde78
IID,5000.0,91003,16,7343,1937,2286,1854,1266,4223,3120,3791,3552,0.42489445730627806,0.48372599754868584,0.005522883237892601,False,False,False,False,1266,False,dd81605109f4156eaa10b7dc4d2b2eddbbc40620a5bbb549107fe9a5f620e2b4,2639799df09eb3151a119d0738590dad728e6308317984c4505f4f3a66de03f4,GuardFed-AD2+_IID_Benign_seed91003,528ce14e8aa29c1a5af40b7807c0987855726f134af5472c092aef9fd75dde78
IID,5000.0,91003,17,7315,2007,2245,1830,1233,4252,3063,3837,3478,0.41872863978127134,0.47546138072453864,0.0069114880618358215,False,False,False,False,1233,False,69a7376a775a5deb70545effc0810b84a05c2670558cdfcddbd0520ab36fae5f,06e54f2fb8375dc758bddec8c1d211f6d75d8dc35fa849b9e61ead897ee723e0,GuardFed-AD2+_IID_Benign_seed91003,528ce14e8aa29c1a5af40b7807c0987855726f134af5472c092aef9fd75dde78
IID,5000.0,91003,18,7266,1867,2291,1873,1235,4158,3108,3740,3526,0.4277456647398844,0.48527387833746216,0.011820342542866388,False,False,False,False,1235,False,0ef8e70e08c0b6cc96d319fd720cd732a7cd498e2a0f089f8f36e4f5547d87a5,12075d098749cc623b58fb60b3936693a78ac54a967b373a241099ff86d6c9ab,GuardFed-AD2+_IID_Benign_seed91003,528ce14e8aa29c1a5af40b7807c0987855726f134af5472c092aef9fd75dde78
IID,5000.0,91003,19,7397,2025,2306,1858,1208,4331,3066,3883,3514,0.4144923617682844,0.47505745572529406,0.0049891108249949245,False,False,False,False,1208,False,3c49170da0c18281c2c69a126dbf467f3372e5eb918bd1897e3e5a5617562d6c,ef943110429793b4a48547c86f0c376ac8583009f8a517d68a6ef821d4635091,GuardFed-AD2+_IID_Benign_seed91003,528ce14e8aa29c1a5af40b7807c0987855726f134af5472c092aef9fd75dde78
IID,5000.0,91004,0,7414,1953,2360,1856,1245,4313,3101,3809,3605,0.41826274615592124,0.4862422444024818,0.006014520210882196,False,False,False,False,1245,True,d6039826632b25fa78133a90dc655f8c0e1e1b697610c89e74802067614e1c2b,d953d003c395cd7b3969da592779a6914cd89ffb8fe30cc772a101b2b86e45ca,GuardFed-AD2+_IID_Benign_seed91004,4a468d2bd9f88488322775854cae00e3adb56dc825fcbcc5ec58cd8d839cabae
IID,5000.0,91004,1,7405,1963,2267,1884,1291,4230,3175,3847,3558,0.4287643484132343,0.4804861580013504,0.009392774344848795,False,False,False,False,1291,True,9a15b5c036455f6185623b0f493158b2d23a36bf0d3383129a73461fc74577ae,d809869d52c40505028916b96ee4ee25975f8a59c3ef11dc45b6e02f8510c94f,GuardFed-AD2+_IID_Benign_seed91004,4a468d2bd9f88488322775854cae00e3adb56dc825fcbcc5ec58cd8d839cabae
IID,5000.0,91004,2,7369,2016,2243,1835,1275,4259,3110,3851,3518,0.42203826842176684,0.4774053467227575,0.010661705653526615,False,False,False,False,1275,True,503eb8eb83e38b80f0d99d6ec83fe110f9dc25325c821ea8c4746493b3ae0dbd,021bc0cc61fa0246ad0eddebf04f65f3a5d18590fd6dcb7360f50f0104ce96c8,GuardFed-AD2+_IID_Benign_seed91004,4a468d2bd9f88488322775854cae00e3adb56dc825fcbcc5ec58cd8d839cabae
IID,5000.0,91004,3,7339,1922,2312,1848,1257,4234,3105,3770,3569,0.42308216378253166,0.48630603624471996,0.006281269488461472,False,False,False,False,1257,True,cc0c70d7266fe42886a24adb1d9108399d8f0984c7ce99f4c80db3636de733b4,ace9966c6a28277fabece90a10f76d19746441ac6a50a0ca4acf81ca70276e1d,GuardFed-AD2+_IID_Benign_seed91004,4a468d2bd9f88488322775854cae00e3adb56dc825fcbcc5ec58cd8d839cabae
IID,5000.0,91004,4,7447,1993,2366,1860,1228,4359,3088,3853,3594,0.41466362293541026,0.4826104471599302,0.00525321449718491,False,False,False,False,1228,False,2cb9e190b8f9cecbb53a0824a14d439062f91c52d34515b2ef2c1b6d3fdcbe6e,45539c2ed1b78762d7da371dc07a0b47e92e03fed17ac9d39a6d40b3b0a6c37b,GuardFed-AD2+_IID_Benign_seed91004,4a468d2bd9f88488322775854cae00e3adb56dc825fcbcc5ec58cd8d839cabae
IID,5000.0,91004,5,7237,1915,2278,1787,1257,4193,3044,3702,3535,0.42061627746303715,0.4884620699184745,0.008234345726874898,False,False,False,False,1257,False,66e02de008be4ac9b3d4d8fd973680fe32076ebaf24816e1c6778bf0b4403b34,f466cdad39b495a9e3f630a5707c65a58246bd544068f21b090917fb7933658b,GuardFed-AD2+_IID_Benign_seed91004,4a468d2bd9f88488322775854cae00e3adb56dc825fcbcc5ec58cd8d839cabae
IID,5000.0,91004,6,7354,2006,2291,1842,1215,4297,3057,3848,3506,0.41569214033179225,0.476747348381833,0.004606909990720373,False,False,False,False,1215,False,539742d50ec159684614d897c724115a52a9e21768f0a5302248a425a809f03f,d1e11d8e0902126ccd5e609f315899cbbf9429354c0d9ec3d5aad7ae93391344,GuardFed-AD2+_IID_Benign_seed91004,4a468d2bd9f88488322775854cae00e3adb56dc825fcbcc5ec58cd8d839cabae
IID,5000.0,91004,7,7275,1956,2249,1876,1194,4205,3070,3832,3443,0.4219931271477663,0.4732646048109966,0.006963119380603039,False,False,False,False,1194,False,8a3333ac888a54b951deffd57d223be6e0181f521de46ce8d39f33c5acb2a654,07053b622bcfbf66ae827a462503ca2373229d3a2561edc993045f145ba38f88,GuardFed-AD2+_IID_Benign_seed91004,4a468d2bd9f88488322775854cae00e3adb56dc825fcbcc5ec58cd8d839cabae
IID,5000.0,91004,8,7226,1939,2193,1870,1224,4132,3094,3809,3417,0.4281760309991697,0.472875726543039,0.008971209182713255,False,False,False,False,1224,False,95975bd2bd17c04101855338315ede6ea482a0c1584fc0677905728f55c5b992,9f1b6a70111cc09932c03758f1dc26c320214a60fed8f3468bb50f37680ab0b0,GuardFed-AD2+_IID_Benign_seed91004,4a468d2bd9f88488322775854cae00e3adb56dc825fcbcc5ec58cd8d839cabae
IID,5000.0,91004,9,7289,1967,2354,1763,1205,4321,2968,3730,3559,0.407188914803128,0.4882699958842091,0.012182659265257509,False,False,False,False,1205,False,aafcc2f829b10e3425f1ab6d847b6f8adaf57661f9a84aea3d795a4faa3932eb,1af53a2559a5375345438e0aae47f51d725cbfa6c36b354d8c5057a6c95fa474,GuardFed-AD2+_IID_Benign_seed91004,4a468d2bd9f88488322775854cae00e3adb56dc825fcbcc5ec58cd8d839cabae
IID,5000.0,91004,10,7245,2011,2212,1811,1211,4223,3022,3822,3423,0.4171152518978606,0.47246376811594204,0.009400928278725962,False,False,False,False,1211,False,53b32c4edc9fb23eb939813cac9d883d421c42fc9ae2046c46530ed63e32e28d,df5156bc0e9077d1953b0eca0e92461607b3883b74caab00baec6cc4b469411e,GuardFed-AD2+_IID_Benign_seed91004,4a468d2bd9f88488322775854cae00e3adb56dc825fcbcc5ec58cd8d839cabae
IID,5000.0,91004,11,7234,1907,2318,1802,1207,4225,3009,3709,3525,0.4159524467790987,0.48728227813104785,0.007972680884649433,False,False,False,False,1207,False,6813b73c08d8d9cf8573ed39e63eec59b63fae1c2d21a220d6d08bcc7a586f56,1f66e56d767efb416402036abab97205dad5bb1efcbd6c35de519254447987d7,GuardFed-AD2+_IID_Benign_seed91004,4a468d2bd9f88488322775854cae00e3adb56dc825fcbcc5ec58cd8d839cabae
IID,5000.0,91004,12,7433,1990,2296,1899,1248,4286,3147,3889,3544,0.4233822144490784,0.4767926812861563,0.004010640380692945,False,False,False,False,1248,False,7635ce43896615136d8157472888a28af1934c8c372d5d077a52eb937426090e,a8458640e5e408e109ce049e4608e98261bb854cb213ba7630efe0bd062e1843,GuardFed-AD2+_IID_Benign_seed91004,4a468d2bd9f88488322775854cae00e3adb56dc825fcbcc5ec58cd8d839cabae
IID,5000.0,91004,13,7264,1934,2282,1863,1185,4216,3048,3797,3467,0.4196035242290749,0.4772852422907489,0.006561165279175746,False,False,False,False,1185,False,b0ff87802c93298649ae3879214422651fbe365128587ac8e8d1f5be69692b8f,e53c80fd820e71fab25aea03899e13aa5a016f7fd3dad0984991769c788f144c,GuardFed-AD2+_IID_Benign_seed91004,4a468d2bd9f88488322775854cae00e3adb56dc825fcbcc5ec58cd8d839cabae
IID,5000.0,91004,14,7417,1963,2313,1919,1222,4276,3141,3882,3535,0.42348658487259,0.4766077929081839,0.007127479074762869,False,False,False,False,1222,False,0101d8095354bd0e2502dc87f9f534d5f94568c50dab50754edf204f97767d9e,03972b0464fb943c53641eb5ab062602e52db2041641a676efb74d1d6284f911,GuardFed-AD2+_IID_Benign_seed91004,4a468d2bd9f88488322775854cae00e3adb56dc825fcbcc5ec58cd8d839cabae
IID,5000.0,91004,15,7347,2016,2262,1839,1230,4278,3069,3855,3492,0.4177215189873418,0.47529603919967334,0.006227903190811027,False,False,False,False,1230,False,aff4bfa5640f947480f7bdf9f59fc13ebbd84fd702ce5a7b17689723482a46cf,28f45bdd79b55416fbf8cf5b1d164243de1672d046e79da07f1a254267f7279c,GuardFed-AD2+_IID_Benign_seed91004,4a468d2bd9f88488322775854cae00e3adb56dc825fcbcc5ec58cd8d839cabae
IID,5000.0,91004,16,7246,1964,2298,1783,1201,4262,2984,3747,3499,0.4118134142975435,0.48288711012972674,0.007558159770842038,False,False,False,False,1201,False,034663354a3aa72bced80f07422d710d47aefe03c2de434ac2331f30ae51b869,a4e444fa3cc3bebddc1a38a76ccece091995c008d1e400aaebd8a29903ac0b37,GuardFed-AD2+_IID_Benign_seed91004,4a468d2bd9f88488322775854cae00e3adb56dc825fcbcc5ec58cd8d839cabae
IID,5000.0,91004,17,7354,1963,2289,1837,1265,4252,3102,3800,3554,0.4218112591786783,0.4832744084851781,0.004246121385344984,False,False,False,False,1265,False,cb387677434ea8d22e77846b6c392188ce3a41686a7ed06aa94ddcb2c4bd2a6e,eea13ca6ca00a95b57faf08f5fde449215bd3f4da1f430e97a7e786d60611481,GuardFed-AD2+_IID_Benign_seed91004,4a468d2bd9f88488322775854cae00e3adb56dc825fcbcc5ec58cd8d839cabae
IID,5000.0,91004,18,7324,1979,2272,1871,1202,4251,3073,3850,3474,0.4195794647733479,0.4743309666848717,0.005896757506727926,False,False,False,False,1202,False,08fc733c45704e3ecb6042476bdc25790a7597f62ae8bc4dab395ab0328ce5cd,38651e2fc6259dfa1289d9a13c5dee196e47e4a7e8f3388a1b2cbc4d795af2cc,GuardFed-AD2+_IID_Benign_seed91004,4a468d2bd9f88488322775854cae00e3adb56dc825fcbcc5ec58cd8d839cabae
IID,5000.0,91004,19,7274,1928,2318,1813,1215,4246,3028,3741,3533,0.41627715149848776,0.4857025020621391,0.006210617114208464,False,False,False,False,1215,False,cfaf11aaf84f80728bede67bde9038ecf438afdb2f51adf3b04abf6966a4c28a,43609e2e275bc7287aab5afa5e82ee25cf8997e31cccbf64bac1127860cdb13b,GuardFed-AD2+_IID_Benign_seed91004,4a468d2bd9f88488322775854cae00e3adb56dc825fcbcc5ec58cd8d839cabae
IID,5000.0,91005,0,7352,1985,2278,1806,1283,4263,3089,3791,3561,0.4201577801958651,0.4843579978237214,0.008286101189443562,False,False,False,False,1283,True,cc4e0bba401923380066ed7dcc9c0629b20a60e5b96f8c285642487f9a4cfdb8,142d914ba41625b5847b0a37d25e12b99ec9f328e197cf134ab592469643b751,GuardFed-AD2+_IID_Benign_seed91005,bd2fcdfd42bd732a49ecf63a920515f0e6d849ea9bbe363c62bd7a2088d58826
IID,5000.0,91005,1,7243,1931,2240,1878,1194,4171,3072,3809,3434,0.4241336462791661,0.4741129366284689,0.0076414034940159165,False,False,False,False,1194,True,1af33562edf19e596f8c0af0ea61a5d7421a6660993a88396872f5888260bd8d,9974dead7e717d4a64093383591bbd30fb6dfd473eac2d1de83efd5d7820fef0,GuardFed-AD2+_IID_Benign_seed91005,bd2fcdfd42bd732a49ecf63a920515f0e6d849ea9bbe363c62bd7a2088d58826
IID,5000.0,91005,2,7307,1972,2292,1818,1225,4264,3043,3790,3517,0.41644997947173945,0.4813192828794307,0.002921594596646121,False,False,False,False,1225,True,c07dcf7dced547f8103d1ac61402212b1624253e255f824d5c8e195fe7ea0081,55e9464ea982b4a350c3e4a215e1941493f140f44e22751d825e6fa2286fedee,GuardFed-AD2+_IID_Benign_seed91005,bd2fcdfd42bd732a49ecf63a920515f0e6d849ea9bbe363c62bd7a2088d58826
IID,5000.0,91005,3,7216,1947,2239,1809,1221,4186,3030,3756,3460,0.41990022172949004,0.479490022172949,0.002805594806577799,False,False,False,False,1221,True,7a2d7d3d755a88de17c7292ec34203fec1ffafc4f62448f4a9e4ebcd73b921db,12e682d0ed317ad2dc09cc53b9acf465f800c81ab69a71540eaf86b9c63d9e84,GuardFed-AD2+_IID_Benign_seed91005,bd2fcdfd42bd732a49ecf63a920515f0e6d849ea9bbe363c62bd7a2088d58826
IID,5000.0,91005,4,7424,2004,2339,1825,1256,4343,3081,3829,3595,0.4150053879310345,0.48424030172413796,0.005819069786964073,False,False,False,False,1256,False,955987d6f3bb1bcba9e37a06fb3293cda5df0cf03cdbd78cb867cd8740b91b97,27acac18976574feefbbf98059c4ae1545900c6a4dddcbd75aed2595430dace6,GuardFed-AD2+_IID_Benign_seed91005,bd2fcdfd42bd732a49ecf63a920515f0e6d849ea9bbe363c62bd7a2088d58826
IID,5000.0,91005,5,7375,2017,2316,1817,1225,4333,3042,3834,3541,0.41247457627118644,0.480135593220339,0.0068969977971990865,False,False,False,False,1225,False,7920e0151616cd60ba1466786518700c2beafdfd3d8279b416d1f5b452a04c88,c46244788ecb92e72aeb747b42867fb6218ce20357e63fc36f144d5f782904ef,GuardFed-AD2+_IID_Benign_seed91005,bd2fcdfd42bd732a49ecf63a920515f0e6d849ea9bbe363c62bd7a2088d58826
IID,5000.0,91005,6,7292,1937,2302,1865,1188,4239,3053,3802,3490,0.41867800329127813,0.47860669226549646,0.007666957807044919,False,False,False,False,1188,False,f3d5d8f01988540b021e500ffd79b5183ae5486a1cda75118ef14d1fbe132c51,43c6e4a4cc016a23a62ca3348267f5bfcce825a67a47a8f1974a7fb4c71b2c97,GuardFed-AD2+_IID_Benign_seed91005,bd2fcdfd42bd732a49ecf63a920515f0e6d849ea9bbe363c62bd7a2088d58826
IID,5000.0,91005,7,7450,1922,2354,1927,1247,4276,3174,3849,3601,0.4260402684563758,0.48335570469798655,0.010849667920546133,False,False,False,False,1247,False,983c5ec1153b24e086e6abec3cf9ae43eca38a41e93f621a42eafe58d4b7c3ed,5da9fa96588136a0dd1366f493c1851bfea2f5e804d43c2da591a9312fb1e6d6,GuardFed-AD2+_IID_Benign_seed91005,bd2fcdfd42bd732a49ecf63a920515f0e6d849ea9bbe363c62bd7a2088d58826
IID,5000.0,91005,8,7363,2005,2296,1858,1204,4301,3062,3863,3500,0.4158630992801847,0.47534972158087735,0.0045162105797036806,False,False,False,False,1204,False,a8acdacd33959770d8d429040ebb5f41c54657931e5ecb246ea3d6fe1397e65c,62945c978bcc27a615421366e93292520f68fb3bc0334ab91efb15bdba0f33a8,GuardFed-AD2+_IID_Benign_seed91005,bd2fcdfd42bd732a49ecf63a920515f0e6d849ea9bbe363c62bd7a2088d58826
IID,5000.0,91005,9,7348,2042,2252,1817,1237,4294,3054,3859,3489,0.4156232988568318,0.47482308111050625,0.010025080447269782,False,False,False,False,1237,False,90c64e344a1f9563d47cbdd7fb2dc8ce695c95c17b7776aa7cf153c18f172dfd,c5ff1c3ea85ca2a1997fe55197a531343fa6360714f4947a433a7207f3b71955,GuardFed-AD2+_IID_Benign_seed91005,bd2fcdfd42bd732a49ecf63a920515f0e6d849ea9bbe363c62bd7a2088d58826
IID,5000.0,91005,10,7336,1999,2283,1837,1217,4282,3054,3836,3500,0.4163031624863686,0.4770992366412214,0.004001176551764241,False,False,False,False,1217,False,b816eccb7a9ca7164783b1b946cfadf645b86ee943429bc747e1ec2fd070745e,0d7690e63f978d1e80c5b3e5ca919c0ee6e7d4debadf21c473c20f085c22eab5,GuardFed-AD2+_IID_Benign_seed91005,bd2fcdfd42bd732a49ecf63a920515f0e6d849ea9bbe363c62bd7a2088d58826
IID,5000.0,91005,11,7288,1981,2276,1815,1216,4257,3031,3796,3492,0.41588913282107576,0.4791437980241493,0.0034824412473097727,False,False,False,False,1216,False,5744b6d43857d76d397a1fd12574d7fba866cb9071f74dc81632686b2e8dc71c,d78d26bc3faeef4dca4b8ddb8f44985f7b5a5a701866776fce929643255f4121,GuardFed-AD2+_IID_Benign_seed91005,bd2fcdfd42bd732a49ecf63a920515f0e6d849ea9bbe363c62bd7a2088d58826
IID,5000.0,91005,12,7268,1965,2231,1852,1220,4196,3072,3817,3451,0.42267473858007704,0.474821133736929,0.005175756010979707,False,False,False,False,1220,False,d7f1382ba44035c5fa4b4577f51e2cd0a231d578a019d74a5423ebd01185b182,fc33afb3f8bde1ad8249ae1858e48171f4e512eb9435a09115a6a438ba174be0,GuardFed-AD2+_IID_Benign_seed91005,bd2fcdfd42bd732a49ecf63a920515f0e6d849ea9bbe363c62bd7a2088d58826
IID,5000.0,91005,13,7287,1902,2319,1847,1219,4221,3066,3749,3538,0.4207492795389049,0.4855221627555921,0.007921828235458311,False,False,False,False,1219,False,cd34fafa8085cbac7ca530dedd5ec7f29da83e44b260436ead3906b551fe8d99,6ec7a95276eed69f96101f4f11ae8ce4e974fbdbe9ba1a0827306d960af880fc,GuardFed-AD2+_IID_Benign_seed91005,bd2fcdfd42bd732a49ecf63a920515f0e6d849ea9bbe363c62bd7a2088d58826
IID,5000.0,91005,14,7304,1941,2270,1846,1247,4211,3093,3787,3517,0.42346659364731654,0.4815169769989047,0.004095019578930992,False,False,False,False,1247,False,f5fefdfd718608c2472306854de7669873a4e3a27c5448f962b514059192613b,f6fa01b556c4797c67a22171e77dbe3cdd4bced2a85dce75a687160fee6b6b3d,GuardFed-AD2+_IID_Benign_seed91005,bd2fcdfd42bd732a49ecf63a920515f0e6d849ea9bbe363c62bd7a2088d58826
IID,5000.0,91005,15,7244,1960,2195,1824,1265,4155,3089,3784,3460,0.42642186637217006,0.47763666482606293,0.009128394248473531,False,False,False,False,1265,False,d704da2e320cc0fca2b756d66aed7e701ad5aed4d5436fe09644dee30a480ece,fc4a15915e14ec2b6069378389544c53d07369a181ca3e855592513aa6d0ada8,GuardFed-AD2+_IID_Benign_seed91005,bd2fcdfd42bd732a49ecf63a920515f0e6d849ea9bbe363c62bd7a2088d58826
IID,5000.0,91005,16,7349,1997,2295,1818,1239,4292,3057,3815,3534,0.4159749625799429,0.480881752619404,0.004262827235784236,False,False,False,False,1239,False,d431cc1b7c6725ced1949f15dc5ac7b549e0e6e52863cc5a4890b68d7349ada6,49f77b1299e02584babce702786f74ba98f96fc62f2e51183f80956e851cc004,GuardFed-AD2+_IID_Benign_seed91005,bd2fcdfd42bd732a49ecf63a920515f0e6d849ea9bbe363c62bd7a2088d58826
IID,5000.0,91005,17,7444,1936,2365,1906,1237,4301,3143,3842,3602,0.4222192369693713,0.48387963460505107,0.009969467119216119,False,False,False,False,1237,False,863f87bdb69f6ed77c8084bc87256ccf368c91337aec36405a2c8aef03d727ce,89dfbf47d28f632e594bc627a853998a80f8ab6a0250d336df29b3fe2246a207,GuardFed-AD2+_IID_Benign_seed91005,bd2fcdfd42bd732a49ecf63a920515f0e6d849ea9bbe363c62bd7a2088d58826
IID,5000.0,91005,18,7293,1958,2339,1835,1161,4297,2996,3793,3500,0.41080488139311666,0.479912244618127,0.00858071586164999,False,False,False,False,1161,False,4f8b07412b5dd197dbbd8bb52f31a804bf17ef84be18243e0cc485972eb16e48,21833a2e732c33cc5677497aa06e811d119dbd9b59c5dc56996f05c5bece51b9,GuardFed-AD2+_IID_Benign_seed91005,bd2fcdfd42bd732a49ecf63a920515f0e6d849ea9bbe363c62bd7a2088d58826
IID,5000.0,91005,19,7310,1931,2245,1864,1270,4176,3134,3795,3515,0.4287277701778386,0.48084815321477425,0.009356196109453055,False,False,False,False,1270,False,1936d32042430f9c477f6089c6d24614f1d6f5b218d65d8817b8214a5ffcbfca,f5ceb552937e9e26e6c3262b40f341e842a71fc335a4fead4a85480f266404d9,GuardFed-AD2+_IID_Benign_seed91005,bd2fcdfd42bd732a49ecf63a920515f0e6d849ea9bbe363c62bd7a2088d58826
IID,5000.0,91006,0,7332,1952,2349,1820,1211,4301,3031,3772,3560,0.4133933442444081,0.4855428259683579,0.008122604250608928,False,False,False,False,1211,True,8d1dd1e28d049109ea6acda885a8000a45472931f916d7180374f24418a0aa9f,9308db19de6671f23860e3903780ebdf04c04144427c91df1dad8e235d7a9f5e,GuardFed-AD2+_IID_Benign_seed91006,cffaa297e067df97a0d9e08d3890b3133bc716c8440e8bb5439657847a5be86c
IID,5000.0,91006,1,7250,1954,2242,1849,1205,4196,3054,3803,3447,0.42124137931034483,0.47544827586206895,0.004219694621162284,False,False,False,False,1205,True,939099672392145b3b4f50929c5e22651e873152ddcff3bec696d6179ba4d73f,192258bb666d8c3a927e8fe3cdaedb784adf0ffd29d70205926411fd0a55e925,GuardFed-AD2+_IID_Benign_seed91006,cffaa297e067df97a0d9e08d3890b3133bc716c8440e8bb5439657847a5be86c
IID,5000.0,91006,2,7284,1975,2261,1853,1195,4236,3048,3828,3456,0.4184514003294893,0.4744645799011532,0.0052033905820780685,False,False,False,False,1195,True,f00010e675c5790febff5d1e682cb1fd67c2dd2dc3022adef2e28d970a7c0ad3,318b5a6b80dba4e9e3f3c8974b8a35a1a9ffb5b9d9ed77805282d0e29ed130a2,GuardFed-AD2+_IID_Benign_seed91006,cffaa297e067df97a0d9e08d3890b3133bc716c8440e8bb5439657847a5be86c
IID,5000.0,91006,3,7266,1964,2230,1835,1237,4194,3072,3799,3467,0.4227910817506193,0.4771538673272777,0.005344937104031194,False,False,False,False,1237,True,e8b544db020afa7b525b8d60527167792b8a3c65fffb15b2d357b0203da79751,2c54f53c3adedd50f1d89c3af48061238ae599b7f9006b75a578f3ee2b67aeb7,GuardFed-AD2+_IID_Benign_seed91006,cffaa297e067df97a0d9e08d3890b3133bc716c8440e8bb5439657847a5be86c
IID,5000.0,91006,4,7314,1961,2287,1824,1242,4248,3066,3785,3529,0.4191960623461854,0.4824993163795461,0.0028313458963147714,False,False,False,False,1242,False,7efcb8196fd6e62a09623052c2889d40454cd66b4fa91a33a3d2f85ce7f82fe8,bb96afeb80bf53509fdee530486465ce06dd3706c68662efc0f3b5c2b8dc0b48,GuardFed-AD2+_IID_Benign_seed91006,cffaa297e067df97a0d9e08d3890b3133bc716c8440e8bb5439657847a5be86c
IID,5000.0,91006,5,7385,1993,2312,1855,1225,4305,3080,3848,3537,0.41706161137440756,0.4789438050101557,0.002309962693977971,False,False,False,False,1225,False,9197f7a2bd6ebcbbe8051a9a7b007ff57c0a77c2aaa2d55b0127fa2f07c8cd87,03aae1b0c43d5b9b6b377a7ddffd5f291458403e597ef3929fe1a077df8b96c5,GuardFed-AD2+_IID_Benign_seed91006,cffaa297e067df97a0d9e08d3890b3133bc716c8440e8bb5439657847a5be86c
IID,5000.0,91006,6,7364,1950,2356,1844,1214,4306,3058,3794,3570,0.415263443780554,0.4847908745247148,0.007680990205726518,False,False,False,False,1214,False,537bf440bac9b695361a5bc5aeb001328208896c2dd2c1f308a7f5edd2e40293,0e0d189e2c02024cb5e0f4de895a3ec91457cba63dff4dd21341520940347191,GuardFed-AD2+_IID_Benign_seed91006,cffaa297e067df97a0d9e08d3890b3133bc716c8440e8bb5439657847a5be86c
IID,5000.0,91006,7,7355,1946,2274,1855,1280,4220,3135,3801,3554,0.4262406526172672,0.4832087015635622,0.006869078548881621,False,False,False,False,1280,False,3651dee806e4a42f53b99bb063bbda754b572e74b97d30efa65777b20774aa6f,7b0bd061cf7bc13f9a65fce4a990a2ece70c3c5462b6afcf525ded6867682ce1,GuardFed-AD2+_IID_Benign_seed91006,cffaa297e067df97a0d9e08d3890b3133bc716c8440e8bb5439657847a5be86c
IID,5000.0,91006,8,7326,1874,2317,1875,1260,4191,3135,3749,3577,0.42792792792792794,0.48826098826098824,0.012573342302407864,False,False,False,False,1260,False,662df057502ff83f383aa1e6d7c22a14cb0568243d3a6c846877e8419faf69c8,1eb3ad165b9a4a7ae49bc3709334ecb568bf1384fac80539f446c03b34df55ac,GuardFed-AD2+_IID_Benign_seed91006,cffaa297e067df97a0d9e08d3890b3133bc716c8440e8bb5439657847a5be86c
IID,5000.0,91006,9,7397,1960,2301,1894,1242,4261,3136,3854,3543,0.4239556576990672,0.47897796403947546,0.00458408363068169,False,False,False,False,1242,False,9eec9fd864241826289bdeede1b73faae78217156d314c42a5bbdb0825d29fbc,55a8783c67fe7002dd654ea3e59e1eea48116369d8f6ca4bb199a676f396fdb3,GuardFed-AD2+_IID_Benign_seed91006,cffaa297e067df97a0d9e08d3890b3133bc716c8440e8bb5439657847a5be86c
IID,5000.0,91006,10,7373,2008,2327,1837,1201,4335,3038,3845,3528,0.41204394412043943,0.47850264478502647,0.007327629947946099,False,False,False,False,1201,False,4535938e6a4437a509990306f95103c194b5d1b5d720a2f38e30b70ec6755e24,69098d50bfe96a1964c6ab72f5145445e57bcc48f8b4579bea687240c514663c,GuardFed-AD2+_IID_Benign_seed91006,cffaa297e067df97a0d9e08d3890b3133bc716c8440e8bb5439657847a5be86c
IID,5000.0,91006,11,7330,1979,2301,1838,1212,4280,3050,3817,3513,0.41609822646657574,0.47926330150068214,0.003273347601809848,False,False,False,False,1212,False,0825e659d34177c25421fea51a4b0fdd76911e76c306341b958b3798ad7519e5,f8da1fe00b6dcb8acf640f19b2e98ba16e5a7d0c59d47f591350871cca42f304,GuardFed-AD2+_IID_Benign_seed91006,cffaa297e067df97a0d9e08d3890b3133bc716c8440e8bb5439657847a5be86c
IID,5000.0,91006,12,7442,1950,2365,1891,1236,4315,3127,3841,3601,0.42018274657350174,0.4838753023380812,0.007678017834998954,False,False,False,False,1236,False,f06e4b7c7e8d9130c801645187ab1731201286c9818075e3c43bc3457ff8a7e1,b37f792d7b188855ea610855719a942df92eadee81aafc0bddfdc233ee46d0d5,GuardFed-AD2+_IID_Benign_seed91006,cffaa297e067df97a0d9e08d3890b3133bc716c8440e8bb5439657847a5be86c
IID,5000.0,91006,13,7136,1940,2194,1824,1178,4134,3002,3764,3372,0.42068385650224216,0.4725336322869955,0.007134338196235754,False,False,False,False,1178,False,3cb81968ebcfb8f719e7d46032a5b833356a2711aa7879beba681cbe3ffc4311,e70d0b955428c3dbad88c2a84d342a7ab86201a04d145879df5778e85aa59340,GuardFed-AD2+_IID_Benign_seed91006,cffaa297e067df97a0d9e08d3890b3133bc716c8440e8bb5439657847a5be86c
IID,5000.0,91006,14,7351,2003,2290,1868,1190,4293,3058,3871,3480,0.4159978234253843,0.4734049789144334,0.0062629915687978654,False,False,False,False,1190,False,96519f988e1334fb277c0a4092ce245cfac8ef7889f99cc863251b5056d62880,d9b498aa1f904f5f5f524ccacee9eb3bc70780757e2ff03d48d7b5e3a7fb8795,GuardFed-AD2+_IID_Benign_seed91006,cffaa297e067df97a0d9e08d3890b3133bc716c8440e8bb5439657847a5be86c
IID,5000.0,91006,15,7359,2031,2249,1854,1225,4280,3079,3885,3474,0.41839923902704174,0.47207501019160214,0.007613987301962111,False,False,False,False,1225,False,2008647adce0d5c1d484f04cb0dc3318efdf8bdbe7284dc89fc223bf6bc65d73,b592d612d6c57b8194a64667e89899d5be2cdb5adbe72ae961bad3f215279abb,GuardFed-AD2+_IID_Benign_seed91006,cffaa297e067df97a0d9e08d3890b3133bc716c8440e8bb5439657847a5be86c
IID,5000.0,91006,16,7265,1964,2220,1819,1262,4184,3081,3783,3482,0.42408809359944943,0.4792842395044735,0.00825805896576337,False,False,False,False,1262,False,93f3c532ebcdb2cd5bb604c97dfc2c3fac3b2aab4bc152d762886824464200af,125518e9782c39ca985ae899c35d13408357da2d96c3900929eededb65cb351f,GuardFed-AD2+_IID_Benign_seed91006,cffaa297e067df97a0d9e08d3890b3133bc716c8440e8bb5439657847a5be86c
IID,5000.0,91006,17,7309,1950,2261,1841,1257,4211,3098,3791,3518,0.4238609932959365,0.48132439458202214,0.004565608336647278,False,False,False,False,1257,False,797ca77c31f25447f58018c973c3a579c31f56bbf8391cf959ca2cd127e38eff,889b9b5a18fbf944e69fe8589a2ffd5655b3798a8d7335fde8d770806a60841c,GuardFed-AD2+_IID_Benign_seed91006,cffaa297e067df97a0d9e08d3890b3133bc716c8440e8bb5439657847a5be86c
IID,5000.0,91006,18,7296,1941,2311,1800,1244,4252,3044,3741,3555,0.41721491228070173,0.48725328947368424,0.0075853189904529356,False,False,False,False,1244,False,d64d0fe5862e3ec907f338e00665956df4808f6b38e1de98c9cc83294f3cc02f,571c27e2ba65794d605b8c4985f4df6526c8a21570a0fa45184b7195a64dd5b4,GuardFed-AD2+_IID_Benign_seed91006,cffaa297e067df97a0d9e08d3890b3133bc716c8440e8bb5439657847a5be86c
IID,5000.0,91006,19,7359,2020,2296,1834,1209,4316,3043,3854,3505,0.41350727000951215,0.47628753906780813,0.006119218991050293,False,False,False,False,1209,False,c99605a35db2045aeaf891923c4aacfafe4094df1b0b176ed16908a90e807ace,7226cfbace2e4c8d4072d4ef39dffc0b77228721d313234244808e087dbf98cc,GuardFed-AD2+_IID_Benign_seed91006,cffaa297e067df97a0d9e08d3890b3133bc716c8440e8bb5439657847a5be86c
IID,5000.0,91007,0,7292,1937,2290,1852,1213,4227,3065,3789,3503,0.4203236423477784,0.4803894679100384,0.0038904036044565132,False,False,False,False,1213,True,31a9fa25a3a9218197ec7a0b5c2d50f34b6aaecaeeab2a79bfe9b0e796ccee8a,0593b99cf82ceeaff606c6ae7c92c4ccafb131241c9a2c025153bec213713fff,GuardFed-AD2+_IID_Benign_seed91007,08ff78bb648ec67b19a183c4c66151ee03c5d79718a5928f70c6dd292f8a000d
IID,5000.0,91007,1,7321,1957,2293,1830,1241,4250,3071,3787,3534,0.4194782133588308,0.48272093976232755,0.0030939268675134746,False,False,False,False,1241,True,41de5893717bdaf2b701032335f52f3a783f3a43a839c7391a3acd5be473f632,38125649b0194cb3eedf081432d62e738f6959b30e13d56dd62ef2a1de644304,GuardFed-AD2+_IID_Benign_seed91007,08ff78bb648ec67b19a183c4c66151ee03c5d79718a5928f70c6dd292f8a000d
IID,5000.0,91007,2,7126,1860,2204,1838,1224,4064,3062,3698,3428,0.42969407802413695,0.4810552904855459,0.010322503955751433,False,False,False,False,1224,True,4941788ec83d6cbd066c0541ecfc5574e010fece034dce362b32373acb640041,283c9b48ba647e6d7f8df27493d4f17f8ebb8385640a4b5f0b0a59b3bac01e43,GuardFed-AD2+_IID_Benign_seed91007,08ff78bb648ec67b19a183c4c66151ee03c5d79718a5928f70c6dd292f8a000d
IID,5000.0,91007,3,7292,1866,2395,1807,1224,4261,3031,3673,3619,0.41566099835436093,0.49629731212287437,0.01667029922806032,False,False,False,False,1224,True,059c01bd07476bbfd0859e965784e66c8dd1e839155ad591f3f27d2d4b1c5f71,83793735c6a4cf7d6f583fd4df3a291b54d69a05e095fd1609a3633d41845deb,GuardFed-AD2+_IID_Benign_seed91007,08ff78bb648ec67b19a183c4c66151ee03c5d79718a5928f70c6dd292f8a000d
IID,5000.0,91007,4,7271,1934,2264,1852,1221,4198,3073,3786,3485,0.4226378764956677,0.4793013340668409,0.0032663024272821944,False,False,False,False,1221,False,b3bb22e616ebd58e228362155ce37ab453825755f1f6812be6075d691ef5c2ee,03d230c5150b285fab70386135786dddbb27be31949c78ae2f1a9a478bc6c9d1,GuardFed-AD2+_IID_Benign_seed91007,08ff78bb648ec67b19a183c4c66151ee03c5d79718a5928f70c6dd292f8a000d
IID,5000.0,91007,5,7326,2006,2236,1876,1208,4242,3084,3882,3444,0.42096642096642095,0.4701064701064701,0.009520542788343994,False,False,False,False,1208,False,9e41b93956e2aada5d07ae0b0a15eb28705b34149c1bbe42750d90596f9270fa,5aaca9efe6f6d536e86a898de6129617cacccdca35b0506a5cd1a33129703d72,GuardFed-AD2+_IID_Benign_seed91007,08ff78bb648ec67b19a183c4c66151ee03c5d79718a5928f70c6dd292f8a000d
IID,5000.0,91007,6,7396,2000,2266,1882,1248,4266,3130,3882,3514,0.42320173066522443,0.47512168739859384,0.0058105634301817005,False,False,False,False,1248,False,9a85bc052b419f31c55715529d43612b7fa5a251ee9331fffea6ce62f7ea495e,b7070e9995dfffdcbc34af8190baeb05143d799072aa515678a66c3ee6bfad85,GuardFed-AD2+_IID_Benign_seed91007,08ff78bb648ec67b19a183c4c66151ee03c5d79718a5928f70c6dd292f8a000d
IID,5000.0,91007,7,7412,1975,2344,1790,1303,4319,3093,3765,3647,0.4172962763086886,0.4920399352401511,0.012412922345337044,False,False,False,False,1303,False,80ed46b50b4bf00ec873eb85432aefdde20e3c76af7eeaaa83f01290ffb93e30,9b6db460fd8df3fb55cc8f8c0028ab6478ab86f8da90d68b61f9fea9ef289c68,GuardFed-AD2+_IID_Benign_seed91007,08ff78bb648ec67b19a183c4c66151ee03c5d79718a5928f70c6dd292f8a000d
IID,5000.0,91007,8,7232,1927,2259,1831,1215,4186,3046,3758,3474,0.4211836283185841,0.4803650442477876,0.001981388468590334,False,False,False,False,1215,False,3fd1924495932c59c7e6d8572d71f6eb20ab7a8d4a102151177d83f17d9c8b89,c2bc1bd915fa6492ba1f0775e92786dbe50c7ef3a2a9ff9696470e2969ec9c65,GuardFed-AD2+_IID_Benign_seed91007,08ff78bb648ec67b19a183c4c66151ee03c5d79718a5928f70c6dd292f8a000d
IID,5000.0,91007,9,7246,1956,2257,1837,1196,4213,3033,3793,3453,0.41857576593982887,0.47653878001656086,0.0030882328782532165,False,False,False,False,1196,False,badc8d7b790cd034a28e3701c3c7178b6ae665da1648c7001dc43f2bcc1375b2,a00cca789c0ed381ba8b8c2bc134c061cebce06be16df2663fe8bd4a3c63d949,GuardFed-AD2+_IID_Benign_seed91007,08ff78bb648ec67b19a183c4c66151ee03c5d79718a5928f70c6dd292f8a000d
IID,5000.0,91007,10,7327,2022,2233,1839,1233,4255,3072,3861,3466,0.41927118875392383,0.47304490241572267,0.00837664855446306,False,False,False,False,1233,False,a2819a61a47c7bd54cc280b964fb89d85f1422cb98806d3b97542c4f7ebec89b,b630073e9cb069cf213104a8e6a05431c029603262f25cf959251dcc20537f3f,GuardFed-AD2+_IID_Benign_seed91007,08ff78bb648ec67b19a183c4c66151ee03c5d79718a5928f70c6dd292f8a000d
IID,5000.0,91007,11,7340,1975,2293,1842,1230,4268,3072,3817,3523,0.41852861035422345,0.47997275204359674,0.0009832741447820398,False,False,False,False,1230,False,1da583c68ec02bec1f76fd27302f08517f7cf7cb70dca17f45e78dd714404045,e0db3cf9c59570524c7ec036cd70daff68f21498438cdd4981be48d4fd413364,GuardFed-AD2+_IID_Benign_seed91007,08ff78bb648ec67b19a183c4c66151ee03c5d79718a5928f70c6dd292f8a000d
IID,5000.0,91007,12,7363,2004,2363,1758,1238,4367,2996,3762,3601,0.40689936167323104,0.48906695640363984,0.013175578179130107,False,False,False,False,1238,False,d65c6b9109c03ffc902b00fc22537ea2cd2bb9ee7fe22bcd58dbf5b05723e4b0,a748673b795cc6124ffb7f095808dbb75b82102eac0a8e8dd69cb957df86f514,GuardFed-AD2+_IID_Benign_seed91007,08ff78bb648ec67b19a183c4c66151ee03c5d79718a5928f70c6dd292f8a000d
IID,5000.0,91007,13,7273,1986,2276,1832,1179,4262,3011,3818,3455,0.41399697511343325,0.4750446858242816,0.005374598954952306,False,False,False,False,1179,False,26434cfeb243615e357a4882794e61ddbf2f8086767bed950b8642cc647bb510,e775cf4ba70e07fb5e76cffeebd7b0e1ea9aeecb9166ac41e3c57a21a13ab309,GuardFed-AD2+_IID_Benign_seed91007,08ff78bb648ec67b19a183c4c66151ee03c5d79718a5928f70c6dd292f8a000d
IID,5000.0,91007,14,7374,1953,2305,1894,1222,4258,3116,3847,3527,0.42256577163005155,0.478302142663412,0.005303799412860147,False,False,False,False,1222,False,71118057ff6b081a1a13598d6e5463cac4a3542576477914aa90d5778ef7fab1,4803389effffc088903dd98980880a2a4467a60ad42c277c90bfcf25bb415a60,GuardFed-AD2+_IID_Benign_seed91007,08ff78bb648ec67b19a183c4c66151ee03c5d79718a5928f70c6dd292f8a000d
IID,5000.0,91007,15,7402,2049,2245,1857,1251,4294,3108,3906,3496,0.419886517157525,0.4723047824912186,0.009954796644605177,False,False,False,False,1251,False,ff96565898c1aae6157797187ae4678eb05127b6e24c429b36a580b63a6e4c4f,9053e8f03c614a84b708280071498c0b704534ad2f9791cdcaa2658befcccfbb,GuardFed-AD2+_IID_Benign_seed91007,08ff78bb648ec67b19a183c4c66151ee03c5d79718a5928f70c6dd292f8a000d
IID,5000.0,91007,16,7329,1946,2318,1820,1245,4264,3065,3766,3563,0.41820166462000274,0.48615090735434574,0.006523894459531679,False,False,False,False,1245,False,3265e1d7c46ef2a54116c8e7c33fd49b50e01968fe048891d52bd228823ea43c,a4fd72704b8aa874d4aa8d6343476267d8ff52d03f915070322757a2e2e949dd,GuardFed-AD2+_IID_Benign_seed91007,08ff78bb648ec67b19a183c4c66151ee03c5d79718a5928f70c6dd292f8a000d
IID,5000.0,91007,17,7419,2028,2343,1859,1189,4371,3048,3887,3532,0.4108370400323494,0.47607494271465156,0.008534534036036157,False,False,False,False,1189,False,925341fc5cf6a175e589a91842a7a4bd6788fa3ecd4739635b1f9aeb235ab400,6cd9a93a401b3e4c22adcbf161cc62d23461d7b38bce3fb62434645151ae9fb0,GuardFed-AD2+_IID_Benign_seed91007,08ff78bb648ec67b19a183c4c66151ee03c5d79718a5928f70c6dd292f8a000d
IID,5000.0,91007,18,7380,1930,2286,1901,1263,4216,3164,3831,3549,0.42872628726287265,0.48089430894308943,0.009354713194487108,False,False,False,False,1263,False,4ad12a0a1ed70e92767c16bbe01c70a3a9569611088af61fa0c0d737190f29e9,e996c431d010ef9ceea3ce8d5db2df372725e7fc7d44fe04c952c2dbc09c2cf0,GuardFed-AD2+_IID_Benign_seed91007,08ff78bb648ec67b19a183c4c66151ee03c5d79718a5928f70c6dd292f8a000d
IID,5000.0,91007,19,7372,2013,2264,1910,1185,4277,3095,3923,3449,0.41983179598480735,0.4678513293543136,0.011775683540500459,False,False,False,False,1185,False,5bf925e14b5af8fb4293740c87ab0e779c10c59da2a9851c3dfd22b13b77111b,19d81d97b1755c772f7608478cccb5398b992b4fabcca9faa78f5bc3efdbbc0d,GuardFed-AD2+_IID_Benign_seed91007,08ff78bb648ec67b19a183c4c66151ee03c5d79718a5928f70c6dd292f8a000d
IID,5000.0,91008,0,7316,1953,2346,1792,1225,4299,3017,3745,3571,0.4123838162930563,0.4881082558775287,0.008017279981920436,False,False,False,False,1225,True,2d5a0792a9a6c770c856ea25f48a10457d789c4704ef218ca268597b48d4fefe,673ecdb2cd0634e6fdb253ec158bd7d80d428b433c266c3d57d81af071c94374,GuardFed-AD2+_IID_Benign_seed91008,0a96f8eacb922d810fe9126356328bf92ebacb1eb6bb4345bf11b52ddefd52f2
IID,5000.0,91008,1,7365,1938,2348,1872,1207,4286,3079,3810,3555,0.4180583842498303,0.48268839103869654,0.008837315694154024,False,False,False,False,1207,True,ede0e51e2805baf79a6b36c076d0df7f17672d1e21587de64d915703f63acb0a,de5fe4db90433425611d755d74f5722fc0db0030243cd830e7398fc2ec18461a,GuardFed-AD2+_IID_Benign_seed91008,0a96f8eacb922d810fe9126356328bf92ebacb1eb6bb4345bf11b52ddefd52f2
IID,5000.0,91008,2,7395,1985,2310,1862,1238,4295,3100,3847,3548,0.4192021636240703,0.4797836375929682,0.0007444422470241213,False,False,False,False,1238,True,3ca2ed516883cd4341383ae01495caae48d6a66769c8eb3a0ceef8ec7ecf5ab3,6dd7b5175da376bdbd1dd7030674c1297c57ceb864312c1053f418befe2fa068,GuardFed-AD2+_IID_Benign_seed91008,0a96f8eacb922d810fe9126356328bf92ebacb1eb6bb4345bf11b52ddefd52f2
IID,5000.0,91008,3,7175,1905,2250,1831,1189,4155,3020,3736,3439,0.42090592334494775,0.47930313588850176,0.004637491211184147,False,False,False,False,1189,True,2679865200274fdffd092db184f2876390d7b5741d0ec362a4d223ca14ea3d10,db7d172176e66c007ea86ff6aecadfc5eab33d93aa311b76d3afd573e9e4e7b7,GuardFed-AD2+_IID_Benign_seed91008,0a96f8eacb922d810fe9126356328bf92ebacb1eb6bb4345bf11b52ddefd52f2
IID,5000.0,91008,4,7334,1984,2249,1874,1227,4233,3101,3858,3476,0.42282519770929916,0.4739569130079084,0.006571166832083961,False,False,False,False,1227,False,2512bef53fe0ccffbc983ae57736a9fca406042a611518b2f363a4c00afead59,60b6b94eebbf3ee70ff51ce0235f137fbc0d9915f9cc807e8b4e6e953d926bcc,GuardFed-AD2+_IID_Benign_seed91008,0a96f8eacb922d810fe9126356328bf92ebacb1eb6bb4345bf11b52ddefd52f2
IID,5000.0,91008,5,7367,2019,2316,1784,1248,4335,3032,3803,3564,0.4115650875525994,0.48377901452422967,0.00933225722046388,False,False,False,False,1248,False,3ee23e2a7b94755e1b03865ddef987c02612a9f87cea63303b66635313b64210,ab5bd0d28885f7477cef786a8c8727b42d82e99dcaa1e29e4ceb75e0e3d5ebb7,GuardFed-AD2+_IID_Benign_seed91008,0a96f8eacb922d810fe9126356328bf92ebacb1eb6bb4345bf11b52ddefd52f2
IID,5000.0,91008,6,7301,1961,2245,1860,1235,4206,3095,3821,3480,0.42391453225585535,0.4766470346527873,0.005157626816125263,False,False,False,False,1235,False,695097947f4f65549d0165d33ae218610b5555eb777f8efdbbcb64dc3256c8fb,9166c06f5119383b7560347e03a541aa8ce85509fbdd5a944a1a3882638259ca,GuardFed-AD2+_IID_Benign_seed91008,0a96f8eacb922d810fe9126356328bf92ebacb1eb6bb4345bf11b52ddefd52f2
IID,5000.0,91008,7,7384,1985,2271,1882,1246,4256,3128,3867,3517,0.4236186348862405,0.47630010834236186,0.005092871442672051,False,False,False,False,1246,False,b766d590462df7b9e915a2e34c8934c620b7574b56d8d689212ac7356f9ca223,3bc1d5e47aefd13be942bf0ee7759ef54782aafee6b120a0dd20c865cf8a2f99,GuardFed-AD2+_IID_Benign_seed91008,0a96f8eacb922d810fe9126356328bf92ebacb1eb6bb4345bf11b52ddefd52f2
IID,5000.0,91008,8,7376,1936,2300,1875,1265,4236,3140,3811,3565,0.425704989154013,0.483324295010846,0.006333415085627514,False,False,False,False,1265,False,6a6e2c8b87c9fe4f770145e1ab89ee3d247afaeb801d91be9f9dbca649d75c33,a0e2db32d13fc39118e2d738cd836de22a6c43fe6e3aea4ce72666e35457b5c4,GuardFed-AD2+_IID_Benign_seed91008,0a96f8eacb922d810fe9126356328bf92ebacb1eb6bb4345bf11b52ddefd52f2
IID,5000.0,91008,9,7234,2001,2259,1800,1174,4260,2974,3801,3433,0.411114183024606,0.47456455626209565,0.008631775900745556,False,False,False,False,1174,False,da6211e458bae5cbc9acff82051e4eb3a3da4bc81e0c7f1a4d9a435ea2a7b163,494f77cdd26f804af4c6f61742dcb47fcc14d44d3d3fd90ec0358f517b242490,GuardFed-AD2+_IID_Benign_seed91008,0a96f8eacb922d810fe9126356328bf92ebacb1eb6bb4345bf11b52ddefd52f2
IID,5000.0,91008,10,7394,1932,2308,1934,1220,4240,3154,3866,3528,0.42656207736002166,0.4771436299702461,0.01007018439690889,False,False,False,False,1220,False,1be91e273cf6e36f0da6f2ef612d0548fb7f79cd0dc845267b9618dd5f7f0a76,ca0393aad917396c5ce29ee8e72317147d61663230819961a704154039091e4a,GuardFed-AD2+_IID_Benign_seed91008,0a96f8eacb922d810fe9126356328bf92ebacb1eb6bb4345bf11b52ddefd52f2
IID,5000.0,91008,11,7299,1915,2321,1840,1223,4236,3063,3755,3544,0.4196465269214961,0.4855459652007124,0.005935096295743028,False,False,False,False,1223,False,020ba9da42dd0575a2840048284ac28c47684ea6774eb5e41a68ee25e49c543e,b46bcc9b2a64924f2fd413ce52c248386881acfc164fb060aa9519090bf6a2c6,GuardFed-AD2+_IID_Benign_seed91008,0a96f8eacb922d810fe9126356328bf92ebacb1eb6bb4345bf11b52ddefd52f2
IID,5000.0,91008,12,7445,1992,2383,1837,1233,4375,3070,3829,3616,0.41235728676964406,0.4856950973807925,0.007430839818021243,False,False,False,False,1233,False,f2dae1f724251334a86f7eff91066cd9b10012670d1518b6be2481ef9cb8ec77,4d0931dc5cc37ed076a6aaeb429241665e37ffa2df13ecdfe5e31d8ab5138c2b,GuardFed-AD2+_IID_Benign_seed91008,0a96f8eacb922d810fe9126356328bf92ebacb1eb6bb4345bf11b52ddefd52f2
IID,5000.0,91008,13,7211,1960,2235,1777,1239,4195,3016,3737,3474,0.4182498959922341,0.48176397170988766,0.0077707874687458905,False,False,False,False,1239,False,e9d99bdf59ff6a729bf2c5652a900edc6ba91f05873676485659a6e4554b6b0c,78fddf7502750f99146a6f146f9e8d8aeae311232f4257869f67ca2f3c6d4637,GuardFed-AD2+_IID_Benign_seed91008,0a96f8eacb922d810fe9126356328bf92ebacb1eb6bb4345bf11b52ddefd52f2
IID,5000.0,91008,14,7307,1968,2260,1826,1253,4228,3079,3794,3513,0.42137676200903246,0.48077186259750926,0.0049531786109376225,False,False,False,False,1253,False,ed542655800677c8dac7326053ececae3894feb64c7a3de4ce4d1c2a75037b29,b518e85609627cbe45df71e51914b3c7c13f8d8b9bb14d900e49ec2f3d59f2d0,GuardFed-AD2+_IID_Benign_seed91008,0a96f8eacb922d810fe9126356328bf92ebacb1eb6bb4345bf11b52ddefd52f2
IID,5000.0,91008,15,7184,1861,2240,1823,1260,4101,3083,3684,3500,0.4291481069042316,0.48719376391982183,0.009776532835846119,False,False,False,False,1260,False,42047c129eb76f1d3aa29370f65d1adc0c001ca3cca692d44226da3a391d2c1a,4d484ae51be58b153f72b421abc80826b2b6813ab61b9477ada5cfd8c081e7c0,GuardFed-AD2+_IID_Benign_seed91008,0a96f8eacb922d810fe9126356328bf92ebacb1eb6bb4345bf11b52ddefd52f2
IID,5000.0,91008,16,7410,2023,2289,1847,1251,4312,3098,3870,3540,0.41808367071524966,0.4777327935222672,0.005978354218525189,False,False,False,False,1251,False,53901695cb9491badb1d429ee0723f888cee172317561ed1aea32ad3577184fb,65439c0630099fb27f0dbb80ce82f9feb89dd4a96c8aae86a72bfe47a5d15c10,GuardFed-AD2+_IID_Benign_seed91008,0a96f8eacb922d810fe9126356328bf92ebacb1eb6bb4345bf11b52ddefd52f2
IID,5000.0,91008,17,7281,1992,2234,1846,1209,4226,3055,3838,3443,0.4195852218101909,0.4728746051366571,0.007653474703335328,False,False,False,False,1209,False,1cc25247d21c568f361c4dcce18f4f8e05b4b6e6e67b1392a85b9efd39af8411,8b08b53af9204efd4583000a79288cddd09f624edfb60b5989f103c6b8de8434,GuardFed-AD2+_IID_Benign_seed91008,0a96f8eacb922d810fe9126356328bf92ebacb1eb6bb4345bf11b52ddefd52f2
IID,5000.0,91008,18,7359,1979,2328,1829,1223,4307,3052,3808,3551,0.41473026226389453,0.4825383883679848,0.004641311804490941,False,False,False,False,1223,False,b5966be7bffa5531a09723cde2784cd38d214645c34b470414dff971142071f1,d1894a24ae326833238794dbb4526503457d4a3057aca6363d1458ba1a770c4b,GuardFed-AD2+_IID_Benign_seed91008,0a96f8eacb922d810fe9126356328bf92ebacb1eb6bb4345bf11b52ddefd52f2
IID,5000.0,91008,19,7356,1968,2309,1851,1228,4277,3079,3819,3537,0.4185698749320283,0.48083197389885807,0.0013817451137558279,False,False,False,False,1228,False,43fc1ca21c981d9bba53dd769d369dc274adb1551a40f4beea37e5b77c905a3e,b0a6df0aceea7cdd505b6a48ef18e0c68a709f4b6f88c7251ecfda0f556f3c3f,GuardFed-AD2+_IID_Benign_seed91008,0a96f8eacb922d810fe9126356328bf92ebacb1eb6bb4345bf11b52ddefd52f2
IID,5000.0,91009,0,7276,1902,2323,1789,1262,4225,3051,3691,3585,0.41932380428807037,0.49271577789994503,0.01288397706304499,False,False,False,False,1262,True,7e5c27f0de39f3a85951526eb8b1f9b90504ac900a8fa7bcb32fe37de5beb3d3,ba6f7bd311bc3e921b10a30d35b97599b4634c75a365558d3b60d479180fbc94,GuardFed-AD2+_IID_Benign_seed91009,25cec402ddc071f08c260dc2d688fe0c70357149d954c7dca5b35adff11a29b2
IID,5000.0,91009,1,7363,1970,2313,1825,1255,4283,3080,3795,3568,0.41830775499117206,0.484585087600163,0.004753286763262948,False,False,False,False,1255,True,b70140255941c2d8617d28d1dffe5a9057bbd6528613ad861c39706c2e9b9c19,2e02c48b29b4d0cd7e30ac416e450eea66d398c55bcca240e29b17d703f35b38,GuardFed-AD2+_IID_Benign_seed91009,25cec402ddc071f08c260dc2d688fe0c70357149d954c7dca5b35adff11a29b2
IID,5000.0,91009,2,7456,2098,2268,1860,1230,4366,3090,3958,3498,0.414431330472103,0.46915236051502146,0.013159699892206528,False,False,False,False,1230,True,1d17086f95aaf13746cc02f0ebdde503e1574fef4d273c90dfbeb81929d92fd2,955cc64e15ea2e5e65d62ee0406b9af914dc0c5908a88a97c85c48c5a0410f26,GuardFed-AD2+_IID_Benign_seed91009,25cec402ddc071f08c260dc2d688fe0c70357149d954c7dca5b35adff11a29b2
IID,5000.0,91009,3,7347,1965,2305,1874,1203,4270,3077,3839,3508,0.4188103988022322,0.4774737988294542,0.004455808767609273,False,False,False,False,1203,True,81272db26d5a58e1cdd642f6e1f1563f8254006d2ed7d76ee69e55be4fce8019,90c1ea973829834c5ede48af694a8432dc0d657a1a0d08deaa48f4ddf17902a8,GuardFed-AD2+_IID_Benign_seed91009,25cec402ddc071f08c260dc2d688fe0c70357149d954c7dca5b35adff11a29b2
IID,5000.0,91009,4,7260,1958,2251,1855,1196,4209,3051,3813,3447,0.42024793388429754,0.47479338842975205,0.005038412407147974,False,False,False,False,1196,False,c42b5c246eea89f140661b609a344cacab427c4a833155f9962ee8d095672001,91f4916a43ea51d0545f42a5d855b937a481c77bd9a79cdd366f2d4eef5b7b6d,GuardFed-AD2+_IID_Benign_seed91009,25cec402ddc071f08c260dc2d688fe0c70357149d954c7dca5b35adff11a29b2
IID,5000.0,91009,5,7336,1975,2296,1826,1239,4271,3065,3801,3535,0.41780261723009815,0.4818702290076336,0.0030342914245268804,False,False,False,False,1239,False,fcabbed762ab063dfc4bb3c8fac4623535423e8bb23df1688d38656ef1f12e5b,58fbb599d47b0d8fdfe08dc621dbcc46b423520086a26e32d394c0d2ac17d46c,GuardFed-AD2+_IID_Benign_seed91009,25cec402ddc071f08c260dc2d688fe0c70357149d954c7dca5b35adff11a29b2
IID,5000.0,91009,6,7266,1943,2260,1804,1259,4203,3063,3747,3519,0.42155243600330305,0.4843104872006606,0.005844982134267276,False,False,False,False,1259,False,963aa21f63c1d3ce43a1462eab9d57f81a19d37d87a679b04c1d2bafba775495,cde6985f04d1a9b9b8bd0a81a4db5f36c7ae723245325332525791a41bfb4be7,GuardFed-AD2+_IID_Benign_seed91009,25cec402ddc071f08c260dc2d688fe0c70357149d954c7dca5b35adff11a29b2
IID,5000.0,91009,7,7280,1931,2264,1888,1197,4195,3085,3819,3461,0.42376373626373626,0.4754120879120879,0.007396880457026689,False,False,False,False,1197,False,44d58d0e60bc304b57588cd7b763b0607670738978e0b4c662df13d36a32df68,dd9f8756ca79dade6001bcdd99e32df045ac01c09d35870a2ebc9f8d0d5b9c6b,GuardFed-AD2+_IID_Benign_seed91009,25cec402ddc071f08c260dc2d688fe0c70357149d954c7dca5b35adff11a29b2
IID,5000.0,91009,8,7239,1912,2268,1877,1182,4180,3059,3789,3450,0.4225721784776903,0.47658516369664317,0.008245115035984185,False,False,False,False,1182,False,f25caaf44911302b99d3ba0881bef6b2feb72d67758ee467c535ae51eb547b0c,02147b11bead4503985166770b1307ea12f622ee89fc69048099e442d4faf5f3,GuardFed-AD2+_IID_Benign_seed91009,25cec402ddc071f08c260dc2d688fe0c70357149d954c7dca5b35adff11a29b2
IID,5000.0,91009,9,7227,2002,2191,1820,1214,4193,3034,3822,3405,0.4198145841981458,0.47114985471149856,0.009345708985759121,False,False,False,False,1214,False,190ced37e9f6a0ea0df24a3b13cb9dfaaf2cc18db62ae121ff82257d5839edc1,ace4f705fc49791d6e02cae6deb0267d9d9464b81d290258b05a9adf66a42b1a,GuardFed-AD2+_IID_Benign_seed91009,25cec402ddc071f08c260dc2d688fe0c70357149d954c7dca5b35adff11a29b2
IID,5000.0,91009,10,7364,1937,2353,1827,1247,4290,3074,3764,3600,0.41743617599130906,0.4888647474198805,0.009032946582980456,False,False,False,False,1247,False,feaaafaa5a90ed9d10616c10b270ff8c30508e7ec2f3aaa31b0ce19e3c7f49c0,c04072d23ed7a865413a7452527d42fe82d400143bf18b973b1ca20bf5a97729,GuardFed-AD2+_IID_Benign_seed91009,25cec402ddc071f08c260dc2d688fe0c70357149d954c7dca5b35adff11a29b2
IID,5000.0,91009,11,7327,1976,2355,1778,1218,4331,2996,3754,3573,0.4088985942404804,0.48764842363859695,0.010472979827905085,False,False,False,False,1218,False,6dab685e53c92e87f1c11d3932139acdc978ed1950933951676ee587836a710a,7b4df29f5af61ab94f6af1edb1e8ba77b5561f2a55b7a7b0cc49044d56368f2a,GuardFed-AD2+_IID_Benign_seed91009,25cec402ddc071f08c260dc2d688fe0c70357149d954c7dca5b35adff11a29b2
IID,5000.0,91009,12,7353,1981,2253,1901,1218,4234,3119,3882,3471,0.42418060655514755,0.4720522235822113,0.00777957725468871,False,False,False,False,1218,False,495e876a1648c2e7a501649c9d680b973c63de4dd722c9b55e0bf151d3439cde,ebd481fa0f3fdb60af543b40c3272b70ffec76ba411004fb5906ec7d71492723,GuardFed-AD2+_IID_Benign_seed91009,25cec402ddc071f08c260dc2d688fe0c70357149d954c7dca5b35adff11a29b2
IID,5000.0,91009,13,7368,1966,2295,1854,1253,4261,3107,3820,3548,0.4216883821932682,0.4815418023887079,0.00263192251340133,False,False,False,False,1253,False,e1fdb7e379884f04366b71f6b535ef33e221c6c61d64b277f71359621e829073,bcdd50370e7ce58eb46c7eb18cda3913935d68575c9d445cd6840024c39f2fbb,GuardFed-AD2+_IID_Benign_seed91009,25cec402ddc071f08c260dc2d688fe0c70357149d954c7dca5b35adff11a29b2
IID,5000.0,91009,14,7280,2003,2228,1873,1176,4231,3049,3876,3404,0.41881868131868133,0.4675824175824176,0.012249383254482438,False,False,False,False,1176,False,b1d80a7bbd162a74743aa752a35d5b151cf63bdd7b47067f6a9ce796f191ea16,7309cc7840beb5249b9402ed17e774f9c5955b48014335543cd08fd2a8bda2b6,GuardFed-AD2+_IID_Benign_seed91009,25cec402ddc071f08c260dc2d688fe0c70357149d954c7dca5b35adff11a29b2
IID,5000.0,91009,15,7328,1955,2264,1809,1300,4219,3109,3764,3564,0.4242631004366812,0.486353711790393,0.009973951540137999,False,False,False,False,1300,False,6aad56024711fab5adc0b358ddf2877374620876c947bfdd1e4e3d2e68ef8f9e,981c8ffbb1ea62c214415e52fcf7a7b71ca831d1ace429c66fb9d046ec3ce962,GuardFed-AD2+_IID_Benign_seed91009,25cec402ddc071f08c260dc2d688fe0c70357149d954c7dca5b35adff11a29b2
IID,5000.0,91009,16,7312,1952,2279,1865,1216,4231,3081,3817,3495,0.4213621444201313,0.47798140043763676,0.003116396171071914,False,False,False,False,1216,False,8f3e5c4d746c750e1a834493e0375a5c2698ac457a647418591281dcdb03f1aa,45c2b985afde03ae608fbfb432604f46ecfee29e8775ff777e0c8e488508cb8e,GuardFed-AD2+_IID_Benign_seed91009,25cec402ddc071f08c260dc2d688fe0c70357149d954c7dca5b35adff11a29b2
IID,5000.0,91009,17,7461,1994,2350,1882,1235,4344,3117,3876,3585,0.41777241656614394,0.4804985926819461,0.0028684063233542917,False,False,False,False,1235,False,5a99c3a9d331cacb0a01152da5387bbd4d8c2de91b9e381468ad748643283375,76a2b8b974410edaa1bbc47aff7f64bbba48c1aba2a9b058523667ab4ab750df,GuardFed-AD2+_IID_Benign_seed91009,25cec402ddc071f08c260dc2d688fe0c70357149d954c7dca5b35adff11a29b2
IID,5000.0,91009,18,7375,1961,2355,1828,1231,4316,3059,3789,3586,0.41477966101694913,0.4862372881355932,0.006918028246157892,False,False,False,False,1231,False,deea84750f62884a8b3c9211506109c5a6fddff844a08fdc9bda41ee6fceb669,edcd3019bd337324d8734f7461d960bf82d98dc9bee6c8f2114c15382606334b,GuardFed-AD2+_IID_Benign_seed91009,25cec402ddc071f08c260dc2d688fe0c70357149d954c7dca5b35adff11a29b2
IID,5000.0,91009,19,7275,1912,2294,1873,1196,4206,3069,3785,3490,0.4218556701030928,0.47972508591065294,0.008435720618859305,False,False,False,False,1196,False,4db8c27dceecf19c5a88e5788af50647cab3751cb0bc8124c1ec173ae714b5cd,f560728bce85575fb641e25419146d76edd2d0208027a417f659ef9db84084b8,GuardFed-AD2+_IID_Benign_seed91009,25cec402ddc071f08c260dc2d688fe0c70357149d954c7dca5b35adff11a29b2
IID,5000.0,91010,0,7356,1968,2264,1919,1205,4232,3124,3887,3469,0.4246873300706906,0.4715878194671017,0.009116006066311064,False,False,False,False,1205,True,36a738d9acb6f6827c12f17c716b23c74ff920f98c0145a7953a04c294071077,cd566a122c073bbb9d2eafd15a36565a178e21333477022c711ae548aef4b361,GuardFed-AD2+_IID_Benign_seed91010,bc5fbb02f7795382edb53a63264167f465bb8d2f814d347f45117e3a347d0faf
IID,5000.0,91010,1,7318,2001,2288,1794,1235,4289,3029,3795,3523,0.4139109046187483,0.4814156873462695,0.006610521935809938,False,False,False,False,1235,True,6773a5c4ad5a8187dfc8ac858b16f6c57593083fa60482e5127e6fb8e24e49ff,f53e0b03b286b1c14b94ae22ec80da7fad6e4f7924a5591ffb93e297b0c7f48e,GuardFed-AD2+_IID_Benign_seed91010,bc5fbb02f7795382edb53a63264167f465bb8d2f814d347f45117e3a347d0faf
IID,5000.0,91010,2,7253,1953,2212,1876,1212,4165,3088,3829,3424,0.4257548600579071,0.47208051840617676,0.007621583400735529,False,False,False,False,1212,True,6729a596bffe7e036b82826f17ff89ffb4b9540bc274eda8a8857a79a690fb52,c0f991cf67426a6771d44b8f1fbff292d8a7dd4ee159aae32c0d4cb9016e660d,GuardFed-AD2+_IID_Benign_seed91010,bc5fbb02f7795382edb53a63264167f465bb8d2f814d347f45117e3a347d0faf
IID,5000.0,91010,3,7248,1977,2294,1767,1210,4271,2977,3744,3504,0.41073399558498896,0.48344370860927155,0.008637578483396552,False,False,False,False,1210,True,4174bb390211043b64d30e8f2670e2d689718af776f635cad0fe32886f795fd7,6d12d48ed64594476a8a73cf4bc4a27c06fa970c8854ffec2e01d0fe9335fc60,GuardFed-AD2+_IID_Benign_seed91010,bc5fbb02f7795382edb53a63264167f465bb8d2f814d347f45117e3a347d0faf
IID,5000.0,91010,4,7372,2009,2308,1798,1257,4317,3055,3807,3565,0.4144058600108519,0.48358654367878456,0.007863647706455215,False,False,False,False,1257,False,7115ec166d570550c18fe5c35caa211b3f6fa08d46a8df9174c88d713a837e7a,f09079a33b790fa8a866536cf0021e6aeae4a9e7a1e89306f400475250d9dda6,GuardFed-AD2+_IID_Benign_seed91010,bc5fbb02f7795382edb53a63264167f465bb8d2f814d347f45117e3a347d0faf
IID,5000.0,91010,5,7245,1873,2279,1872,1221,4152,3093,3745,3500,0.4269151138716356,0.4830917874396135,0.010015309064647787,False,False,False,False,1221,False,00387901127e4c8e10514a15768ba76059e505b2b1c5d81da65551fe402f6573,4298ec7de9497d3f42c171b118d8dd0293440b24a42b797526ff7d60f13b7002,GuardFed-AD2+_IID_Benign_seed91010,bc5fbb02f7795382edb53a63264167f465bb8d2f814d347f45117e3a347d0faf
IID,5000.0,91010,6,7348,1968,2337,1809,1234,4305,3043,3777,3571,0.41412629286880787,0.4859825802939575,0.006280478487045257,False,False,False,False,1234,False,e453dea495dbbf7680ff22030fc441ed09ba79bcdbc038d862b1301cf1a31f34,342b7abb318e01e5e5d7a6e32177bd357d0baf91b43f2f97802cc0f22e392364,GuardFed-AD2+_IID_Benign_seed91010,bc5fbb02f7795382edb53a63264167f465bb8d2f814d347f45117e3a347d0faf
IID,5000.0,91010,7,7367,1939,2314,1835,1279,4253,3114,3774,3593,0.4226958056196552,0.4877154879869689,0.008013386180056634,False,False,False,False,1279,False,7c9208b8499517619a1f83c407780463b26a921a22390e89b6945443aec36437,168416f0e832b8016adf8ac03926943d0501629934d86c5ec6b3b5c786a096b0,GuardFed-AD2+_IID_Benign_seed91010,bc5fbb02f7795382edb53a63264167f465bb8d2f814d347f45117e3a347d0faf
IID,5000.0,91010,8,7330,1975,2254,1863,1238,4229,3101,3838,3492,0.42305593451568896,0.47639836289222376,0.004586586833081496,False,False,False,False,1238,False,ae9e1ffd77b4fcade0e55f0269f6c65a46ed8ecccb93af7afa7caa0b13db2546,3b9e247de59206f7fdb75d7efc4a0928bb5c49a11f25997ec54f4ca9cc53eea8,GuardFed-AD2+_IID_Benign_seed91010,bc5fbb02f7795382edb53a63264167f465bb8d2f814d347f45117e3a347d0faf
IID,5000.0,91010,9,7491,2052,2321,1819,1299,4373,3118,3871,3620,0.41623281270858364,0.4832465625417167,0.011186271375035334,False,False,False,False,1299,False,65b83e3fa3dd4d2b064fa840e4250596c81531aeaa5a487f8363692886abe3f9,89c323e8c40580daa5afc5ac6f0b8e657456fe624f24827f4d1c74874eb1b5e9,GuardFed-AD2+_IID_Benign_seed91010,bc5fbb02f7795382edb53a63264167f465bb8d2f814d347f45117e3a347d0faf
IID,5000.0,91010,10,7287,1981,2292,1828,1186,4273,3014,3809,3478,0.4136132839302868,0.47728832166872515,0.0057582901380986845,False,False,False,False,1186,False,7307df0d5ce12ba84ba715934da3bc411946b6d3210d2ac5006e6a486e08d05c,158b0e89840cb6fb23d201354500c5b9562ef7a2e85657115a57be49e80503c2,GuardFed-AD2+_IID_Benign_seed91010,bc5fbb02f7795382edb53a63264167f465bb8d2f814d347f45117e3a347d0faf
IID,5000.0,91010,11,7310,1986,2260,1800,1264,4246,3064,3786,3524,0.4191518467852257,0.4820793433652531,0.008445910438491494,False,False,False,False,1264,False,0bc8385226710bc8fa990e59ed74af99075c0c30fbedaf0c91976ee91e456685,4f63c550c966a4618fd095d3373d5361dafe28689e5c58be0d31dee43b158381,GuardFed-AD2+_IID_Benign_seed91010,bc5fbb02f7795382edb53a63264167f465bb8d2f814d347f45117e3a347d0faf
IID,5000.0,91010,12,7254,1892,2317,1872,1173,4209,3045,3764,3490,0.4197684036393714,0.4811138682106424,0.013625029619298193,False,False,False,False,1173,False,3ce770d6f3d94e0027943c6725282cde3e24602a82ed99ca64596017749dea5e,8c07c3987eaa5a1dd9527892878baa190634ffca19974b759e4d82d3dd9fa6cf,GuardFed-AD2+_IID_Benign_seed91010,bc5fbb02f7795382edb53a63264167f465bb8d2f814d347f45117e3a347d0faf
IID,5000.0,91010,13,7282,2061,2173,1851,1197,4234,3048,3912,3370,0.41856632793188686,0.462784949189783,0.016917152617129255,False,False,False,False,1197,False,2aca006def76a2eb54e57a07148813fa2acbdb577a287059f789b64ef661f8c2,573fb11e066cbd10c0037f05b87b95645eb8227f04e08c0dec048f9bfbbaaae4,GuardFed-AD2+_IID_Benign_seed91010,bc5fbb02f7795382edb53a63264167f465bb8d2f814d347f45117e3a347d0faf
IID,5000.0,91010,14,7364,1942,2270,1952,1200,4212,3152,3894,3470,0.4280282455187398,0.4712112982074959,0.013313859976357714,False,False,False,False,1200,False,01d097dddcb9b0b277935a3d5cfaefa1d23d0d6ed033aabd657e6a0ee3f1c9e8,141499961ab495350018cde9122d3d5eea1421372d0b7037f2771a7e5e135d69,GuardFed-AD2+_IID_Benign_seed91010,bc5fbb02f7795382edb53a63264167f465bb8d2f814d347f45117e3a347d0faf
IID,5000.0,91010,15,7364,1918,2351,1857,1238,4269,3095,3775,3589,0.420287887017925,0.4873709940249864,0.00808215469307387,False,False,False,False,1238,False,e6f3917d994bff83c20c55c3826b933a00d1fc76ed8da47133f8ae0842f23ea5,43e95c4d2112d3f77e0d3c8bc014d55968636847a1111ee977d58f4e750c5a86,GuardFed-AD2+_IID_Benign_seed91010,bc5fbb02f7795382edb53a63264167f465bb8d2f814d347f45117e3a347d0faf
IID,5000.0,91010,16,7378,1995,2343,1800,1240,4338,3040,3795,3583,0.4120357820547574,0.48563296286256435,0.0077909145717541956,False,False,False,False,1240,False,b903d1f80842932d4c0b9708d802acd005c5b9652d755e1bfd0bdd9b47243d86,1b40dd311616e0d170c561dda21250ff094ec4c373c5a3bf4596e0796d186d15,GuardFed-AD2+_IID_Benign_seed91010,bc5fbb02f7795382edb53a63264167f465bb8d2f814d347f45117e3a347d0faf
IID,5000.0,91010,17,7333,1951,2283,1885,1214,4234,3099,3836,3497,0.42261011864175646,0.4768853129687713,0.005297669225106563,False,False,False,False,1214,False,66d92a2b277f94a180c31872ccbd1fd60f01890150d31218ba255f3732b47f65,c964a6feff4c590359c307256e979860ed88107d120ea8934ff8dcd82c115383,GuardFed-AD2+_IID_Benign_seed91010,bc5fbb02f7795382edb53a63264167f465bb8d2f814d347f45117e3a347d0faf
IID,5000.0,91010,18,7340,1986,2282,1855,1217,4268,3072,3841,3499,0.41852861035422345,0.4767029972752044,0.0029991045317079162,False,False,False,False,1217,False,d36bc74e90f911ba941aa38718027736fc48f6f142490ff9044bfaab4d326e06,0a8192d68666918628ff2b2273574dca024c133f1e3f8c37b6057fbad4c2561f,GuardFed-AD2+_IID_Benign_seed91010,bc5fbb02f7795382edb53a63264167f465bb8d2f814d347f45117e3a347d0faf
IID,5000.0,91010,19,7253,1912,2277,1829,1235,4189,3064,3741,3512,0.4224458844616021,0.4842134289259617,0.004923372618369226,False,False,False,False,1235,False,0a6cd344f93fbcbb0d11a17a2780281b83543ea58bef4f8e7d492505926fb509,b1cd92c942df303a91b2734028381dff5b75dc10ca905bc39cbb912367794c73,GuardFed-AD2+_IID_Benign_seed91010,bc5fbb02f7795382edb53a63264167f465bb8d2f814d347f45117e3a347d0faf
non-IID,5.0,91001,0,7925,1845,2228,2319,1533,4073,3852,4164,3761,0.4860567823343849,0.47457413249211355,0.06668520826599936,False,False,False,False,1533,True,4cf04573b48f9d6b67ecc8090b000c2d62d0c5b84bca5a723598c97da830b22a,6ff85a584f2399df2b4a49405910dd6a834d749e4788647c162b7ff0f13ff163,GuardFed-AD2+_lr0.0005_drop0.005_Benign_seed91001,11d664aa6158477f50ade3eabe15ac4489d5aae57c2169239a5b34d628778e8b
non-IID,5.0,91001,1,7132,1360,1670,2468,1634,3030,4102,3828,3304,0.5751542344363433,0.4632641615255188,0.15578266036795774,False,False,False,False,1360,True,c219ed5d97c7b9e0006e8a0d5606c4e58d4381269c90a427352f12ee9faf9175,e76adf2fd232ae07670ef9702cd00734ffb5dd870479d25c9111a0bf05481768,GuardFed-AD2+_lr0.0005_drop0.005_Benign_seed91001,11d664aa6158477f50ade3eabe15ac4489d5aae57c2169239a5b34d628778e8b
non-IID,5.0,91001,2,6815,1149,1402,2613,1651,2551,4264,3762,3053,0.6256786500366838,0.447982391782832,0.20630707596829828,False,False,False,False,1149,True,727a9e629958ab4a389252d04e3e695191f9e483c9e2d6fca1da740bcec29300,7c0bb9b7a2158e441d999f3035a8d298fc78f6053e462b7ef1d0506c0bde38ed,GuardFed-AD2+_lr0.0005_drop0.005_Benign_seed91001,11d664aa6158477f50ade3eabe15ac4489d5aae57c2169239a5b34d628778e8b
non-IID,5.0,91001,3,8131,1212,1385,3361,2173,2597,5534,4573,3558,0.6806050916246464,0.4375845529455172,0.2612335175562609,False,False,False,False,1212,True,b0c306f224f346d28a40ce85763f2da548fc3c22a084d540ffca8e461845e669,120096eac5e34dd34a9883ff0c47766297d0f0318eca409197b7af7d4e95db56,GuardFed-AD2+_lr0.0005_drop0.005_Benign_seed91001,11d664aa6158477f50ade3eabe15ac4489d5aae57c2169239a5b34d628778e8b
non-IID,5.0,91001,4,5247,1253,1384,1564,1046,2637,2610,2817,2430,0.4974271012006861,0.4631217838765009,0.07805552713230059,False,False,False,False,1046,False,c9c7a4e6cecb8e68ebfa920e9ba18e956733485a5898ea999d68b56f57ca4885,5da10a99f3cdf1fb7e0c6a0c7105e0186c2d43453bbdd901f80f74da0668b121,GuardFed-AD2+_lr0.0005_drop0.005_Benign_seed91001,11d664aa6158477f50ade3eabe15ac4489d5aae57c2169239a5b34d628778e8b
non-IID,5.0,91001,5,10128,3454,3938,1647,1089,7392,2736,5101,5027,0.27014218009478674,0.4963467614533965,0.1492293939735988,False,False,False,False,1089,False,d6216643b74d4fa692db0f9ecc5858a539b755153a5faeefc7617c8420ca2fdb,883f08db0098edf067986d37aea89920b758a166a39f3664ed02474a91614188,GuardFed-AD2+_lr0.0005_drop0.005_Benign_seed91001,11d664aa6158477f50ade3eabe15ac4489d5aae57c2169239a5b34d628778e8b
non-IID,5.0,91001,6,9987,2655,3220,2448,1664,5875,4112,5103,4884,0.41173525583258236,0.48903574647041154,0.010540761620894984,False,False,False,False,1664,False,5cffdccfecbd00f1ac899be7eea12d42b630f16ef174bedc150727af8a450bec,535e23cd2a1bb92858e76d49c01ed44a19bdba6e5a3136f1e7dbb0a100747051,GuardFed-AD2+_lr0.0005_drop0.005_Benign_seed91001,11d664aa6158477f50ade3eabe15ac4489d5aae57c2169239a5b34d628778e8b
non-IID,5.0,91001,7,10121,2332,2736,3004,2049,5068,5053,5336,4785,0.49925896650528606,0.47277936962750716,0.0798873924369005,False,False,False,False,2049,False,6ca98fd8202555cbe13838bab8984d75317b6ac61b383703c19188ba261a4b2d,e3053b5702f8ac66c57a6d15a047b911f7bc3119a201cdc3e6a64168546aae38,GuardFed-AD2+_lr0.0005_drop0.005_Benign_seed91001,11d664aa6158477f50ade3eabe15ac4489d5aae57c2169239a5b34d628778e8b
non-IID,5.0,91001,8,4683,922,1070,1596,1095,1992,2691,2518,2165,0.5746316463805253,0.4623104847320094,0.15526007231213979,False,False,False,False,922,False,9190033b8cd2772f99e2fcaec69566593b9cc6d9506ac1365ffe3f3df9f4bacb,77c70a514eca7f812ef617718da26e797533639530b85ba719ae70e994509514,GuardFed-AD2+_lr0.0005_drop0.005_Benign_seed91001,11d664aa6158477f50ade3eabe15ac4489d5aae57c2169239a5b34d628778e8b
non-IID,5.0,91001,9,5182,1391,1690,1245,856,3081,2101,2636,2546,0.40544191431879584,0.4913160941721343,0.014250524490162647,False,False,False,False,856,False,b149ce6858170aa4c8c73f00a485f790756a36ba8a63baca3793a7f1ba7f5e23,42e8114015860ad7909bf425df241d3ce2697b89107103492c120022577a07bf,GuardFed-AD2+_lr0.0005_drop0.005_Benign_seed91001,11d664aa6158477f50ade3eabe15ac4489d5aae57c2169239a5b34d628778e8b
non-IID,5.0,91001,10,6465,2471,2905,668,421,5376,1089,3139,3326,0.16844547563805104,0.51446249033256,0.2509260984303345,False,False,False,False,421,False,edcd2b89b94daceb1aabd280657def37843c32b2b697ae3f63c3d59ae2b7e7ce,e4b5b6bdebab9930ad6a876db31bee87a5991d1064836c3153f447c354ade325,GuardFed-AD2+_lr0.0005_drop0.005_Benign_seed91001,11d664aa6158477f50ade3eabe15ac4489d5aae57c2169239a5b34d628778e8b
non-IID,5.0,91001,11,9759,2951,3430,2030,1348,6381,3378,4981,4778,0.3461420227482324,0.489599344195102,0.0732295513201531,False,False,False,False,1348,False,4b63b7ea0b79b1fe596eb2ae9185b873d313d454a2edf6c610a5b5d6d87e67db,a0d28e1785cbdc7af609f7a887a89d293084b779245942109477daa1125959b7,GuardFed-AD2+_lr0.0005_drop0.005_Benign_seed91001,11d664aa6158477f50ade3eabe15ac4489d5aae57c2169239a5b34d628778e8b
non-IID,5.0,91001,12,8341,2111,2396,2284,1550,4507,3834,4395,3946,0.4596571154537825,0.47308476201894256,0.040285541385397,False,False,False,False,1550,False,800a679add63bcc3fdbd15a6687c2729a71b3fab9a71a136cc88a2c6b53387b5,c128a1c6f5f4f0f93ee8ee75ca548d5caf0483a743eeaec182553d5230d9053c,GuardFed-AD2+_lr0.0005_drop0.005_Benign_seed91001,11d664aa6158477f50ade3eabe15ac4489d5aae57c2169239a5b34d628778e8b
non-IID,5.0,91001,13,8946,2515,2747,2232,1452,5262,3684,4747,4199,0.4118041582830315,0.4693717862731947,0.01238118917130257,False,False,False,False,1452,False,e37a721fac4358cb55306548b68a64dc9a3a43f6306b355f899ea37f0d56d6e0,9b21fc0aed221e4aa5394cae81f9731bf0e4ad4abbc703c006092260a2c56a46,GuardFed-AD2+_lr0.0005_drop0.005_Benign_seed91001,11d664aa6158477f50ade3eabe15ac4489d5aae57c2169239a5b34d628778e8b
non-IID,5.0,91001,14,5833,1630,1922,1307,974,3552,2281,2937,2896,0.3910509171952683,0.49648551345791186,0.028320656873117217,False,False,False,False,974,False,357cd8a42559ebfe9884f1bae2dfa2a770b83f4f50518f5e180826d95c3b0a1c,9e2fa6a45e3866cc2bb712252ef233acb6b6691c1dfe62a088f953d43c46babb,GuardFed-AD2+_lr0.0005_drop0.005_Benign_seed91001,11d664aa6158477f50ade3eabe15ac4489d5aae57c2169239a5b34d628778e8b
non-IID,5.0,91001,15,9161,2812,3220,1878,1251,6032,3129,4690,4471,0.3415565986246043,0.4880471564239712,0.07781497544378123,False,False,False,False,1251,False,926821920560034197343cac8efff24602de9f63ad781e2bc622f88793753868,6f6dd4290603bdcc29711699415626756c9df7bcf5be837fdbad0ca5a227c3f0,GuardFed-AD2+_lr0.0005_drop0.005_Benign_seed91001,11d664aa6158477f50ade3eabe15ac4489d5aae57c2169239a5b34d628778e8b
non-IID,5.0,91001,16,6359,2006,2263,1257,833,4269,2090,3263,3096,0.3286680295643969,0.4868690045604655,0.09070354450398858,False,False,False,False,833,False,010f69a3ec7d47cfd0953e60a7c9096f0e3df51a38529bdafd4a77d7748e0680,1b6274dbcc78e6e439cfe7f3d558a58140417ced3956914994747090d41cd25b,GuardFed-AD2+_lr0.0005_drop0.005_Benign_seed91001,11d664aa6158477f50ade3eabe15ac4489d5aae57c2169239a5b34d628778e8b
non-IID,5.0,91001,17,5115,1746,1951,853,565,3697,1418,2599,2516,0.2772238514173998,0.49188660801564027,0.14214772265098571,False,False,False,False,565,False,e106aadb54923536d635a01562147783009181ae4935793c20d9996d4ddf2599,22ea3745bea72f4d6588eb62d8259fd2efba8eaaf95f3e651da45a66fd03dc49,GuardFed-AD2+_lr0.0005_drop0.005_Benign_seed91001,11d664aa6158477f50ade3eabe15ac4489d5aae57c2169239a5b34d628778e8b
non-IID,5.0,91001,18,5449,2035,2372,623,419,4407,1042,2658,2791,0.19122774821068086,0.5122040741420444,0.22814382585770465,False,False,False,False,419,False,2c3946ac3a9e53fcb12f3223d32cbf7e1a87ae1f27e0e5e4f6f3bc1529bd26db,f79d2a285b38798217f57783f9f234a9b2fdf6f80fa356ad045d3ab2965e7696,GuardFed-AD2+_lr0.0005_drop0.005_Benign_seed91001,11d664aa6158477f50ade3eabe15ac4489d5aae57c2169239a5b34d628778e8b
non-IID,5.0,91001,19,5714,1520,1759,1498,937,3279,2435,3018,2696,0.4261463073153658,0.47182359117955897,0.010308070713345677,False,False,False,False,937,False,b71b052f1601bc0327158310c3691310ddcb011a4a7e2be8e0d441dbafae768e,a6c93d68802f3e120077b189148d981b047f165576238b34f586134350cf85a9,GuardFed-AD2+_lr0.0005_drop0.005_Benign_seed91001,11d664aa6158477f50ade3eabe15ac4489d5aae57c2169239a5b34d628778e8b
non-IID,5.0,91002,0,4189,876,990,1369,954,1866,2323,2245,1944,0.5545476247314395,0.46407257101933636,0.13517605066305396,False,False,False,False,876,True,76ba0396b2a7c52763ac46be97f17dd77c855f99d25d9e88e3902b1ef2d8630b,30e96d253583338b2dee499d7d6000ecebdfc92b8af65a00e1356ee5abd4d362,GuardFed-AD2+_lr0.0005_drop0.005_Benign_seed91002,f146c4123917254015bd06179e5e5dc2742c80f6dc70ca9bd4fde1f6466d101b
non-IID,5.0,91002,1,4721,1517,1832,838,534,3349,1372,2355,2366,0.29061639483160345,0.5011650074136835,0.12875517923678206,False,False,False,False,534,True,0741c2753dae6c6b908ea8a4243eb588920182c57e6aec4797065a8f8caa2922,f53810b879006cc9513f3b155aea2d6cb37c83bd8e77866a75d85bc6b8c4ebd7,GuardFed-AD2+_lr0.0005_drop0.005_Benign_seed91002,f146c4123917254015bd06179e5e5dc2742c80f6dc70ca9bd4fde1f6466d101b
non-IID,5.0,91002,2,5002,1442,1600,1147,813,3042,1960,2589,2413,0.39184326269492203,0.48240703718512595,0.027528311373463524,False,False,False,False,813,True,f8996b9fae21f4ab5fa4e8f1e59ebfd66bc35b3048d906199426bcda2adf7827,ebaefe269d25ca99b056b1dfc5944b596400c83a5675d72302e65c00877ca025,GuardFed-AD2+_lr0.0005_drop0.005_Benign_seed91002,f146c4123917254015bd06179e5e5dc2742c80f6dc70ca9bd4fde1f6466d101b
non-IID,5.0,91002,3,12981,4212,5046,2290,1433,9258,3723,6502,6479,0.2868037901548417,0.49911408982358835,0.13256778391354385,False,False,False,False,1433,True,447829aaf48baf81a79ce9f8b5c39f24eed982524314708afe5e9e087ac4ceee,a5a7b16bd2b937fe09241ece21a2614e9714542e48dae7cad04290a7aea1779d,GuardFed-AD2+_lr0.0005_drop0.005_Benign_seed91002,f146c4123917254015bd06179e5e5dc2742c80f6dc70ca9bd4fde1f6466d101b
non-IID,5.0,91002,4,10425,3542,4238,1574,1071,7780,2645,5116,5309,0.25371702637889687,0.5092565947242206,0.16565454768948865,False,False,False,False,1071,False,6466991c979e5913e14eeeaac0f5e1832fa2b314b531780cd3c17644dd521fc8,d2e640e9836d0dff06632f2229f96447afd4605bc794704d2f505fdee1454037,GuardFed-AD2+_lr0.0005_drop0.005_Benign_seed91002,f146c4123917254015bd06179e5e5dc2742c80f6dc70ca9bd4fde1f6466d101b
non-IID,5.0,91002,5,3560,927,1031,949,653,1958,1602,1876,1684,0.45,0.4730337078651685,0.030628425931614453,False,False,False,False,653,False,b49a250cc305e61544d698cdb4224903d28e3da7bb4cee96677340cf342da095,777ee8898263be89598f9ff9fc46dd99c8d00b633f83dec16cc7253974a36eef,GuardFed-AD2+_lr0.0005_drop0.005_Benign_seed91002,f146c4123917254015bd06179e5e5dc2742c80f6dc70ca9bd4fde1f6466d101b
non-IID,5.0,91002,6,8879,2582,2862,2104,1331,5444,3435,4686,4193,0.38686789052821263,0.47223786462439465,0.0325036835401729,False,False,False,False,1331,False,95c8988a99ab77adaee8039171ee3111aa7d1e0bf8db409ea5252b6a44c788dd,76ac026e32048fbc9d7ade6b5748d4f37a35eacd1aee76a37f8aa4f87c715923,GuardFed-AD2+_lr0.0005_drop0.005_Benign_seed91002,f146c4123917254015bd06179e5e5dc2742c80f6dc70ca9bd4fde1f6466d101b
non-IID,5.0,91002,7,14251,4121,4670,3291,2169,8791,5460,7412,6839,0.3831310083502912,0.4798961476387622,0.036240565718094336,False,False,False,False,2169,False,4281d965c9bae207116d1adb23cb5801b0d0c68909485af0e683cc2d138d1b5c,9a0c2d9336021277a7c7116951749f15389defd49cebeae4ea0c39b637896cb5,GuardFed-AD2+_lr0.0005_drop0.005_Benign_seed91002,f146c4123917254015bd06179e5e5dc2742c80f6dc70ca9bd4fde1f6466d101b
non-IID,5.0,91002,8,6452,765,893,2832,1962,1658,4794,3597,2855,0.7430254184748915,0.44249845009299443,0.32365384440650596,False,False,False,False,765,False,98723878560ef1f54e8949f4087753f53d69d40e6d7f43af8007366052176813,482f6b2d7dc37871a1409012aa108d9ccabeddb24df40338e6d7b3c7e3cc0584,GuardFed-AD2+_lr0.0005_drop0.005_Benign_seed91002,f146c4123917254015bd06179e5e5dc2742c80f6dc70ca9bd4fde1f6466d101b
non-IID,5.0,91002,9,7647,1585,1850,2490,1722,3435,4212,4075,3572,0.5508042369556689,0.4671112854714267,0.13143266288728336,False,False,False,False,1585,False,d19b2e1236ea52212389ced744dfa0ef43a0d456d3a09de941e837bc98ceb94d,9eeed83beea9b4da73576235b4efa84f5cf30cb76967265acc0ef99a0710df7a,GuardFed-AD2+_lr0.0005_drop0.005_Benign_seed91002,f146c4123917254015bd06179e5e5dc2742c80f6dc70ca9bd4fde1f6466d101b
non-IID,5.0,91002,10,4244,1152,1305,1086,701,2457,1787,2238,2006,0.4210650329877474,0.47266729500471255,0.006611578388555417,False,False,False,False,701,False,bc1ea73fb535955b4110dbdf205b1d84ba67883267f327e367f327eabf9557af,f3d2b6a426d1ec1f5e409eb0f0b22019b3111220c2f4d9e6953b320a18d688b6,GuardFed-AD2+_lr0.0005_drop0.005_Benign_seed91002,f146c4123917254015bd06179e5e5dc2742c80f6dc70ca9bd4fde1f6466d101b
non-IID,5.0,91002,11,4564,826,978,1652,1108,1804,2760,2478,2086,0.6047326906222612,0.4570552147239264,0.18536111655387566,False,False,False,False,826,False,ecae7c79058ba461e2954b65f30197260e6105b874795878e5de85f153ae0a83,435bfcaac98650957d5468d42bfd7e402059546aa8f2127e6dc3765af1c8bb94,GuardFed-AD2+_lr0.0005_drop0.005_Benign_seed91002,f146c4123917254015bd06179e5e5dc2742c80f6dc70ca9bd4fde1f6466d101b
non-IID,5.0,91002,12,6786,1855,2179,1667,1085,4034,2752,3522,3264,0.4055408193339228,0.48099027409372236,0.013830754734462755,False,False,False,False,1085,False,b8240c2ea53a2e480d23689d97c86196a150289794e28b0afd81cd7c3735ea6e,f18b39ca8b473b142cd1ec1e3df12872fd14191323d64d786c74000e63ad931f,GuardFed-AD2+_lr0.0005_drop0.005_Benign_seed91002,f146c4123917254015bd06179e5e5dc2742c80f6dc70ca9bd4fde1f6466d101b
non-IID,5.0,91002,13,9987,2812,3208,2430,1537,6020,3967,5242,4745,0.3972163812956844,0.47511765294883346,0.02215519277270113,False,False,False,False,1537,False,19ed933affcef17e0574f346f5f6221dfff2d8489c21394ba59aedfc611e186e,81164df398fbea62828384eb661e68faa28ac7834e46f452627ca95b2345929c,GuardFed-AD2+_lr0.0005_drop0.005_Benign_seed91002,f146c4123917254015bd06179e5e5dc2742c80f6dc70ca9bd4fde1f6466d101b
non-IID,5.0,91002,14,7586,1527,1791,2543,1725,3318,4268,4070,3516,0.5626153440548378,0.46348536778275773,0.14324376998645233,False,False,False,False,1527,False,a0a4a1df79eeb0ce5644e004a026c2c57479f936e6aa35190b900584c044306d,7ba2a605f0ab2793f8573335f58a75a4bb6636b3de3f806bb0b39690735d373a,GuardFed-AD2+_lr0.0005_drop0.005_Benign_seed91002,f146c4123917254015bd06179e5e5dc2742c80f6dc70ca9bd4fde1f6466d101b
non-IID,5.0,91002,15,7233,2724,3112,848,549,5836,1397,3572,3661,0.1931425411309277,0.5061523572514862,0.22622903293745783,False,False,False,False,549,False,d40c668b69f604aa087233e8add578304bca859605906e63980fdbdbc954910f,0cbaca69012286bde1821408266bad18c47f84830f5d06eabadab52f2a96a32c,GuardFed-AD2+_lr0.0005_drop0.005_Benign_seed91002,f146c4123917254015bd06179e5e5dc2742c80f6dc70ca9bd4fde1f6466d101b
non-IID,5.0,91002,16,6793,1218,1374,2520,1681,2592,4201,3738,3055,0.6184307375239216,0.44972766082732224,0.19905916345553615,False,False,False,False,1218,False,ca53115477f1704a5503c186bf6a487f7d0263b7d37c151dc02833f46dc58e5d,578a3613b44db94d6eb1979a93dbfcc621380bd3657943b4257fc7685fde07eb,GuardFed-AD2+_lr0.0005_drop0.005_Benign_seed91002,f146c4123917254015bd06179e5e5dc2742c80f6dc70ca9bd4fde1f6466d101b
non-IID,5.0,91002,17,4556,755,842,1756,1203,1597,2959,2511,2045,0.6494732221246707,0.44885864793678665,0.23010164805628522,False,False,False,False,755,False,952f6fb239710fbab978baad80c36d072cfe01d6f23992b96fde8f672600a221,b1c5395c3d74ec487b19f2a28d32bc33053eabfc53c157c2678bcde8f1bc29ff,GuardFed-AD2+_lr0.0005_drop0.005_Benign_seed91002,f146c4123917254015bd06179e5e5dc2742c80f6dc70ca9bd4fde1f6466d101b
non-IID,5.0,91002,18,4274,1055,1170,1227,822,2225,2049,2282,1992,0.4794103883949462,0.46607393542349085,0.06003881432656065,False,False,False,False,822,False,973d7a22098c16512f147cf91051aa1032cb115a92a51cc9fc87e6b2f7d8ac17,ac72348f1582066363b5bc5cd96cad78144a2cce728d6244b5aa16ac362b7e19,GuardFed-AD2+_lr0.0005_drop0.005_Benign_seed91002,f146c4123917254015bd06179e5e5dc2742c80f6dc70ca9bd4fde1f6466d101b
non-IID,5.0,91002,19,12363,3895,4699,2281,1488,8594,3769,6176,6187,0.30486127962468657,0.5004448758391976,0.11451029444369897,False,False,False,False,1488,False,e12d537e96cd9afb8660b76244ca9c6cf756846b3e509c59ad94c2bf3b85d21b,9abcf00b3a618ac748fc4a0f1fbdee812b0a0fa7740a5d3b7980830a68aee4c2,GuardFed-AD2+_lr0.0005_drop0.005_Benign_seed91002,f146c4123917254015bd06179e5e5dc2742c80f6dc70ca9bd4fde1f6466d101b
non-IID,5.0,91003,0,5753,1324,1468,1769,1192,2792,2961,3093,2660,0.5146879888753694,0.46236746045541455,0.09531641480698388,False,False,False,False,1192,True,5e6aa392aad0795e3caeda3096195a5426bdf3d3dc799d920e010ba16c38316c,26bb32505b7c18c446f1de9db337426df0071b14d084dc456312c0a48dba3b4e,GuardFed-AD2+_lr0.0005_drop0.005_Benign_seed91003,cb3ebf04ecde883855825cbaf5ebea67911eb7d98c7cfc826ff394fa0cc7e1fa
non-IID,5.0,91003,1,7480,1258,1527,2791,1904,2785,4695,4049,3431,0.6276737967914439,0.4586898395721925,0.20830222272305832,False,False,False,False,1258,True,8ce9aa376486582fc76fcbc67ec94cf983f330d4b0c9a7fba69fc26b2970459a,37ea8e9b55b4fd9f5886ccfc393a1bfcb641a5e2d94ccd0f598077b5602fff6d,GuardFed-AD2+_lr0.0005_drop0.005_Benign_seed91003,cb3ebf04ecde883855825cbaf5ebea67911eb7d98c7cfc826ff394fa0cc7e1fa
non-IID,5.0,91003,2,4768,1809,2164,467,328,3973,795,2276,2492,0.16673657718120805,0.5226510067114094,0.25263499688717744,False,False,False,False,328,True,1c6da9c79c7ae2895dbf4fed6c81c8f0b717ac95136a18d8ac31f188b22eecdf,6c52b7dde1b977000246a4dae57d1b31ed8cae28d1eef0e89b2bd56fca2b5704,GuardFed-AD2+_lr0.0005_drop0.005_Benign_seed91003,cb3ebf04ecde883855825cbaf5ebea67911eb7d98c7cfc826ff394fa0cc7e1fa
non-IID,5.0,91003,3,8502,2535,2936,1814,1217,5471,3031,4349,4153,0.3565043519171959,0.4884733003999059,0.06286722215118953,False,False,False,False,1217,True,1f1e639c6a0f8ccf2f505487000818422ee1a0069d6d03bf44680ebc01d18a9f,40696312fff2635f48ddfaad3b18c0d16f25528676c4b6bfbed92c276d78f693,GuardFed-AD2+_lr0.0005_drop0.005_Benign_seed91003,cb3ebf04ecde883855825cbaf5ebea67911eb7d98c7cfc826ff394fa0cc7e1fa
non-IID,5.0,91003,4,4414,889,1094,1468,963,1983,2431,2357,2057,0.550747621205256,0.4660172179429089,0.13137604713687048,False,False,False,False,889,False,a0e0bfbacf08650772c0f0f22d282f155a7c9646d6e399e1db763510f8ada5be,fcae75417a0f95883e5f9d27909ead1d61d69866b817ffda71f9bfaaa1d86486,GuardFed-AD2+_lr0.0005_drop0.005_Benign_seed91003,cb3ebf04ecde883855825cbaf5ebea67911eb7d98c7cfc826ff394fa0cc7e1fa
non-IID,5.0,91003,5,6030,1310,1600,1862,1258,2910,3120,3172,2858,0.5174129353233831,0.4739635157545605,0.09804136125499757,False,False,False,False,1258,False,19c78010b605f03ba51f375f105ceea8f29716a63dde1aa125bfcd7fb2a50057,0ea78266d88461340a03d4248940d4e70b600b990e155add1da7ebbf16b49bce,GuardFed-AD2+_lr0.0005_drop0.005_Benign_seed91003,cb3ebf04ecde883855825cbaf5ebea67911eb7d98c7cfc826ff394fa0cc7e1fa
non-IID,5.0,91003,6,5635,2249,2491,558,337,4740,895,2807,2828,0.15882874889086068,0.5018633540372671,0.2605428251775248,False,False,False,False,337,False,5fdd36dee89df13b3c2052bbee9f2a75afcc86d6e6a55aa7a61a10800001c6b7,c5fa96abc8d4190edb908957c6fadfe9952c488e6ce116ad523e59db26d5a1ca,GuardFed-AD2+_lr0.0005_drop0.005_Benign_seed91003,cb3ebf04ecde883855825cbaf5ebea67911eb7d98c7cfc826ff394fa0cc7e1fa
non-IID,5.0,91003,7,5267,1304,1428,1501,1034,2732,2535,2805,2462,0.48129865198405164,0.46743876969812037,0.06192707791566614,False,False,False,False,1034,False,0e36115439f0e9ee3c3f1038503a7d3c54e8601508a4596a39d31285db454d1a,13a997527b2ca53d8d86cbd586bc9a8033c5da5e9e9e1749f0a87f88eb24e540,GuardFed-AD2+_lr0.0005_drop0.005_Benign_seed91003,cb3ebf04ecde883855825cbaf5ebea67911eb7d98c7cfc826ff394fa0cc7e1fa
non-IID,5.0,91003,8,5252,1378,1640,1355,879,3018,2234,2733,2519,0.42536176694592537,0.47962680883472963,0.006394283834600806,False,False,False,False,879,False,89ef95956bb32679769f9378c69c758fb36fba0cf9b8221b2629474edb54b087,40e041d09f8e0abb502513949eb1ac6481bed657c22f9329d2d0075025195893,GuardFed-AD2+_lr0.0005_drop0.005_Benign_seed91003,cb3ebf04ecde883855825cbaf5ebea67911eb7d98c7cfc826ff394fa0cc7e1fa
non-IID,5.0,91003,9,2926,898,1080,577,371,1978,948,1475,1451,0.3239917976760082,0.4958988380041012,0.09537977639237732,False,False,False,False,371,False,b3a874d34fe22bf6b201b6cad8025cd0da39d79dcd8188e65ce888e7213021c6,3ff50e9b9de93095dab49a8dab6070b7894040f5e4f01c6bd2cb46819722533a,GuardFed-AD2+_lr0.0005_drop0.005_Benign_seed91003,cb3ebf04ecde883855825cbaf5ebea67911eb7d98c7cfc826ff394fa0cc7e1fa
non-IID,5.0,91003,10,9404,3276,3773,1416,939,7049,2355,4692,4712,0.25042535091450446,0.5010633772862612,0.16894622315388103,False,False,False,False,939,False,0445774ba69fb18171049a47d95b0b843695c5b797c3114dbf040aaba1e12afa,583d19aff0ed10fe4d82426143efe27453f298cf2f35d27b09b8e45e78e7488c,GuardFed-AD2+_lr0.0005_drop0.005_Benign_seed91003,cb3ebf04ecde883855825cbaf5ebea67911eb7d98c7cfc826ff394fa0cc7e1fa
non-IID,5.0,91003,11,11262,1880,2140,4406,2836,4020,7242,6286,4976,0.6430474160895046,0.4418398153081158,0.22367584202111906,False,False,False,False,1880,False,548799f85eeb70575c1a383eeb15fecc504392ac31d0685098cfbe41aaa901e3,49ec10aaf3fd7758fd4c76cae40e2d4d854875249c5942647745f8b73bb3dd78,GuardFed-AD2+_lr0.0005_drop0.005_Benign_seed91003,cb3ebf04ecde883855825cbaf5ebea67911eb7d98c7cfc826ff394fa0cc7e1fa
non-IID,5.0,91003,12,8213,1961,2225,2436,1591,4186,4027,4397,3816,0.49032022403506637,0.4646292463168148,0.07094864996668088,False,False,False,False,1591,False,249877c68a4e03fac7c3002f1a560a8a743ba4928ce6f2e6225126c880c0d94b,a3ffb8baa0b5d47cd43f7cdc1c98f977bd6902f21510a19def5a474d2fb75e12,GuardFed-AD2+_lr0.0005_drop0.005_Benign_seed91003,cb3ebf04ecde883855825cbaf5ebea67911eb7d98c7cfc826ff394fa0cc7e1fa
non-IID,5.0,91003,13,10096,2915,3341,2302,1538,6256,3840,5217,4879,0.3803486529318542,0.4832606973058637,0.0390229211365313,False,False,False,False,1538,False,df3d051e6c07bc59bd892ff7fa4389b34c2277d1bc7b20f0806826c4c0e14e60,7cab1ee8d2d7f979581a1df436d12a026876df42a48e8ca0c5bb1a9b5bc54afb,GuardFed-AD2+_lr0.0005_drop0.005_Benign_seed91003,cb3ebf04ecde883855825cbaf5ebea67911eb7d98c7cfc826ff394fa0cc7e1fa
non-IID,5.0,91003,14,6462,2092,2403,1166,801,4495,1967,3258,3204,0.30439492417208297,0.4958217270194986,0.11497664989630255,False,False,False,False,801,False,14ce013c4e6afdfd529a6b3cd0b49897c36cebd73aa68cdf2978bad1c22e9996,45f22f7854ae035261ec5957d1b765af333770da070f5ff4247e87d58ad60b6d,GuardFed-AD2+_lr0.0005_drop0.005_Benign_seed91003,cb3ebf04ecde883855825cbaf5ebea67911eb7d98c7cfc826ff394fa0cc7e1fa
non-IID,5.0,91003,15,15638,5143,6001,2694,1800,11144,4494,7837,7801,0.2873769024171889,0.49884895766722087,0.1319946716511966,False,False,False,False,1800,False,a265f45f491aed90d0570b154a43c47fbbac68a8bd36fc8ae1a42e34074d1a18,50331d1cc5dffbabde680456ea05c5b0781d09ca6db2ef03b98ad798546fa6c6,GuardFed-AD2+_lr0.0005_drop0.005_Benign_seed91003,cb3ebf04ecde883855825cbaf5ebea67911eb7d98c7cfc826ff394fa0cc7e1fa
non-IID,5.0,91003,16,7681,1403,1713,2751,1814,3116,4565,4154,3527,0.5943236557739877,0.4591850019528707,0.17495208170560225,False,False,False,False,1403,False,5063787b3051f0ea7f1c54bc05a2d824a67e365738fb1f99dfd267156c6b6288,241249670485660d947231acf1372601e9e2a46b2c21c611bd68da8b65cee66f,GuardFed-AD2+_lr0.0005_drop0.005_Benign_seed91003,cb3ebf04ecde883855825cbaf5ebea67911eb7d98c7cfc826ff394fa0cc7e1fa
non-IID,5.0,91003,17,6473,1850,2057,1535,1031,3907,2566,3385,3088,0.3964158813533138,0.47705855090375404,0.022955692715071724,False,False,False,False,1031,False,e147cd657d25f198fc9d7d287bd19b9d002c113edbed7453d6c9916d1656140b,723ba9d4640b4df140de4ae3bafa19db238a5d6f2ec232663531a080fbc64e3a,GuardFed-AD2+_lr0.0005_drop0.005_Benign_seed91003,cb3ebf04ecde883855825cbaf5ebea67911eb7d98c7cfc826ff394fa0cc7e1fa
non-IID,5.0,91003,18,5787,723,966,2473,1625,1689,4098,3196,2591,0.7081389320891653,0.44772766545705894,0.2887673580207799,False,False,False,False,723,False,42af9742946124f6dbc346b88853d6bab7aeec4a6428ef591122f732664bb892,67172de95984084b11ecad5747bc31500b2525b9a00292f1f5c13fdd70c4a637,GuardFed-AD2+_lr0.0005_drop0.005_Benign_seed91003,cb3ebf04ecde883855825cbaf5ebea67911eb7d98c7cfc826ff394fa0cc7e1fa
non-IID,5.0,91003,19,9450,3176,3638,1594,1042,6814,2636,4770,4680,0.27894179894179894,0.49523809523809526,0.14042977512658655,False,False,False,False,1042,False,193c8eac8b6f21f2165a4ca5dc8a5262c4ff077088ab87df83dde17e79bfec9e,8c33c85228092a4dced9dc10b7cff1070fc46470dd980d360150084a019a1480,GuardFed-AD2+_lr0.0005_drop0.005_Benign_seed91003,cb3ebf04ecde883855825cbaf5ebea67911eb7d98c7cfc826ff394fa0cc7e1fa
non-IID,5.0,91004,0,9967,2833,3379,2243,1512,6212,3755,5076,4891,0.37674325273402226,0.49071937393398213,0.04262832133436324,False,False,False,False,1512,True,e3be9530cb4dbfb5fa2dd779e139cddd8045c864b9b5767684b1eefd79bf5dbb,dec49cbf847250270e044e5689c623f50527904eae5441cbeb02fb2631df7604,GuardFed-AD2+_lr0.0005_drop0.005_Benign_seed91004,2ac06bfbb2ac19d747b28c36ce867f7a95699cb80c1fda1d7774bda15ebf7521
non-IID,5.0,91004,1,10436,1596,1812,4155,2873,3408,7028,5751,4685,0.6734380988884631,0.44892679187428136,0.2540665248200775,False,False,False,False,1596,True,b02f6afa8ae2d2184efa0ae563da3e12b68cb5dc2de8161b11deafce459b0037,895c2b9037c94efc55aba3b924bf14d252725c46565fa945e619b66c10d348a2,GuardFed-AD2+_lr0.0005_drop0.005_Benign_seed91004,2ac06bfbb2ac19d747b28c36ce867f7a95699cb80c1fda1d7774bda15ebf7521
non-IID,5.0,91004,2,8318,1992,2262,2439,1625,4254,4064,4431,3887,0.48857898533301275,0.4672998316903102,0.06920741126462723,False,False,False,False,1625,True,4cc537ce0633183e0937ea54e31fef84652541006a08779e56400d966bab9470,30a01a31d6a43453e037704ed41e50c580cfd4d6dd765d8f5604359d93f39178,GuardFed-AD2+_lr0.0005_drop0.005_Benign_seed91004,2ac06bfbb2ac19d747b28c36ce867f7a95699cb80c1fda1d7774bda15ebf7521
non-IID,5.0,91004,3,7406,1588,1940,2293,1585,3528,3878,3881,3525,0.5236294896030246,0.47596543343235215,0.10425791553463908,False,False,False,False,1585,True,91fc124558cb3f5d259d88fc36f314b01585844271d3b59a60b7cf8ded6d4d60,82652ab76a8d866ab83e093fe3d9ee246a3430b23b09014d076d913dd04c53d8,GuardFed-AD2+_lr0.0005_drop0.005_Benign_seed91004,2ac06bfbb2ac19d747b28c36ce867f7a95699cb80c1fda1d7774bda15ebf7521
non-IID,5.0,91004,4,11504,3754,4438,2001,1311,8192,3312,5755,5749,0.28789986091794156,0.49973922114047287,0.1314717131504439,False,False,False,False,1311,False,7005d30a0436b235eb6eb77e56bd27cb741be6dd50b48e9d2d51e71af0ccd961,a487cfad208d6cc88b0fc44252ffc2656fb189da44cbf561c3cdcdf913e0a84b,GuardFed-AD2+_lr0.0005_drop0.005_Benign_seed91004,2ac06bfbb2ac19d747b28c36ce867f7a95699cb80c1fda1d7774bda15ebf7521
non-IID,5.0,91004,5,4583,1170,1351,1265,797,2521,2062,2435,2148,0.4499236308095134,0.46868863190050186,0.03055205674112793,False,False,False,False,797,False,01db07ef2be8f2b175826a1e61e1cb5ed7f011c82cd8faad72b2f619a55c25be,de071396e6e90db57d490d96946a60d3f6a0756d2bef623ad2fe5238c94831a4,GuardFed-AD2+_lr0.0005_drop0.005_Benign_seed91004,2ac06bfbb2ac19d747b28c36ce867f7a95699cb80c1fda1d7774bda15ebf7521
non-IID,5.0,91004,6,7928,2589,2951,1418,970,5540,2388,4007,3921,0.3012108980827447,0.49457618567103934,0.1181606759856408,False,False,False,False,970,False,fba588673852ba430ec9e80986445e820e2f76fd0ebb362730c03cdcd9274861,3fff868e598e690cfd47befe18dce50b730100adf3bf632fbd0afe5b6c998f25,GuardFed-AD2+_lr0.0005_drop0.005_Benign_seed91004,2ac06bfbb2ac19d747b28c36ce867f7a95699cb80c1fda1d7774bda15ebf7521
non-IID,5.0,91004,7,5564,1320,1478,1664,1102,2798,2766,2984,2580,0.49712437095614664,0.46369518332135157,0.07775279688776114,False,False,False,False,1102,False,8d76e4c91af3c69fb4002c31a1c8a16f54260a8733f1c7447404e5c092765d1f,d98cc10f53ca43ec17f1816e4873073b72944c89079d84f871e284d7f0f803a2,GuardFed-AD2+_lr0.0005_drop0.005_Benign_seed91004,2ac06bfbb2ac19d747b28c36ce867f7a95699cb80c1fda1d7774bda15ebf7521
non-IID,5.0,91004,8,4873,630,742,2103,1398,1372,3501,2733,2140,0.7184485942950954,0.439154524933306,0.2990770202267099,False,False,False,False,630,False,301b7a0bb3d3c390440cb68c157e2024fc177b17c5ebe0cad3db17e3db613f3d,cb6011a347d88013874beef5e8bc9c6378d0531eb815ced423f5ae73ad1cd637,GuardFed-AD2+_lr0.0005_drop0.005_Benign_seed91004,2ac06bfbb2ac19d747b28c36ce867f7a95699cb80c1fda1d7774bda15ebf7521
non-IID,5.0,91004,9,7211,3016,3486,431,278,6502,709,3447,3764,0.09832200804326723,0.5219803078629871,0.3210495660251183,False,False,False,False,278,False,f17f612810d95f250183ee5d1fa027ed83b0282f27007e8544212b5b7e58f96e,ec296a53942167de74a67e28ca4890fc7c4428c30e975727037825024a023790,GuardFed-AD2+_lr0.0005_drop0.005_Benign_seed91004,2ac06bfbb2ac19d747b28c36ce867f7a95699cb80c1fda1d7774bda15ebf7521
non-IID,5.0,91004,10,4816,1519,1724,961,612,3243,1573,2480,2336,0.32661960132890366,0.4850498338870432,0.09275197273948184,False,False,False,False,612,False,444eebd72dd8593ff4f82a5f96cc4ebb0ba89b37933da183468e9f1f017c353e,a06bd7dc99612eef83888081736b2692a75eba482a12c8b01bfa5a70e172ff5b,GuardFed-AD2+_lr0.0005_drop0.005_Benign_seed91004,2ac06bfbb2ac19d747b28c36ce867f7a95699cb80c1fda1d7774bda15ebf7521
non-IID,5.0,91004,11,4615,1478,1803,785,549,3281,1334,2263,2352,0.28905742145178764,0.5096424702058505,0.13031415261659784,False,False,False,False,549,False,a807466f053e34ad144a2773908e4ade108eaa996e3bcf01301694e4d191ed30,1210b6757302e0726669ebc4c4134d72ffffcb31ab56061ffab3db09cda9643a,GuardFed-AD2+_lr0.0005_drop0.005_Benign_seed91004,2ac06bfbb2ac19d747b28c36ce867f7a95699cb80c1fda1d7774bda15ebf7521
non-IID,5.0,91004,12,10748,2384,2773,3391,2200,5157,5591,5775,4973,0.5201898027540007,0.4626907331596576,0.10081822868561525,False,False,False,False,2200,False,305e64b7d4bd728e4c01ff169741f4760429b264c438339ee164c6207fd0d161,291e9fd8a4bf3297ca69bc4f8d01cb8497eb7df17767af93200c18eb876111f8,GuardFed-AD2+_lr0.0005_drop0.005_Benign_seed91004,2ac06bfbb2ac19d747b28c36ce867f7a95699cb80c1fda1d7774bda15ebf7521
non-IID,5.0,91004,13,5207,1397,1649,1332,829,3046,2161,2729,2478,0.4150182446706357,0.4758978298444402,0.008560350979657655,False,False,False,False,829,False,db16f08353dff71e22d801666e1dd3f7fd386fc9084b0444b5eabf43a929d405,1d19c3cde6cd5a7793ff169596560d04961f0cdb96a1bd19c0b0104c7a147f95,GuardFed-AD2+_lr0.0005_drop0.005_Benign_seed91004,2ac06bfbb2ac19d747b28c36ce867f7a95699cb80c1fda1d7774bda15ebf7521
non-IID,5.0,91004,14,10195,2230,2604,3223,2138,4834,5361,5453,4742,0.525846002942619,0.4651299656694458,0.10647442887423342,False,False,False,False,2138,False,f4427ad615d6fb66ed6de9f7c58d479fffe80b7e25b3273560d8e8c1d5ba29aa,76399a3fae85dbca805ef00a15b8ffe530098e7ed3dfec141312ce8cb098b62e,GuardFed-AD2+_lr0.0005_drop0.005_Benign_seed91004,2ac06bfbb2ac19d747b28c36ce867f7a95699cb80c1fda1d7774bda15ebf7521
non-IID,5.0,91004,15,7609,2286,2611,1616,1096,4897,2712,3902,3707,0.3564200289131292,0.4871862268366408,0.06295154515525632,False,False,False,False,1096,False,57081bd71f005a57fe54ef672656fc05dc9ed0599443dd6453a94539be3d94a0,d3f21a0242242649a7db8707565a06f4fb5224e2cb5d3e284aaa7c1a112743d1,GuardFed-AD2+_lr0.0005_drop0.005_Benign_seed91004,2ac06bfbb2ac19d747b28c36ce867f7a95699cb80c1fda1d7774bda15ebf7521
non-IID,5.0,91004,16,5251,1996,2339,543,373,4335,916,2539,2712,0.17444296324509617,0.5164730527518568,0.24492861082328932,False,False,False,False,373,False,d1f179aa26df11aa88c3ed3e8fc81cbd6247618cb2f0367ff97e691c19bbc18b,1f26decb59c020552f298162dc15ada00d0c6eca6c2d4b10682e52f3f3fdead7,GuardFed-AD2+_lr0.0005_drop0.005_Benign_seed91004,2ac06bfbb2ac19d747b28c36ce867f7a95699cb80c1fda1d7774bda15ebf7521
non-IID,5.0,91004,17,7844,1897,2152,2266,1529,4049,3795,4163,3681,0.4838092809790923,0.46927587965323814,0.06443770691070681,False,False,False,False,1529,False,84abe5f8d938c5bfaf993bf9b33d6a46aa31256c5218e1ea21ed034850e32c97,21af180600b57bb2c664534afe9aa3a0f6fa385b22277fe716a9a99bbb41052a,GuardFed-AD2+_lr0.0005_drop0.005_Benign_seed91004,2ac06bfbb2ac19d747b28c36ce867f7a95699cb80c1fda1d7774bda15ebf7521
non-IID,5.0,91004,18,6864,1846,2178,1713,1127,4024,2840,3559,3305,0.41375291375291373,0.481497668997669,0.00561866031547173,False,False,False,False,1127,False,47666800be17f46198066ca39b6a02e77e025ae66477844e9bbc0fcc7ed83bd2,307f51cfcbae6225460d62fd4a26e48b79fa9403f072d8e01d44a6c7fdc13a9b,GuardFed-AD2+_lr0.0005_drop0.005_Benign_seed91004,2ac06bfbb2ac19d747b28c36ce867f7a95699cb80c1fda1d7774bda15ebf7521
non-IID,5.0,91004,19,5554,1764,2101,1016,673,3865,1689,2780,2774,0.3041051494418437,0.49945984875765215,0.1152664246265418,False,False,False,False,673,False,42ced19644d5f8d92cb2fd1cf3efa75da552cc1a4f46d97a0557026d1ecf9d88,0db287c934cc42732fbd69f211b6375d8946e529b3d4367602260e706eed2d46,GuardFed-AD2+_lr0.0005_drop0.005_Benign_seed91004,2ac06bfbb2ac19d747b28c36ce867f7a95699cb80c1fda1d7774bda15ebf7521
non-IID,5.0,91005,0,7847,2042,2336,2041,1428,4378,3469,4083,3764,0.4420797757104626,0.4796737606728686,0.02270820164207707,False,False,False,False,1428,True,37be7fd84ebcc8c8281ff84fefa6551542ee32eb043f8b78d39458db2f9a361f,e47ded421f0004e0d5950fc62a06fdf928d3779da8acb73ddf41ef99f6fbab1c,GuardFed-AD2+_non-IID_Benign_seed91005,b532d4568b44db3e1017b8680f30204ff8441b6f0193bb071cc28d5b61ba941a
non-IID,5.0,91005,1,4866,935,1033,1769,1129,1968,2898,2704,2162,0.5955610357583231,0.4443074393752569,0.17618946168993754,False,False,False,False,935,True,c785c4b7dfd9233198479a0ef40d1c89e499dd2eb8dca940281e02cf822059f6,0e276857ddebb8c959a78404eb2a436a4cfcd940b23d968d038dec6eab2f8cd6,GuardFed-AD2+_non-IID_Benign_seed91005,b532d4568b44db3e1017b8680f30204ff8441b6f0193bb071cc28d5b61ba941a
non-IID,5.0,91005,2,6521,2005,2377,1289,850,4382,2139,3294,3227,0.32801717527986507,0.4948627511117927,0.09135439878852046,False,False,False,False,850,True,d6a24b25e94d12c8927dc860aa1433c35e96d5c6b4cafb83bf5b567add55ce21,e2c548bc07d8c3413e7c59e04d4f8990fbe388f865ae90d7cffff18d42138947,GuardFed-AD2+_non-IID_Benign_seed91005,b532d4568b44db3e1017b8680f30204ff8441b6f0193bb071cc28d5b61ba941a
non-IID,5.0,91005,3,4135,1073,1225,1097,740,2298,1837,2170,1965,0.4442563482466747,0.4752116082224909,0.0248847741782892,False,False,False,False,740,True,0d2d4f59508e3b6d6aa5ce0ddb5dbcb1917cae5c41e1541e699879f5cba85c16,5f1190c6d9aabcf1e7ec90d268c39f387c7bff2d7de994825a26365a19976514,GuardFed-AD2+_non-IID_Benign_seed91005,b532d4568b44db3e1017b8680f30204ff8441b6f0193bb071cc28d5b61ba941a
non-IID,5.0,91005,4,10657,3456,4019,1886,1296,7475,3182,5342,5315,0.2985830909261518,0.49873322698695693,0.1207884831422337,False,False,False,False,1296,False,1e1ec13d227f9f8cb2f407a9d313d2195d566cc4b5c575915e6ae083620c2424,435840e7573424783f1aa93c70661ef895563248674fd3261d08c277b1a69868,GuardFed-AD2+_non-IID_Benign_seed91005,b532d4568b44db3e1017b8680f30204ff8441b6f0193bb071cc28d5b61ba941a
non-IID,5.0,91005,5,9106,3228,3778,1252,848,7006,2100,4480,4626,0.23061717548868876,0.5080166922907973,0.18875439857969675,False,False,False,False,848,False,bde8202f671944754462bb2dfb3fcff54a0cba7da155d6cee56f83f019c5dedc,1649860ba12dbada2e08d63ae4b02159ad085a408a1028265e86ce408bae462e,GuardFed-AD2+_non-IID_Benign_seed91005,b532d4568b44db3e1017b8680f30204ff8441b6f0193bb071cc28d5b61ba941a
non-IID,5.0,91005,6,6024,1668,1959,1428,969,3627,2397,3096,2928,0.3979083665338645,0.4860557768924303,0.021463207534520967,False,False,False,False,969,False,eeb880214ad06fc12f73d888e489c4cda113489116d2595c3a93a5eead198967,e0f6f462a64e087d6f966d4752ea549f13b75fa341b7cf6cd276287e8873b7d5,GuardFed-AD2+_non-IID_Benign_seed91005,b532d4568b44db3e1017b8680f30204ff8441b6f0193bb071cc28d5b61ba941a
non-IID,5.0,91005,7,11833,2158,2606,4289,2780,4764,7069,6447,5386,0.5973971097777402,0.4551677512042593,0.1780255357093547,False,False,False,False,2158,False,b7c5efd804634919c31492277a13a228dc155a058962c032aeb0e9fa482999ba,c3c70a04498a3075425f135eccdcb6eae556296a60e8e7cfef7e79270f9d0b2f,GuardFed-AD2+_non-IID_Benign_seed91005,b532d4568b44db3e1017b8680f30204ff8441b6f0193bb071cc28d5b61ba941a
non-IID,5.0,91005,8,8342,2709,3012,1594,1027,5721,2621,4303,4039,0.31419323903140733,0.4841764564852553,0.10517833503697818,False,False,False,False,1027,False,5eaec4ae5b92290e7414b4484bee0a3660689e6e5cad266c83134d04890f2062,b639321da4ededb3b813c09ab29c50817328a2b1f6f985a018f674cea7663e40,GuardFed-AD2+_non-IID_Benign_seed91005,b532d4568b44db3e1017b8680f30204ff8441b6f0193bb071cc28d5b61ba941a
non-IID,5.0,91005,9,7835,2526,2902,1435,972,5428,2407,3961,3874,0.3072112316528398,0.4944479897894065,0.1121603424155457,False,False,False,False,972,False,54b7ec96fa0b2a21c877b7a977769e10eadb5032923bd3ecac410d54de5479a3,3e44bad4c1665fba5c4325b110bb524f6a8214a0b62c3cf5c9602f30d3740e61,GuardFed-AD2+_non-IID_Benign_seed91005,b532d4568b44db3e1017b8680f30204ff8441b6f0193bb071cc28d5b61ba941a
non-IID,5.0,91005,10,7386,2335,2649,1448,954,4984,2402,3783,3603,0.32520985648524237,0.48781478472786355,0.09416171758314318,False,False,False,False,954,False,190e5caf401e800960f3becfb30a71a2c1c871c8ce24b2605d17752d119b879c,f63154be107d78b3d212d39e77aca3e525b776107d5f4c560906ec300b3352d9,GuardFed-AD2+_non-IID_Benign_seed91005,b532d4568b44db3e1017b8680f30204ff8441b6f0193bb071cc28d5b61ba941a
non-IID,5.0,91005,11,6033,1908,2268,1108,749,4176,1857,3016,3017,0.3078070611636002,0.5000828775070446,0.11156451290478533,False,False,False,False,749,False,9757985fb60ca3ee261adec23ea1b7cd5fb710efed3c149c5a4bdc9a2986c499,280f76a835b2598f0b893429a07218fdb05243e9cc203c9d7e8880a59eadc646,GuardFed-AD2+_non-IID_Benign_seed91005,b532d4568b44db3e1017b8680f30204ff8441b6f0193bb071cc28d5b61ba941a
non-IID,5.0,91005,12,5401,1129,1363,1737,1172,2492,2909,2866,2535,0.5386039622292168,0.46935752638400297,0.11923238816083129,False,False,False,False,1129,False,c61f2696277ecce64190f792d147a72979392fc529f7eaa3eba67014ba5853ca,fc96ffbacbd540b3dc7c1c9ea7e29244918da896f85e04ef209201b3820643fd,GuardFed-AD2+_non-IID_Benign_seed91005,b532d4568b44db3e1017b8680f30204ff8441b6f0193bb071cc28d5b61ba941a
non-IID,5.0,91005,13,5865,1445,1699,1644,1077,3144,2721,3089,2776,0.4639386189258312,0.4733162830349531,0.044567044857445684,False,False,False,False,1077,False,a91dbcfeb0cab0e1fed6cd3a049cdab702e6ae67a803ac09cd5f89f5b3aa5d25,39801a5996a6b401924afec978e2766230cd9c7a622636709a2ca054775a4814,GuardFed-AD2+_non-IID_Benign_seed91005,b532d4568b44db3e1017b8680f30204ff8441b6f0193bb071cc28d5b61ba941a
non-IID,5.0,91005,14,6456,1338,1529,2152,1437,2867,3589,3490,2966,0.5559169764560099,0.4594175960346964,0.13654540238762436,False,False,False,False,1338,False,f6767e514a67ae7aae66736da5e715cb8b73be2d868686a54078da76fe9d836c,7068fb0a033fd2f2fdfeeb52d7e8433baadecd98c0465e8f5dafb8c963fbaea9,GuardFed-AD2+_non-IID_Benign_seed91005,b532d4568b44db3e1017b8680f30204ff8441b6f0193bb071cc28d5b61ba941a
non-IID,5.0,91005,15,5121,797,876,2055,1393,1673,3448,2852,2269,0.6733059949228666,0.44307752392110916,0.2539344208544811,False,False,False,False,797,False,d09333c2cd1da60ca85c86dbff07fcadcb590dc969f7e72799f325082bb99a2f,3191f0e68e3fa6a5348196324a015e732a735228263613539734f4eaf5c21fe7,GuardFed-AD2+_non-IID_Benign_seed91005,b532d4568b44db3e1017b8680f30204ff8441b6f0193bb071cc28d5b61ba941a
non-IID,5.0,91005,16,7873,2523,2864,1460,1026,5387,2486,3983,3890,0.31576273339260763,0.4940937380922139,0.10360884067577789,False,False,False,False,1026,False,99c86393c7b37d3925a4b0fb81914178d2e09d85d2f12807b731eed26244bb0b,26b556513a76d09b699d960d3ad9529959eadb4bec779b9962debd623c9a1941,GuardFed-AD2+_non-IID_Benign_seed91005,b532d4568b44db3e1017b8680f30204ff8441b6f0193bb071cc28d5b61ba941a
non-IID,5.0,91005,17,11267,2549,3130,3370,2218,5679,5588,5919,5348,0.49596165793911423,0.4746605130025739,0.07659008387072869,False,False,False,False,2218,False,3c6c7a57242c4074aeffc3b83ce7dba366a3412cc68ddd861043d7bb23c160e1,80eb24105bb60bdd3ce362aab02669e47bb0ae960c97121c5776711aedb80ae8,GuardFed-AD2+_non-IID_Benign_seed91005,b532d4568b44db3e1017b8680f30204ff8441b6f0193bb071cc28d5b61ba941a
non-IID,5.0,91005,18,6693,2553,2974,717,449,5527,1166,3270,3423,0.17421186314059464,0.5114298520842672,0.24515971092779087,False,False,False,False,449,False,f17300d398a7b7ef604f73d9c8189c508ffe3e46cf5e88efcd6c0cd3f44503fd,8380ac9f88cfd162d30028b2ad19129f3a7fc9d34b94f1987c4707914b285961,GuardFed-AD2+_non-IID_Benign_seed91005,b532d4568b44db3e1017b8680f30204ff8441b6f0193bb071cc28d5b61ba941a
non-IID,5.0,91005,19,7232,955,1127,3093,2057,2082,5150,4048,3184,0.7121128318584071,0.44026548672566373,0.2927412577900216,False,False,False,False,955,False,c1ce2a9ea1e6de199e9fde2691e2d7401497ee779f219e78c9c5a19fc2df3cb5,c0441a57c7db9a011943f1f8b747c399b26a94df1dc9fbdf82667bb1cfa11cd0,GuardFed-AD2+_non-IID_Benign_seed91005,b532d4568b44db3e1017b8680f30204ff8441b6f0193bb071cc28d5b61ba941a
non-IID,5.0,91006,0,6985,2370,2808,1078,729,5178,1807,3448,3537,0.2586972083035075,0.506370794559771,0.16067436576487804,False,False,False,False,729,True,61665de77781dec22590321af4d695e2cab3ea79f2b3e071f229fb3f953447d2,b3184621981813fa67558309a2fb2e469fe4797196d00428da41b79ee52293bb,GuardFed-AD2+_non-IID_Benign_seed91006,b7e9c5169daeefe44d43ca9610d3dbc78a4f2bcaad50b479baa0ffc2c425dd98
non-IID,5.0,91006,1,4663,1078,1226,1427,932,2304,2359,2505,2158,0.5058974908856959,0.46279219386660947,0.08652591681731038,False,False,False,False,932,True,6b9406fce1ed92a4e59ddc0ac01bc45de427566016eae2b8f1613fe7378757cc,184ac89100f76d859b7c91e409fbb3d3b66eeb8256e1cd2caee6e970d0a7b58a,GuardFed-AD2+_non-IID_Benign_seed91006,b7e9c5169daeefe44d43ca9610d3dbc78a4f2bcaad50b479baa0ffc2c425dd98
non-IID,5.0,91006,2,5429,1460,1750,1341,878,3210,2219,2801,2628,0.40873088966660526,0.48406704733836803,0.010640684401780245,False,False,False,False,878,True,e7447495308ae60d60ef48e2696a44e606a2857ef0c08ccb581aa88495a3ac56,3d222b15bd79112c8c8f9a8a2f4a6ec7df02c2f277a647aa79b0839da621ab99,GuardFed-AD2+_non-IID_Benign_seed91006,b7e9c5169daeefe44d43ca9610d3dbc78a4f2bcaad50b479baa0ffc2c425dd98
non-IID,5.0,91006,3,5151,1078,1161,1781,1131,2239,2912,2859,2292,0.5653271209473889,0.44496214327315087,0.14595554687900336,False,False,False,False,1078,True,592e008239a729c2a592f906c93aa482380bc8bf0e390626109ec6f74eb36734,f397f08a7fde013baff8d41000eeaf03d221841fe87c9cd7f01e4d230397f5a1,GuardFed-AD2+_non-IID_Benign_seed91006,b7e9c5169daeefe44d43ca9610d3dbc78a4f2bcaad50b479baa0ffc2c425dd98
non-IID,5.0,91006,4,6284,1660,1885,1620,1119,3545,2739,3280,3004,0.43586887332908975,0.47803946530872055,0.016497299260704215,False,False,False,False,1119,False,8d4bfb8e130b8414ec647f559896e7a347fba757f81520228ea0fa2043518d55,f6c7707cc217bfedb2cbc9f5c92a31da0d3993dc597955a86ab7c54c7bfafcd3,GuardFed-AD2+_non-IID_Benign_seed91006,b7e9c5169daeefe44d43ca9610d3dbc78a4f2bcaad50b479baa0ffc2c425dd98
non-IID,5.0,91006,5,8509,2447,2862,1915,1285,5309,3200,4362,4147,0.37607239393583264,0.4873663180162181,0.043299180132552864,False,False,False,False,1285,False,946e1ef7d7274c91607e18966f090a9c0568ba627834e090f01a15c6015d1147,6d8424fc8f2e8cd2aab87999d3dc266f05e69ca40903bb902ed87032bb250916,GuardFed-AD2+_non-IID_Benign_seed91006,b7e9c5169daeefe44d43ca9610d3dbc78a4f2bcaad50b479baa0ffc2c425dd98
non-IID,5.0,91006,6,7830,2486,2876,1478,990,5362,2468,3964,3866,0.3151979565772669,0.4937420178799489,0.10417361749111861,False,False,False,False,990,False,da3357199cb293c85248128b446c21e1e90d32410daa277a999f0c9edd70a444,a8987dddb4873a756b4cf50336d8984b191de603f442fbc650ac28221b687f4c,GuardFed-AD2+_non-IID_Benign_seed91006,b7e9c5169daeefe44d43ca9610d3dbc78a4f2bcaad50b479baa0ffc2c425dd98
non-IID,5.0,91006,7,8243,1250,1557,3272,2164,2807,5436,4522,3721,0.6594686400582312,0.45141332039306076,0.2400970659898457,False,False,False,False,1250,False,35c3f248959ada4e76a0d21ee883305c7232de400f75e3b1fafa9ba4c8ed3423,44872d362ff854db818bcda0106b46ccbce67bee97066a979f2f03a845163330,GuardFed-AD2+_non-IID_Benign_seed91006,b7e9c5169daeefe44d43ca9610d3dbc78a4f2bcaad50b479baa0ffc2c425dd98
non-IID,5.0,91006,8,7643,1002,1187,3277,2177,2189,5454,4279,3364,0.7135941384273191,0.4401413057699856,0.29422256435893357,False,False,False,False,1002,False,a35ffeeab050195612ed849b85b63b7f62f6564798553772ee68f0ffb32d4adb,c8cbef3def1e13dc575542b2acce646faab7c6e218d4140a8e307fdf5a8ec3df,GuardFed-AD2+_non-IID_Benign_seed91006,b7e9c5169daeefe44d43ca9610d3dbc78a4f2bcaad50b479baa0ffc2c425dd98
non-IID,5.0,91006,9,9374,1763,2115,3295,2201,3878,5496,5058,4316,0.5863025389374866,0.4604224450608065,0.16693096486910114,False,False,False,False,1763,False,5afdded75ec7ff7e93b23cf727ad8aa113261789286858f3b3a83e70dfb66049,f82eb55154c8894f84ec7795f8b5f84870eb0bafe6d6c7201e9a8faaab1db784,GuardFed-AD2+_non-IID_Benign_seed91006,b7e9c5169daeefe44d43ca9610d3dbc78a4f2bcaad50b479baa0ffc2c425dd98
non-IID,5.0,91006,10,8432,2959,3523,1181,769,6482,1950,4140,4292,0.2312618595825427,0.5090132827324478,0.18810971448584282,False,False,False,False,769,False,6ef1587304e136bbcde47283559834df0cda16527962ab95e5e9493d36c133d9,c3e2ed6e255e7071bbb9b5152c520528884924d99b9b54fb8bddea9444d70647,GuardFed-AD2+_non-IID_Benign_seed91006,b7e9c5169daeefe44d43ca9610d3dbc78a4f2bcaad50b479baa0ffc2c425dd98
non-IID,5.0,91006,11,6726,2060,2394,1352,920,4454,2272,3412,3314,0.3377936366339578,0.4927148379423134,0.08157793743442775,False,False,False,False,920,False,9ead0d13abc29471fbba63d907a1a6499667ede6c38c65d247aa46df26b82b8d,a5a48bfaaae45dc66864cfd5de59b23a914dab3f6bbbbb041165c7c2b82566f2,GuardFed-AD2+_non-IID_Benign_seed91006,b7e9c5169daeefe44d43ca9610d3dbc78a4f2bcaad50b479baa0ffc2c425dd98
non-IID,5.0,91006,12,10765,2616,3076,3097,1976,5692,5073,5713,5052,0.4712494194147701,0.4692986530422666,0.05187784534638458,False,False,False,False,1976,False,0c0f9c8eef956597037d14a79c28cbb088f99d35d0025c48a2615e863e2a5f6c,f49c62c01a0725080fb71124599025197bfb5783c7885f21c18aeec27bccb3d2,GuardFed-AD2+_non-IID_Benign_seed91006,b7e9c5169daeefe44d43ca9610d3dbc78a4f2bcaad50b479baa0ffc2c425dd98
non-IID,5.0,91006,13,6078,2247,2650,723,458,4897,1181,2970,3108,0.19430733794011187,0.5113524185587365,0.22506423612827364,False,False,False,False,458,False,2d10d8c0d9425987663b6b626f598eff562e4b0dbbf8edbc8a26cdcdf2a59d66,5859b452fd3471069c3ab07a76dcc759e2fd7eb1c73f219b1876a1214291bf24,GuardFed-AD2+_non-IID_Benign_seed91006,b7e9c5169daeefe44d43ca9610d3dbc78a4f2bcaad50b479baa0ffc2c425dd98
non-IID,5.0,91006,14,6967,2081,2382,1540,964,4463,2504,3621,3346,0.3594086407348931,0.4802641021960672,0.05996293333349245,False,False,False,False,964,False,2175d5ca8da5bdb06c47cb03553eed0fb4359ad0478ecb407c1651ee6baa9421,26b7d5e7ea71044e8233d887a68f0c586b8cee30f3d03b7c31e31294dbc0fffc,GuardFed-AD2+_non-IID_Benign_seed91006,b7e9c5169daeefe44d43ca9610d3dbc78a4f2bcaad50b479baa0ffc2c425dd98
non-IID,5.0,91006,15,5176,965,1082,1869,1260,2047,3129,2834,2342,0.6045208655332303,0.4524729520865533,0.18514929146484477,False,False,False,False,965,False,063892d55f08caf4da869b4fff196658ae12a2c17405808c10e9210ab075eecb,6e4b851f9b9b1ca1b421129758751ba2001071f79d25f9ebf2168776359cc4a7,GuardFed-AD2+_non-IID_Benign_seed91006,b7e9c5169daeefe44d43ca9610d3dbc78a4f2bcaad50b479baa0ffc2c425dd98
non-IID,5.0,91006,16,5868,1242,1386,1887,1353,2628,3240,3129,2739,0.5521472392638037,0.4667689161554192,0.13277566519541817,False,False,False,False,1242,False,8b9af432cd90680e755cfa564caa88938934cd4baba7ab41571110fe7d802ca3,790d2ca330933333b4edfcc65b0485c2445b2f92cc9dbd3916a3c3d9c7d85e9c,GuardFed-AD2+_non-IID_Benign_seed91006,b7e9c5169daeefe44d43ca9610d3dbc78a4f2bcaad50b479baa0ffc2c425dd98
non-IID,5.0,91006,17,7428,1694,1923,2275,1536,3617,3811,3969,3459,0.5130586968228326,0.465670436187399,0.093687122754447,False,False,False,False,1536,False,523ccb488eca18f51ec0747bd91c14bf6bffe2bc206f80a5d61fb42ec11f4655,edf29dad8dc3991765064dda7eaf1d0ca75ea028ac458d6ba437c12cc54dee99,GuardFed-AD2+_non-IID_Benign_seed91006,b7e9c5169daeefe44d43ca9610d3dbc78a4f2bcaad50b479baa0ffc2c425dd98
non-IID,5.0,91006,18,7836,2673,3042,1240,881,5715,2121,3913,3923,0.2706738131699847,0.5006380806533945,0.14869776089840084,False,False,False,False,881,False,4826204cf152b272d7efbba7bf3d9c003e12a092373af91b3ef71bbac4e20f3d,e62dfba8c0c066cfa2a8b9089652fd9e578ad40c4388b32878c9434b03c45d82,GuardFed-AD2+_non-IID_Benign_seed91006,b7e9c5169daeefe44d43ca9610d3dbc78a4f2bcaad50b479baa0ffc2c425dd98
non-IID,5.0,91006,19,11106,4184,4858,1262,802,9042,2064,5446,5660,0.18584548892490546,0.5096344318386458,0.23352608514348006,False,False,False,False,802,False,edbc863091cd412889a78f39cc74d9669fa28eaed2bfb784740308620dc1d0dc,32ff783f5d92f38438964bbbe8c9063ff970e5a20db07611fc911b26230a2858,GuardFed-AD2+_non-IID_Benign_seed91006,b7e9c5169daeefe44d43ca9610d3dbc78a4f2bcaad50b479baa0ffc2c425dd98
non-IID,5.0,91007,0,5734,1426,1734,1553,1021,3160,2574,2979,2755,0.44890129054761074,0.4804673875130799,0.0295297164792252,False,False,False,False,1021,True,b712980a047928d298b836270fca3263c49c1bf3595cc329b862c74a08251a43,ea829632cdd5c7590cdca3d4431ee84fb9fd6cc4566116afcefab92d88da2cf0,GuardFed-AD2+_non-IID_Benign_seed91007,2cc382c0b67c3b279fdfe0dd7f2e5a729041e5db9e39b4e602bd66848aa78a4f
non-IID,5.0,91007,1,6480,1728,2023,1646,1083,3751,2729,3374,3106,0.421141975308642,0.47932098765432096,0.0020753930601158654,False,False,False,False,1083,True,d6acb7e023eb27258021eb3b3ae35df6ac89adeaf234d0c14e781cd203a603ce,aab5efe1a3f5b5cfe4e97f800f1f396aef643a4aadc333168c559a3876d0a80e,GuardFed-AD2+_non-IID_Benign_seed91007,2cc382c0b67c3b279fdfe0dd7f2e5a729041e5db9e39b4e602bd66848aa78a4f
non-IID,5.0,91007,2,6555,1854,2223,1497,981,4077,2478,3351,3204,0.37803203661327234,0.48878718535469107,0.04133953745511322,False,False,False,False,981,True,f0f1d9e9b7f895d9afc2d860504ce2c45e504c0e218d1ca2edea8685676f7b52,d06fa41f93eaacebae908972e31d0b28cc98f53e577ec26de90771eae35ca977,GuardFed-AD2+_non-IID_Benign_seed91007,2cc382c0b67c3b279fdfe0dd7f2e5a729041e5db9e39b4e602bd66848aa78a4f
non-IID,5.0,91007,3,4110,1116,1318,968,708,2434,1676,2084,2026,0.40778588807785887,0.4929440389294404,0.01641383826366534,False,False,False,False,708,True,b4584f5d195b21d7a281dac85e96474faa70f355ae27d176940759607475ebeb,851dc56943f6e0a0b053419005ef2f041db5f2b958b22c2a802b4f4277f42b4e,GuardFed-AD2+_non-IID_Benign_seed91007,2cc382c0b67c3b279fdfe0dd7f2e5a729041e5db9e39b4e602bd66848aa78a4f
non-IID,5.0,91007,4,6362,1642,1914,1684,1122,3556,2806,3326,3036,0.4410562716127004,0.47720842502357746,0.021684697544314874,False,False,False,False,1122,False,f4efe46c63f23052c070ca5294b8359fe918eca055a0af46c65a9f36768cba8f,5f1cd7e5a7f314d40af65e68f250b8ec5827d0edce53c67f5972332c5f164631,GuardFed-AD2+_non-IID_Benign_seed91007,2cc382c0b67c3b279fdfe0dd7f2e5a729041e5db9e39b4e602bd66848aa78a4f
non-IID,5.0,91007,5,7339,1935,2268,1895,1241,4203,3136,3830,3509,0.4273061725030658,0.4781305354952991,0.007934598434680251,False,False,False,False,1241,False,f3fff25e7c12946242cc98f33e2ab8f1433be57b26dc569c48465b6823c5fd24,92d6e6f224b40fb5ef68c5bdc79ebe30fed50aee04a5421028b83c306da583b4,GuardFed-AD2+_non-IID_Benign_seed91007,2cc382c0b67c3b279fdfe0dd7f2e5a729041e5db9e39b4e602bd66848aa78a4f
non-IID,5.0,91007,6,11045,2777,3316,2994,1958,6093,4952,5771,5274,0.44834766862833864,0.4775011317338162,0.02897609455995309,False,False,False,False,1958,False,4d2e750c4030314f321217e8ec679e9be8029f63d33380b0e73446ea5de04fb0,ee9d6ac91ae93fa5df246c6d9524bb5448d193b400d260c3fada845c7449a56f,GuardFed-AD2+_non-IID_Benign_seed91007,2cc382c0b67c3b279fdfe0dd7f2e5a729041e5db9e39b4e602bd66848aa78a4f
non-IID,5.0,91007,7,5643,1015,1188,2027,1413,2203,3440,3042,2601,0.6096048201311359,0.4609250398724083,0.19023324606275038,False,False,False,False,1015,False,456b92e34b4c52dbc48dc9d5bb7469b5956de3acccbc27a0db565d715a75d752,bc2771f68481e99309cb1c3c6c3a6c84615ab0b2ea0da70fefb326ec37aa6c40,GuardFed-AD2+_non-IID_Benign_seed91007,2cc382c0b67c3b279fdfe0dd7f2e5a729041e5db9e39b4e602bd66848aa78a4f
non-IID,5.0,91007,8,4843,1252,1551,1183,857,2803,2040,2435,2408,0.42122651249225684,0.4972124716085071,0.01758545871369306,False,False,False,False,857,False,9db9de7248b30d375a281e6bfe9b450233633f0d85a2dd2c25370c281d2d97b9,1fb43fd51339a44c1adf01042c677b380cb546d2c50988dfbf5082b7ae1383a1,GuardFed-AD2+_non-IID_Benign_seed91007,2cc382c0b67c3b279fdfe0dd7f2e5a729041e5db9e39b4e602bd66848aa78a4f
non-IID,5.0,91007,9,5619,1781,2095,1068,675,3876,1743,2849,2770,0.31019754404698346,0.49297027940914756,0.10917403002140208,False,False,False,False,675,False,4a4d0e7a8c5fef43f3947e03e113d7bd1dcac5bc790e7cd941742ebb9f34fd08,7df8a387d68d3fab7d5ccd892928fd40726adfaef28498f06d576043e466f65c,GuardFed-AD2+_non-IID_Benign_seed91007,2cc382c0b67c3b279fdfe0dd7f2e5a729041e5db9e39b4e602bd66848aa78a4f
non-IID,5.0,91007,10,7080,2019,2295,1684,1082,4314,2766,3703,3377,0.3906779661016949,0.4769774011299435,0.028693607966690626,False,False,False,False,1082,False,70d5060a299dd468b0c79199ea2955c95409a4a1e733089259cac9499fa8eaa5,a2eafb774422c359b8e4b7e5e3fa9ef8db65ca15f3bb2e2f6bde287fbb068a0b,GuardFed-AD2+_non-IID_Benign_seed91007,2cc382c0b67c3b279fdfe0dd7f2e5a729041e5db9e39b4e602bd66848aa78a4f
non-IID,5.0,91007,11,10859,3790,4328,1612,1129,8118,2741,5402,5457,0.2524173496638733,0.5025324615526292,0.16695422440451224,False,False,False,False,1129,False,ed0762c4287351160d47ccaa836fb1740b8a5b2d281fab50a1a2b2d027cd6e71,ec4ff292936dff7615cb31638030ab272e9c07abc0196a2e3572d34d4d9f78a0,GuardFed-AD2+_non-IID_Benign_seed91007,2cc382c0b67c3b279fdfe0dd7f2e5a729041e5db9e39b4e602bd66848aa78a4f
non-IID,5.0,91007,12,5365,1903,2189,772,501,4092,1273,2675,2690,0.23727865796831313,0.5013979496738118,0.1820929161000724,False,False,False,False,501,False,7d070b33e0ea822207d8c239f1dcdc73f130539af59cfef18ac6baea838ea828,11ce68fe04ec36700953492e31a0f34792011967719ac889eec815bba7ff25d3,GuardFed-AD2+_non-IID_Benign_seed91007,2cc382c0b67c3b279fdfe0dd7f2e5a729041e5db9e39b4e602bd66848aa78a4f
non-IID,5.0,91007,13,8364,1883,2123,2579,1779,4006,4358,4462,3902,0.5210425633668101,0.46652319464371117,0.1016709892984246,False,False,False,False,1779,False,d29fa031d369172062c5509727bbea8a07ce1f43ed257f64dae9a86965d4c876,47f2c2c4ede5458482185ba6d75dbb1c8760f888c1c69249048bc5963a1be43a,GuardFed-AD2+_non-IID_Benign_seed91007,2cc382c0b67c3b279fdfe0dd7f2e5a729041e5db9e39b4e602bd66848aa78a4f
non-IID,5.0,91007,14,9155,2355,2791,2433,1576,5146,4009,4788,4367,0.4379027853631895,0.47700709994538504,0.01853121129480395,False,False,False,False,1576,False,4a2dc541af1876d9eb6b8ec927990d01321726f261d77835e4f616ea8f5aafbc,8c3bd636dc9ea68bf4dc3a6aeb49db9492422af0823f537104193643c68a8e08,GuardFed-AD2+_non-IID_Benign_seed91007,2cc382c0b67c3b279fdfe0dd7f2e5a729041e5db9e39b4e602bd66848aa78a4f
non-IID,5.0,91007,15,6705,1996,2175,1539,995,4171,2534,3535,3170,0.3779269202087994,0.4727815063385533,0.04144465385958615,False,False,False,False,995,False,dcc8b3621a67027de4b2a860b02c790acec7b085a6b583cbdc755a0e1a32de70,8362eadff506b0b64d6de977ed0a601dc2a07ca17c8e390052d85435d5157edc,GuardFed-AD2+_non-IID_Benign_seed91007,2cc382c0b67c3b279fdfe0dd7f2e5a729041e5db9e39b4e602bd66848aa78a4f
non-IID,5.0,91007,16,10439,3902,4437,1260,840,8339,2100,5162,5277,0.20116869431937925,0.5055081904396973,0.21820287974900632,False,False,False,False,840,False,02522fd954956d394d3e5d54f294bb346b299ca7807f296c8da5e66c03fae852,af8b780c407bfe1047daa334d06133d55b4c2ee10c8d2903ad65485c979519fa,GuardFed-AD2+_non-IID_Benign_seed91007,2cc382c0b67c3b279fdfe0dd7f2e5a729041e5db9e39b4e602bd66848aa78a4f
non-IID,5.0,91007,17,9444,1293,1560,3937,2654,2853,6591,5230,4214,0.6979034307496823,0.44620923337568824,0.2785318566812968,False,False,False,False,1293,False,4348f3a18d75db8283504f8cd80be2d416ab3d63cfc6e8aa130d475947a76509,cbf842269760d936139d3476ba568badaff5b679cf5946df27ed11f33131e770,GuardFed-AD2+_non-IID_Benign_seed91007,2cc382c0b67c3b279fdfe0dd7f2e5a729041e5db9e39b4e602bd66848aa78a4f
non-IID,5.0,91007,18,8070,2097,2468,2108,1397,4565,3505,4205,3865,0.4343246592317224,0.47893432465923175,0.014953085163336877,False,False,False,False,1397,False,4d2eef93e54e8c433446ea4eb6f6b1ec1d427a016954ca405fd7e1b251c249f4,4fec6470f8b18f3ce0a4f7af6b1287d9ca602ff0fb27a02167977781183dd8d5,GuardFed-AD2+_non-IID_Benign_seed91007,2cc382c0b67c3b279fdfe0dd7f2e5a729041e5db9e39b4e602bd66848aa78a4f
non-IID,5.0,91007,19,7282,1560,1738,2468,1516,3298,3984,4028,3254,0.5471024443834112,0.4468552595440813,0.12773087031502559,False,False,False,False,1516,False,9310ab22ab84ce1d824d61b228eb754ecf5bd6f536349bf3ccdf1de29e870b77,8ad93ce6ee0fbfb188d43848cc929debcebe3c63d3a59fd5c3cabf707567f6ee,GuardFed-AD2+_non-IID_Benign_seed91007,2cc382c0b67c3b279fdfe0dd7f2e5a729041e5db9e39b4e602bd66848aa78a4f
non-IID,5.0,91008,0,7063,2494,3018,958,593,5512,1551,3452,3611,0.21959507291519184,0.5112558402944924,0.19977650115319368,False,False,False,False,593,True,54eac4b9aa7d95a917e4a849bbf8bbb647e3ba9a57b15cbc2d386446769b54f8,d69dca551d335bb7d1d7b43dcc0ccbceeb4adcfbcadbd1498dc4497bb24a4bec,GuardFed-AD2+_non-IID_Benign_seed91008,f651de362af86ad056f65de12ab60e5d77c578905616b30bfe6bf031187cea6e
non-IID,5.0,91008,1,8050,2255,2700,1822,1273,4955,3095,4077,3973,0.384472049689441,0.49354037267080747,0.0348995243789445,False,False,False,False,1273,True,66b9b9d90e08ac19df8672aefc0b730dff5b71db26e7f03c2007a154c9828823,3db69da0328ffacf4f3c9c1e152f11c073bd3f2e411619d35eeeeb65b99ba7f8,GuardFed-AD2+_non-IID_Benign_seed91008,f651de362af86ad056f65de12ab60e5d77c578905616b30bfe6bf031187cea6e
non-IID,5.0,91008,2,9135,2476,2846,2299,1514,5322,3813,4775,4360,0.4174055829228243,0.47728516694033934,0.0032429128996530054,False,False,False,False,1514,True,a37763e65ab28124a0564c3a3311acd1836b2a9dabc0e16b0520f757f14e28c4,09cf9305ad61c91bcfe0fc1418a05830086d3fd011945f2bf2c0c80c3414f1ba,GuardFed-AD2+_non-IID_Benign_seed91008,f651de362af86ad056f65de12ab60e5d77c578905616b30bfe6bf031187cea6e
non-IID,5.0,91008,3,3056,685,786,953,632,1471,1585,1638,1418,0.518651832460733,0.4640052356020942,0.09928025839234747,False,False,False,False,632,True,1f4ce1b72a1b4e57cbcd59cddfdaade3ca463e59c2d975c504ddd8f00a89f589,9a9b31a71b70e6d2d44858549a2cf6089fb8771d31518b95ae620c38056249e8,GuardFed-AD2+_non-IID_Benign_seed91008,f651de362af86ad056f65de12ab60e5d77c578905616b30bfe6bf031187cea6e
non-IID,5.0,91008,4,7093,1508,1725,2321,1539,3233,3860,3829,3264,0.5441985055688707,0.46017200056393626,0.12482693150048522,False,False,False,False,1508,False,8310993cd7c18e10de9718fc674cd3d986fecc655af27609b1f5576e68ddf6af,467aef143d040c3d6ab4146bb3eb51198a7ceedc4536e6eba1ce1604213e3e40,GuardFed-AD2+_non-IID_Benign_seed91008,f651de362af86ad056f65de12ab60e5d77c578905616b30bfe6bf031187cea6e
non-IID,5.0,91008,5,8864,3290,3743,1122,709,7033,1831,4412,4452,0.2065658844765343,0.5022563176895307,0.2128056895918512,False,False,False,False,709,False,7d355ea772381d6a6b9a46350e71fb24789f0ecf430f8eafffb19fb5afb1a098,78f88d33e6e62996db8625f0ccd8903d11db40d4fd17dd591477033f728b45a2,GuardFed-AD2+_non-IID_Benign_seed91008,f651de362af86ad056f65de12ab60e5d77c578905616b30bfe6bf031187cea6e
non-IID,5.0,91008,6,6162,1134,1390,2183,1455,2524,3638,3317,2845,0.590392729633236,0.4617007465108731,0.17102115556485048,False,False,False,False,1134,False,8367e7f45c067c4b10554620094ca87ab63f3430de5adc5147b5c571114b517c,5b8ed7024d84304a405759e1b72c20da4655e4103bb6a843dd680fb72b7a8cad,GuardFed-AD2+_non-IID_Benign_seed91008,f651de362af86ad056f65de12ab60e5d77c578905616b30bfe6bf031187cea6e
non-IID,5.0,91008,7,8851,1859,2078,2925,1989,3937,4914,4784,4067,0.555191503784883,0.4594961021353519,0.1358199297164976,False,False,False,False,1859,False,e818482312e8872c29e4b1403d1639762e217cd8b001e33e20ca3eda335dbd63,fa9f056ed8c42e94e623f19d84301e12eb02f6e23aafbe5ee3ae2343fc58ec0c,GuardFed-AD2+_non-IID_Benign_seed91008,f651de362af86ad056f65de12ab60e5d77c578905616b30bfe6bf031187cea6e
non-IID,5.0,91008,8,8717,1492,1820,3244,2161,3312,5405,4736,3981,0.6200527704485488,0.4566938166800505,0.2006811963801633,False,False,False,False,1492,False,79b5af9b581a4576c97812a9eb65843626237e88fa2817a9f6588937addec039,932d96fd87c0cc49b9f9bc74a6a7474674c60f74ddd47313de59744bc0ffba4a,GuardFed-AD2+_non-IID_Benign_seed91008,f651de362af86ad056f65de12ab60e5d77c578905616b30bfe6bf031187cea6e
non-IID,5.0,91008,9,4860,1897,2135,498,330,4032,828,2395,2465,0.17037037037037037,0.507201646090535,0.24900120369801515,False,False,False,False,330,False,98d33e0bfc6c0bf330d6f65796d4b786b34ba5bb2a3a19f2bfb338839b08c03f,601cc75426ff9aabdf283f471a23f2ca1998305817fc2c0740e9fc47b8c8392b,GuardFed-AD2+_non-IID_Benign_seed91008,f651de362af86ad056f65de12ab60e5d77c578905616b30bfe6bf031187cea6e
non-IID,5.0,91008,10,9495,1573,1883,3666,2373,3456,6039,5239,4256,0.6360189573459716,0.44823591363875726,0.2166473832775861,False,False,False,False,1573,False,320a568111ba364e228cd4b2973129c91d2dfda3db067fe9d9407f43ecf85aef,cecbc3cf46cdde7fc2084c5fb938f10f0bb84ad983e2a14f27efe32177ece5ab,GuardFed-AD2+_non-IID_Benign_seed91008,f651de362af86ad056f65de12ab60e5d77c578905616b30bfe6bf031187cea6e
non-IID,5.0,91008,11,5952,1529,1779,1576,1068,3308,2644,3105,2847,0.4442204301075269,0.4783266129032258,0.024848856039141387,False,False,False,False,1068,False,1d0a76d514903041d0a61bd4d82873e0024423e16fa699041316c49b2c6222dc,37e2888db4bf91d73a74d25e66c10b1d8ef2a2ba4f8b886557c87843b982eca8,GuardFed-AD2+_non-IID_Benign_seed91008,f651de362af86ad056f65de12ab60e5d77c578905616b30bfe6bf031187cea6e
non-IID,5.0,91008,12,11890,4132,4944,1663,1151,9076,2814,5795,6095,0.2366694701429773,0.5126156433978133,0.1827021039254082,False,False,False,False,1151,False,aaf4cc94bb6b6a16de0ff1e56d5c20194f5bfb7f0b48bef75862552486572b4d,d5e0830f0bafe8c845ee7bf293db4832e97ac8a2ec6a5a777a3421f6d09eb04c,GuardFed-AD2+_non-IID_Benign_seed91008,f651de362af86ad056f65de12ab60e5d77c578905616b30bfe6bf031187cea6e
non-IID,5.0,91008,13,4612,1447,1646,927,592,3093,1519,2374,2238,0.3293581960104076,0.4852558542931483,0.09001337805797786,False,False,False,False,592,False,7777a2c4466c4344667c9203ac596866831115d74d9e387a9611e95e2968b4a2,299de7dc8d4b9820ad3ca439ecfa7561d3105b9abd7cfb61586d97fb2b3379fb,GuardFed-AD2+_non-IID_Benign_seed91008,f651de362af86ad056f65de12ab60e5d77c578905616b30bfe6bf031187cea6e
non-IID,5.0,91008,14,9115,2787,3215,1825,1288,6002,3113,4612,4503,0.34152495885902356,0.49402084476138236,0.07784661520936191,False,False,False,False,1288,False,9943a105de0b2550e6087c6da70e81ae6eca95a408ac07aca3ea0e9e9afb0094,97d085db3633e37fa96c79ca3a6aab1fc714c97336786be6ee6e0a567ae3089b,GuardFed-AD2+_non-IID_Benign_seed91008,f651de362af86ad056f65de12ab60e5d77c578905616b30bfe6bf031187cea6e
non-IID,5.0,91008,15,6255,1379,1662,1878,1336,3041,3214,3257,2998,0.5138289368505196,0.47929656274980015,0.09445736278213408,False,False,False,False,1336,False,b7f0f721f5013b237d4a09095c44c287e025b9bdde907530600dd7ea97cb0e6c,a72d7946efa796de2529189af1bbd8334778ea9d674c62fb21b6f9099beddc37,GuardFed-AD2+_non-IID_Benign_seed91008,f651de362af86ad056f65de12ab60e5d77c578905616b30bfe6bf031187cea6e
non-IID,5.0,91008,16,9553,2717,3086,2269,1481,5803,3750,4986,4567,0.39254684392337486,0.4780697163194808,0.026824730145010633,False,False,False,False,1481,False,3b258b28b55d540a193dfb85e7d2d81071fc2d212ae4f20916428db9bb562936,ff99ac5a461b1fee86e9b85ef00932e0c46974b23c7edcf58fbf97dabe6509e0,GuardFed-AD2+_non-IID_Benign_seed91008,f651de362af86ad056f65de12ab60e5d77c578905616b30bfe6bf031187cea6e
non-IID,5.0,91008,17,7032,2171,2452,1445,964,4623,2409,3616,3416,0.34257679180887374,0.4857792946530148,0.07679478225951175,False,False,False,False,964,False,db4e7c5b2173eeb4dfe3e9e711201b91d91705d0e2809026e1dfa942cd5f0edf,1961f37f7f19056b21aed7a05d3db75adb54bae818b7b4f72ba702edef36ee03,GuardFed-AD2+_non-IID_Benign_seed91008,f651de362af86ad056f65de12ab60e5d77c578905616b30bfe6bf031187cea6e
non-IID,5.0,91008,18,5519,1464,1726,1414,915,3190,2329,2878,2641,0.4219967385395905,0.47852871897082805,0.0048006526181198494,False,False,False,False,915,False,23b0b36b1580e37897452ec4920c3f7d1497c293eba1da1eda331d17a1d50e9c,894d04ac6726b1f433bf667a27db30dc920ca42892b5596586db4a1af798308c,GuardFed-AD2+_non-IID_Benign_seed91008,f651de362af86ad056f65de12ab60e5d77c578905616b30bfe6bf031187cea6e
non-IID,5.0,91008,19,5219,968,1167,1854,1230,2135,3084,2822,2397,0.5909178003448936,0.4592833876221498,0.17154622627650815,False,False,False,False,968,False,a62b57deef786392ae93cdc2c75801a836725bc9e30cea6a26d7133b7ad6ab28,28a5d3a4d413d987530657f6df6e824ff2e0be3120c6672d9bbc6dc131d191af,GuardFed-AD2+_non-IID_Benign_seed91008,f651de362af86ad056f65de12ab60e5d77c578905616b30bfe6bf031187cea6e
non-IID,5.0,91009,0,5621,1446,1767,1413,995,3213,2408,2859,2762,0.42839352428393523,0.4913716420565736,0.011539841219673497,False,False,False,False,995,True,1a15d7f174a848ff1c73b4205a75f879d40288c05b409a29b40edbec761e7b54,9f3bfe920020bf5261dcfbd44e14a03655898ceae63a746cfb55203841e6f249,GuardFed-AD2+_non-IID_Benign_seed91009,393b872cf97561cec026776c28c7e59a80e5aefcb62ee686cfa66c45e88aefec
non-IID,5.0,91009,1,8305,2328,2726,1901,1350,5054,3251,4229,4076,0.39145093317278745,0.4907886815171583,0.027920640895598037,False,False,False,False,1350,True,522370fc0099a00449965fba03afc802e870fd26b54010b570f5a8c2b3b29fd6,6e7ee32be32c96dc09dc660a7444a07635a9d10d5464df31cda71e8e668e2cf3,GuardFed-AD2+_non-IID_Benign_seed91009,393b872cf97561cec026776c28c7e59a80e5aefcb62ee686cfa66c45e88aefec
non-IID,5.0,91009,2,12266,4077,4600,2176,1413,8677,3589,6253,6013,0.29259742377303116,0.49021685961193545,0.12677415029535435,False,False,False,False,1413,True,ff62096921783dc27ef5fc952766d39de6800453d671ce2f3c45692c19120ec8,386f8f7daeec381fc1f24c8d0273194dc8da81bb134f4b14b59730d4b5cd5b1e,GuardFed-AD2+_non-IID_Benign_seed91009,393b872cf97561cec026776c28c7e59a80e5aefcb62ee686cfa66c45e88aefec
non-IID,5.0,91009,3,7738,2126,2467,1911,1234,4593,3145,4037,3701,0.4064357715171879,0.47828896355647454,0.012935802551197598,False,False,False,False,1234,True,799ccb207e1e05559bf884b79c8d4723410f2a9ed87b58486230f3b920c7239e,e2d0e10b46f5ef4695e25b588786e75d6de63b7ae37492e1e35f378612cf9a85,GuardFed-AD2+_non-IID_Benign_seed91009,393b872cf97561cec026776c28c7e59a80e5aefcb62ee686cfa66c45e88aefec
non-IID,5.0,91009,4,5174,1271,1513,1443,947,2784,2390,2714,2460,0.46192500966370315,0.4754541940471589,0.04255343559531763,False,False,False,False,947,False,2c746fe28641b0867e9247ecf1c5e2a83174e527bc17ce691c9e7e0d051c9426,ef89b48027147245adc3bc41765f1743f942a24a9a6a21cedeb55800c5ea4f51,GuardFed-AD2+_non-IID_Benign_seed91009,393b872cf97561cec026776c28c7e59a80e5aefcb62ee686cfa66c45e88aefec
non-IID,5.0,91009,5,7415,2153,2482,1680,1100,4635,2780,3833,3582,0.3749157113958193,0.48307484828051245,0.04445586267256624,False,False,False,False,1100,False,5fc7ec100208cdae2740a0dbe46eb22810f71d163aede04ef2eef5abbf816fad,e4d5a24b35f0d9b740d0cc3423bd7cb20acaf94eb86f4b0c4b8c29a653b2568f,GuardFed-AD2+_non-IID_Benign_seed91009,393b872cf97561cec026776c28c7e59a80e5aefcb62ee686cfa66c45e88aefec
non-IID,5.0,91009,6,5363,1223,1418,1629,1093,2641,2722,2852,2511,0.5075517434271862,0.4682080924855491,0.08818016935880078,False,False,False,False,1093,False,eaeb1568c840aa3e23c67948b0f96754d8766390d119b95355608bc392a265dc,e20268d077c3f5da600c249b38afebb7022e5bde81ba57598d3f5fc6f70e13cc,GuardFed-AD2+_non-IID_Benign_seed91009,393b872cf97561cec026776c28c7e59a80e5aefcb62ee686cfa66c45e88aefec
non-IID,5.0,91009,7,5853,1128,1328,2024,1373,2456,3397,3152,2701,0.5803861267725953,0.4614727490175978,0.16101455270420978,False,False,False,False,1128,False,f5e62076adec32580907348dbd82790c5abef71ffaafc1da064bb66cdb36bab6,ff829af38d513278ce0dfce8bc9dc968500e5b5d384db96329cc7643b43a9236,GuardFed-AD2+_non-IID_Benign_seed91009,393b872cf97561cec026776c28c7e59a80e5aefcb62ee686cfa66c45e88aefec
non-IID,5.0,91009,8,4739,1003,1126,1608,1002,2129,2610,2611,2128,0.5507491031863262,0.44903988183161003,0.13137752911794076,False,False,False,False,1002,False,1ed3eeb3781cd4479e237193a3113daa0256c089a02662102b96ae273a4ae7a9,7ae00103a7b4e52ccc72c37052a685ba6e7b1f2787aa03a6789358394bd972fc,GuardFed-AD2+_non-IID_Benign_seed91009,393b872cf97561cec026776c28c7e59a80e5aefcb62ee686cfa66c45e88aefec
non-IID,5.0,91009,9,4371,1099,1307,1194,771,2406,1965,2293,2078,0.4495538778311599,0.4754060855639442,0.030182303762774407,False,False,False,False,771,False,fee4bf5147b5cc0cdf2b372b7fdf6c46916ab409bfc8938e1c3bac8b27b48d6f,19393f6eddd082b91d0aee83be6c1cc7967986312a2a6d10495e478ec378bdf0,GuardFed-AD2+_non-IID_Benign_seed91009,393b872cf97561cec026776c28c7e59a80e5aefcb62ee686cfa66c45e88aefec
non-IID,5.0,91009,10,8352,2465,2841,1835,1211,5306,3046,4300,4052,0.3647030651340996,0.48515325670498083,0.05466850893428589,False,False,False,False,1211,False,fdea5212e66c794f87141555eac5463a891ddf02304b4df7a5caa48e7808b3a9,d13c802bd017052195a04403cc85b9f78a3230c91c96e0e2c7d87d2039067ae3,GuardFed-AD2+_non-IID_Benign_seed91009,393b872cf97561cec026776c28c7e59a80e5aefcb62ee686cfa66c45e88aefec
non-IID,5.0,91009,11,8169,3182,3802,708,477,6984,1185,3890,4279,0.14506059493206022,0.5238095238095238,0.2743109791363253,False,False,False,False,477,False,0945802dc546f958a883d280f8d956bff43a8661d30ebadebcaa61c72a25d976,94eca8ce21479ae7f2dc23176716dc813a07e6a36d637a8eff560bd79d8e81c7,GuardFed-AD2+_non-IID_Benign_seed91009,393b872cf97561cec026776c28c7e59a80e5aefcb62ee686cfa66c45e88aefec
non-IID,5.0,91009,12,8139,1638,1816,2785,1900,3454,4685,4423,3716,0.5756235409755498,0.45656714584101243,0.1562519669071643,False,False,False,False,1638,False,cef0137d46b59f9ee5373342904971668a4c7af2f6b869ac4557feabfc2504fe,e7d3710b31c63a0077e9b0f3580e6ff242600c0b6d63cf58933d83485013c714,GuardFed-AD2+_non-IID_Benign_seed91009,393b872cf97561cec026776c28c7e59a80e5aefcb62ee686cfa66c45e88aefec
non-IID,5.0,91009,13,8537,1964,2323,2548,1702,4287,4250,4512,4025,0.4978329623989692,0.47147709968372964,0.07846138833058368,False,False,False,False,1702,False,805eb342bcc8d0be04151f35c9c8822cd197c618dbb000f3d6c63adc2958a77b,8993ba62b9370035610af1afbbf776526ec097bf6e41b1e1e1faad64e3b6cc45,GuardFed-AD2+_non-IID_Benign_seed91009,393b872cf97561cec026776c28c7e59a80e5aefcb62ee686cfa66c45e88aefec
non-IID,5.0,91009,14,5698,1559,1809,1440,890,3368,2330,2999,2699,0.4089154089154089,0.4736749736749737,0.011232638989596616,False,False,False,False,890,False,d98a8033165eecacc290d98f8150257cde01c33b4a046b7221aed1b944b1622a,a95080026248ff9bbc8089ca9580158bc3dc14a67b07b26033b50abdaeaeef3b,GuardFed-AD2+_non-IID_Benign_seed91009,393b872cf97561cec026776c28c7e59a80e5aefcb62ee686cfa66c45e88aefec
non-IID,5.0,91009,15,7346,1447,1603,2551,1745,3050,4296,3998,3348,0.5848080588075143,0.4557582357745712,0.16543648473912878,False,False,False,False,1447,False,a1a65bae5a902ebd5ba57ee902974e0ee26dd0183751903a7b04b6528a8228f7,3658a1cf037dbb9b7828af467604b2bb1efb050edb92f7526f97039cba1ae2ce,GuardFed-AD2+_non-IID_Benign_seed91009,393b872cf97561cec026776c28c7e59a80e5aefcb62ee686cfa66c45e88aefec
non-IID,5.0,91009,16,6644,1569,1815,1939,1321,3384,3260,3508,3136,0.4906682721252258,0.4720048163756773,0.07129669805684027,False,False,False,False,1321,False,c95ad3db08135d33d8cb17477a58c0ef0d639206e81ce7602e041cb49e133dd1,b55bdd934c20960b7e178209490b8c69635b981a628bf53ebaadb52c7702d4e4,GuardFed-AD2+_non-IID_Benign_seed91009,393b872cf97561cec026776c28c7e59a80e5aefcb62ee686cfa66c45e88aefec
non-IID,5.0,91009,17,12223,3519,4065,2809,1830,7584,4639,6328,5895,0.37953039352041235,0.4822874907960403,0.03984118054797316,False,False,False,False,1830,False,d9bf240f90f5c7fe3c43acae62d108fe45eabc64349ec9e8500430baf06f5831,1bc23518eb8f8fe6830b0b2ee9958c6ed47620c64f6d55d4a1b1520da8ef0b5b,GuardFed-AD2+_non-IID_Benign_seed91009,393b872cf97561cec026776c28c7e59a80e5aefcb62ee686cfa66c45e88aefec
non-IID,5.0,91009,18,8957,2890,3468,1558,1041,6358,2599,4448,4509,0.29016411745003906,0.5034051579770012,0.12920745661834643,False,False,False,False,1041,False,38510a846ddd90af25ea681af5d52cdccb25d75640871d2b39acc46ae12ddda6,743e0b4d85f1687a66fa19e11af402826c6e301340679925311fd6e2e959acd5,GuardFed-AD2+_non-IID_Benign_seed91009,393b872cf97561cec026776c28c7e59a80e5aefcb62ee686cfa66c45e88aefec
non-IID,5.0,91009,19,5583,1206,1489,1756,1132,2695,2888,2962,2621,0.5172846140068064,0.4694608633351245,0.09791303993842086,False,False,False,False,1132,False,8389a60aff1846f4b21be289a604061351ba648364a5e5f68f720f4140cbffe3,1169657a6fa8f8ade34217a1de8e365483a1e95b8fd7626c54fa93e88a6c2c3a,GuardFed-AD2+_non-IID_Benign_seed91009,393b872cf97561cec026776c28c7e59a80e5aefcb62ee686cfa66c45e88aefec
non-IID,5.0,91010,0,8149,1627,1836,2851,1835,3463,4686,4478,3671,0.5750398821941343,0.45048472205178547,0.15566830812574872,False,False,False,False,1627,True,c3381fcbfd7dfc048d5078f715825aeb6a5321431903824c8c3dd47a4a88d1f4,526f0481ef3e0ce5f3eba860b73b3e4cbbca3273f050d5400fd9635ef6e7bec4,GuardFed-AD2+_non-IID_Benign_seed91010,8f8d5f9627065c5d00419a4f9cb531e2b3d14a9f4bd7247ebf3aefbda909eaed
non-IID,5.0,91010,1,6913,2334,2868,1009,702,5202,1711,3343,3570,0.2475047012874295,0.5164183422537248,0.17186687278095605,False,False,False,False,702,True,71ccd1231df5c9e61021fb97d04a771534c6b056bd9e7c5082549c311bbcf305,9b1b5ddfdd7a8a6563d7f605717fa1ed8da8b882dee22319b93397c2f055b9ba,GuardFed-AD2+_non-IID_Benign_seed91010,8f8d5f9627065c5d00419a4f9cb531e2b3d14a9f4bd7247ebf3aefbda909eaed
non-IID,5.0,91010,2,5238,895,1023,2014,1306,1918,3320,2909,2329,0.6338297059946545,0.44463535700649104,0.21445813192626895,False,False,False,False,895,True,e9aa6c3ee6e023df513c60e8a4c32780f6d4eb07ff8d7b0b6bfe7fa789fd4d7e,6861b6c46d318e58aa6203b2808932df658d9bb7ad343bdcea9ce387e2f7ff16,GuardFed-AD2+_non-IID_Benign_seed91010,8f8d5f9627065c5d00419a4f9cb531e2b3d14a9f4bd7247ebf3aefbda909eaed
non-IID,5.0,91010,3,6956,2172,2445,1374,965,4617,2339,3546,3410,0.33625646923519265,0.4902242668200115,0.08311510483319287,False,False,False,False,965,True,7ee54147d33d35a21674927cfd7ae42414434230b2c2a67eb4c88a1eb6525cae,0daa401790f41c96b65e6e9d93267f72ee4d1543c09522fa552af4fa73112235,GuardFed-AD2+_non-IID_Benign_seed91010,8f8d5f9627065c5d00419a4f9cb531e2b3d14a9f4bd7247ebf3aefbda909eaed
non-IID,5.0,91010,4,9798,2901,3390,2097,1410,6291,3507,4998,4800,0.35793018983466013,0.4898958971218616,0.06144138423372539,False,False,False,False,1410,False,f981c5e2988ec780d97fb2753b1946567249e7825c11493e4bc1f61a22a50655,66a0900a1abceb33016ef8de23546671c6ecff41391b896bfa3e7f7ba6384a2a,GuardFed-AD2+_non-IID_Benign_seed91010,8f8d5f9627065c5d00419a4f9cb531e2b3d14a9f4bd7247ebf3aefbda909eaed
non-IID,5.0,91010,5,3705,765,905,1224,811,1670,2035,1989,1716,0.5492577597840755,0.4631578947368421,0.12988618571569005,False,False,False,False,765,False,952b8b952b0c1d5bfa22afe823571a02ce3c1d238fe40cd5c5b815e72c4ef746,8de2399ea4da565f705e90adfe89c4814e449f3ba1766490332ae0c59a87d798,GuardFed-AD2+_non-IID_Benign_seed91010,8f8d5f9627065c5d00419a4f9cb531e2b3d14a9f4bd7247ebf3aefbda909eaed
non-IID,5.0,91010,6,10079,2627,3189,2529,1734,5816,4263,5156,4923,0.4229586268479016,0.4884413136223832,0.00873921181547091,False,False,False,False,1734,False,3f8d20600bed73835e932060d54937842846320fe5f4e0672e8f9fa4588b48b0,a0d82ee3652b359d615f9ef307286cfeb2820d442adb52921106ffe333abe1a9,GuardFed-AD2+_non-IID_Benign_seed91010,8f8d5f9627065c5d00419a4f9cb531e2b3d14a9f4bd7247ebf3aefbda909eaed
non-IID,5.0,91010,7,7835,1929,2118,2264,1524,4047,3788,4193,3642,0.4834716017868539,0.4648372686662412,0.06410002771846834,False,False,False,False,1524,False,052738cde2ada1f25e04c897ee42d58273d556ffe0ed78a22bd7c7cacc0ddec7,acb619e2976daed16d20249cd1051b2996d173b8e43278c369461990396474b5,GuardFed-AD2+_non-IID_Benign_seed91010,8f8d5f9627065c5d00419a4f9cb531e2b3d14a9f4bd7247ebf3aefbda909eaed
non-IID,5.0,91010,8,7802,1517,1842,2600,1843,3359,4443,4117,3685,0.5694693668290182,0.4723147910792105,0.15009779276063268,False,False,False,False,1517,False,0f244b76fb04d22bfb8a87ad6dc907f9fc49a9b27dbf80169a843e43cae32378,7597e99acca7f40b7d107a4b6390ef65039bb2169a51277b5857572d6e73ef6f,GuardFed-AD2+_non-IID_Benign_seed91010,8f8d5f9627065c5d00419a4f9cb531e2b3d14a9f4bd7247ebf3aefbda909eaed
non-IID,5.0,91010,9,10175,4073,4720,841,541,8793,1382,4914,5261,0.13582309582309582,0.5170515970515971,0.28354847824528967,False,False,False,False,541,False,2b4d420aa46ff123510282bb5248b0be9f5dc0d84ba13e2dc2da6a8f4fb3081b,271125be748533f3eed9492a95e237106f3c244e545afe9576194c631137d5e4,GuardFed-AD2+_non-IID_Benign_seed91010,8f8d5f9627065c5d00419a4f9cb531e2b3d14a9f4bd7247ebf3aefbda909eaed
non-IID,5.0,91010,10,7260,2165,2508,1564,1023,4673,2587,3729,3531,0.35633608815427,0.4863636363636364,0.06303548591411555,False,False,False,False,1023,False,9b7a5005069e47a008717d2c3adbfe9c74750afd8f484070d809d495b14116d1,c886ea6e2349adddc8a0609e4b71df8558d190bda576ca0dc86b8c5a069f3f65,GuardFed-AD2+_non-IID_Benign_seed91010,8f8d5f9627065c5d00419a4f9cb531e2b3d14a9f4bd7247ebf3aefbda909eaed
non-IID,5.0,91010,11,5934,1826,2026,1220,862,3852,2082,3046,2888,0.35085945399393326,0.48668688911358277,0.06851212007445226,False,False,False,False,862,False,7edee9098d9081e5d0416c3eb7edab18ee2af28fab7889f9bd2914d368ffc8a1,41ea8fa6b9a2b86497433eba3e69a607e8301add32797e807f696de42a277a8e,GuardFed-AD2+_non-IID_Benign_seed91010,8f8d5f9627065c5d00419a4f9cb531e2b3d14a9f4bd7247ebf3aefbda909eaed
non-IID,5.0,91010,12,5014,1334,1518,1298,864,2852,2162,2632,2382,0.43119266055045874,0.47506980454726766,0.011821086482073168,False,False,False,False,864,False,409729485877636f819609a79a74aebb2b27df2269891a66832e0d8608bd4704,dd35c2c45f5f0cc7b56ebbf06f81f7c91ed30c55b5963511d84a395c0f40125e,GuardFed-AD2+_non-IID_Benign_seed91010,8f8d5f9627065c5d00419a4f9cb531e2b3d14a9f4bd7247ebf3aefbda909eaed
non-IID,5.0,91010,13,9420,1660,1826,3639,2295,3486,5934,5299,4121,0.629936305732484,0.4374734607218684,0.21056473166409856,False,False,False,False,1660,False,8d6bbce4a3b212a45e3d09c8d93dad21e042b3c51423f197e8a8243673f55074,c20c934fd5cf255663b2776a4737a3724ccababa0173aecafd072d6192c363d0,GuardFed-AD2+_non-IID_Benign_seed91010,8f8d5f9627065c5d00419a4f9cb531e2b3d14a9f4bd7247ebf3aefbda909eaed
non-IID,5.0,91010,14,6478,1366,1554,2198,1360,2920,3558,3564,2914,0.5492435937017598,0.4498301945044767,0.1298720196333743,False,False,False,False,1360,False,62bbc4ef2012700282a20d822b780ce8abcbf5a3e6ebb1e72da58b83aecb7534,b557b88f396c9c9da6b74cc11e39612ab25e4b3314cf828bb353e4e4f2cb257c,GuardFed-AD2+_non-IID_Benign_seed91010,8f8d5f9627065c5d00419a4f9cb531e2b3d14a9f4bd7247ebf3aefbda909eaed
non-IID,5.0,91010,15,6514,2087,2467,1134,826,4554,1960,3221,3293,0.3008903899293829,0.5055265581823765,0.11848118413900267,False,False,False,False,826,False,3f4f7b303cc011e0839a98ab339c719dd0f923440088ac4f86bf4ed0cb684969,5034b5ed709660a2e5d2cb7e90f07998c22946b660cec60e8d0b4b283d13abba,GuardFed-AD2+_non-IID_Benign_seed91010,8f8d5f9627065c5d00419a4f9cb531e2b3d14a9f4bd7247ebf3aefbda909eaed
non-IID,5.0,91010,16,10870,3266,3889,2223,1492,7155,3715,5489,5381,0.3417663293468261,0.4950321987120515,0.07760524472155937,False,False,False,False,1492,False,846e10f72bb656288cc0eed1bd6709bbd7e9572af8412a48cb0021f415aaa6d0,53efdcbe05eacfe260c0b6d3e42e68985d753a0f95b2a5ec171c3673bbdf4882,GuardFed-AD2+_non-IID_Benign_seed91010,8f8d5f9627065c5d00419a4f9cb531e2b3d14a9f4bd7247ebf3aefbda909eaed
non-IID,5.0,91010,17,6298,1609,1869,1722,1098,3478,2820,3331,2967,0.44776119402985076,0.47110193712289616,0.028389619961465246,False,False,False,False,1098,False,e553a9b742a127c85ebac749e083a781c2ef58e5d89479718e85bbb45a6ea16f,30e11523cccba0baf01504d808d68b3843cffa98ec15c2cef3ab9871f4ba7b35,GuardFed-AD2+_non-IID_Benign_seed91010,8f8d5f9627065c5d00419a4f9cb531e2b3d14a9f4bd7247ebf3aefbda909eaed
non-IID,5.0,91010,18,7102,2085,2447,1540,1030,4532,2570,3625,3477,0.36186989580399886,0.4895803998873557,0.05750167826438661,False,False,False,False,1030,False,3f570eeb8eff4fc08870fbe78fd159ce5927046aa14c310ede693fe400f8cf00,04a5b6a62118c4a6c0b2844ad22e90d853c01571debee2fb21431b75ec36b185,GuardFed-AD2+_non-IID_Benign_seed91010,8f8d5f9627065c5d00419a4f9cb531e2b3d14a9f4bd7247ebf3aefbda909eaed
non-IID,5.0,91010,19,4953,1101,1279,1540,1033,2380,2573,2641,2312,0.5194831415303857,0.46678780537048253,0.1001115674620001,False,False,False,False,1033,False,0432a6086da27080d5da7041066fa9df207e420e396ed46bdcfed587b6c7b642,e6c6f97c2e6e2ec37263fb1b152cc257be11eb8b542f53475cc484535e537622,GuardFed-AD2+_non-IID_Benign_seed91010,8f8d5f9627065c5d00419a4f9cb531e2b3d14a9f4bd7247ebf3aefbda909eaed
