point_id,subset_line,raw_line_sha256,run_id
adult:real10_none,1,49036bd1d03427c54b1b712e422609819ba529fdb72d901bd6a99f9ea60f9f41,full|adult|IID|GuardFed-AD2+|Benign|rounds=70|seed=123|clients=20|malicious=4|epochs=1|batch=256|lr=0.005|opt=adam|root=0.1+0.0|serversamp=stratified_sensitive|serveralpha=None|synth=none|synth_epochs=50|sensfeat=0|agg=count|fflip=invert|rw=1|foe=state|sdfafoe=fedsa|spdfafoe=fedsa|fedsa_gain=1.75|fedsa_norm=2.0|fg=server_aeod|actfb=0.12|acttemp=0.8|actkeep=1.0|actmetric=aeod_aspd|actdrop=0.005|actrisk=0.1|actviol=0.02|ad2calw=1.0|ad2calb=0.06|ad2calt=0.03|ad2calq=41|ad2clip=5.0|ad2normclip=2.5|ad2accdrop=0.03|ad2calobj=original|ad2normmode=root|ad2uw=3.0|ad2cw=0.2|ad2aw=1.5|ad2plus=fixed|suite=server_generation_ablation|tag=real10_none
adult:real10_none,2,0aff9d7b9a82a2211ed1661afc998263b908999f12f8d0a758c5c94aea7479e1,full|adult|IID|GuardFed-AD2+|F Flip|rounds=70|seed=123|clients=20|malicious=4|epochs=1|batch=256|lr=0.005|opt=adam|root=0.1+0.0|serversamp=stratified_sensitive|serveralpha=None|synth=none|synth_epochs=50|sensfeat=0|agg=count|fflip=invert|rw=1|foe=state|sdfafoe=fedsa|spdfafoe=fedsa|fedsa_gain=1.75|fedsa_norm=2.0|fg=server_aeod|actfb=0.12|acttemp=0.8|actkeep=1.0|actmetric=aeod_aspd|actdrop=0.005|actrisk=0.1|actviol=0.02|ad2calw=1.0|ad2calb=0.06|ad2calt=0.03|ad2calq=41|ad2clip=5.0|ad2normclip=2.5|ad2accdrop=0.03|ad2calobj=original|ad2normmode=root|ad2uw=3.0|ad2cw=0.2|ad2aw=1.5|ad2plus=fixed|suite=server_generation_ablation|tag=real10_none
adult:real10_none,3,24681ca888290bc438e936c95eb42a213fedfec15f909c3e6e0fbb2c5eeb9c51,full|adult|IID|GuardFed-AD2+|FedSA|rounds=70|seed=123|clients=20|malicious=4|epochs=1|batch=256|lr=0.005|opt=adam|root=0.1+0.0|serversamp=stratified_sensitive|serveralpha=None|synth=none|synth_epochs=50|sensfeat=0|agg=count|fflip=invert|rw=1|foe=state|sdfafoe=fedsa|spdfafoe=fedsa|fedsa_gain=1.75|fedsa_norm=2.0|fg=server_aeod|actfb=0.12|acttemp=0.8|actkeep=1.0|actmetric=aeod_aspd|actdrop=0.005|actrisk=0.1|actviol=0.02|ad2calw=1.0|ad2calb=0.06|ad2calt=0.03|ad2calq=41|ad2clip=5.0|ad2normclip=2.5|ad2accdrop=0.03|ad2calobj=original|ad2normmode=root|ad2uw=3.0|ad2cw=0.2|ad2aw=1.5|ad2plus=fixed|suite=server_generation_ablation|tag=real10_none
adult:real10_none,4,652cedd4b1c8c4a61fc456187846bd36aa9a92d28058e11add245496a9e5c269,full|adult|IID|GuardFed-AD2+|S-DFA|rounds=70|seed=123|clients=20|malicious=4|epochs=1|batch=256|lr=0.005|opt=adam|root=0.1+0.0|serversamp=stratified_sensitive|serveralpha=None|synth=none|synth_epochs=50|sensfeat=0|agg=count|fflip=invert|rw=1|foe=state|sdfafoe=fedsa|spdfafoe=fedsa|fedsa_gain=1.75|fedsa_norm=2.0|fg=server_aeod|actfb=0.12|acttemp=0.8|actkeep=1.0|actmetric=aeod_aspd|actdrop=0.005|actrisk=0.1|actviol=0.02|ad2calw=1.0|ad2calb=0.06|ad2calt=0.03|ad2calq=41|ad2clip=5.0|ad2normclip=2.5|ad2accdrop=0.03|ad2calobj=original|ad2normmode=root|ad2uw=3.0|ad2cw=0.2|ad2aw=1.5|ad2plus=fixed|suite=server_generation_ablation|tag=real10_none
adult:real10_none,5,9bbc1da9667f4631484873cfb0934c12cdb9e172f5dceac4c05107c471b13a28,full|adult|IID|GuardFed-AD2+|Sp-DFA|rounds=70|seed=123|clients=20|malicious=4|epochs=1|batch=256|lr=0.005|opt=adam|root=0.1+0.0|serversamp=stratified_sensitive|serveralpha=None|synth=none|synth_epochs=50|sensfeat=0|agg=count|fflip=invert|rw=1|foe=state|sdfafoe=fedsa|spdfafoe=fedsa|fedsa_gain=1.75|fedsa_norm=2.0|fg=server_aeod|actfb=0.12|acttemp=0.8|actkeep=1.0|actmetric=aeod_aspd|actdrop=0.005|actrisk=0.1|actviol=0.02|ad2calw=1.0|ad2calb=0.06|ad2calt=0.03|ad2calq=41|ad2clip=5.0|ad2normclip=2.5|ad2accdrop=0.03|ad2calobj=original|ad2normmode=root|ad2uw=3.0|ad2cw=0.2|ad2aw=1.5|ad2plus=fixed|suite=server_generation_ablation|tag=real10_none
adult:real10_none,6,6f6a59058660ccd52536eec2e3b50ecafd509763376b030ad1c1d572d379aa33,full|adult|non-IID|GuardFed-AD2+|Benign|rounds=70|seed=123|clients=20|malicious=4|epochs=1|batch=256|lr=0.005|opt=adam|root=0.1+0.0|serversamp=stratified_sensitive|serveralpha=None|synth=none|synth_epochs=50|sensfeat=0|agg=count|fflip=invert|rw=1|foe=state|sdfafoe=fedsa|spdfafoe=fedsa|fedsa_gain=1.75|fedsa_norm=2.0|fg=server_aeod|actfb=0.12|acttemp=0.8|actkeep=1.0|actmetric=aeod_aspd|actdrop=0.005|actrisk=0.1|actviol=0.02|ad2calw=1.0|ad2calb=0.06|ad2calt=0.03|ad2calq=41|ad2clip=5.0|ad2normclip=2.5|ad2accdrop=0.03|ad2calobj=original|ad2normmode=root|ad2uw=3.0|ad2cw=0.2|ad2aw=1.5|ad2plus=fixed|suite=server_generation_ablation|tag=real10_none
adult:real10_none,7,bede3b811a8bec7c30774a660c026c239ab5a8c034e36b45dc4254837633c29f,full|adult|non-IID|GuardFed-AD2+|F Flip|rounds=70|seed=123|clients=20|malicious=4|epochs=1|batch=256|lr=0.005|opt=adam|root=0.1+0.0|serversamp=stratified_sensitive|serveralpha=None|synth=none|synth_epochs=50|sensfeat=0|agg=count|fflip=invert|rw=1|foe=state|sdfafoe=fedsa|spdfafoe=fedsa|fedsa_gain=1.75|fedsa_norm=2.0|fg=server_aeod|actfb=0.12|acttemp=0.8|actkeep=1.0|actmetric=aeod_aspd|actdrop=0.005|actrisk=0.1|actviol=0.02|ad2calw=1.0|ad2calb=0.06|ad2calt=0.03|ad2calq=41|ad2clip=5.0|ad2normclip=2.5|ad2accdrop=0.03|ad2calobj=original|ad2normmode=root|ad2uw=3.0|ad2cw=0.2|ad2aw=1.5|ad2plus=fixed|suite=server_generation_ablation|tag=real10_none
adult:real10_none,8,e7f518c75909818401b34174e0a666a3fbd46142711512507b57e5f4eace9f23,full|adult|non-IID|GuardFed-AD2+|FedSA|rounds=70|seed=123|clients=20|malicious=4|epochs=1|batch=256|lr=0.005|opt=adam|root=0.1+0.0|serversamp=stratified_sensitive|serveralpha=None|synth=none|synth_epochs=50|sensfeat=0|agg=count|fflip=invert|rw=1|foe=state|sdfafoe=fedsa|spdfafoe=fedsa|fedsa_gain=1.75|fedsa_norm=2.0|fg=server_aeod|actfb=0.12|acttemp=0.8|actkeep=1.0|actmetric=aeod_aspd|actdrop=0.005|actrisk=0.1|actviol=0.02|ad2calw=1.0|ad2calb=0.06|ad2calt=0.03|ad2calq=41|ad2clip=5.0|ad2normclip=2.5|ad2accdrop=0.03|ad2calobj=original|ad2normmode=root|ad2uw=3.0|ad2cw=0.2|ad2aw=1.5|ad2plus=fixed|suite=server_generation_ablation|tag=real10_none
adult:real10_none,9,cab07eed9ef58ba646b1ebd82bf7fabf4ec1933acb0295f04e012f62a5af6e98,full|adult|non-IID|GuardFed-AD2+|S-DFA|rounds=70|seed=123|clients=20|malicious=4|epochs=1|batch=256|lr=0.005|opt=adam|root=0.1+0.0|serversamp=stratified_sensitive|serveralpha=None|synth=none|synth_epochs=50|sensfeat=0|agg=count|fflip=invert|rw=1|foe=state|sdfafoe=fedsa|spdfafoe=fedsa|fedsa_gain=1.75|fedsa_norm=2.0|fg=server_aeod|actfb=0.12|acttemp=0.8|actkeep=1.0|actmetric=aeod_aspd|actdrop=0.005|actrisk=0.1|actviol=0.02|ad2calw=1.0|ad2calb=0.06|ad2calt=0.03|ad2calq=41|ad2clip=5.0|ad2normclip=2.5|ad2accdrop=0.03|ad2calobj=original|ad2normmode=root|ad2uw=3.0|ad2cw=0.2|ad2aw=1.5|ad2plus=fixed|suite=server_generation_ablation|tag=real10_none
adult:real10_none,10,893641d456b3be9535f345ca6eb36dc95603d44542dc9f3bf86c2752e3ab6e55,full|adult|non-IID|GuardFed-AD2+|Sp-DFA|rounds=70|seed=123|clients=20|malicious=4|epochs=1|batch=256|lr=0.005|opt=adam|root=0.1+0.0|serversamp=stratified_sensitive|serveralpha=None|synth=none|synth_epochs=50|sensfeat=0|agg=count|fflip=invert|rw=1|foe=state|sdfafoe=fedsa|spdfafoe=fedsa|fedsa_gain=1.75|fedsa_norm=2.0|fg=server_aeod|actfb=0.12|acttemp=0.8|actkeep=1.0|actmetric=aeod_aspd|actdrop=0.005|actrisk=0.1|actviol=0.02|ad2calw=1.0|ad2calb=0.06|ad2calt=0.03|ad2calq=41|ad2clip=5.0|ad2normclip=2.5|ad2accdrop=0.03|ad2calobj=original|ad2normmode=root|ad2uw=3.0|ad2cw=0.2|ad2aw=1.5|ad2plus=fixed|suite=server_generation_ablation|tag=real10_none
adult:real1_ctgan_synth9,41,f7b2d5b02607043f4d7778962b8d7b6d51bcc831fbe80f0e53e6a99852ad1bc4,full|adult|IID|GuardFed-AD2+|Benign|rounds=70|seed=123|clients=20|malicious=4|epochs=1|batch=256|lr=0.005|opt=adam|root=0.01+0.09|serversamp=stratified_sensitive|serveralpha=None|synth=ctgan|synth_epochs=50|sensfeat=0|agg=count|fflip=invert|rw=1|foe=state|sdfafoe=fedsa|spdfafoe=fedsa|fedsa_gain=1.75|fedsa_norm=2.0|fg=server_aeod|actfb=0.12|acttemp=0.8|actkeep=1.0|actmetric=aeod_aspd|actdrop=0.005|actrisk=0.1|actviol=0.02|ad2calw=1.0|ad2calb=0.06|ad2calt=0.03|ad2calq=41|ad2clip=5.0|ad2normclip=2.5|ad2accdrop=0.03|ad2calobj=original|ad2normmode=root|ad2uw=3.0|ad2cw=0.2|ad2aw=1.5|ad2plus=fixed|suite=server_generation_ablation|tag=real1_ctgan_synth9
adult:real1_ctgan_synth9,42,dba1ef53e73d50a708ce6ba8ae8504cb88c2dc57608eaa783bde11144c2242bc,full|adult|IID|GuardFed-AD2+|F Flip|rounds=70|seed=123|clients=20|malicious=4|epochs=1|batch=256|lr=0.005|opt=adam|root=0.01+0.09|serversamp=stratified_sensitive|serveralpha=None|synth=ctgan|synth_epochs=50|sensfeat=0|agg=count|fflip=invert|rw=1|foe=state|sdfafoe=fedsa|spdfafoe=fedsa|fedsa_gain=1.75|fedsa_norm=2.0|fg=server_aeod|actfb=0.12|acttemp=0.8|actkeep=1.0|actmetric=aeod_aspd|actdrop=0.005|actrisk=0.1|actviol=0.02|ad2calw=1.0|ad2calb=0.06|ad2calt=0.03|ad2calq=41|ad2clip=5.0|ad2normclip=2.5|ad2accdrop=0.03|ad2calobj=original|ad2normmode=root|ad2uw=3.0|ad2cw=0.2|ad2aw=1.5|ad2plus=fixed|suite=server_generation_ablation|tag=real1_ctgan_synth9
adult:real1_ctgan_synth9,43,c0a9ad0f52bd83dfb6ac69c621a43e21fdffc19d5a4099ad832008935f785837,full|adult|IID|GuardFed-AD2+|FedSA|rounds=70|seed=123|clients=20|malicious=4|epochs=1|batch=256|lr=0.005|opt=adam|root=0.01+0.09|serversamp=stratified_sensitive|serveralpha=None|synth=ctgan|synth_epochs=50|sensfeat=0|agg=count|fflip=invert|rw=1|foe=state|sdfafoe=fedsa|spdfafoe=fedsa|fedsa_gain=1.75|fedsa_norm=2.0|fg=server_aeod|actfb=0.12|acttemp=0.8|actkeep=1.0|actmetric=aeod_aspd|actdrop=0.005|actrisk=0.1|actviol=0.02|ad2calw=1.0|ad2calb=0.06|ad2calt=0.03|ad2calq=41|ad2clip=5.0|ad2normclip=2.5|ad2accdrop=0.03|ad2calobj=original|ad2normmode=root|ad2uw=3.0|ad2cw=0.2|ad2aw=1.5|ad2plus=fixed|suite=server_generation_ablation|tag=real1_ctgan_synth9
adult:real1_ctgan_synth9,44,8be80037f9bccc7870fb098c86862a10852ea1fb0ec0558d16ed9d1bd3bc765e,full|adult|IID|GuardFed-AD2+|S-DFA|rounds=70|seed=123|clients=20|malicious=4|epochs=1|batch=256|lr=0.005|opt=adam|root=0.01+0.09|serversamp=stratified_sensitive|serveralpha=None|synth=ctgan|synth_epochs=50|sensfeat=0|agg=count|fflip=invert|rw=1|foe=state|sdfafoe=fedsa|spdfafoe=fedsa|fedsa_gain=1.75|fedsa_norm=2.0|fg=server_aeod|actfb=0.12|acttemp=0.8|actkeep=1.0|actmetric=aeod_aspd|actdrop=0.005|actrisk=0.1|actviol=0.02|ad2calw=1.0|ad2calb=0.06|ad2calt=0.03|ad2calq=41|ad2clip=5.0|ad2normclip=2.5|ad2accdrop=0.03|ad2calobj=original|ad2normmode=root|ad2uw=3.0|ad2cw=0.2|ad2aw=1.5|ad2plus=fixed|suite=server_generation_ablation|tag=real1_ctgan_synth9
adult:real1_ctgan_synth9,45,9b28ede8e4e6234ff7bfd6f2469e7340d34daf4f8d06d47780a97938bbfdbf08,full|adult|IID|GuardFed-AD2+|Sp-DFA|rounds=70|seed=123|clients=20|malicious=4|epochs=1|batch=256|lr=0.005|opt=adam|root=0.01+0.09|serversamp=stratified_sensitive|serveralpha=None|synth=ctgan|synth_epochs=50|sensfeat=0|agg=count|fflip=invert|rw=1|foe=state|sdfafoe=fedsa|spdfafoe=fedsa|fedsa_gain=1.75|fedsa_norm=2.0|fg=server_aeod|actfb=0.12|acttemp=0.8|actkeep=1.0|actmetric=aeod_aspd|actdrop=0.005|actrisk=0.1|actviol=0.02|ad2calw=1.0|ad2calb=0.06|ad2calt=0.03|ad2calq=41|ad2clip=5.0|ad2normclip=2.5|ad2accdrop=0.03|ad2calobj=original|ad2normmode=root|ad2uw=3.0|ad2cw=0.2|ad2aw=1.5|ad2plus=fixed|suite=server_generation_ablation|tag=real1_ctgan_synth9
adult:real1_ctgan_synth9,46,67d668f5376482fae2059b5ccd910ddc9d79350635dc3bd2c8d899d7da8beeb9,full|adult|non-IID|GuardFed-AD2+|Benign|rounds=70|seed=123|clients=20|malicious=4|epochs=1|batch=256|lr=0.005|opt=adam|root=0.01+0.09|serversamp=stratified_sensitive|serveralpha=None|synth=ctgan|synth_epochs=50|sensfeat=0|agg=count|fflip=invert|rw=1|foe=state|sdfafoe=fedsa|spdfafoe=fedsa|fedsa_gain=1.75|fedsa_norm=2.0|fg=server_aeod|actfb=0.12|acttemp=0.8|actkeep=1.0|actmetric=aeod_aspd|actdrop=0.005|actrisk=0.1|actviol=0.02|ad2calw=1.0|ad2calb=0.06|ad2calt=0.03|ad2calq=41|ad2clip=5.0|ad2normclip=2.5|ad2accdrop=0.03|ad2calobj=original|ad2normmode=root|ad2uw=3.0|ad2cw=0.2|ad2aw=1.5|ad2plus=fixed|suite=server_generation_ablation|tag=real1_ctgan_synth9
adult:real1_ctgan_synth9,47,5f63a7299c069f9e4a1cfddde1889f4079a7b77a73c2c3d5c9c229009ef0fe7e,full|adult|non-IID|GuardFed-AD2+|F Flip|rounds=70|seed=123|clients=20|malicious=4|epochs=1|batch=256|lr=0.005|opt=adam|root=0.01+0.09|serversamp=stratified_sensitive|serveralpha=None|synth=ctgan|synth_epochs=50|sensfeat=0|agg=count|fflip=invert|rw=1|foe=state|sdfafoe=fedsa|spdfafoe=fedsa|fedsa_gain=1.75|fedsa_norm=2.0|fg=server_aeod|actfb=0.12|acttemp=0.8|actkeep=1.0|actmetric=aeod_aspd|actdrop=0.005|actrisk=0.1|actviol=0.02|ad2calw=1.0|ad2calb=0.06|ad2calt=0.03|ad2calq=41|ad2clip=5.0|ad2normclip=2.5|ad2accdrop=0.03|ad2calobj=original|ad2normmode=root|ad2uw=3.0|ad2cw=0.2|ad2aw=1.5|ad2plus=fixed|suite=server_generation_ablation|tag=real1_ctgan_synth9
adult:real1_ctgan_synth9,48,63bc3d8935bbdd079b22d0605d19d87bbf4e7c8d86707e6de80b772d42e63adc,full|adult|non-IID|GuardFed-AD2+|FedSA|rounds=70|seed=123|clients=20|malicious=4|epochs=1|batch=256|lr=0.005|opt=adam|root=0.01+0.09|serversamp=stratified_sensitive|serveralpha=None|synth=ctgan|synth_epochs=50|sensfeat=0|agg=count|fflip=invert|rw=1|foe=state|sdfafoe=fedsa|spdfafoe=fedsa|fedsa_gain=1.75|fedsa_norm=2.0|fg=server_aeod|actfb=0.12|acttemp=0.8|actkeep=1.0|actmetric=aeod_aspd|actdrop=0.005|actrisk=0.1|actviol=0.02|ad2calw=1.0|ad2calb=0.06|ad2calt=0.03|ad2calq=41|ad2clip=5.0|ad2normclip=2.5|ad2accdrop=0.03|ad2calobj=original|ad2normmode=root|ad2uw=3.0|ad2cw=0.2|ad2aw=1.5|ad2plus=fixed|suite=server_generation_ablation|tag=real1_ctgan_synth9
adult:real1_ctgan_synth9,49,a1794cbc28693b9c50de5bcea5aea0395859c2eb9bb8d574b2db3701d06704cb,full|adult|non-IID|GuardFed-AD2+|S-DFA|rounds=70|seed=123|clients=20|malicious=4|epochs=1|batch=256|lr=0.005|opt=adam|root=0.01+0.09|serversamp=stratified_sensitive|serveralpha=None|synth=ctgan|synth_epochs=50|sensfeat=0|agg=count|fflip=invert|rw=1|foe=state|sdfafoe=fedsa|spdfafoe=fedsa|fedsa_gain=1.75|fedsa_norm=2.0|fg=server_aeod|actfb=0.12|acttemp=0.8|actkeep=1.0|actmetric=aeod_aspd|actdrop=0.005|actrisk=0.1|actviol=0.02|ad2calw=1.0|ad2calb=0.06|ad2calt=0.03|ad2calq=41|ad2clip=5.0|ad2normclip=2.5|ad2accdrop=0.03|ad2calobj=original|ad2normmode=root|ad2uw=3.0|ad2cw=0.2|ad2aw=1.5|ad2plus=fixed|suite=server_generation_ablation|tag=real1_ctgan_synth9
adult:real1_ctgan_synth9,50,36761fda0048a1177479ac055ee8513e2cba9df19f89d2c4cb6a9328b447cc80,full|adult|non-IID|GuardFed-AD2+|Sp-DFA|rounds=70|seed=123|clients=20|malicious=4|epochs=1|batch=256|lr=0.005|opt=adam|root=0.01+0.09|serversamp=stratified_sensitive|serveralpha=None|synth=ctgan|synth_epochs=50|sensfeat=0|agg=count|fflip=invert|rw=1|foe=state|sdfafoe=fedsa|spdfafoe=fedsa|fedsa_gain=1.75|fedsa_norm=2.0|fg=server_aeod|actfb=0.12|acttemp=0.8|actkeep=1.0|actmetric=aeod_aspd|actdrop=0.005|actrisk=0.1|actviol=0.02|ad2calw=1.0|ad2calb=0.06|ad2calt=0.03|ad2calq=41|ad2clip=5.0|ad2normclip=2.5|ad2accdrop=0.03|ad2calobj=original|ad2normmode=root|ad2uw=3.0|ad2cw=0.2|ad2aw=1.5|ad2plus=fixed|suite=server_generation_ablation|tag=real1_ctgan_synth9
adult:real1_forest_diffusion_synth9,221,2b4256fd91a7aafe699bd299b8aa5d489f8fb6566697b1d93310997bcab5509e,full|adult|IID|GuardFed-AD2+|Benign|rounds=70|seed=123|clients=20|malicious=4|epochs=1|batch=256|lr=0.005|opt=adam|root=0.01+0.09|serversamp=stratified_sensitive|serveralpha=None|synth=forest_diffusion|synth_epochs=50|sensfeat=0|agg=count|fflip=invert|rw=1|foe=state|sdfafoe=fedsa|spdfafoe=fedsa|fedsa_gain=1.75|fedsa_norm=2.0|fg=server_aeod|actfb=0.12|acttemp=0.8|actkeep=1.0|actmetric=aeod_aspd|actdrop=0.005|actrisk=0.1|actviol=0.02|ad2calw=1.0|ad2calb=0.06|ad2calt=0.03|ad2calq=41|ad2clip=5.0|ad2normclip=2.5|ad2accdrop=0.03|ad2calobj=original|ad2normmode=root|ad2uw=3.0|ad2cw=0.2|ad2aw=1.5|ad2plus=fixed|suite=server_generation_ablation|tag=real1_forest_diffusion_synth9
adult:real1_forest_diffusion_synth9,222,f59045c6262b8ac1a3ea79e009457c1c1d48fe6248a9c2bf86ca4c2b87b27dc5,full|adult|IID|GuardFed-AD2+|F Flip|rounds=70|seed=123|clients=20|malicious=4|epochs=1|batch=256|lr=0.005|opt=adam|root=0.01+0.09|serversamp=stratified_sensitive|serveralpha=None|synth=forest_diffusion|synth_epochs=50|sensfeat=0|agg=count|fflip=invert|rw=1|foe=state|sdfafoe=fedsa|spdfafoe=fedsa|fedsa_gain=1.75|fedsa_norm=2.0|fg=server_aeod|actfb=0.12|acttemp=0.8|actkeep=1.0|actmetric=aeod_aspd|actdrop=0.005|actrisk=0.1|actviol=0.02|ad2calw=1.0|ad2calb=0.06|ad2calt=0.03|ad2calq=41|ad2clip=5.0|ad2normclip=2.5|ad2accdrop=0.03|ad2calobj=original|ad2normmode=root|ad2uw=3.0|ad2cw=0.2|ad2aw=1.5|ad2plus=fixed|suite=server_generation_ablation|tag=real1_forest_diffusion_synth9
adult:real1_forest_diffusion_synth9,223,00fd063d06247997383b7df4cb06daafdb1569a78196ff89ede528ff703742fe,full|adult|IID|GuardFed-AD2+|FedSA|rounds=70|seed=123|clients=20|malicious=4|epochs=1|batch=256|lr=0.005|opt=adam|root=0.01+0.09|serversamp=stratified_sensitive|serveralpha=None|synth=forest_diffusion|synth_epochs=50|sensfeat=0|agg=count|fflip=invert|rw=1|foe=state|sdfafoe=fedsa|spdfafoe=fedsa|fedsa_gain=1.75|fedsa_norm=2.0|fg=server_aeod|actfb=0.12|acttemp=0.8|actkeep=1.0|actmetric=aeod_aspd|actdrop=0.005|actrisk=0.1|actviol=0.02|ad2calw=1.0|ad2calb=0.06|ad2calt=0.03|ad2calq=41|ad2clip=5.0|ad2normclip=2.5|ad2accdrop=0.03|ad2calobj=original|ad2normmode=root|ad2uw=3.0|ad2cw=0.2|ad2aw=1.5|ad2plus=fixed|suite=server_generation_ablation|tag=real1_forest_diffusion_synth9
adult:real1_forest_diffusion_synth9,224,da1a3bc37029a34a31a0231c80962ea7e698c6990eecf3d6e1b9eff95e2330b0,full|adult|IID|GuardFed-AD2+|S-DFA|rounds=70|seed=123|clients=20|malicious=4|epochs=1|batch=256|lr=0.005|opt=adam|root=0.01+0.09|serversamp=stratified_sensitive|serveralpha=None|synth=forest_diffusion|synth_epochs=50|sensfeat=0|agg=count|fflip=invert|rw=1|foe=state|sdfafoe=fedsa|spdfafoe=fedsa|fedsa_gain=1.75|fedsa_norm=2.0|fg=server_aeod|actfb=0.12|acttemp=0.8|actkeep=1.0|actmetric=aeod_aspd|actdrop=0.005|actrisk=0.1|actviol=0.02|ad2calw=1.0|ad2calb=0.06|ad2calt=0.03|ad2calq=41|ad2clip=5.0|ad2normclip=2.5|ad2accdrop=0.03|ad2calobj=original|ad2normmode=root|ad2uw=3.0|ad2cw=0.2|ad2aw=1.5|ad2plus=fixed|suite=server_generation_ablation|tag=real1_forest_diffusion_synth9
adult:real1_forest_diffusion_synth9,225,2bdb06667a40ccdc8c3c4daa27a97da4208973da573d0b6bb722532ca2d5d233,full|adult|IID|GuardFed-AD2+|Sp-DFA|rounds=70|seed=123|clients=20|malicious=4|epochs=1|batch=256|lr=0.005|opt=adam|root=0.01+0.09|serversamp=stratified_sensitive|serveralpha=None|synth=forest_diffusion|synth_epochs=50|sensfeat=0|agg=count|fflip=invert|rw=1|foe=state|sdfafoe=fedsa|spdfafoe=fedsa|fedsa_gain=1.75|fedsa_norm=2.0|fg=server_aeod|actfb=0.12|acttemp=0.8|actkeep=1.0|actmetric=aeod_aspd|actdrop=0.005|actrisk=0.1|actviol=0.02|ad2calw=1.0|ad2calb=0.06|ad2calt=0.03|ad2calq=41|ad2clip=5.0|ad2normclip=2.5|ad2accdrop=0.03|ad2calobj=original|ad2normmode=root|ad2uw=3.0|ad2cw=0.2|ad2aw=1.5|ad2plus=fixed|suite=server_generation_ablation|tag=real1_forest_diffusion_synth9
adult:real1_forest_diffusion_synth9,226,e583769035335d2cd676b6d679a3d5c2d86758f35b42b0897c426ab8511be778,full|adult|non-IID|GuardFed-AD2+|Benign|rounds=70|seed=123|clients=20|malicious=4|epochs=1|batch=256|lr=0.005|opt=adam|root=0.01+0.09|serversamp=stratified_sensitive|serveralpha=None|synth=forest_diffusion|synth_epochs=50|sensfeat=0|agg=count|fflip=invert|rw=1|foe=state|sdfafoe=fedsa|spdfafoe=fedsa|fedsa_gain=1.75|fedsa_norm=2.0|fg=server_aeod|actfb=0.12|acttemp=0.8|actkeep=1.0|actmetric=aeod_aspd|actdrop=0.005|actrisk=0.1|actviol=0.02|ad2calw=1.0|ad2calb=0.06|ad2calt=0.03|ad2calq=41|ad2clip=5.0|ad2normclip=2.5|ad2accdrop=0.03|ad2calobj=original|ad2normmode=root|ad2uw=3.0|ad2cw=0.2|ad2aw=1.5|ad2plus=fixed|suite=server_generation_ablation|tag=real1_forest_diffusion_synth9
adult:real1_forest_diffusion_synth9,227,a0ad29f000ae493f6c86177d9c42e897b18140b07e5feb34d7ed071f0afc4db6,full|adult|non-IID|GuardFed-AD2+|F Flip|rounds=70|seed=123|clients=20|malicious=4|epochs=1|batch=256|lr=0.005|opt=adam|root=0.01+0.09|serversamp=stratified_sensitive|serveralpha=None|synth=forest_diffusion|synth_epochs=50|sensfeat=0|agg=count|fflip=invert|rw=1|foe=state|sdfafoe=fedsa|spdfafoe=fedsa|fedsa_gain=1.75|fedsa_norm=2.0|fg=server_aeod|actfb=0.12|acttemp=0.8|actkeep=1.0|actmetric=aeod_aspd|actdrop=0.005|actrisk=0.1|actviol=0.02|ad2calw=1.0|ad2calb=0.06|ad2calt=0.03|ad2calq=41|ad2clip=5.0|ad2normclip=2.5|ad2accdrop=0.03|ad2calobj=original|ad2normmode=root|ad2uw=3.0|ad2cw=0.2|ad2aw=1.5|ad2plus=fixed|suite=server_generation_ablation|tag=real1_forest_diffusion_synth9
adult:real1_forest_diffusion_synth9,228,68dcff634b2f8af076b8a6798c193f68d1a7e08d76d717319c62a00070e408c5,full|adult|non-IID|GuardFed-AD2+|FedSA|rounds=70|seed=123|clients=20|malicious=4|epochs=1|batch=256|lr=0.005|opt=adam|root=0.01+0.09|serversamp=stratified_sensitive|serveralpha=None|synth=forest_diffusion|synth_epochs=50|sensfeat=0|agg=count|fflip=invert|rw=1|foe=state|sdfafoe=fedsa|spdfafoe=fedsa|fedsa_gain=1.75|fedsa_norm=2.0|fg=server_aeod|actfb=0.12|acttemp=0.8|actkeep=1.0|actmetric=aeod_aspd|actdrop=0.005|actrisk=0.1|actviol=0.02|ad2calw=1.0|ad2calb=0.06|ad2calt=0.03|ad2calq=41|ad2clip=5.0|ad2normclip=2.5|ad2accdrop=0.03|ad2calobj=original|ad2normmode=root|ad2uw=3.0|ad2cw=0.2|ad2aw=1.5|ad2plus=fixed|suite=server_generation_ablation|tag=real1_forest_diffusion_synth9
adult:real1_forest_diffusion_synth9,229,6499520b6b90267cdfe47bbed84f8eb4ca2c2e07f8a4a8ecfbdf14d80883c107,full|adult|non-IID|GuardFed-AD2+|S-DFA|rounds=70|seed=123|clients=20|malicious=4|epochs=1|batch=256|lr=0.005|opt=adam|root=0.01+0.09|serversamp=stratified_sensitive|serveralpha=None|synth=forest_diffusion|synth_epochs=50|sensfeat=0|agg=count|fflip=invert|rw=1|foe=state|sdfafoe=fedsa|spdfafoe=fedsa|fedsa_gain=1.75|fedsa_norm=2.0|fg=server_aeod|actfb=0.12|acttemp=0.8|actkeep=1.0|actmetric=aeod_aspd|actdrop=0.005|actrisk=0.1|actviol=0.02|ad2calw=1.0|ad2calb=0.06|ad2calt=0.03|ad2calq=41|ad2clip=5.0|ad2normclip=2.5|ad2accdrop=0.03|ad2calobj=original|ad2normmode=root|ad2uw=3.0|ad2cw=0.2|ad2aw=1.5|ad2plus=fixed|suite=server_generation_ablation|tag=real1_forest_diffusion_synth9
adult:real1_forest_diffusion_synth9,230,9e01cf2c4782398268b4ee35ed71068d08c310ebacadcaec77d8e6efa4618321,full|adult|non-IID|GuardFed-AD2+|Sp-DFA|rounds=70|seed=123|clients=20|malicious=4|epochs=1|batch=256|lr=0.005|opt=adam|root=0.01+0.09|serversamp=stratified_sensitive|serveralpha=None|synth=forest_diffusion|synth_epochs=50|sensfeat=0|agg=count|fflip=invert|rw=1|foe=state|sdfafoe=fedsa|spdfafoe=fedsa|fedsa_gain=1.75|fedsa_norm=2.0|fg=server_aeod|actfb=0.12|acttemp=0.8|actkeep=1.0|actmetric=aeod_aspd|actdrop=0.005|actrisk=0.1|actviol=0.02|ad2calw=1.0|ad2calb=0.06|ad2calt=0.03|ad2calq=41|ad2clip=5.0|ad2normclip=2.5|ad2accdrop=0.03|ad2calobj=original|ad2normmode=root|ad2uw=3.0|ad2cw=0.2|ad2aw=1.5|ad2plus=fixed|suite=server_generation_ablation|tag=real1_forest_diffusion_synth9
adult:real1_gaussian_copula_synth9,21,57cc2a1d0dc53202d5fe327935902ee22cc0773d0340c21635c0ba358d550560,full|adult|IID|GuardFed-AD2+|Benign|rounds=70|seed=123|clients=20|malicious=4|epochs=1|batch=256|lr=0.005|opt=adam|root=0.01+0.09|serversamp=stratified_sensitive|serveralpha=None|synth=gaussian_copula|synth_epochs=50|sensfeat=0|agg=count|fflip=invert|rw=1|foe=state|sdfafoe=fedsa|spdfafoe=fedsa|fedsa_gain=1.75|fedsa_norm=2.0|fg=server_aeod|actfb=0.12|acttemp=0.8|actkeep=1.0|actmetric=aeod_aspd|actdrop=0.005|actrisk=0.1|actviol=0.02|ad2calw=1.0|ad2calb=0.06|ad2calt=0.03|ad2calq=41|ad2clip=5.0|ad2normclip=2.5|ad2accdrop=0.03|ad2calobj=original|ad2normmode=root|ad2uw=3.0|ad2cw=0.2|ad2aw=1.5|ad2plus=fixed|suite=server_generation_ablation|tag=real1_gaussian_copula_synth9
adult:real1_gaussian_copula_synth9,22,9c26ef499ede88a833bca36afc18c6f7aa095d762575f2d0702dc4a57643c9ec,full|adult|IID|GuardFed-AD2+|F Flip|rounds=70|seed=123|clients=20|malicious=4|epochs=1|batch=256|lr=0.005|opt=adam|root=0.01+0.09|serversamp=stratified_sensitive|serveralpha=None|synth=gaussian_copula|synth_epochs=50|sensfeat=0|agg=count|fflip=invert|rw=1|foe=state|sdfafoe=fedsa|spdfafoe=fedsa|fedsa_gain=1.75|fedsa_norm=2.0|fg=server_aeod|actfb=0.12|acttemp=0.8|actkeep=1.0|actmetric=aeod_aspd|actdrop=0.005|actrisk=0.1|actviol=0.02|ad2calw=1.0|ad2calb=0.06|ad2calt=0.03|ad2calq=41|ad2clip=5.0|ad2normclip=2.5|ad2accdrop=0.03|ad2calobj=original|ad2normmode=root|ad2uw=3.0|ad2cw=0.2|ad2aw=1.5|ad2plus=fixed|suite=server_generation_ablation|tag=real1_gaussian_copula_synth9
adult:real1_gaussian_copula_synth9,23,b8512c9ef18a91350ed637af89e36298738f833f2a60286097e3f34e45d68e08,full|adult|IID|GuardFed-AD2+|FedSA|rounds=70|seed=123|clients=20|malicious=4|epochs=1|batch=256|lr=0.005|opt=adam|root=0.01+0.09|serversamp=stratified_sensitive|serveralpha=None|synth=gaussian_copula|synth_epochs=50|sensfeat=0|agg=count|fflip=invert|rw=1|foe=state|sdfafoe=fedsa|spdfafoe=fedsa|fedsa_gain=1.75|fedsa_norm=2.0|fg=server_aeod|actfb=0.12|acttemp=0.8|actkeep=1.0|actmetric=aeod_aspd|actdrop=0.005|actrisk=0.1|actviol=0.02|ad2calw=1.0|ad2calb=0.06|ad2calt=0.03|ad2calq=41|ad2clip=5.0|ad2normclip=2.5|ad2accdrop=0.03|ad2calobj=original|ad2normmode=root|ad2uw=3.0|ad2cw=0.2|ad2aw=1.5|ad2plus=fixed|suite=server_generation_ablation|tag=real1_gaussian_copula_synth9
adult:real1_gaussian_copula_synth9,24,cd00516dba743b48afed5e7a5a0d1282c9ac0ac440cfb54fbc4369b880d86b19,full|adult|IID|GuardFed-AD2+|S-DFA|rounds=70|seed=123|clients=20|malicious=4|epochs=1|batch=256|lr=0.005|opt=adam|root=0.01+0.09|serversamp=stratified_sensitive|serveralpha=None|synth=gaussian_copula|synth_epochs=50|sensfeat=0|agg=count|fflip=invert|rw=1|foe=state|sdfafoe=fedsa|spdfafoe=fedsa|fedsa_gain=1.75|fedsa_norm=2.0|fg=server_aeod|actfb=0.12|acttemp=0.8|actkeep=1.0|actmetric=aeod_aspd|actdrop=0.005|actrisk=0.1|actviol=0.02|ad2calw=1.0|ad2calb=0.06|ad2calt=0.03|ad2calq=41|ad2clip=5.0|ad2normclip=2.5|ad2accdrop=0.03|ad2calobj=original|ad2normmode=root|ad2uw=3.0|ad2cw=0.2|ad2aw=1.5|ad2plus=fixed|suite=server_generation_ablation|tag=real1_gaussian_copula_synth9
adult:real1_gaussian_copula_synth9,25,104d44d02003286cdfec2864aaca21863488625bdae65d548296225fabbf4475,full|adult|IID|GuardFed-AD2+|Sp-DFA|rounds=70|seed=123|clients=20|malicious=4|epochs=1|batch=256|lr=0.005|opt=adam|root=0.01+0.09|serversamp=stratified_sensitive|serveralpha=None|synth=gaussian_copula|synth_epochs=50|sensfeat=0|agg=count|fflip=invert|rw=1|foe=state|sdfafoe=fedsa|spdfafoe=fedsa|fedsa_gain=1.75|fedsa_norm=2.0|fg=server_aeod|actfb=0.12|acttemp=0.8|actkeep=1.0|actmetric=aeod_aspd|actdrop=0.005|actrisk=0.1|actviol=0.02|ad2calw=1.0|ad2calb=0.06|ad2calt=0.03|ad2calq=41|ad2clip=5.0|ad2normclip=2.5|ad2accdrop=0.03|ad2calobj=original|ad2normmode=root|ad2uw=3.0|ad2cw=0.2|ad2aw=1.5|ad2plus=fixed|suite=server_generation_ablation|tag=real1_gaussian_copula_synth9
adult:real1_gaussian_copula_synth9,26,14f23df7fadcce431217bc17363339143af164b46875fe911d9ebeef350913e2,full|adult|non-IID|GuardFed-AD2+|Benign|rounds=70|seed=123|clients=20|malicious=4|epochs=1|batch=256|lr=0.005|opt=adam|root=0.01+0.09|serversamp=stratified_sensitive|serveralpha=None|synth=gaussian_copula|synth_epochs=50|sensfeat=0|agg=count|fflip=invert|rw=1|foe=state|sdfafoe=fedsa|spdfafoe=fedsa|fedsa_gain=1.75|fedsa_norm=2.0|fg=server_aeod|actfb=0.12|acttemp=0.8|actkeep=1.0|actmetric=aeod_aspd|actdrop=0.005|actrisk=0.1|actviol=0.02|ad2calw=1.0|ad2calb=0.06|ad2calt=0.03|ad2calq=41|ad2clip=5.0|ad2normclip=2.5|ad2accdrop=0.03|ad2calobj=original|ad2normmode=root|ad2uw=3.0|ad2cw=0.2|ad2aw=1.5|ad2plus=fixed|suite=server_generation_ablation|tag=real1_gaussian_copula_synth9
adult:real1_gaussian_copula_synth9,27,61fecdb60c9fdb99baa4a2b58c7fc28196ddfe1a587533935933489e0742d83f,full|adult|non-IID|GuardFed-AD2+|F Flip|rounds=70|seed=123|clients=20|malicious=4|epochs=1|batch=256|lr=0.005|opt=adam|root=0.01+0.09|serversamp=stratified_sensitive|serveralpha=None|synth=gaussian_copula|synth_epochs=50|sensfeat=0|agg=count|fflip=invert|rw=1|foe=state|sdfafoe=fedsa|spdfafoe=fedsa|fedsa_gain=1.75|fedsa_norm=2.0|fg=server_aeod|actfb=0.12|acttemp=0.8|actkeep=1.0|actmetric=aeod_aspd|actdrop=0.005|actrisk=0.1|actviol=0.02|ad2calw=1.0|ad2calb=0.06|ad2calt=0.03|ad2calq=41|ad2clip=5.0|ad2normclip=2.5|ad2accdrop=0.03|ad2calobj=original|ad2normmode=root|ad2uw=3.0|ad2cw=0.2|ad2aw=1.5|ad2plus=fixed|suite=server_generation_ablation|tag=real1_gaussian_copula_synth9
adult:real1_gaussian_copula_synth9,28,5f151d7f8db213dc28e3e4ca199a3164d37c980029138ea134c597f57e94f9b2,full|adult|non-IID|GuardFed-AD2+|FedSA|rounds=70|seed=123|clients=20|malicious=4|epochs=1|batch=256|lr=0.005|opt=adam|root=0.01+0.09|serversamp=stratified_sensitive|serveralpha=None|synth=gaussian_copula|synth_epochs=50|sensfeat=0|agg=count|fflip=invert|rw=1|foe=state|sdfafoe=fedsa|spdfafoe=fedsa|fedsa_gain=1.75|fedsa_norm=2.0|fg=server_aeod|actfb=0.12|acttemp=0.8|actkeep=1.0|actmetric=aeod_aspd|actdrop=0.005|actrisk=0.1|actviol=0.02|ad2calw=1.0|ad2calb=0.06|ad2calt=0.03|ad2calq=41|ad2clip=5.0|ad2normclip=2.5|ad2accdrop=0.03|ad2calobj=original|ad2normmode=root|ad2uw=3.0|ad2cw=0.2|ad2aw=1.5|ad2plus=fixed|suite=server_generation_ablation|tag=real1_gaussian_copula_synth9
adult:real1_gaussian_copula_synth9,29,77f1ef2fce0565d6a29287efbafc55097a0de2ad23b3054dedf9a5b6ae6dab0a,full|adult|non-IID|GuardFed-AD2+|S-DFA|rounds=70|seed=123|clients=20|malicious=4|epochs=1|batch=256|lr=0.005|opt=adam|root=0.01+0.09|serversamp=stratified_sensitive|serveralpha=None|synth=gaussian_copula|synth_epochs=50|sensfeat=0|agg=count|fflip=invert|rw=1|foe=state|sdfafoe=fedsa|spdfafoe=fedsa|fedsa_gain=1.75|fedsa_norm=2.0|fg=server_aeod|actfb=0.12|acttemp=0.8|actkeep=1.0|actmetric=aeod_aspd|actdrop=0.005|actrisk=0.1|actviol=0.02|ad2calw=1.0|ad2calb=0.06|ad2calt=0.03|ad2calq=41|ad2clip=5.0|ad2normclip=2.5|ad2accdrop=0.03|ad2calobj=original|ad2normmode=root|ad2uw=3.0|ad2cw=0.2|ad2aw=1.5|ad2plus=fixed|suite=server_generation_ablation|tag=real1_gaussian_copula_synth9
adult:real1_gaussian_copula_synth9,30,e3842234432deeeea407648aa4d298fac4594e333bc309bb7892bc1d0ab2f990,full|adult|non-IID|GuardFed-AD2+|Sp-DFA|rounds=70|seed=123|clients=20|malicious=4|epochs=1|batch=256|lr=0.005|opt=adam|root=0.01+0.09|serversamp=stratified_sensitive|serveralpha=None|synth=gaussian_copula|synth_epochs=50|sensfeat=0|agg=count|fflip=invert|rw=1|foe=state|sdfafoe=fedsa|spdfafoe=fedsa|fedsa_gain=1.75|fedsa_norm=2.0|fg=server_aeod|actfb=0.12|acttemp=0.8|actkeep=1.0|actmetric=aeod_aspd|actdrop=0.005|actrisk=0.1|actviol=0.02|ad2calw=1.0|ad2calb=0.06|ad2calt=0.03|ad2calq=41|ad2clip=5.0|ad2normclip=2.5|ad2accdrop=0.03|ad2calobj=original|ad2normmode=root|ad2uw=3.0|ad2cw=0.2|ad2aw=1.5|ad2plus=fixed|suite=server_generation_ablation|tag=real1_gaussian_copula_synth9
adult:real1_pca_gaussian_synth9,101,8a6ce8f0321a1c12c206dc354402713783ade6a8321694d393c6e7282b2a2ef1,full|adult|IID|GuardFed-AD2+|Benign|rounds=70|seed=123|clients=20|malicious=4|epochs=1|batch=256|lr=0.005|opt=adam|root=0.01+0.09|serversamp=stratified_sensitive|serveralpha=None|synth=pca_gaussian|synth_epochs=50|sensfeat=0|agg=count|fflip=invert|rw=1|foe=state|sdfafoe=fedsa|spdfafoe=fedsa|fedsa_gain=1.75|fedsa_norm=2.0|fg=server_aeod|actfb=0.12|acttemp=0.8|actkeep=1.0|actmetric=aeod_aspd|actdrop=0.005|actrisk=0.1|actviol=0.02|ad2calw=1.0|ad2calb=0.06|ad2calt=0.03|ad2calq=41|ad2clip=5.0|ad2normclip=2.5|ad2accdrop=0.03|ad2calobj=original|ad2normmode=root|ad2uw=3.0|ad2cw=0.2|ad2aw=1.5|ad2plus=fixed|suite=server_generation_ablation|tag=real1_pca_gaussian_synth9
adult:real1_pca_gaussian_synth9,102,1131d263b5d3aff154d19036515cf530b55a733d6d325217f83c58f1db59665c,full|adult|IID|GuardFed-AD2+|F Flip|rounds=70|seed=123|clients=20|malicious=4|epochs=1|batch=256|lr=0.005|opt=adam|root=0.01+0.09|serversamp=stratified_sensitive|serveralpha=None|synth=pca_gaussian|synth_epochs=50|sensfeat=0|agg=count|fflip=invert|rw=1|foe=state|sdfafoe=fedsa|spdfafoe=fedsa|fedsa_gain=1.75|fedsa_norm=2.0|fg=server_aeod|actfb=0.12|acttemp=0.8|actkeep=1.0|actmetric=aeod_aspd|actdrop=0.005|actrisk=0.1|actviol=0.02|ad2calw=1.0|ad2calb=0.06|ad2calt=0.03|ad2calq=41|ad2clip=5.0|ad2normclip=2.5|ad2accdrop=0.03|ad2calobj=original|ad2normmode=root|ad2uw=3.0|ad2cw=0.2|ad2aw=1.5|ad2plus=fixed|suite=server_generation_ablation|tag=real1_pca_gaussian_synth9
adult:real1_pca_gaussian_synth9,103,b2cf748ecce76355286bd99eceeed32ae27b3f81b7f764f3274600efe8ffaad4,full|adult|IID|GuardFed-AD2+|FedSA|rounds=70|seed=123|clients=20|malicious=4|epochs=1|batch=256|lr=0.005|opt=adam|root=0.01+0.09|serversamp=stratified_sensitive|serveralpha=None|synth=pca_gaussian|synth_epochs=50|sensfeat=0|agg=count|fflip=invert|rw=1|foe=state|sdfafoe=fedsa|spdfafoe=fedsa|fedsa_gain=1.75|fedsa_norm=2.0|fg=server_aeod|actfb=0.12|acttemp=0.8|actkeep=1.0|actmetric=aeod_aspd|actdrop=0.005|actrisk=0.1|actviol=0.02|ad2calw=1.0|ad2calb=0.06|ad2calt=0.03|ad2calq=41|ad2clip=5.0|ad2normclip=2.5|ad2accdrop=0.03|ad2calobj=original|ad2normmode=root|ad2uw=3.0|ad2cw=0.2|ad2aw=1.5|ad2plus=fixed|suite=server_generation_ablation|tag=real1_pca_gaussian_synth9
adult:real1_pca_gaussian_synth9,104,ff5e2af8113aa4aa8c1b1982ca6bc40a7f78a07ef4ff3be0d8cf033db38b52e6,full|adult|IID|GuardFed-AD2+|S-DFA|rounds=70|seed=123|clients=20|malicious=4|epochs=1|batch=256|lr=0.005|opt=adam|root=0.01+0.09|serversamp=stratified_sensitive|serveralpha=None|synth=pca_gaussian|synth_epochs=50|sensfeat=0|agg=count|fflip=invert|rw=1|foe=state|sdfafoe=fedsa|spdfafoe=fedsa|fedsa_gain=1.75|fedsa_norm=2.0|fg=server_aeod|actfb=0.12|acttemp=0.8|actkeep=1.0|actmetric=aeod_aspd|actdrop=0.005|actrisk=0.1|actviol=0.02|ad2calw=1.0|ad2calb=0.06|ad2calt=0.03|ad2calq=41|ad2clip=5.0|ad2normclip=2.5|ad2accdrop=0.03|ad2calobj=original|ad2normmode=root|ad2uw=3.0|ad2cw=0.2|ad2aw=1.5|ad2plus=fixed|suite=server_generation_ablation|tag=real1_pca_gaussian_synth9
adult:real1_pca_gaussian_synth9,105,0b3ee9b200c42e31d351a5156ac09703f9f1adf477e35d5a539ec62802b08e5e,full|adult|IID|GuardFed-AD2+|Sp-DFA|rounds=70|seed=123|clients=20|malicious=4|epochs=1|batch=256|lr=0.005|opt=adam|root=0.01+0.09|serversamp=stratified_sensitive|serveralpha=None|synth=pca_gaussian|synth_epochs=50|sensfeat=0|agg=count|fflip=invert|rw=1|foe=state|sdfafoe=fedsa|spdfafoe=fedsa|fedsa_gain=1.75|fedsa_norm=2.0|fg=server_aeod|actfb=0.12|acttemp=0.8|actkeep=1.0|actmetric=aeod_aspd|actdrop=0.005|actrisk=0.1|actviol=0.02|ad2calw=1.0|ad2calb=0.06|ad2calt=0.03|ad2calq=41|ad2clip=5.0|ad2normclip=2.5|ad2accdrop=0.03|ad2calobj=original|ad2normmode=root|ad2uw=3.0|ad2cw=0.2|ad2aw=1.5|ad2plus=fixed|suite=server_generation_ablation|tag=real1_pca_gaussian_synth9
adult:real1_pca_gaussian_synth9,106,003b1fa2f90ad576339aa1b3c2bedc09a1e503a53b149bf548b6af3c6de7f793,full|adult|non-IID|GuardFed-AD2+|Benign|rounds=70|seed=123|clients=20|malicious=4|epochs=1|batch=256|lr=0.005|opt=adam|root=0.01+0.09|serversamp=stratified_sensitive|serveralpha=None|synth=pca_gaussian|synth_epochs=50|sensfeat=0|agg=count|fflip=invert|rw=1|foe=state|sdfafoe=fedsa|spdfafoe=fedsa|fedsa_gain=1.75|fedsa_norm=2.0|fg=server_aeod|actfb=0.12|acttemp=0.8|actkeep=1.0|actmetric=aeod_aspd|actdrop=0.005|actrisk=0.1|actviol=0.02|ad2calw=1.0|ad2calb=0.06|ad2calt=0.03|ad2calq=41|ad2clip=5.0|ad2normclip=2.5|ad2accdrop=0.03|ad2calobj=original|ad2normmode=root|ad2uw=3.0|ad2cw=0.2|ad2aw=1.5|ad2plus=fixed|suite=server_generation_ablation|tag=real1_pca_gaussian_synth9
adult:real1_pca_gaussian_synth9,107,2fdf1f9433456e01e79cf48be9c3764f12a37ba19761fa88e2cd2842f62265bb,full|adult|non-IID|GuardFed-AD2+|F Flip|rounds=70|seed=123|clients=20|malicious=4|epochs=1|batch=256|lr=0.005|opt=adam|root=0.01+0.09|serversamp=stratified_sensitive|serveralpha=None|synth=pca_gaussian|synth_epochs=50|sensfeat=0|agg=count|fflip=invert|rw=1|foe=state|sdfafoe=fedsa|spdfafoe=fedsa|fedsa_gain=1.75|fedsa_norm=2.0|fg=server_aeod|actfb=0.12|acttemp=0.8|actkeep=1.0|actmetric=aeod_aspd|actdrop=0.005|actrisk=0.1|actviol=0.02|ad2calw=1.0|ad2calb=0.06|ad2calt=0.03|ad2calq=41|ad2clip=5.0|ad2normclip=2.5|ad2accdrop=0.03|ad2calobj=original|ad2normmode=root|ad2uw=3.0|ad2cw=0.2|ad2aw=1.5|ad2plus=fixed|suite=server_generation_ablation|tag=real1_pca_gaussian_synth9
adult:real1_pca_gaussian_synth9,108,5089593918e45b0ff5370a3b170ea264ffc4b487260ff7f323a244e69224023e,full|adult|non-IID|GuardFed-AD2+|FedSA|rounds=70|seed=123|clients=20|malicious=4|epochs=1|batch=256|lr=0.005|opt=adam|root=0.01+0.09|serversamp=stratified_sensitive|serveralpha=None|synth=pca_gaussian|synth_epochs=50|sensfeat=0|agg=count|fflip=invert|rw=1|foe=state|sdfafoe=fedsa|spdfafoe=fedsa|fedsa_gain=1.75|fedsa_norm=2.0|fg=server_aeod|actfb=0.12|acttemp=0.8|actkeep=1.0|actmetric=aeod_aspd|actdrop=0.005|actrisk=0.1|actviol=0.02|ad2calw=1.0|ad2calb=0.06|ad2calt=0.03|ad2calq=41|ad2clip=5.0|ad2normclip=2.5|ad2accdrop=0.03|ad2calobj=original|ad2normmode=root|ad2uw=3.0|ad2cw=0.2|ad2aw=1.5|ad2plus=fixed|suite=server_generation_ablation|tag=real1_pca_gaussian_synth9
adult:real1_pca_gaussian_synth9,109,5ac31722d25bc57dafcab8986577033d09511f599ea27fdc6050b499d7bb6b6c,full|adult|non-IID|GuardFed-AD2+|S-DFA|rounds=70|seed=123|clients=20|malicious=4|epochs=1|batch=256|lr=0.005|opt=adam|root=0.01+0.09|serversamp=stratified_sensitive|serveralpha=None|synth=pca_gaussian|synth_epochs=50|sensfeat=0|agg=count|fflip=invert|rw=1|foe=state|sdfafoe=fedsa|spdfafoe=fedsa|fedsa_gain=1.75|fedsa_norm=2.0|fg=server_aeod|actfb=0.12|acttemp=0.8|actkeep=1.0|actmetric=aeod_aspd|actdrop=0.005|actrisk=0.1|actviol=0.02|ad2calw=1.0|ad2calb=0.06|ad2calt=0.03|ad2calq=41|ad2clip=5.0|ad2normclip=2.5|ad2accdrop=0.03|ad2calobj=original|ad2normmode=root|ad2uw=3.0|ad2cw=0.2|ad2aw=1.5|ad2plus=fixed|suite=server_generation_ablation|tag=real1_pca_gaussian_synth9
adult:real1_pca_gaussian_synth9,110,256f33bc70f1f993beef3de59f4b8c1ce94b088a5123052686b848e10ca7b195,full|adult|non-IID|GuardFed-AD2+|Sp-DFA|rounds=70|seed=123|clients=20|malicious=4|epochs=1|batch=256|lr=0.005|opt=adam|root=0.01+0.09|serversamp=stratified_sensitive|serveralpha=None|synth=pca_gaussian|synth_epochs=50|sensfeat=0|agg=count|fflip=invert|rw=1|foe=state|sdfafoe=fedsa|spdfafoe=fedsa|fedsa_gain=1.75|fedsa_norm=2.0|fg=server_aeod|actfb=0.12|acttemp=0.8|actkeep=1.0|actmetric=aeod_aspd|actdrop=0.005|actrisk=0.1|actviol=0.02|ad2calw=1.0|ad2calb=0.06|ad2calt=0.03|ad2calq=41|ad2clip=5.0|ad2normclip=2.5|ad2accdrop=0.03|ad2calobj=original|ad2normmode=root|ad2uw=3.0|ad2cw=0.2|ad2aw=1.5|ad2plus=fixed|suite=server_generation_ablation|tag=real1_pca_gaussian_synth9
adult:real1_smote_synth9,81,046cb6c3112681f5a6cc31a7d4046e07f69adbadd8995a3141f99029e9c344d0,full|adult|IID|GuardFed-AD2+|Benign|rounds=70|seed=123|clients=20|malicious=4|epochs=1|batch=256|lr=0.005|opt=adam|root=0.01+0.09|serversamp=stratified_sensitive|serveralpha=None|synth=smote|synth_epochs=50|sensfeat=0|agg=count|fflip=invert|rw=1|foe=state|sdfafoe=fedsa|spdfafoe=fedsa|fedsa_gain=1.75|fedsa_norm=2.0|fg=server_aeod|actfb=0.12|acttemp=0.8|actkeep=1.0|actmetric=aeod_aspd|actdrop=0.005|actrisk=0.1|actviol=0.02|ad2calw=1.0|ad2calb=0.06|ad2calt=0.03|ad2calq=41|ad2clip=5.0|ad2normclip=2.5|ad2accdrop=0.03|ad2calobj=original|ad2normmode=root|ad2uw=3.0|ad2cw=0.2|ad2aw=1.5|ad2plus=fixed|suite=server_generation_ablation|tag=real1_smote_synth9
adult:real1_smote_synth9,82,3a25716fbfa2f9d53a4384c3d53a403260685f53b4354bb19a973bce2c515809,full|adult|IID|GuardFed-AD2+|F Flip|rounds=70|seed=123|clients=20|malicious=4|epochs=1|batch=256|lr=0.005|opt=adam|root=0.01+0.09|serversamp=stratified_sensitive|serveralpha=None|synth=smote|synth_epochs=50|sensfeat=0|agg=count|fflip=invert|rw=1|foe=state|sdfafoe=fedsa|spdfafoe=fedsa|fedsa_gain=1.75|fedsa_norm=2.0|fg=server_aeod|actfb=0.12|acttemp=0.8|actkeep=1.0|actmetric=aeod_aspd|actdrop=0.005|actrisk=0.1|actviol=0.02|ad2calw=1.0|ad2calb=0.06|ad2calt=0.03|ad2calq=41|ad2clip=5.0|ad2normclip=2.5|ad2accdrop=0.03|ad2calobj=original|ad2normmode=root|ad2uw=3.0|ad2cw=0.2|ad2aw=1.5|ad2plus=fixed|suite=server_generation_ablation|tag=real1_smote_synth9
adult:real1_smote_synth9,83,c090d4a2f6dd3d04c7e998858d1611e3dbc220d00b69b028538ecba52d334746,full|adult|IID|GuardFed-AD2+|FedSA|rounds=70|seed=123|clients=20|malicious=4|epochs=1|batch=256|lr=0.005|opt=adam|root=0.01+0.09|serversamp=stratified_sensitive|serveralpha=None|synth=smote|synth_epochs=50|sensfeat=0|agg=count|fflip=invert|rw=1|foe=state|sdfafoe=fedsa|spdfafoe=fedsa|fedsa_gain=1.75|fedsa_norm=2.0|fg=server_aeod|actfb=0.12|acttemp=0.8|actkeep=1.0|actmetric=aeod_aspd|actdrop=0.005|actrisk=0.1|actviol=0.02|ad2calw=1.0|ad2calb=0.06|ad2calt=0.03|ad2calq=41|ad2clip=5.0|ad2normclip=2.5|ad2accdrop=0.03|ad2calobj=original|ad2normmode=root|ad2uw=3.0|ad2cw=0.2|ad2aw=1.5|ad2plus=fixed|suite=server_generation_ablation|tag=real1_smote_synth9
adult:real1_smote_synth9,84,b565dd0660a734645bbd9149fdb990bce587791af80644d1885699a9e8fa2eec,full|adult|IID|GuardFed-AD2+|S-DFA|rounds=70|seed=123|clients=20|malicious=4|epochs=1|batch=256|lr=0.005|opt=adam|root=0.01+0.09|serversamp=stratified_sensitive|serveralpha=None|synth=smote|synth_epochs=50|sensfeat=0|agg=count|fflip=invert|rw=1|foe=state|sdfafoe=fedsa|spdfafoe=fedsa|fedsa_gain=1.75|fedsa_norm=2.0|fg=server_aeod|actfb=0.12|acttemp=0.8|actkeep=1.0|actmetric=aeod_aspd|actdrop=0.005|actrisk=0.1|actviol=0.02|ad2calw=1.0|ad2calb=0.06|ad2calt=0.03|ad2calq=41|ad2clip=5.0|ad2normclip=2.5|ad2accdrop=0.03|ad2calobj=original|ad2normmode=root|ad2uw=3.0|ad2cw=0.2|ad2aw=1.5|ad2plus=fixed|suite=server_generation_ablation|tag=real1_smote_synth9
adult:real1_smote_synth9,85,a4bd5efcf6394fbdd17b6eeb9881ab96292f450d01d42818e5ca0e886a5bdcad,full|adult|IID|GuardFed-AD2+|Sp-DFA|rounds=70|seed=123|clients=20|malicious=4|epochs=1|batch=256|lr=0.005|opt=adam|root=0.01+0.09|serversamp=stratified_sensitive|serveralpha=None|synth=smote|synth_epochs=50|sensfeat=0|agg=count|fflip=invert|rw=1|foe=state|sdfafoe=fedsa|spdfafoe=fedsa|fedsa_gain=1.75|fedsa_norm=2.0|fg=server_aeod|actfb=0.12|acttemp=0.8|actkeep=1.0|actmetric=aeod_aspd|actdrop=0.005|actrisk=0.1|actviol=0.02|ad2calw=1.0|ad2calb=0.06|ad2calt=0.03|ad2calq=41|ad2clip=5.0|ad2normclip=2.5|ad2accdrop=0.03|ad2calobj=original|ad2normmode=root|ad2uw=3.0|ad2cw=0.2|ad2aw=1.5|ad2plus=fixed|suite=server_generation_ablation|tag=real1_smote_synth9
adult:real1_smote_synth9,86,739e3d6f6352bd40e0817f4ca06788a2a107f373eb762663ff56e72ea9c08781,full|adult|non-IID|GuardFed-AD2+|Benign|rounds=70|seed=123|clients=20|malicious=4|epochs=1|batch=256|lr=0.005|opt=adam|root=0.01+0.09|serversamp=stratified_sensitive|serveralpha=None|synth=smote|synth_epochs=50|sensfeat=0|agg=count|fflip=invert|rw=1|foe=state|sdfafoe=fedsa|spdfafoe=fedsa|fedsa_gain=1.75|fedsa_norm=2.0|fg=server_aeod|actfb=0.12|acttemp=0.8|actkeep=1.0|actmetric=aeod_aspd|actdrop=0.005|actrisk=0.1|actviol=0.02|ad2calw=1.0|ad2calb=0.06|ad2calt=0.03|ad2calq=41|ad2clip=5.0|ad2normclip=2.5|ad2accdrop=0.03|ad2calobj=original|ad2normmode=root|ad2uw=3.0|ad2cw=0.2|ad2aw=1.5|ad2plus=fixed|suite=server_generation_ablation|tag=real1_smote_synth9
adult:real1_smote_synth9,87,69846b182903367b56e591da059c4b4f561bf5f5ee1fb8e02ff69665a950f163,full|adult|non-IID|GuardFed-AD2+|F Flip|rounds=70|seed=123|clients=20|malicious=4|epochs=1|batch=256|lr=0.005|opt=adam|root=0.01+0.09|serversamp=stratified_sensitive|serveralpha=None|synth=smote|synth_epochs=50|sensfeat=0|agg=count|fflip=invert|rw=1|foe=state|sdfafoe=fedsa|spdfafoe=fedsa|fedsa_gain=1.75|fedsa_norm=2.0|fg=server_aeod|actfb=0.12|acttemp=0.8|actkeep=1.0|actmetric=aeod_aspd|actdrop=0.005|actrisk=0.1|actviol=0.02|ad2calw=1.0|ad2calb=0.06|ad2calt=0.03|ad2calq=41|ad2clip=5.0|ad2normclip=2.5|ad2accdrop=0.03|ad2calobj=original|ad2normmode=root|ad2uw=3.0|ad2cw=0.2|ad2aw=1.5|ad2plus=fixed|suite=server_generation_ablation|tag=real1_smote_synth9
adult:real1_smote_synth9,88,3bbd4def223d9f5c920030f38e7f8d48e46e05bf5511753e0e3b126ec5cd2de4,full|adult|non-IID|GuardFed-AD2+|FedSA|rounds=70|seed=123|clients=20|malicious=4|epochs=1|batch=256|lr=0.005|opt=adam|root=0.01+0.09|serversamp=stratified_sensitive|serveralpha=None|synth=smote|synth_epochs=50|sensfeat=0|agg=count|fflip=invert|rw=1|foe=state|sdfafoe=fedsa|spdfafoe=fedsa|fedsa_gain=1.75|fedsa_norm=2.0|fg=server_aeod|actfb=0.12|acttemp=0.8|actkeep=1.0|actmetric=aeod_aspd|actdrop=0.005|actrisk=0.1|actviol=0.02|ad2calw=1.0|ad2calb=0.06|ad2calt=0.03|ad2calq=41|ad2clip=5.0|ad2normclip=2.5|ad2accdrop=0.03|ad2calobj=original|ad2normmode=root|ad2uw=3.0|ad2cw=0.2|ad2aw=1.5|ad2plus=fixed|suite=server_generation_ablation|tag=real1_smote_synth9
adult:real1_smote_synth9,89,bdd41efc02e3bb2841ffd517a86ee16156b91a689f961dd0afa2a8b8a20bc394,full|adult|non-IID|GuardFed-AD2+|S-DFA|rounds=70|seed=123|clients=20|malicious=4|epochs=1|batch=256|lr=0.005|opt=adam|root=0.01+0.09|serversamp=stratified_sensitive|serveralpha=None|synth=smote|synth_epochs=50|sensfeat=0|agg=count|fflip=invert|rw=1|foe=state|sdfafoe=fedsa|spdfafoe=fedsa|fedsa_gain=1.75|fedsa_norm=2.0|fg=server_aeod|actfb=0.12|acttemp=0.8|actkeep=1.0|actmetric=aeod_aspd|actdrop=0.005|actrisk=0.1|actviol=0.02|ad2calw=1.0|ad2calb=0.06|ad2calt=0.03|ad2calq=41|ad2clip=5.0|ad2normclip=2.5|ad2accdrop=0.03|ad2calobj=original|ad2normmode=root|ad2uw=3.0|ad2cw=0.2|ad2aw=1.5|ad2plus=fixed|suite=server_generation_ablation|tag=real1_smote_synth9
adult:real1_smote_synth9,90,68d65bb0873f3a4e65331fe433525bd4eec9a436ac977e6608b70a2ee8d1bb71,full|adult|non-IID|GuardFed-AD2+|Sp-DFA|rounds=70|seed=123|clients=20|malicious=4|epochs=1|batch=256|lr=0.005|opt=adam|root=0.01+0.09|serversamp=stratified_sensitive|serveralpha=None|synth=smote|synth_epochs=50|sensfeat=0|agg=count|fflip=invert|rw=1|foe=state|sdfafoe=fedsa|spdfafoe=fedsa|fedsa_gain=1.75|fedsa_norm=2.0|fg=server_aeod|actfb=0.12|acttemp=0.8|actkeep=1.0|actmetric=aeod_aspd|actdrop=0.005|actrisk=0.1|actviol=0.02|ad2calw=1.0|ad2calb=0.06|ad2calt=0.03|ad2calq=41|ad2clip=5.0|ad2normclip=2.5|ad2accdrop=0.03|ad2calobj=original|ad2normmode=root|ad2uw=3.0|ad2cw=0.2|ad2aw=1.5|ad2plus=fixed|suite=server_generation_ablation|tag=real1_smote_synth9
adult:real1_tvae_synth9,61,dd0dd20099b3b0c555e64fa27129c2379e1eb59f25da55fc8a7d354be84f8a9f,full|adult|IID|GuardFed-AD2+|Benign|rounds=70|seed=123|clients=20|malicious=4|epochs=1|batch=256|lr=0.005|opt=adam|root=0.01+0.09|serversamp=stratified_sensitive|serveralpha=None|synth=tvae|synth_epochs=50|sensfeat=0|agg=count|fflip=invert|rw=1|foe=state|sdfafoe=fedsa|spdfafoe=fedsa|fedsa_gain=1.75|fedsa_norm=2.0|fg=server_aeod|actfb=0.12|acttemp=0.8|actkeep=1.0|actmetric=aeod_aspd|actdrop=0.005|actrisk=0.1|actviol=0.02|ad2calw=1.0|ad2calb=0.06|ad2calt=0.03|ad2calq=41|ad2clip=5.0|ad2normclip=2.5|ad2accdrop=0.03|ad2calobj=original|ad2normmode=root|ad2uw=3.0|ad2cw=0.2|ad2aw=1.5|ad2plus=fixed|suite=server_generation_ablation|tag=real1_tvae_synth9
adult:real1_tvae_synth9,62,f95541c0e6d749218e343d820d3621c5393abecec6cf63e0d19f7940d79c1ee7,full|adult|IID|GuardFed-AD2+|F Flip|rounds=70|seed=123|clients=20|malicious=4|epochs=1|batch=256|lr=0.005|opt=adam|root=0.01+0.09|serversamp=stratified_sensitive|serveralpha=None|synth=tvae|synth_epochs=50|sensfeat=0|agg=count|fflip=invert|rw=1|foe=state|sdfafoe=fedsa|spdfafoe=fedsa|fedsa_gain=1.75|fedsa_norm=2.0|fg=server_aeod|actfb=0.12|acttemp=0.8|actkeep=1.0|actmetric=aeod_aspd|actdrop=0.005|actrisk=0.1|actviol=0.02|ad2calw=1.0|ad2calb=0.06|ad2calt=0.03|ad2calq=41|ad2clip=5.0|ad2normclip=2.5|ad2accdrop=0.03|ad2calobj=original|ad2normmode=root|ad2uw=3.0|ad2cw=0.2|ad2aw=1.5|ad2plus=fixed|suite=server_generation_ablation|tag=real1_tvae_synth9
adult:real1_tvae_synth9,63,5425fd72872da2f33659836a991f91f76fa26e6318d93852247f8a5e91db68e5,full|adult|IID|GuardFed-AD2+|FedSA|rounds=70|seed=123|clients=20|malicious=4|epochs=1|batch=256|lr=0.005|opt=adam|root=0.01+0.09|serversamp=stratified_sensitive|serveralpha=None|synth=tvae|synth_epochs=50|sensfeat=0|agg=count|fflip=invert|rw=1|foe=state|sdfafoe=fedsa|spdfafoe=fedsa|fedsa_gain=1.75|fedsa_norm=2.0|fg=server_aeod|actfb=0.12|acttemp=0.8|actkeep=1.0|actmetric=aeod_aspd|actdrop=0.005|actrisk=0.1|actviol=0.02|ad2calw=1.0|ad2calb=0.06|ad2calt=0.03|ad2calq=41|ad2clip=5.0|ad2normclip=2.5|ad2accdrop=0.03|ad2calobj=original|ad2normmode=root|ad2uw=3.0|ad2cw=0.2|ad2aw=1.5|ad2plus=fixed|suite=server_generation_ablation|tag=real1_tvae_synth9
adult:real1_tvae_synth9,64,8e8a57857acb1c95bb0631680f1b581e3a8a49ef8651a861c7b1cd9c1e38e055,full|adult|IID|GuardFed-AD2+|S-DFA|rounds=70|seed=123|clients=20|malicious=4|epochs=1|batch=256|lr=0.005|opt=adam|root=0.01+0.09|serversamp=stratified_sensitive|serveralpha=None|synth=tvae|synth_epochs=50|sensfeat=0|agg=count|fflip=invert|rw=1|foe=state|sdfafoe=fedsa|spdfafoe=fedsa|fedsa_gain=1.75|fedsa_norm=2.0|fg=server_aeod|actfb=0.12|acttemp=0.8|actkeep=1.0|actmetric=aeod_aspd|actdrop=0.005|actrisk=0.1|actviol=0.02|ad2calw=1.0|ad2calb=0.06|ad2calt=0.03|ad2calq=41|ad2clip=5.0|ad2normclip=2.5|ad2accdrop=0.03|ad2calobj=original|ad2normmode=root|ad2uw=3.0|ad2cw=0.2|ad2aw=1.5|ad2plus=fixed|suite=server_generation_ablation|tag=real1_tvae_synth9
adult:real1_tvae_synth9,65,ffd75a83cb81f88229f7043dce405caddde147655ac25123d6d294f275e747d3,full|adult|IID|GuardFed-AD2+|Sp-DFA|rounds=70|seed=123|clients=20|malicious=4|epochs=1|batch=256|lr=0.005|opt=adam|root=0.01+0.09|serversamp=stratified_sensitive|serveralpha=None|synth=tvae|synth_epochs=50|sensfeat=0|agg=count|fflip=invert|rw=1|foe=state|sdfafoe=fedsa|spdfafoe=fedsa|fedsa_gain=1.75|fedsa_norm=2.0|fg=server_aeod|actfb=0.12|acttemp=0.8|actkeep=1.0|actmetric=aeod_aspd|actdrop=0.005|actrisk=0.1|actviol=0.02|ad2calw=1.0|ad2calb=0.06|ad2calt=0.03|ad2calq=41|ad2clip=5.0|ad2normclip=2.5|ad2accdrop=0.03|ad2calobj=original|ad2normmode=root|ad2uw=3.0|ad2cw=0.2|ad2aw=1.5|ad2plus=fixed|suite=server_generation_ablation|tag=real1_tvae_synth9
adult:real1_tvae_synth9,66,ffdb30897910da280a3bcff81c2096d730bbff9fb12f58b43ab148c6237ab85e,full|adult|non-IID|GuardFed-AD2+|Benign|rounds=70|seed=123|clients=20|malicious=4|epochs=1|batch=256|lr=0.005|opt=adam|root=0.01+0.09|serversamp=stratified_sensitive|serveralpha=None|synth=tvae|synth_epochs=50|sensfeat=0|agg=count|fflip=invert|rw=1|foe=state|sdfafoe=fedsa|spdfafoe=fedsa|fedsa_gain=1.75|fedsa_norm=2.0|fg=server_aeod|actfb=0.12|acttemp=0.8|actkeep=1.0|actmetric=aeod_aspd|actdrop=0.005|actrisk=0.1|actviol=0.02|ad2calw=1.0|ad2calb=0.06|ad2calt=0.03|ad2calq=41|ad2clip=5.0|ad2normclip=2.5|ad2accdrop=0.03|ad2calobj=original|ad2normmode=root|ad2uw=3.0|ad2cw=0.2|ad2aw=1.5|ad2plus=fixed|suite=server_generation_ablation|tag=real1_tvae_synth9
adult:real1_tvae_synth9,67,b9f9f44ad74415d3a01489d7f1365872a310e8e8059a61f20b9fc6c101163add,full|adult|non-IID|GuardFed-AD2+|F Flip|rounds=70|seed=123|clients=20|malicious=4|epochs=1|batch=256|lr=0.005|opt=adam|root=0.01+0.09|serversamp=stratified_sensitive|serveralpha=None|synth=tvae|synth_epochs=50|sensfeat=0|agg=count|fflip=invert|rw=1|foe=state|sdfafoe=fedsa|spdfafoe=fedsa|fedsa_gain=1.75|fedsa_norm=2.0|fg=server_aeod|actfb=0.12|acttemp=0.8|actkeep=1.0|actmetric=aeod_aspd|actdrop=0.005|actrisk=0.1|actviol=0.02|ad2calw=1.0|ad2calb=0.06|ad2calt=0.03|ad2calq=41|ad2clip=5.0|ad2normclip=2.5|ad2accdrop=0.03|ad2calobj=original|ad2normmode=root|ad2uw=3.0|ad2cw=0.2|ad2aw=1.5|ad2plus=fixed|suite=server_generation_ablation|tag=real1_tvae_synth9
adult:real1_tvae_synth9,68,553d6ab801a9a7a97c33ee1d1a6c30b2b24d3979e98efa31e666e9b6a9b4fe8e,full|adult|non-IID|GuardFed-AD2+|FedSA|rounds=70|seed=123|clients=20|malicious=4|epochs=1|batch=256|lr=0.005|opt=adam|root=0.01+0.09|serversamp=stratified_sensitive|serveralpha=None|synth=tvae|synth_epochs=50|sensfeat=0|agg=count|fflip=invert|rw=1|foe=state|sdfafoe=fedsa|spdfafoe=fedsa|fedsa_gain=1.75|fedsa_norm=2.0|fg=server_aeod|actfb=0.12|acttemp=0.8|actkeep=1.0|actmetric=aeod_aspd|actdrop=0.005|actrisk=0.1|actviol=0.02|ad2calw=1.0|ad2calb=0.06|ad2calt=0.03|ad2calq=41|ad2clip=5.0|ad2normclip=2.5|ad2accdrop=0.03|ad2calobj=original|ad2normmode=root|ad2uw=3.0|ad2cw=0.2|ad2aw=1.5|ad2plus=fixed|suite=server_generation_ablation|tag=real1_tvae_synth9
adult:real1_tvae_synth9,69,77815aeecac333815d0712ecad28234c089ab3d05049066c3ae7193d501f2b75,full|adult|non-IID|GuardFed-AD2+|S-DFA|rounds=70|seed=123|clients=20|malicious=4|epochs=1|batch=256|lr=0.005|opt=adam|root=0.01+0.09|serversamp=stratified_sensitive|serveralpha=None|synth=tvae|synth_epochs=50|sensfeat=0|agg=count|fflip=invert|rw=1|foe=state|sdfafoe=fedsa|spdfafoe=fedsa|fedsa_gain=1.75|fedsa_norm=2.0|fg=server_aeod|actfb=0.12|acttemp=0.8|actkeep=1.0|actmetric=aeod_aspd|actdrop=0.005|actrisk=0.1|actviol=0.02|ad2calw=1.0|ad2calb=0.06|ad2calt=0.03|ad2calq=41|ad2clip=5.0|ad2normclip=2.5|ad2accdrop=0.03|ad2calobj=original|ad2normmode=root|ad2uw=3.0|ad2cw=0.2|ad2aw=1.5|ad2plus=fixed|suite=server_generation_ablation|tag=real1_tvae_synth9
adult:real1_tvae_synth9,70,373079772bfaeef437a1d21af00821f013b8df44148c39984ce47b46a9a3bdab,full|adult|non-IID|GuardFed-AD2+|Sp-DFA|rounds=70|seed=123|clients=20|malicious=4|epochs=1|batch=256|lr=0.005|opt=adam|root=0.01+0.09|serversamp=stratified_sensitive|serveralpha=None|synth=tvae|synth_epochs=50|sensfeat=0|agg=count|fflip=invert|rw=1|foe=state|sdfafoe=fedsa|spdfafoe=fedsa|fedsa_gain=1.75|fedsa_norm=2.0|fg=server_aeod|actfb=0.12|acttemp=0.8|actkeep=1.0|actmetric=aeod_aspd|actdrop=0.005|actrisk=0.1|actviol=0.02|ad2calw=1.0|ad2calb=0.06|ad2calt=0.03|ad2calq=41|ad2clip=5.0|ad2normclip=2.5|ad2accdrop=0.03|ad2calobj=original|ad2normmode=root|ad2uw=3.0|ad2cw=0.2|ad2aw=1.5|ad2plus=fixed|suite=server_generation_ablation|tag=real1_tvae_synth9
adult:real5_ctgan_synth5,141,25643e5be5b4e4f7dfe525bf4aa964f75d6325d8435ca4884e8b599303800df1,full|adult|IID|GuardFed-AD2+|Benign|rounds=70|seed=123|clients=20|malicious=4|epochs=1|batch=256|lr=0.005|opt=adam|root=0.05+0.05|serversamp=stratified_sensitive|serveralpha=None|synth=ctgan|synth_epochs=50|sensfeat=0|agg=count|fflip=invert|rw=1|foe=state|sdfafoe=fedsa|spdfafoe=fedsa|fedsa_gain=1.75|fedsa_norm=2.0|fg=server_aeod|actfb=0.12|acttemp=0.8|actkeep=1.0|actmetric=aeod_aspd|actdrop=0.005|actrisk=0.1|actviol=0.02|ad2calw=1.0|ad2calb=0.06|ad2calt=0.03|ad2calq=41|ad2clip=5.0|ad2normclip=2.5|ad2accdrop=0.03|ad2calobj=original|ad2normmode=root|ad2uw=3.0|ad2cw=0.2|ad2aw=1.5|ad2plus=fixed|suite=server_generation_ablation|tag=real5_ctgan_synth5
adult:real5_ctgan_synth5,142,659c14a10ed6eb1628383e685f292c4ffb9ad2584ebeb9a74135a29b31cfb970,full|adult|IID|GuardFed-AD2+|F Flip|rounds=70|seed=123|clients=20|malicious=4|epochs=1|batch=256|lr=0.005|opt=adam|root=0.05+0.05|serversamp=stratified_sensitive|serveralpha=None|synth=ctgan|synth_epochs=50|sensfeat=0|agg=count|fflip=invert|rw=1|foe=state|sdfafoe=fedsa|spdfafoe=fedsa|fedsa_gain=1.75|fedsa_norm=2.0|fg=server_aeod|actfb=0.12|acttemp=0.8|actkeep=1.0|actmetric=aeod_aspd|actdrop=0.005|actrisk=0.1|actviol=0.02|ad2calw=1.0|ad2calb=0.06|ad2calt=0.03|ad2calq=41|ad2clip=5.0|ad2normclip=2.5|ad2accdrop=0.03|ad2calobj=original|ad2normmode=root|ad2uw=3.0|ad2cw=0.2|ad2aw=1.5|ad2plus=fixed|suite=server_generation_ablation|tag=real5_ctgan_synth5
adult:real5_ctgan_synth5,143,d4a35c4b8c11ca12ac8b1fbc4c11a6d0b82db34fb968a9fcf736ea5cbd8cdd13,full|adult|IID|GuardFed-AD2+|FedSA|rounds=70|seed=123|clients=20|malicious=4|epochs=1|batch=256|lr=0.005|opt=adam|root=0.05+0.05|serversamp=stratified_sensitive|serveralpha=None|synth=ctgan|synth_epochs=50|sensfeat=0|agg=count|fflip=invert|rw=1|foe=state|sdfafoe=fedsa|spdfafoe=fedsa|fedsa_gain=1.75|fedsa_norm=2.0|fg=server_aeod|actfb=0.12|acttemp=0.8|actkeep=1.0|actmetric=aeod_aspd|actdrop=0.005|actrisk=0.1|actviol=0.02|ad2calw=1.0|ad2calb=0.06|ad2calt=0.03|ad2calq=41|ad2clip=5.0|ad2normclip=2.5|ad2accdrop=0.03|ad2calobj=original|ad2normmode=root|ad2uw=3.0|ad2cw=0.2|ad2aw=1.5|ad2plus=fixed|suite=server_generation_ablation|tag=real5_ctgan_synth5
adult:real5_ctgan_synth5,144,59719313d3f4e5245b69cfb5bb47e6d44e65f99c2666d1a9ac79201c5aea0580,full|adult|IID|GuardFed-AD2+|S-DFA|rounds=70|seed=123|clients=20|malicious=4|epochs=1|batch=256|lr=0.005|opt=adam|root=0.05+0.05|serversamp=stratified_sensitive|serveralpha=None|synth=ctgan|synth_epochs=50|sensfeat=0|agg=count|fflip=invert|rw=1|foe=state|sdfafoe=fedsa|spdfafoe=fedsa|fedsa_gain=1.75|fedsa_norm=2.0|fg=server_aeod|actfb=0.12|acttemp=0.8|actkeep=1.0|actmetric=aeod_aspd|actdrop=0.005|actrisk=0.1|actviol=0.02|ad2calw=1.0|ad2calb=0.06|ad2calt=0.03|ad2calq=41|ad2clip=5.0|ad2normclip=2.5|ad2accdrop=0.03|ad2calobj=original|ad2normmode=root|ad2uw=3.0|ad2cw=0.2|ad2aw=1.5|ad2plus=fixed|suite=server_generation_ablation|tag=real5_ctgan_synth5
adult:real5_ctgan_synth5,145,066cd2fa793237a4ed1f9c87387f748830847fba3ed0afe0c2eda73237622929,full|adult|IID|GuardFed-AD2+|Sp-DFA|rounds=70|seed=123|clients=20|malicious=4|epochs=1|batch=256|lr=0.005|opt=adam|root=0.05+0.05|serversamp=stratified_sensitive|serveralpha=None|synth=ctgan|synth_epochs=50|sensfeat=0|agg=count|fflip=invert|rw=1|foe=state|sdfafoe=fedsa|spdfafoe=fedsa|fedsa_gain=1.75|fedsa_norm=2.0|fg=server_aeod|actfb=0.12|acttemp=0.8|actkeep=1.0|actmetric=aeod_aspd|actdrop=0.005|actrisk=0.1|actviol=0.02|ad2calw=1.0|ad2calb=0.06|ad2calt=0.03|ad2calq=41|ad2clip=5.0|ad2normclip=2.5|ad2accdrop=0.03|ad2calobj=original|ad2normmode=root|ad2uw=3.0|ad2cw=0.2|ad2aw=1.5|ad2plus=fixed|suite=server_generation_ablation|tag=real5_ctgan_synth5
adult:real5_ctgan_synth5,146,23736a203d17b24d4c8acc563a04454e767ee9dc17a2a4f7264113f27dcf7368,full|adult|non-IID|GuardFed-AD2+|Benign|rounds=70|seed=123|clients=20|malicious=4|epochs=1|batch=256|lr=0.005|opt=adam|root=0.05+0.05|serversamp=stratified_sensitive|serveralpha=None|synth=ctgan|synth_epochs=50|sensfeat=0|agg=count|fflip=invert|rw=1|foe=state|sdfafoe=fedsa|spdfafoe=fedsa|fedsa_gain=1.75|fedsa_norm=2.0|fg=server_aeod|actfb=0.12|acttemp=0.8|actkeep=1.0|actmetric=aeod_aspd|actdrop=0.005|actrisk=0.1|actviol=0.02|ad2calw=1.0|ad2calb=0.06|ad2calt=0.03|ad2calq=41|ad2clip=5.0|ad2normclip=2.5|ad2accdrop=0.03|ad2calobj=original|ad2normmode=root|ad2uw=3.0|ad2cw=0.2|ad2aw=1.5|ad2plus=fixed|suite=server_generation_ablation|tag=real5_ctgan_synth5
adult:real5_ctgan_synth5,147,e55e17b7d19da2ce90dc6a412f1d7a611ced84aed491a37975494f23eefd2980,full|adult|non-IID|GuardFed-AD2+|F Flip|rounds=70|seed=123|clients=20|malicious=4|epochs=1|batch=256|lr=0.005|opt=adam|root=0.05+0.05|serversamp=stratified_sensitive|serveralpha=None|synth=ctgan|synth_epochs=50|sensfeat=0|agg=count|fflip=invert|rw=1|foe=state|sdfafoe=fedsa|spdfafoe=fedsa|fedsa_gain=1.75|fedsa_norm=2.0|fg=server_aeod|actfb=0.12|acttemp=0.8|actkeep=1.0|actmetric=aeod_aspd|actdrop=0.005|actrisk=0.1|actviol=0.02|ad2calw=1.0|ad2calb=0.06|ad2calt=0.03|ad2calq=41|ad2clip=5.0|ad2normclip=2.5|ad2accdrop=0.03|ad2calobj=original|ad2normmode=root|ad2uw=3.0|ad2cw=0.2|ad2aw=1.5|ad2plus=fixed|suite=server_generation_ablation|tag=real5_ctgan_synth5
adult:real5_ctgan_synth5,148,a1475825296e4f3b5208593e148b5f31ba7bf2db5b423937d91c471299af3682,full|adult|non-IID|GuardFed-AD2+|FedSA|rounds=70|seed=123|clients=20|malicious=4|epochs=1|batch=256|lr=0.005|opt=adam|root=0.05+0.05|serversamp=stratified_sensitive|serveralpha=None|synth=ctgan|synth_epochs=50|sensfeat=0|agg=count|fflip=invert|rw=1|foe=state|sdfafoe=fedsa|spdfafoe=fedsa|fedsa_gain=1.75|fedsa_norm=2.0|fg=server_aeod|actfb=0.12|acttemp=0.8|actkeep=1.0|actmetric=aeod_aspd|actdrop=0.005|actrisk=0.1|actviol=0.02|ad2calw=1.0|ad2calb=0.06|ad2calt=0.03|ad2calq=41|ad2clip=5.0|ad2normclip=2.5|ad2accdrop=0.03|ad2calobj=original|ad2normmode=root|ad2uw=3.0|ad2cw=0.2|ad2aw=1.5|ad2plus=fixed|suite=server_generation_ablation|tag=real5_ctgan_synth5
adult:real5_ctgan_synth5,149,74bdb9697730a7341e22bb031b30b6498a5f2f847e5064f2e58b17b60827845e,full|adult|non-IID|GuardFed-AD2+|S-DFA|rounds=70|seed=123|clients=20|malicious=4|epochs=1|batch=256|lr=0.005|opt=adam|root=0.05+0.05|serversamp=stratified_sensitive|serveralpha=None|synth=ctgan|synth_epochs=50|sensfeat=0|agg=count|fflip=invert|rw=1|foe=state|sdfafoe=fedsa|spdfafoe=fedsa|fedsa_gain=1.75|fedsa_norm=2.0|fg=server_aeod|actfb=0.12|acttemp=0.8|actkeep=1.0|actmetric=aeod_aspd|actdrop=0.005|actrisk=0.1|actviol=0.02|ad2calw=1.0|ad2calb=0.06|ad2calt=0.03|ad2calq=41|ad2clip=5.0|ad2normclip=2.5|ad2accdrop=0.03|ad2calobj=original|ad2normmode=root|ad2uw=3.0|ad2cw=0.2|ad2aw=1.5|ad2plus=fixed|suite=server_generation_ablation|tag=real5_ctgan_synth5
adult:real5_ctgan_synth5,150,5ea159e79ab3758ff2bbb962b3459dc59805ef919fc0ddab06ddb3a524c78c06,full|adult|non-IID|GuardFed-AD2+|Sp-DFA|rounds=70|seed=123|clients=20|malicious=4|epochs=1|batch=256|lr=0.005|opt=adam|root=0.05+0.05|serversamp=stratified_sensitive|serveralpha=None|synth=ctgan|synth_epochs=50|sensfeat=0|agg=count|fflip=invert|rw=1|foe=state|sdfafoe=fedsa|spdfafoe=fedsa|fedsa_gain=1.75|fedsa_norm=2.0|fg=server_aeod|actfb=0.12|acttemp=0.8|actkeep=1.0|actmetric=aeod_aspd|actdrop=0.005|actrisk=0.1|actviol=0.02|ad2calw=1.0|ad2calb=0.06|ad2calt=0.03|ad2calq=41|ad2clip=5.0|ad2normclip=2.5|ad2accdrop=0.03|ad2calobj=original|ad2normmode=root|ad2uw=3.0|ad2cw=0.2|ad2aw=1.5|ad2plus=fixed|suite=server_generation_ablation|tag=real5_ctgan_synth5
adult:real5_forest_diffusion_synth5,241,55cc322cb7cd904fd2cc2936e1fe3834f4677c92c8493c864f52a2c267f683cd,full|adult|IID|GuardFed-AD2+|Benign|rounds=70|seed=123|clients=20|malicious=4|epochs=1|batch=256|lr=0.005|opt=adam|root=0.05+0.05|serversamp=stratified_sensitive|serveralpha=None|synth=forest_diffusion|synth_epochs=50|sensfeat=0|agg=count|fflip=invert|rw=1|foe=state|sdfafoe=fedsa|spdfafoe=fedsa|fedsa_gain=1.75|fedsa_norm=2.0|fg=server_aeod|actfb=0.12|acttemp=0.8|actkeep=1.0|actmetric=aeod_aspd|actdrop=0.005|actrisk=0.1|actviol=0.02|ad2calw=1.0|ad2calb=0.06|ad2calt=0.03|ad2calq=41|ad2clip=5.0|ad2normclip=2.5|ad2accdrop=0.03|ad2calobj=original|ad2normmode=root|ad2uw=3.0|ad2cw=0.2|ad2aw=1.5|ad2plus=fixed|suite=server_generation_ablation|tag=real5_forest_diffusion_synth5
adult:real5_forest_diffusion_synth5,242,f056882610e760a06bbf3ddeb2e54ab61fe3e950b10e8366ff4017b4b61180c8,full|adult|IID|GuardFed-AD2+|F Flip|rounds=70|seed=123|clients=20|malicious=4|epochs=1|batch=256|lr=0.005|opt=adam|root=0.05+0.05|serversamp=stratified_sensitive|serveralpha=None|synth=forest_diffusion|synth_epochs=50|sensfeat=0|agg=count|fflip=invert|rw=1|foe=state|sdfafoe=fedsa|spdfafoe=fedsa|fedsa_gain=1.75|fedsa_norm=2.0|fg=server_aeod|actfb=0.12|acttemp=0.8|actkeep=1.0|actmetric=aeod_aspd|actdrop=0.005|actrisk=0.1|actviol=0.02|ad2calw=1.0|ad2calb=0.06|ad2calt=0.03|ad2calq=41|ad2clip=5.0|ad2normclip=2.5|ad2accdrop=0.03|ad2calobj=original|ad2normmode=root|ad2uw=3.0|ad2cw=0.2|ad2aw=1.5|ad2plus=fixed|suite=server_generation_ablation|tag=real5_forest_diffusion_synth5
adult:real5_forest_diffusion_synth5,243,d31ea0a21bef2be55bee3d8d6486a603e9881a61c86913434c1871ccba61e23a,full|adult|IID|GuardFed-AD2+|FedSA|rounds=70|seed=123|clients=20|malicious=4|epochs=1|batch=256|lr=0.005|opt=adam|root=0.05+0.05|serversamp=stratified_sensitive|serveralpha=None|synth=forest_diffusion|synth_epochs=50|sensfeat=0|agg=count|fflip=invert|rw=1|foe=state|sdfafoe=fedsa|spdfafoe=fedsa|fedsa_gain=1.75|fedsa_norm=2.0|fg=server_aeod|actfb=0.12|acttemp=0.8|actkeep=1.0|actmetric=aeod_aspd|actdrop=0.005|actrisk=0.1|actviol=0.02|ad2calw=1.0|ad2calb=0.06|ad2calt=0.03|ad2calq=41|ad2clip=5.0|ad2normclip=2.5|ad2accdrop=0.03|ad2calobj=original|ad2normmode=root|ad2uw=3.0|ad2cw=0.2|ad2aw=1.5|ad2plus=fixed|suite=server_generation_ablation|tag=real5_forest_diffusion_synth5
adult:real5_forest_diffusion_synth5,244,292d3c743c3cd4453ba4a5c1834859f7c09a0d5849167ab257c1568c8fc705c1,full|adult|IID|GuardFed-AD2+|S-DFA|rounds=70|seed=123|clients=20|malicious=4|epochs=1|batch=256|lr=0.005|opt=adam|root=0.05+0.05|serversamp=stratified_sensitive|serveralpha=None|synth=forest_diffusion|synth_epochs=50|sensfeat=0|agg=count|fflip=invert|rw=1|foe=state|sdfafoe=fedsa|spdfafoe=fedsa|fedsa_gain=1.75|fedsa_norm=2.0|fg=server_aeod|actfb=0.12|acttemp=0.8|actkeep=1.0|actmetric=aeod_aspd|actdrop=0.005|actrisk=0.1|actviol=0.02|ad2calw=1.0|ad2calb=0.06|ad2calt=0.03|ad2calq=41|ad2clip=5.0|ad2normclip=2.5|ad2accdrop=0.03|ad2calobj=original|ad2normmode=root|ad2uw=3.0|ad2cw=0.2|ad2aw=1.5|ad2plus=fixed|suite=server_generation_ablation|tag=real5_forest_diffusion_synth5
adult:real5_forest_diffusion_synth5,245,d43b75f70b40fdd47d2534ed8dc443cde34677c167b0b8c010ab2398fe9bcad9,full|adult|IID|GuardFed-AD2+|Sp-DFA|rounds=70|seed=123|clients=20|malicious=4|epochs=1|batch=256|lr=0.005|opt=adam|root=0.05+0.05|serversamp=stratified_sensitive|serveralpha=None|synth=forest_diffusion|synth_epochs=50|sensfeat=0|agg=count|fflip=invert|rw=1|foe=state|sdfafoe=fedsa|spdfafoe=fedsa|fedsa_gain=1.75|fedsa_norm=2.0|fg=server_aeod|actfb=0.12|acttemp=0.8|actkeep=1.0|actmetric=aeod_aspd|actdrop=0.005|actrisk=0.1|actviol=0.02|ad2calw=1.0|ad2calb=0.06|ad2calt=0.03|ad2calq=41|ad2clip=5.0|ad2normclip=2.5|ad2accdrop=0.03|ad2calobj=original|ad2normmode=root|ad2uw=3.0|ad2cw=0.2|ad2aw=1.5|ad2plus=fixed|suite=server_generation_ablation|tag=real5_forest_diffusion_synth5
adult:real5_forest_diffusion_synth5,246,c7c0e473ee81ecba0144346b3fcdebacea41fc6e5c7339b28adf7cd29ef0a69a,full|adult|non-IID|GuardFed-AD2+|Benign|rounds=70|seed=123|clients=20|malicious=4|epochs=1|batch=256|lr=0.005|opt=adam|root=0.05+0.05|serversamp=stratified_sensitive|serveralpha=None|synth=forest_diffusion|synth_epochs=50|sensfeat=0|agg=count|fflip=invert|rw=1|foe=state|sdfafoe=fedsa|spdfafoe=fedsa|fedsa_gain=1.75|fedsa_norm=2.0|fg=server_aeod|actfb=0.12|acttemp=0.8|actkeep=1.0|actmetric=aeod_aspd|actdrop=0.005|actrisk=0.1|actviol=0.02|ad2calw=1.0|ad2calb=0.06|ad2calt=0.03|ad2calq=41|ad2clip=5.0|ad2normclip=2.5|ad2accdrop=0.03|ad2calobj=original|ad2normmode=root|ad2uw=3.0|ad2cw=0.2|ad2aw=1.5|ad2plus=fixed|suite=server_generation_ablation|tag=real5_forest_diffusion_synth5
adult:real5_forest_diffusion_synth5,247,bb0b92547202bc29ab8ab5b28d7e5768bfc965ee1640ec8e08e4d60406313c78,full|adult|non-IID|GuardFed-AD2+|F Flip|rounds=70|seed=123|clients=20|malicious=4|epochs=1|batch=256|lr=0.005|opt=adam|root=0.05+0.05|serversamp=stratified_sensitive|serveralpha=None|synth=forest_diffusion|synth_epochs=50|sensfeat=0|agg=count|fflip=invert|rw=1|foe=state|sdfafoe=fedsa|spdfafoe=fedsa|fedsa_gain=1.75|fedsa_norm=2.0|fg=server_aeod|actfb=0.12|acttemp=0.8|actkeep=1.0|actmetric=aeod_aspd|actdrop=0.005|actrisk=0.1|actviol=0.02|ad2calw=1.0|ad2calb=0.06|ad2calt=0.03|ad2calq=41|ad2clip=5.0|ad2normclip=2.5|ad2accdrop=0.03|ad2calobj=original|ad2normmode=root|ad2uw=3.0|ad2cw=0.2|ad2aw=1.5|ad2plus=fixed|suite=server_generation_ablation|tag=real5_forest_diffusion_synth5
adult:real5_forest_diffusion_synth5,248,9b8f35af4433413e67b472b1d12956fb893ec8518d3912d9076def7a0da74802,full|adult|non-IID|GuardFed-AD2+|FedSA|rounds=70|seed=123|clients=20|malicious=4|epochs=1|batch=256|lr=0.005|opt=adam|root=0.05+0.05|serversamp=stratified_sensitive|serveralpha=None|synth=forest_diffusion|synth_epochs=50|sensfeat=0|agg=count|fflip=invert|rw=1|foe=state|sdfafoe=fedsa|spdfafoe=fedsa|fedsa_gain=1.75|fedsa_norm=2.0|fg=server_aeod|actfb=0.12|acttemp=0.8|actkeep=1.0|actmetric=aeod_aspd|actdrop=0.005|actrisk=0.1|actviol=0.02|ad2calw=1.0|ad2calb=0.06|ad2calt=0.03|ad2calq=41|ad2clip=5.0|ad2normclip=2.5|ad2accdrop=0.03|ad2calobj=original|ad2normmode=root|ad2uw=3.0|ad2cw=0.2|ad2aw=1.5|ad2plus=fixed|suite=server_generation_ablation|tag=real5_forest_diffusion_synth5
adult:real5_forest_diffusion_synth5,249,52f6e8adce6cddc43a7699d12b5c2578e2b509a67891cd9a8a0625bc2804dbf5,full|adult|non-IID|GuardFed-AD2+|S-DFA|rounds=70|seed=123|clients=20|malicious=4|epochs=1|batch=256|lr=0.005|opt=adam|root=0.05+0.05|serversamp=stratified_sensitive|serveralpha=None|synth=forest_diffusion|synth_epochs=50|sensfeat=0|agg=count|fflip=invert|rw=1|foe=state|sdfafoe=fedsa|spdfafoe=fedsa|fedsa_gain=1.75|fedsa_norm=2.0|fg=server_aeod|actfb=0.12|acttemp=0.8|actkeep=1.0|actmetric=aeod_aspd|actdrop=0.005|actrisk=0.1|actviol=0.02|ad2calw=1.0|ad2calb=0.06|ad2calt=0.03|ad2calq=41|ad2clip=5.0|ad2normclip=2.5|ad2accdrop=0.03|ad2calobj=original|ad2normmode=root|ad2uw=3.0|ad2cw=0.2|ad2aw=1.5|ad2plus=fixed|suite=server_generation_ablation|tag=real5_forest_diffusion_synth5
adult:real5_forest_diffusion_synth5,250,292f9f06845d6748c602b075dc8f730b7d96dbb1353800808e2a5fac12ded8af,full|adult|non-IID|GuardFed-AD2+|Sp-DFA|rounds=70|seed=123|clients=20|malicious=4|epochs=1|batch=256|lr=0.005|opt=adam|root=0.05+0.05|serversamp=stratified_sensitive|serveralpha=None|synth=forest_diffusion|synth_epochs=50|sensfeat=0|agg=count|fflip=invert|rw=1|foe=state|sdfafoe=fedsa|spdfafoe=fedsa|fedsa_gain=1.75|fedsa_norm=2.0|fg=server_aeod|actfb=0.12|acttemp=0.8|actkeep=1.0|actmetric=aeod_aspd|actdrop=0.005|actrisk=0.1|actviol=0.02|ad2calw=1.0|ad2calb=0.06|ad2calt=0.03|ad2calq=41|ad2clip=5.0|ad2normclip=2.5|ad2accdrop=0.03|ad2calobj=original|ad2normmode=root|ad2uw=3.0|ad2cw=0.2|ad2aw=1.5|ad2plus=fixed|suite=server_generation_ablation|tag=real5_forest_diffusion_synth5
adult:real5_gaussian_copula_synth5,121,c13893f1d4f14f1816119199d9ad73f0b4971484b3f1e1d975792aae006cbfac,full|adult|IID|GuardFed-AD2+|Benign|rounds=70|seed=123|clients=20|malicious=4|epochs=1|batch=256|lr=0.005|opt=adam|root=0.05+0.05|serversamp=stratified_sensitive|serveralpha=None|synth=gaussian_copula|synth_epochs=50|sensfeat=0|agg=count|fflip=invert|rw=1|foe=state|sdfafoe=fedsa|spdfafoe=fedsa|fedsa_gain=1.75|fedsa_norm=2.0|fg=server_aeod|actfb=0.12|acttemp=0.8|actkeep=1.0|actmetric=aeod_aspd|actdrop=0.005|actrisk=0.1|actviol=0.02|ad2calw=1.0|ad2calb=0.06|ad2calt=0.03|ad2calq=41|ad2clip=5.0|ad2normclip=2.5|ad2accdrop=0.03|ad2calobj=original|ad2normmode=root|ad2uw=3.0|ad2cw=0.2|ad2aw=1.5|ad2plus=fixed|suite=server_generation_ablation|tag=real5_gaussian_copula_synth5
adult:real5_gaussian_copula_synth5,122,55ae3e91167b0c741350db3fe21f9f6f2db61d26b1c1cecba8247402569768ed,full|adult|IID|GuardFed-AD2+|F Flip|rounds=70|seed=123|clients=20|malicious=4|epochs=1|batch=256|lr=0.005|opt=adam|root=0.05+0.05|serversamp=stratified_sensitive|serveralpha=None|synth=gaussian_copula|synth_epochs=50|sensfeat=0|agg=count|fflip=invert|rw=1|foe=state|sdfafoe=fedsa|spdfafoe=fedsa|fedsa_gain=1.75|fedsa_norm=2.0|fg=server_aeod|actfb=0.12|acttemp=0.8|actkeep=1.0|actmetric=aeod_aspd|actdrop=0.005|actrisk=0.1|actviol=0.02|ad2calw=1.0|ad2calb=0.06|ad2calt=0.03|ad2calq=41|ad2clip=5.0|ad2normclip=2.5|ad2accdrop=0.03|ad2calobj=original|ad2normmode=root|ad2uw=3.0|ad2cw=0.2|ad2aw=1.5|ad2plus=fixed|suite=server_generation_ablation|tag=real5_gaussian_copula_synth5
adult:real5_gaussian_copula_synth5,123,71ab42b1f156b96259f93b79225c465ab1302edebc1b577271187020267c834f,full|adult|IID|GuardFed-AD2+|FedSA|rounds=70|seed=123|clients=20|malicious=4|epochs=1|batch=256|lr=0.005|opt=adam|root=0.05+0.05|serversamp=stratified_sensitive|serveralpha=None|synth=gaussian_copula|synth_epochs=50|sensfeat=0|agg=count|fflip=invert|rw=1|foe=state|sdfafoe=fedsa|spdfafoe=fedsa|fedsa_gain=1.75|fedsa_norm=2.0|fg=server_aeod|actfb=0.12|acttemp=0.8|actkeep=1.0|actmetric=aeod_aspd|actdrop=0.005|actrisk=0.1|actviol=0.02|ad2calw=1.0|ad2calb=0.06|ad2calt=0.03|ad2calq=41|ad2clip=5.0|ad2normclip=2.5|ad2accdrop=0.03|ad2calobj=original|ad2normmode=root|ad2uw=3.0|ad2cw=0.2|ad2aw=1.5|ad2plus=fixed|suite=server_generation_ablation|tag=real5_gaussian_copula_synth5
adult:real5_gaussian_copula_synth5,124,73699614d38b845f6662485a7e7669f83b757412c1d6e3d260a7a6d8d44f8766,full|adult|IID|GuardFed-AD2+|S-DFA|rounds=70|seed=123|clients=20|malicious=4|epochs=1|batch=256|lr=0.005|opt=adam|root=0.05+0.05|serversamp=stratified_sensitive|serveralpha=None|synth=gaussian_copula|synth_epochs=50|sensfeat=0|agg=count|fflip=invert|rw=1|foe=state|sdfafoe=fedsa|spdfafoe=fedsa|fedsa_gain=1.75|fedsa_norm=2.0|fg=server_aeod|actfb=0.12|acttemp=0.8|actkeep=1.0|actmetric=aeod_aspd|actdrop=0.005|actrisk=0.1|actviol=0.02|ad2calw=1.0|ad2calb=0.06|ad2calt=0.03|ad2calq=41|ad2clip=5.0|ad2normclip=2.5|ad2accdrop=0.03|ad2calobj=original|ad2normmode=root|ad2uw=3.0|ad2cw=0.2|ad2aw=1.5|ad2plus=fixed|suite=server_generation_ablation|tag=real5_gaussian_copula_synth5
adult:real5_gaussian_copula_synth5,125,6b23cd3868d55317fdcd991466b194f0f5695ac6d0e58b6df2cd44d69113f602,full|adult|IID|GuardFed-AD2+|Sp-DFA|rounds=70|seed=123|clients=20|malicious=4|epochs=1|batch=256|lr=0.005|opt=adam|root=0.05+0.05|serversamp=stratified_sensitive|serveralpha=None|synth=gaussian_copula|synth_epochs=50|sensfeat=0|agg=count|fflip=invert|rw=1|foe=state|sdfafoe=fedsa|spdfafoe=fedsa|fedsa_gain=1.75|fedsa_norm=2.0|fg=server_aeod|actfb=0.12|acttemp=0.8|actkeep=1.0|actmetric=aeod_aspd|actdrop=0.005|actrisk=0.1|actviol=0.02|ad2calw=1.0|ad2calb=0.06|ad2calt=0.03|ad2calq=41|ad2clip=5.0|ad2normclip=2.5|ad2accdrop=0.03|ad2calobj=original|ad2normmode=root|ad2uw=3.0|ad2cw=0.2|ad2aw=1.5|ad2plus=fixed|suite=server_generation_ablation|tag=real5_gaussian_copula_synth5
adult:real5_gaussian_copula_synth5,126,06936881d818baf6756b8bf1d5dd9d6753669c6e65137f110c607480ecf81ce3,full|adult|non-IID|GuardFed-AD2+|Benign|rounds=70|seed=123|clients=20|malicious=4|epochs=1|batch=256|lr=0.005|opt=adam|root=0.05+0.05|serversamp=stratified_sensitive|serveralpha=None|synth=gaussian_copula|synth_epochs=50|sensfeat=0|agg=count|fflip=invert|rw=1|foe=state|sdfafoe=fedsa|spdfafoe=fedsa|fedsa_gain=1.75|fedsa_norm=2.0|fg=server_aeod|actfb=0.12|acttemp=0.8|actkeep=1.0|actmetric=aeod_aspd|actdrop=0.005|actrisk=0.1|actviol=0.02|ad2calw=1.0|ad2calb=0.06|ad2calt=0.03|ad2calq=41|ad2clip=5.0|ad2normclip=2.5|ad2accdrop=0.03|ad2calobj=original|ad2normmode=root|ad2uw=3.0|ad2cw=0.2|ad2aw=1.5|ad2plus=fixed|suite=server_generation_ablation|tag=real5_gaussian_copula_synth5
adult:real5_gaussian_copula_synth5,127,b5c912c1fddc4eb00d1e2e876bec4b7159a4a30d6694398bc26934d28c966606,full|adult|non-IID|GuardFed-AD2+|F Flip|rounds=70|seed=123|clients=20|malicious=4|epochs=1|batch=256|lr=0.005|opt=adam|root=0.05+0.05|serversamp=stratified_sensitive|serveralpha=None|synth=gaussian_copula|synth_epochs=50|sensfeat=0|agg=count|fflip=invert|rw=1|foe=state|sdfafoe=fedsa|spdfafoe=fedsa|fedsa_gain=1.75|fedsa_norm=2.0|fg=server_aeod|actfb=0.12|acttemp=0.8|actkeep=1.0|actmetric=aeod_aspd|actdrop=0.005|actrisk=0.1|actviol=0.02|ad2calw=1.0|ad2calb=0.06|ad2calt=0.03|ad2calq=41|ad2clip=5.0|ad2normclip=2.5|ad2accdrop=0.03|ad2calobj=original|ad2normmode=root|ad2uw=3.0|ad2cw=0.2|ad2aw=1.5|ad2plus=fixed|suite=server_generation_ablation|tag=real5_gaussian_copula_synth5
adult:real5_gaussian_copula_synth5,128,4493b92f2dc021245a1ffd2f808fe0699ad4aeff8a03f5fcefe1bd0e79b86175,full|adult|non-IID|GuardFed-AD2+|FedSA|rounds=70|seed=123|clients=20|malicious=4|epochs=1|batch=256|lr=0.005|opt=adam|root=0.05+0.05|serversamp=stratified_sensitive|serveralpha=None|synth=gaussian_copula|synth_epochs=50|sensfeat=0|agg=count|fflip=invert|rw=1|foe=state|sdfafoe=fedsa|spdfafoe=fedsa|fedsa_gain=1.75|fedsa_norm=2.0|fg=server_aeod|actfb=0.12|acttemp=0.8|actkeep=1.0|actmetric=aeod_aspd|actdrop=0.005|actrisk=0.1|actviol=0.02|ad2calw=1.0|ad2calb=0.06|ad2calt=0.03|ad2calq=41|ad2clip=5.0|ad2normclip=2.5|ad2accdrop=0.03|ad2calobj=original|ad2normmode=root|ad2uw=3.0|ad2cw=0.2|ad2aw=1.5|ad2plus=fixed|suite=server_generation_ablation|tag=real5_gaussian_copula_synth5
adult:real5_gaussian_copula_synth5,129,2430d6edab1b841ba34347a8b1d1659be332dff9e568cec94b3f5eaefcead7e5,full|adult|non-IID|GuardFed-AD2+|S-DFA|rounds=70|seed=123|clients=20|malicious=4|epochs=1|batch=256|lr=0.005|opt=adam|root=0.05+0.05|serversamp=stratified_sensitive|serveralpha=None|synth=gaussian_copula|synth_epochs=50|sensfeat=0|agg=count|fflip=invert|rw=1|foe=state|sdfafoe=fedsa|spdfafoe=fedsa|fedsa_gain=1.75|fedsa_norm=2.0|fg=server_aeod|actfb=0.12|acttemp=0.8|actkeep=1.0|actmetric=aeod_aspd|actdrop=0.005|actrisk=0.1|actviol=0.02|ad2calw=1.0|ad2calb=0.06|ad2calt=0.03|ad2calq=41|ad2clip=5.0|ad2normclip=2.5|ad2accdrop=0.03|ad2calobj=original|ad2normmode=root|ad2uw=3.0|ad2cw=0.2|ad2aw=1.5|ad2plus=fixed|suite=server_generation_ablation|tag=real5_gaussian_copula_synth5
adult:real5_gaussian_copula_synth5,130,23d56a5a844e647f5db8425bdce0d6f749c0a7a82481309fed508fc6f834350e,full|adult|non-IID|GuardFed-AD2+|Sp-DFA|rounds=70|seed=123|clients=20|malicious=4|epochs=1|batch=256|lr=0.005|opt=adam|root=0.05+0.05|serversamp=stratified_sensitive|serveralpha=None|synth=gaussian_copula|synth_epochs=50|sensfeat=0|agg=count|fflip=invert|rw=1|foe=state|sdfafoe=fedsa|spdfafoe=fedsa|fedsa_gain=1.75|fedsa_norm=2.0|fg=server_aeod|actfb=0.12|acttemp=0.8|actkeep=1.0|actmetric=aeod_aspd|actdrop=0.005|actrisk=0.1|actviol=0.02|ad2calw=1.0|ad2calb=0.06|ad2calt=0.03|ad2calq=41|ad2clip=5.0|ad2normclip=2.5|ad2accdrop=0.03|ad2calobj=original|ad2normmode=root|ad2uw=3.0|ad2cw=0.2|ad2aw=1.5|ad2plus=fixed|suite=server_generation_ablation|tag=real5_gaussian_copula_synth5
adult:real5_pca_gaussian_synth5,201,504f88dad60696b06a104445515b2babc1419bf0e58dd8d4e54acce2721d8281,full|adult|IID|GuardFed-AD2+|Benign|rounds=70|seed=123|clients=20|malicious=4|epochs=1|batch=256|lr=0.005|opt=adam|root=0.05+0.05|serversamp=stratified_sensitive|serveralpha=None|synth=pca_gaussian|synth_epochs=50|sensfeat=0|agg=count|fflip=invert|rw=1|foe=state|sdfafoe=fedsa|spdfafoe=fedsa|fedsa_gain=1.75|fedsa_norm=2.0|fg=server_aeod|actfb=0.12|acttemp=0.8|actkeep=1.0|actmetric=aeod_aspd|actdrop=0.005|actrisk=0.1|actviol=0.02|ad2calw=1.0|ad2calb=0.06|ad2calt=0.03|ad2calq=41|ad2clip=5.0|ad2normclip=2.5|ad2accdrop=0.03|ad2calobj=original|ad2normmode=root|ad2uw=3.0|ad2cw=0.2|ad2aw=1.5|ad2plus=fixed|suite=server_generation_ablation|tag=real5_pca_gaussian_synth5
adult:real5_pca_gaussian_synth5,202,0a439da3042f4086cbfb3b745d7dd20e846ae0bd1bdb984728e05f792c652a66,full|adult|IID|GuardFed-AD2+|F Flip|rounds=70|seed=123|clients=20|malicious=4|epochs=1|batch=256|lr=0.005|opt=adam|root=0.05+0.05|serversamp=stratified_sensitive|serveralpha=None|synth=pca_gaussian|synth_epochs=50|sensfeat=0|agg=count|fflip=invert|rw=1|foe=state|sdfafoe=fedsa|spdfafoe=fedsa|fedsa_gain=1.75|fedsa_norm=2.0|fg=server_aeod|actfb=0.12|acttemp=0.8|actkeep=1.0|actmetric=aeod_aspd|actdrop=0.005|actrisk=0.1|actviol=0.02|ad2calw=1.0|ad2calb=0.06|ad2calt=0.03|ad2calq=41|ad2clip=5.0|ad2normclip=2.5|ad2accdrop=0.03|ad2calobj=original|ad2normmode=root|ad2uw=3.0|ad2cw=0.2|ad2aw=1.5|ad2plus=fixed|suite=server_generation_ablation|tag=real5_pca_gaussian_synth5
adult:real5_pca_gaussian_synth5,203,9d85a533ac065550ff3c2a40d055d44bafd0f297901211e351df0b6dba93a19c,full|adult|IID|GuardFed-AD2+|FedSA|rounds=70|seed=123|clients=20|malicious=4|epochs=1|batch=256|lr=0.005|opt=adam|root=0.05+0.05|serversamp=stratified_sensitive|serveralpha=None|synth=pca_gaussian|synth_epochs=50|sensfeat=0|agg=count|fflip=invert|rw=1|foe=state|sdfafoe=fedsa|spdfafoe=fedsa|fedsa_gain=1.75|fedsa_norm=2.0|fg=server_aeod|actfb=0.12|acttemp=0.8|actkeep=1.0|actmetric=aeod_aspd|actdrop=0.005|actrisk=0.1|actviol=0.02|ad2calw=1.0|ad2calb=0.06|ad2calt=0.03|ad2calq=41|ad2clip=5.0|ad2normclip=2.5|ad2accdrop=0.03|ad2calobj=original|ad2normmode=root|ad2uw=3.0|ad2cw=0.2|ad2aw=1.5|ad2plus=fixed|suite=server_generation_ablation|tag=real5_pca_gaussian_synth5
adult:real5_pca_gaussian_synth5,204,995be317b230cc0c5dbb99bccde0d3d949da8ed9c41fb93b85095e784760969a,full|adult|IID|GuardFed-AD2+|S-DFA|rounds=70|seed=123|clients=20|malicious=4|epochs=1|batch=256|lr=0.005|opt=adam|root=0.05+0.05|serversamp=stratified_sensitive|serveralpha=None|synth=pca_gaussian|synth_epochs=50|sensfeat=0|agg=count|fflip=invert|rw=1|foe=state|sdfafoe=fedsa|spdfafoe=fedsa|fedsa_gain=1.75|fedsa_norm=2.0|fg=server_aeod|actfb=0.12|acttemp=0.8|actkeep=1.0|actmetric=aeod_aspd|actdrop=0.005|actrisk=0.1|actviol=0.02|ad2calw=1.0|ad2calb=0.06|ad2calt=0.03|ad2calq=41|ad2clip=5.0|ad2normclip=2.5|ad2accdrop=0.03|ad2calobj=original|ad2normmode=root|ad2uw=3.0|ad2cw=0.2|ad2aw=1.5|ad2plus=fixed|suite=server_generation_ablation|tag=real5_pca_gaussian_synth5
adult:real5_pca_gaussian_synth5,205,67fbab89a1f65194275418525459b5f8f10a7ccba66a922e3b05ed4a3fe1d6ad,full|adult|IID|GuardFed-AD2+|Sp-DFA|rounds=70|seed=123|clients=20|malicious=4|epochs=1|batch=256|lr=0.005|opt=adam|root=0.05+0.05|serversamp=stratified_sensitive|serveralpha=None|synth=pca_gaussian|synth_epochs=50|sensfeat=0|agg=count|fflip=invert|rw=1|foe=state|sdfafoe=fedsa|spdfafoe=fedsa|fedsa_gain=1.75|fedsa_norm=2.0|fg=server_aeod|actfb=0.12|acttemp=0.8|actkeep=1.0|actmetric=aeod_aspd|actdrop=0.005|actrisk=0.1|actviol=0.02|ad2calw=1.0|ad2calb=0.06|ad2calt=0.03|ad2calq=41|ad2clip=5.0|ad2normclip=2.5|ad2accdrop=0.03|ad2calobj=original|ad2normmode=root|ad2uw=3.0|ad2cw=0.2|ad2aw=1.5|ad2plus=fixed|suite=server_generation_ablation|tag=real5_pca_gaussian_synth5
adult:real5_pca_gaussian_synth5,206,63da367a5c4ec502b223828926a257e6a173d92944acf231986428cd7a81b152,full|adult|non-IID|GuardFed-AD2+|Benign|rounds=70|seed=123|clients=20|malicious=4|epochs=1|batch=256|lr=0.005|opt=adam|root=0.05+0.05|serversamp=stratified_sensitive|serveralpha=None|synth=pca_gaussian|synth_epochs=50|sensfeat=0|agg=count|fflip=invert|rw=1|foe=state|sdfafoe=fedsa|spdfafoe=fedsa|fedsa_gain=1.75|fedsa_norm=2.0|fg=server_aeod|actfb=0.12|acttemp=0.8|actkeep=1.0|actmetric=aeod_aspd|actdrop=0.005|actrisk=0.1|actviol=0.02|ad2calw=1.0|ad2calb=0.06|ad2calt=0.03|ad2calq=41|ad2clip=5.0|ad2normclip=2.5|ad2accdrop=0.03|ad2calobj=original|ad2normmode=root|ad2uw=3.0|ad2cw=0.2|ad2aw=1.5|ad2plus=fixed|suite=server_generation_ablation|tag=real5_pca_gaussian_synth5
adult:real5_pca_gaussian_synth5,207,604dd13161041038d4509ca148a933080e6fb447d8e02e7c4485b1d4a112bb54,full|adult|non-IID|GuardFed-AD2+|F Flip|rounds=70|seed=123|clients=20|malicious=4|epochs=1|batch=256|lr=0.005|opt=adam|root=0.05+0.05|serversamp=stratified_sensitive|serveralpha=None|synth=pca_gaussian|synth_epochs=50|sensfeat=0|agg=count|fflip=invert|rw=1|foe=state|sdfafoe=fedsa|spdfafoe=fedsa|fedsa_gain=1.75|fedsa_norm=2.0|fg=server_aeod|actfb=0.12|acttemp=0.8|actkeep=1.0|actmetric=aeod_aspd|actdrop=0.005|actrisk=0.1|actviol=0.02|ad2calw=1.0|ad2calb=0.06|ad2calt=0.03|ad2calq=41|ad2clip=5.0|ad2normclip=2.5|ad2accdrop=0.03|ad2calobj=original|ad2normmode=root|ad2uw=3.0|ad2cw=0.2|ad2aw=1.5|ad2plus=fixed|suite=server_generation_ablation|tag=real5_pca_gaussian_synth5
adult:real5_pca_gaussian_synth5,208,8681b610dadf29e82fbe862194980f74721d6c00ede262d477f481f3809b1224,full|adult|non-IID|GuardFed-AD2+|FedSA|rounds=70|seed=123|clients=20|malicious=4|epochs=1|batch=256|lr=0.005|opt=adam|root=0.05+0.05|serversamp=stratified_sensitive|serveralpha=None|synth=pca_gaussian|synth_epochs=50|sensfeat=0|agg=count|fflip=invert|rw=1|foe=state|sdfafoe=fedsa|spdfafoe=fedsa|fedsa_gain=1.75|fedsa_norm=2.0|fg=server_aeod|actfb=0.12|acttemp=0.8|actkeep=1.0|actmetric=aeod_aspd|actdrop=0.005|actrisk=0.1|actviol=0.02|ad2calw=1.0|ad2calb=0.06|ad2calt=0.03|ad2calq=41|ad2clip=5.0|ad2normclip=2.5|ad2accdrop=0.03|ad2calobj=original|ad2normmode=root|ad2uw=3.0|ad2cw=0.2|ad2aw=1.5|ad2plus=fixed|suite=server_generation_ablation|tag=real5_pca_gaussian_synth5
adult:real5_pca_gaussian_synth5,209,ebd0931fceed9a8595e0753d23c213dff58f66bd9bc61886062ada10b6d995c3,full|adult|non-IID|GuardFed-AD2+|S-DFA|rounds=70|seed=123|clients=20|malicious=4|epochs=1|batch=256|lr=0.005|opt=adam|root=0.05+0.05|serversamp=stratified_sensitive|serveralpha=None|synth=pca_gaussian|synth_epochs=50|sensfeat=0|agg=count|fflip=invert|rw=1|foe=state|sdfafoe=fedsa|spdfafoe=fedsa|fedsa_gain=1.75|fedsa_norm=2.0|fg=server_aeod|actfb=0.12|acttemp=0.8|actkeep=1.0|actmetric=aeod_aspd|actdrop=0.005|actrisk=0.1|actviol=0.02|ad2calw=1.0|ad2calb=0.06|ad2calt=0.03|ad2calq=41|ad2clip=5.0|ad2normclip=2.5|ad2accdrop=0.03|ad2calobj=original|ad2normmode=root|ad2uw=3.0|ad2cw=0.2|ad2aw=1.5|ad2plus=fixed|suite=server_generation_ablation|tag=real5_pca_gaussian_synth5
adult:real5_pca_gaussian_synth5,210,7832b5f78f55faf8070b8fc988932fdf44d9c5c796e808b4e092dfb742a6793b,full|adult|non-IID|GuardFed-AD2+|Sp-DFA|rounds=70|seed=123|clients=20|malicious=4|epochs=1|batch=256|lr=0.005|opt=adam|root=0.05+0.05|serversamp=stratified_sensitive|serveralpha=None|synth=pca_gaussian|synth_epochs=50|sensfeat=0|agg=count|fflip=invert|rw=1|foe=state|sdfafoe=fedsa|spdfafoe=fedsa|fedsa_gain=1.75|fedsa_norm=2.0|fg=server_aeod|actfb=0.12|acttemp=0.8|actkeep=1.0|actmetric=aeod_aspd|actdrop=0.005|actrisk=0.1|actviol=0.02|ad2calw=1.0|ad2calb=0.06|ad2calt=0.03|ad2calq=41|ad2clip=5.0|ad2normclip=2.5|ad2accdrop=0.03|ad2calobj=original|ad2normmode=root|ad2uw=3.0|ad2cw=0.2|ad2aw=1.5|ad2plus=fixed|suite=server_generation_ablation|tag=real5_pca_gaussian_synth5
adult:real5_smote_synth5,181,dde4c5816dc30b997464329279b75c09fcc789b46e4ccd07a0f87fde688ea823,full|adult|IID|GuardFed-AD2+|Benign|rounds=70|seed=123|clients=20|malicious=4|epochs=1|batch=256|lr=0.005|opt=adam|root=0.05+0.05|serversamp=stratified_sensitive|serveralpha=None|synth=smote|synth_epochs=50|sensfeat=0|agg=count|fflip=invert|rw=1|foe=state|sdfafoe=fedsa|spdfafoe=fedsa|fedsa_gain=1.75|fedsa_norm=2.0|fg=server_aeod|actfb=0.12|acttemp=0.8|actkeep=1.0|actmetric=aeod_aspd|actdrop=0.005|actrisk=0.1|actviol=0.02|ad2calw=1.0|ad2calb=0.06|ad2calt=0.03|ad2calq=41|ad2clip=5.0|ad2normclip=2.5|ad2accdrop=0.03|ad2calobj=original|ad2normmode=root|ad2uw=3.0|ad2cw=0.2|ad2aw=1.5|ad2plus=fixed|suite=server_generation_ablation|tag=real5_smote_synth5
adult:real5_smote_synth5,182,61c0b68eef59552ad7a61ea46ef6c1ddc133975f8c3f29a71a850d1a5151a6c3,full|adult|IID|GuardFed-AD2+|F Flip|rounds=70|seed=123|clients=20|malicious=4|epochs=1|batch=256|lr=0.005|opt=adam|root=0.05+0.05|serversamp=stratified_sensitive|serveralpha=None|synth=smote|synth_epochs=50|sensfeat=0|agg=count|fflip=invert|rw=1|foe=state|sdfafoe=fedsa|spdfafoe=fedsa|fedsa_gain=1.75|fedsa_norm=2.0|fg=server_aeod|actfb=0.12|acttemp=0.8|actkeep=1.0|actmetric=aeod_aspd|actdrop=0.005|actrisk=0.1|actviol=0.02|ad2calw=1.0|ad2calb=0.06|ad2calt=0.03|ad2calq=41|ad2clip=5.0|ad2normclip=2.5|ad2accdrop=0.03|ad2calobj=original|ad2normmode=root|ad2uw=3.0|ad2cw=0.2|ad2aw=1.5|ad2plus=fixed|suite=server_generation_ablation|tag=real5_smote_synth5
adult:real5_smote_synth5,183,8b2f9c74ffcd0eb9248e2b4750bc55023bacf064d5f3b5fdd9e3c14ed99f3284,full|adult|IID|GuardFed-AD2+|FedSA|rounds=70|seed=123|clients=20|malicious=4|epochs=1|batch=256|lr=0.005|opt=adam|root=0.05+0.05|serversamp=stratified_sensitive|serveralpha=None|synth=smote|synth_epochs=50|sensfeat=0|agg=count|fflip=invert|rw=1|foe=state|sdfafoe=fedsa|spdfafoe=fedsa|fedsa_gain=1.75|fedsa_norm=2.0|fg=server_aeod|actfb=0.12|acttemp=0.8|actkeep=1.0|actmetric=aeod_aspd|actdrop=0.005|actrisk=0.1|actviol=0.02|ad2calw=1.0|ad2calb=0.06|ad2calt=0.03|ad2calq=41|ad2clip=5.0|ad2normclip=2.5|ad2accdrop=0.03|ad2calobj=original|ad2normmode=root|ad2uw=3.0|ad2cw=0.2|ad2aw=1.5|ad2plus=fixed|suite=server_generation_ablation|tag=real5_smote_synth5
adult:real5_smote_synth5,184,caf39edb577dae819561fc0b17800bc5652ac551391e6ef2219f3614e5e7cf10,full|adult|IID|GuardFed-AD2+|S-DFA|rounds=70|seed=123|clients=20|malicious=4|epochs=1|batch=256|lr=0.005|opt=adam|root=0.05+0.05|serversamp=stratified_sensitive|serveralpha=None|synth=smote|synth_epochs=50|sensfeat=0|agg=count|fflip=invert|rw=1|foe=state|sdfafoe=fedsa|spdfafoe=fedsa|fedsa_gain=1.75|fedsa_norm=2.0|fg=server_aeod|actfb=0.12|acttemp=0.8|actkeep=1.0|actmetric=aeod_aspd|actdrop=0.005|actrisk=0.1|actviol=0.02|ad2calw=1.0|ad2calb=0.06|ad2calt=0.03|ad2calq=41|ad2clip=5.0|ad2normclip=2.5|ad2accdrop=0.03|ad2calobj=original|ad2normmode=root|ad2uw=3.0|ad2cw=0.2|ad2aw=1.5|ad2plus=fixed|suite=server_generation_ablation|tag=real5_smote_synth5
adult:real5_smote_synth5,185,589fa19863be316c006403ef46136fcb465008aeaeb7dc5e245b202606f60066,full|adult|IID|GuardFed-AD2+|Sp-DFA|rounds=70|seed=123|clients=20|malicious=4|epochs=1|batch=256|lr=0.005|opt=adam|root=0.05+0.05|serversamp=stratified_sensitive|serveralpha=None|synth=smote|synth_epochs=50|sensfeat=0|agg=count|fflip=invert|rw=1|foe=state|sdfafoe=fedsa|spdfafoe=fedsa|fedsa_gain=1.75|fedsa_norm=2.0|fg=server_aeod|actfb=0.12|acttemp=0.8|actkeep=1.0|actmetric=aeod_aspd|actdrop=0.005|actrisk=0.1|actviol=0.02|ad2calw=1.0|ad2calb=0.06|ad2calt=0.03|ad2calq=41|ad2clip=5.0|ad2normclip=2.5|ad2accdrop=0.03|ad2calobj=original|ad2normmode=root|ad2uw=3.0|ad2cw=0.2|ad2aw=1.5|ad2plus=fixed|suite=server_generation_ablation|tag=real5_smote_synth5
adult:real5_smote_synth5,186,2bd992f39af73b578a82bd41118119704fe26ba4c2813e53100897b554dede7e,full|adult|non-IID|GuardFed-AD2+|Benign|rounds=70|seed=123|clients=20|malicious=4|epochs=1|batch=256|lr=0.005|opt=adam|root=0.05+0.05|serversamp=stratified_sensitive|serveralpha=None|synth=smote|synth_epochs=50|sensfeat=0|agg=count|fflip=invert|rw=1|foe=state|sdfafoe=fedsa|spdfafoe=fedsa|fedsa_gain=1.75|fedsa_norm=2.0|fg=server_aeod|actfb=0.12|acttemp=0.8|actkeep=1.0|actmetric=aeod_aspd|actdrop=0.005|actrisk=0.1|actviol=0.02|ad2calw=1.0|ad2calb=0.06|ad2calt=0.03|ad2calq=41|ad2clip=5.0|ad2normclip=2.5|ad2accdrop=0.03|ad2calobj=original|ad2normmode=root|ad2uw=3.0|ad2cw=0.2|ad2aw=1.5|ad2plus=fixed|suite=server_generation_ablation|tag=real5_smote_synth5
adult:real5_smote_synth5,187,c95210d1012c50c75a88216f422a8d7a50c0cce9a76bde8ad65e5c6152f4a11c,full|adult|non-IID|GuardFed-AD2+|F Flip|rounds=70|seed=123|clients=20|malicious=4|epochs=1|batch=256|lr=0.005|opt=adam|root=0.05+0.05|serversamp=stratified_sensitive|serveralpha=None|synth=smote|synth_epochs=50|sensfeat=0|agg=count|fflip=invert|rw=1|foe=state|sdfafoe=fedsa|spdfafoe=fedsa|fedsa_gain=1.75|fedsa_norm=2.0|fg=server_aeod|actfb=0.12|acttemp=0.8|actkeep=1.0|actmetric=aeod_aspd|actdrop=0.005|actrisk=0.1|actviol=0.02|ad2calw=1.0|ad2calb=0.06|ad2calt=0.03|ad2calq=41|ad2clip=5.0|ad2normclip=2.5|ad2accdrop=0.03|ad2calobj=original|ad2normmode=root|ad2uw=3.0|ad2cw=0.2|ad2aw=1.5|ad2plus=fixed|suite=server_generation_ablation|tag=real5_smote_synth5
adult:real5_smote_synth5,188,12d74d0e83d1c267fe90969a774ed2684dbec53ad57e1c7fd298418a424008d6,full|adult|non-IID|GuardFed-AD2+|FedSA|rounds=70|seed=123|clients=20|malicious=4|epochs=1|batch=256|lr=0.005|opt=adam|root=0.05+0.05|serversamp=stratified_sensitive|serveralpha=None|synth=smote|synth_epochs=50|sensfeat=0|agg=count|fflip=invert|rw=1|foe=state|sdfafoe=fedsa|spdfafoe=fedsa|fedsa_gain=1.75|fedsa_norm=2.0|fg=server_aeod|actfb=0.12|acttemp=0.8|actkeep=1.0|actmetric=aeod_aspd|actdrop=0.005|actrisk=0.1|actviol=0.02|ad2calw=1.0|ad2calb=0.06|ad2calt=0.03|ad2calq=41|ad2clip=5.0|ad2normclip=2.5|ad2accdrop=0.03|ad2calobj=original|ad2normmode=root|ad2uw=3.0|ad2cw=0.2|ad2aw=1.5|ad2plus=fixed|suite=server_generation_ablation|tag=real5_smote_synth5
adult:real5_smote_synth5,189,fec3198c9fc8374cc55210aea95297c0c2a50abffd7692b1709eef2fb0ad3f80,full|adult|non-IID|GuardFed-AD2+|S-DFA|rounds=70|seed=123|clients=20|malicious=4|epochs=1|batch=256|lr=0.005|opt=adam|root=0.05+0.05|serversamp=stratified_sensitive|serveralpha=None|synth=smote|synth_epochs=50|sensfeat=0|agg=count|fflip=invert|rw=1|foe=state|sdfafoe=fedsa|spdfafoe=fedsa|fedsa_gain=1.75|fedsa_norm=2.0|fg=server_aeod|actfb=0.12|acttemp=0.8|actkeep=1.0|actmetric=aeod_aspd|actdrop=0.005|actrisk=0.1|actviol=0.02|ad2calw=1.0|ad2calb=0.06|ad2calt=0.03|ad2calq=41|ad2clip=5.0|ad2normclip=2.5|ad2accdrop=0.03|ad2calobj=original|ad2normmode=root|ad2uw=3.0|ad2cw=0.2|ad2aw=1.5|ad2plus=fixed|suite=server_generation_ablation|tag=real5_smote_synth5
adult:real5_smote_synth5,190,314a8ed77f53d0a97c22c923f47fa086628ba2d2f48b64dfdeaa76192d643e28,full|adult|non-IID|GuardFed-AD2+|Sp-DFA|rounds=70|seed=123|clients=20|malicious=4|epochs=1|batch=256|lr=0.005|opt=adam|root=0.05+0.05|serversamp=stratified_sensitive|serveralpha=None|synth=smote|synth_epochs=50|sensfeat=0|agg=count|fflip=invert|rw=1|foe=state|sdfafoe=fedsa|spdfafoe=fedsa|fedsa_gain=1.75|fedsa_norm=2.0|fg=server_aeod|actfb=0.12|acttemp=0.8|actkeep=1.0|actmetric=aeod_aspd|actdrop=0.005|actrisk=0.1|actviol=0.02|ad2calw=1.0|ad2calb=0.06|ad2calt=0.03|ad2calq=41|ad2clip=5.0|ad2normclip=2.5|ad2accdrop=0.03|ad2calobj=original|ad2normmode=root|ad2uw=3.0|ad2cw=0.2|ad2aw=1.5|ad2plus=fixed|suite=server_generation_ablation|tag=real5_smote_synth5
adult:real5_tvae_synth5,161,4f253278cc1fc8c1341a8cc97267c069967f17d1fe0ec1fbc758da4b06b04cbc,full|adult|IID|GuardFed-AD2+|Benign|rounds=70|seed=123|clients=20|malicious=4|epochs=1|batch=256|lr=0.005|opt=adam|root=0.05+0.05|serversamp=stratified_sensitive|serveralpha=None|synth=tvae|synth_epochs=50|sensfeat=0|agg=count|fflip=invert|rw=1|foe=state|sdfafoe=fedsa|spdfafoe=fedsa|fedsa_gain=1.75|fedsa_norm=2.0|fg=server_aeod|actfb=0.12|acttemp=0.8|actkeep=1.0|actmetric=aeod_aspd|actdrop=0.005|actrisk=0.1|actviol=0.02|ad2calw=1.0|ad2calb=0.06|ad2calt=0.03|ad2calq=41|ad2clip=5.0|ad2normclip=2.5|ad2accdrop=0.03|ad2calobj=original|ad2normmode=root|ad2uw=3.0|ad2cw=0.2|ad2aw=1.5|ad2plus=fixed|suite=server_generation_ablation|tag=real5_tvae_synth5
adult:real5_tvae_synth5,162,3941d7191b769fa6da67dc70a91bea2ce1df9743615a2aaa26ac101e91415c1d,full|adult|IID|GuardFed-AD2+|F Flip|rounds=70|seed=123|clients=20|malicious=4|epochs=1|batch=256|lr=0.005|opt=adam|root=0.05+0.05|serversamp=stratified_sensitive|serveralpha=None|synth=tvae|synth_epochs=50|sensfeat=0|agg=count|fflip=invert|rw=1|foe=state|sdfafoe=fedsa|spdfafoe=fedsa|fedsa_gain=1.75|fedsa_norm=2.0|fg=server_aeod|actfb=0.12|acttemp=0.8|actkeep=1.0|actmetric=aeod_aspd|actdrop=0.005|actrisk=0.1|actviol=0.02|ad2calw=1.0|ad2calb=0.06|ad2calt=0.03|ad2calq=41|ad2clip=5.0|ad2normclip=2.5|ad2accdrop=0.03|ad2calobj=original|ad2normmode=root|ad2uw=3.0|ad2cw=0.2|ad2aw=1.5|ad2plus=fixed|suite=server_generation_ablation|tag=real5_tvae_synth5
adult:real5_tvae_synth5,163,3bf23d004082f021f077c09beb8ff57db631db92120b791a9a5697e8b89215b8,full|adult|IID|GuardFed-AD2+|FedSA|rounds=70|seed=123|clients=20|malicious=4|epochs=1|batch=256|lr=0.005|opt=adam|root=0.05+0.05|serversamp=stratified_sensitive|serveralpha=None|synth=tvae|synth_epochs=50|sensfeat=0|agg=count|fflip=invert|rw=1|foe=state|sdfafoe=fedsa|spdfafoe=fedsa|fedsa_gain=1.75|fedsa_norm=2.0|fg=server_aeod|actfb=0.12|acttemp=0.8|actkeep=1.0|actmetric=aeod_aspd|actdrop=0.005|actrisk=0.1|actviol=0.02|ad2calw=1.0|ad2calb=0.06|ad2calt=0.03|ad2calq=41|ad2clip=5.0|ad2normclip=2.5|ad2accdrop=0.03|ad2calobj=original|ad2normmode=root|ad2uw=3.0|ad2cw=0.2|ad2aw=1.5|ad2plus=fixed|suite=server_generation_ablation|tag=real5_tvae_synth5
adult:real5_tvae_synth5,164,5e46f0d8321704ad3da1f4ce7a5b1428073ed541f60a6fc2f6b57a343227ba45,full|adult|IID|GuardFed-AD2+|S-DFA|rounds=70|seed=123|clients=20|malicious=4|epochs=1|batch=256|lr=0.005|opt=adam|root=0.05+0.05|serversamp=stratified_sensitive|serveralpha=None|synth=tvae|synth_epochs=50|sensfeat=0|agg=count|fflip=invert|rw=1|foe=state|sdfafoe=fedsa|spdfafoe=fedsa|fedsa_gain=1.75|fedsa_norm=2.0|fg=server_aeod|actfb=0.12|acttemp=0.8|actkeep=1.0|actmetric=aeod_aspd|actdrop=0.005|actrisk=0.1|actviol=0.02|ad2calw=1.0|ad2calb=0.06|ad2calt=0.03|ad2calq=41|ad2clip=5.0|ad2normclip=2.5|ad2accdrop=0.03|ad2calobj=original|ad2normmode=root|ad2uw=3.0|ad2cw=0.2|ad2aw=1.5|ad2plus=fixed|suite=server_generation_ablation|tag=real5_tvae_synth5
adult:real5_tvae_synth5,165,6276e59aa51ab11ccc5513255740b3d4780ba6350faf756d1be3501cd4e818d3,full|adult|IID|GuardFed-AD2+|Sp-DFA|rounds=70|seed=123|clients=20|malicious=4|epochs=1|batch=256|lr=0.005|opt=adam|root=0.05+0.05|serversamp=stratified_sensitive|serveralpha=None|synth=tvae|synth_epochs=50|sensfeat=0|agg=count|fflip=invert|rw=1|foe=state|sdfafoe=fedsa|spdfafoe=fedsa|fedsa_gain=1.75|fedsa_norm=2.0|fg=server_aeod|actfb=0.12|acttemp=0.8|actkeep=1.0|actmetric=aeod_aspd|actdrop=0.005|actrisk=0.1|actviol=0.02|ad2calw=1.0|ad2calb=0.06|ad2calt=0.03|ad2calq=41|ad2clip=5.0|ad2normclip=2.5|ad2accdrop=0.03|ad2calobj=original|ad2normmode=root|ad2uw=3.0|ad2cw=0.2|ad2aw=1.5|ad2plus=fixed|suite=server_generation_ablation|tag=real5_tvae_synth5
adult:real5_tvae_synth5,166,b7b2a0633e087b6642b333494db0823cf2c0df8f5aa0573d054e786167adabd6,full|adult|non-IID|GuardFed-AD2+|Benign|rounds=70|seed=123|clients=20|malicious=4|epochs=1|batch=256|lr=0.005|opt=adam|root=0.05+0.05|serversamp=stratified_sensitive|serveralpha=None|synth=tvae|synth_epochs=50|sensfeat=0|agg=count|fflip=invert|rw=1|foe=state|sdfafoe=fedsa|spdfafoe=fedsa|fedsa_gain=1.75|fedsa_norm=2.0|fg=server_aeod|actfb=0.12|acttemp=0.8|actkeep=1.0|actmetric=aeod_aspd|actdrop=0.005|actrisk=0.1|actviol=0.02|ad2calw=1.0|ad2calb=0.06|ad2calt=0.03|ad2calq=41|ad2clip=5.0|ad2normclip=2.5|ad2accdrop=0.03|ad2calobj=original|ad2normmode=root|ad2uw=3.0|ad2cw=0.2|ad2aw=1.5|ad2plus=fixed|suite=server_generation_ablation|tag=real5_tvae_synth5
adult:real5_tvae_synth5,167,1f345a6489f4b53f577df6d3154b231ef0bbc7a2dfcc0332e11cf4621fac1d40,full|adult|non-IID|GuardFed-AD2+|F Flip|rounds=70|seed=123|clients=20|malicious=4|epochs=1|batch=256|lr=0.005|opt=adam|root=0.05+0.05|serversamp=stratified_sensitive|serveralpha=None|synth=tvae|synth_epochs=50|sensfeat=0|agg=count|fflip=invert|rw=1|foe=state|sdfafoe=fedsa|spdfafoe=fedsa|fedsa_gain=1.75|fedsa_norm=2.0|fg=server_aeod|actfb=0.12|acttemp=0.8|actkeep=1.0|actmetric=aeod_aspd|actdrop=0.005|actrisk=0.1|actviol=0.02|ad2calw=1.0|ad2calb=0.06|ad2calt=0.03|ad2calq=41|ad2clip=5.0|ad2normclip=2.5|ad2accdrop=0.03|ad2calobj=original|ad2normmode=root|ad2uw=3.0|ad2cw=0.2|ad2aw=1.5|ad2plus=fixed|suite=server_generation_ablation|tag=real5_tvae_synth5
adult:real5_tvae_synth5,168,92766cf44ef0a556a309f03401792a61af80a9472173dc08a8ea621fdf8fbbef,full|adult|non-IID|GuardFed-AD2+|FedSA|rounds=70|seed=123|clients=20|malicious=4|epochs=1|batch=256|lr=0.005|opt=adam|root=0.05+0.05|serversamp=stratified_sensitive|serveralpha=None|synth=tvae|synth_epochs=50|sensfeat=0|agg=count|fflip=invert|rw=1|foe=state|sdfafoe=fedsa|spdfafoe=fedsa|fedsa_gain=1.75|fedsa_norm=2.0|fg=server_aeod|actfb=0.12|acttemp=0.8|actkeep=1.0|actmetric=aeod_aspd|actdrop=0.005|actrisk=0.1|actviol=0.02|ad2calw=1.0|ad2calb=0.06|ad2calt=0.03|ad2calq=41|ad2clip=5.0|ad2normclip=2.5|ad2accdrop=0.03|ad2calobj=original|ad2normmode=root|ad2uw=3.0|ad2cw=0.2|ad2aw=1.5|ad2plus=fixed|suite=server_generation_ablation|tag=real5_tvae_synth5
adult:real5_tvae_synth5,169,84a49e454a51b607e3306b01d78b09e92a45f34f3bb167d8c0b55690afc3d118,full|adult|non-IID|GuardFed-AD2+|S-DFA|rounds=70|seed=123|clients=20|malicious=4|epochs=1|batch=256|lr=0.005|opt=adam|root=0.05+0.05|serversamp=stratified_sensitive|serveralpha=None|synth=tvae|synth_epochs=50|sensfeat=0|agg=count|fflip=invert|rw=1|foe=state|sdfafoe=fedsa|spdfafoe=fedsa|fedsa_gain=1.75|fedsa_norm=2.0|fg=server_aeod|actfb=0.12|acttemp=0.8|actkeep=1.0|actmetric=aeod_aspd|actdrop=0.005|actrisk=0.1|actviol=0.02|ad2calw=1.0|ad2calb=0.06|ad2calt=0.03|ad2calq=41|ad2clip=5.0|ad2normclip=2.5|ad2accdrop=0.03|ad2calobj=original|ad2normmode=root|ad2uw=3.0|ad2cw=0.2|ad2aw=1.5|ad2plus=fixed|suite=server_generation_ablation|tag=real5_tvae_synth5
adult:real5_tvae_synth5,170,d70c8f5ed5d1310c7558542a36520eb582a5033052582a111bfe1c9bae42c990,full|adult|non-IID|GuardFed-AD2+|Sp-DFA|rounds=70|seed=123|clients=20|malicious=4|epochs=1|batch=256|lr=0.005|opt=adam|root=0.05+0.05|serversamp=stratified_sensitive|serveralpha=None|synth=tvae|synth_epochs=50|sensfeat=0|agg=count|fflip=invert|rw=1|foe=state|sdfafoe=fedsa|spdfafoe=fedsa|fedsa_gain=1.75|fedsa_norm=2.0|fg=server_aeod|actfb=0.12|acttemp=0.8|actkeep=1.0|actmetric=aeod_aspd|actdrop=0.005|actrisk=0.1|actviol=0.02|ad2calw=1.0|ad2calb=0.06|ad2calt=0.03|ad2calq=41|ad2clip=5.0|ad2normclip=2.5|ad2accdrop=0.03|ad2calobj=original|ad2normmode=root|ad2uw=3.0|ad2cw=0.2|ad2aw=1.5|ad2plus=fixed|suite=server_generation_ablation|tag=real5_tvae_synth5
compas:real10_none,11,18ce1e6552b1725460901cd760d65582537185fcd5ae52c259f13915fce5a723,full|compas|IID|GuardFed-AD2+|Benign|rounds=70|seed=123|clients=20|malicious=4|epochs=1|batch=256|lr=0.005|opt=adam|root=0.1+0.0|serversamp=stratified_sensitive|serveralpha=None|synth=none|synth_epochs=50|sensfeat=0|agg=count|fflip=invert|rw=1|foe=state|sdfafoe=fedsa|spdfafoe=fedsa|fedsa_gain=1.75|fedsa_norm=2.0|fg=server_aeod|actfb=0.12|acttemp=0.8|actkeep=1.0|actmetric=aeod_aspd|actdrop=0.005|actrisk=0.1|actviol=0.02|ad2calw=1.0|ad2calb=0.06|ad2calt=0.03|ad2calq=41|ad2clip=5.0|ad2normclip=2.5|ad2accdrop=0.03|ad2calobj=original|ad2normmode=root|ad2uw=3.0|ad2cw=0.2|ad2aw=1.5|ad2plus=fixed|suite=server_generation_ablation|tag=real10_none
compas:real10_none,12,38102546ef3c9244a301ad613e9a17c5c04b524c0d6c7e08c45eaae712a182d1,full|compas|IID|GuardFed-AD2+|F Flip|rounds=70|seed=123|clients=20|malicious=4|epochs=1|batch=256|lr=0.005|opt=adam|root=0.1+0.0|serversamp=stratified_sensitive|serveralpha=None|synth=none|synth_epochs=50|sensfeat=0|agg=count|fflip=invert|rw=1|foe=state|sdfafoe=fedsa|spdfafoe=fedsa|fedsa_gain=1.75|fedsa_norm=2.0|fg=server_aeod|actfb=0.12|acttemp=0.8|actkeep=1.0|actmetric=aeod_aspd|actdrop=0.005|actrisk=0.1|actviol=0.02|ad2calw=1.0|ad2calb=0.06|ad2calt=0.03|ad2calq=41|ad2clip=5.0|ad2normclip=2.5|ad2accdrop=0.03|ad2calobj=original|ad2normmode=root|ad2uw=3.0|ad2cw=0.2|ad2aw=1.5|ad2plus=fixed|suite=server_generation_ablation|tag=real10_none
compas:real10_none,13,06f5f4637b28061e531f25f589aac7f6da066c4a311aae4857b7a926f3d40a01,full|compas|IID|GuardFed-AD2+|FedSA|rounds=70|seed=123|clients=20|malicious=4|epochs=1|batch=256|lr=0.005|opt=adam|root=0.1+0.0|serversamp=stratified_sensitive|serveralpha=None|synth=none|synth_epochs=50|sensfeat=0|agg=count|fflip=invert|rw=1|foe=state|sdfafoe=fedsa|spdfafoe=fedsa|fedsa_gain=1.75|fedsa_norm=2.0|fg=server_aeod|actfb=0.12|acttemp=0.8|actkeep=1.0|actmetric=aeod_aspd|actdrop=0.005|actrisk=0.1|actviol=0.02|ad2calw=1.0|ad2calb=0.06|ad2calt=0.03|ad2calq=41|ad2clip=5.0|ad2normclip=2.5|ad2accdrop=0.03|ad2calobj=original|ad2normmode=root|ad2uw=3.0|ad2cw=0.2|ad2aw=1.5|ad2plus=fixed|suite=server_generation_ablation|tag=real10_none
compas:real10_none,14,c6f221dde48458df9ae042e6167d886e7c2b62de1b8de91cfae93a622c247a07,full|compas|IID|GuardFed-AD2+|S-DFA|rounds=70|seed=123|clients=20|malicious=4|epochs=1|batch=256|lr=0.005|opt=adam|root=0.1+0.0|serversamp=stratified_sensitive|serveralpha=None|synth=none|synth_epochs=50|sensfeat=0|agg=count|fflip=invert|rw=1|foe=state|sdfafoe=fedsa|spdfafoe=fedsa|fedsa_gain=1.75|fedsa_norm=2.0|fg=server_aeod|actfb=0.12|acttemp=0.8|actkeep=1.0|actmetric=aeod_aspd|actdrop=0.005|actrisk=0.1|actviol=0.02|ad2calw=1.0|ad2calb=0.06|ad2calt=0.03|ad2calq=41|ad2clip=5.0|ad2normclip=2.5|ad2accdrop=0.03|ad2calobj=original|ad2normmode=root|ad2uw=3.0|ad2cw=0.2|ad2aw=1.5|ad2plus=fixed|suite=server_generation_ablation|tag=real10_none
compas:real10_none,15,79d1163199d00544f1645bc67841d92aac7ed0d44ab86d300efed16de445b8c3,full|compas|IID|GuardFed-AD2+|Sp-DFA|rounds=70|seed=123|clients=20|malicious=4|epochs=1|batch=256|lr=0.005|opt=adam|root=0.1+0.0|serversamp=stratified_sensitive|serveralpha=None|synth=none|synth_epochs=50|sensfeat=0|agg=count|fflip=invert|rw=1|foe=state|sdfafoe=fedsa|spdfafoe=fedsa|fedsa_gain=1.75|fedsa_norm=2.0|fg=server_aeod|actfb=0.12|acttemp=0.8|actkeep=1.0|actmetric=aeod_aspd|actdrop=0.005|actrisk=0.1|actviol=0.02|ad2calw=1.0|ad2calb=0.06|ad2calt=0.03|ad2calq=41|ad2clip=5.0|ad2normclip=2.5|ad2accdrop=0.03|ad2calobj=original|ad2normmode=root|ad2uw=3.0|ad2cw=0.2|ad2aw=1.5|ad2plus=fixed|suite=server_generation_ablation|tag=real10_none
compas:real10_none,16,3c56abf12893bb242d10d7455e8093cc99b85ac64a7953924a5e83da29d58b71,full|compas|non-IID|GuardFed-AD2+|Benign|rounds=70|seed=123|clients=20|malicious=4|epochs=1|batch=256|lr=0.005|opt=adam|root=0.1+0.0|serversamp=stratified_sensitive|serveralpha=None|synth=none|synth_epochs=50|sensfeat=0|agg=count|fflip=invert|rw=1|foe=state|sdfafoe=fedsa|spdfafoe=fedsa|fedsa_gain=1.75|fedsa_norm=2.0|fg=server_aeod|actfb=0.12|acttemp=0.8|actkeep=1.0|actmetric=aeod_aspd|actdrop=0.005|actrisk=0.1|actviol=0.02|ad2calw=1.0|ad2calb=0.06|ad2calt=0.03|ad2calq=41|ad2clip=5.0|ad2normclip=2.5|ad2accdrop=0.03|ad2calobj=original|ad2normmode=root|ad2uw=3.0|ad2cw=0.2|ad2aw=1.5|ad2plus=fixed|suite=server_generation_ablation|tag=real10_none
compas:real10_none,17,ad9ff56a1f4bce78f0e6523e12646e172498241181bf18d1662e39dafade6bce,full|compas|non-IID|GuardFed-AD2+|F Flip|rounds=70|seed=123|clients=20|malicious=4|epochs=1|batch=256|lr=0.005|opt=adam|root=0.1+0.0|serversamp=stratified_sensitive|serveralpha=None|synth=none|synth_epochs=50|sensfeat=0|agg=count|fflip=invert|rw=1|foe=state|sdfafoe=fedsa|spdfafoe=fedsa|fedsa_gain=1.75|fedsa_norm=2.0|fg=server_aeod|actfb=0.12|acttemp=0.8|actkeep=1.0|actmetric=aeod_aspd|actdrop=0.005|actrisk=0.1|actviol=0.02|ad2calw=1.0|ad2calb=0.06|ad2calt=0.03|ad2calq=41|ad2clip=5.0|ad2normclip=2.5|ad2accdrop=0.03|ad2calobj=original|ad2normmode=root|ad2uw=3.0|ad2cw=0.2|ad2aw=1.5|ad2plus=fixed|suite=server_generation_ablation|tag=real10_none
compas:real10_none,18,595bdd7a87f94baa02141fce8a88a92a98f92cf21157f9fecc2597de95c02022,full|compas|non-IID|GuardFed-AD2+|FedSA|rounds=70|seed=123|clients=20|malicious=4|epochs=1|batch=256|lr=0.005|opt=adam|root=0.1+0.0|serversamp=stratified_sensitive|serveralpha=None|synth=none|synth_epochs=50|sensfeat=0|agg=count|fflip=invert|rw=1|foe=state|sdfafoe=fedsa|spdfafoe=fedsa|fedsa_gain=1.75|fedsa_norm=2.0|fg=server_aeod|actfb=0.12|acttemp=0.8|actkeep=1.0|actmetric=aeod_aspd|actdrop=0.005|actrisk=0.1|actviol=0.02|ad2calw=1.0|ad2calb=0.06|ad2calt=0.03|ad2calq=41|ad2clip=5.0|ad2normclip=2.5|ad2accdrop=0.03|ad2calobj=original|ad2normmode=root|ad2uw=3.0|ad2cw=0.2|ad2aw=1.5|ad2plus=fixed|suite=server_generation_ablation|tag=real10_none
compas:real10_none,19,a854765115a1af72d3b8075d0454dfd9a61d4fb179b3363ae9b99fcd690ad3b5,full|compas|non-IID|GuardFed-AD2+|S-DFA|rounds=70|seed=123|clients=20|malicious=4|epochs=1|batch=256|lr=0.005|opt=adam|root=0.1+0.0|serversamp=stratified_sensitive|serveralpha=None|synth=none|synth_epochs=50|sensfeat=0|agg=count|fflip=invert|rw=1|foe=state|sdfafoe=fedsa|spdfafoe=fedsa|fedsa_gain=1.75|fedsa_norm=2.0|fg=server_aeod|actfb=0.12|acttemp=0.8|actkeep=1.0|actmetric=aeod_aspd|actdrop=0.005|actrisk=0.1|actviol=0.02|ad2calw=1.0|ad2calb=0.06|ad2calt=0.03|ad2calq=41|ad2clip=5.0|ad2normclip=2.5|ad2accdrop=0.03|ad2calobj=original|ad2normmode=root|ad2uw=3.0|ad2cw=0.2|ad2aw=1.5|ad2plus=fixed|suite=server_generation_ablation|tag=real10_none
compas:real10_none,20,6d986069bcc7710315619a0f80f47a38f9c7d3f2ac0f6b8258639ef80b7e7182,full|compas|non-IID|GuardFed-AD2+|Sp-DFA|rounds=70|seed=123|clients=20|malicious=4|epochs=1|batch=256|lr=0.005|opt=adam|root=0.1+0.0|serversamp=stratified_sensitive|serveralpha=None|synth=none|synth_epochs=50|sensfeat=0|agg=count|fflip=invert|rw=1|foe=state|sdfafoe=fedsa|spdfafoe=fedsa|fedsa_gain=1.75|fedsa_norm=2.0|fg=server_aeod|actfb=0.12|acttemp=0.8|actkeep=1.0|actmetric=aeod_aspd|actdrop=0.005|actrisk=0.1|actviol=0.02|ad2calw=1.0|ad2calb=0.06|ad2calt=0.03|ad2calq=41|ad2clip=5.0|ad2normclip=2.5|ad2accdrop=0.03|ad2calobj=original|ad2normmode=root|ad2uw=3.0|ad2cw=0.2|ad2aw=1.5|ad2plus=fixed|suite=server_generation_ablation|tag=real10_none
compas:real1_ctgan_synth9,51,3dd0fa0641380ed32645b674c8dcfe4dff7c28b0a7c29bdd678d8683f868d275,full|compas|IID|GuardFed-AD2+|Benign|rounds=70|seed=123|clients=20|malicious=4|epochs=1|batch=256|lr=0.005|opt=adam|root=0.01+0.09|serversamp=stratified_sensitive|serveralpha=None|synth=ctgan|synth_epochs=50|sensfeat=0|agg=count|fflip=invert|rw=1|foe=state|sdfafoe=fedsa|spdfafoe=fedsa|fedsa_gain=1.75|fedsa_norm=2.0|fg=server_aeod|actfb=0.12|acttemp=0.8|actkeep=1.0|actmetric=aeod_aspd|actdrop=0.005|actrisk=0.1|actviol=0.02|ad2calw=1.0|ad2calb=0.06|ad2calt=0.03|ad2calq=41|ad2clip=5.0|ad2normclip=2.5|ad2accdrop=0.03|ad2calobj=original|ad2normmode=root|ad2uw=3.0|ad2cw=0.2|ad2aw=1.5|ad2plus=fixed|suite=server_generation_ablation|tag=real1_ctgan_synth9
compas:real1_ctgan_synth9,52,f727eef2cea8a916e96874f74eeecddd79f56a742f5400deacabad1d00e37b89,full|compas|IID|GuardFed-AD2+|F Flip|rounds=70|seed=123|clients=20|malicious=4|epochs=1|batch=256|lr=0.005|opt=adam|root=0.01+0.09|serversamp=stratified_sensitive|serveralpha=None|synth=ctgan|synth_epochs=50|sensfeat=0|agg=count|fflip=invert|rw=1|foe=state|sdfafoe=fedsa|spdfafoe=fedsa|fedsa_gain=1.75|fedsa_norm=2.0|fg=server_aeod|actfb=0.12|acttemp=0.8|actkeep=1.0|actmetric=aeod_aspd|actdrop=0.005|actrisk=0.1|actviol=0.02|ad2calw=1.0|ad2calb=0.06|ad2calt=0.03|ad2calq=41|ad2clip=5.0|ad2normclip=2.5|ad2accdrop=0.03|ad2calobj=original|ad2normmode=root|ad2uw=3.0|ad2cw=0.2|ad2aw=1.5|ad2plus=fixed|suite=server_generation_ablation|tag=real1_ctgan_synth9
compas:real1_ctgan_synth9,53,bae161ad8ba4d583c5fad61ecb83110cc5138a82ae5170f4d16e6b3889f3c8a7,full|compas|IID|GuardFed-AD2+|FedSA|rounds=70|seed=123|clients=20|malicious=4|epochs=1|batch=256|lr=0.005|opt=adam|root=0.01+0.09|serversamp=stratified_sensitive|serveralpha=None|synth=ctgan|synth_epochs=50|sensfeat=0|agg=count|fflip=invert|rw=1|foe=state|sdfafoe=fedsa|spdfafoe=fedsa|fedsa_gain=1.75|fedsa_norm=2.0|fg=server_aeod|actfb=0.12|acttemp=0.8|actkeep=1.0|actmetric=aeod_aspd|actdrop=0.005|actrisk=0.1|actviol=0.02|ad2calw=1.0|ad2calb=0.06|ad2calt=0.03|ad2calq=41|ad2clip=5.0|ad2normclip=2.5|ad2accdrop=0.03|ad2calobj=original|ad2normmode=root|ad2uw=3.0|ad2cw=0.2|ad2aw=1.5|ad2plus=fixed|suite=server_generation_ablation|tag=real1_ctgan_synth9
compas:real1_ctgan_synth9,54,352386637aab66d253d6299ea5dccf27f2f69b32f1a2ce781fbd14290a81dd0a,full|compas|IID|GuardFed-AD2+|S-DFA|rounds=70|seed=123|clients=20|malicious=4|epochs=1|batch=256|lr=0.005|opt=adam|root=0.01+0.09|serversamp=stratified_sensitive|serveralpha=None|synth=ctgan|synth_epochs=50|sensfeat=0|agg=count|fflip=invert|rw=1|foe=state|sdfafoe=fedsa|spdfafoe=fedsa|fedsa_gain=1.75|fedsa_norm=2.0|fg=server_aeod|actfb=0.12|acttemp=0.8|actkeep=1.0|actmetric=aeod_aspd|actdrop=0.005|actrisk=0.1|actviol=0.02|ad2calw=1.0|ad2calb=0.06|ad2calt=0.03|ad2calq=41|ad2clip=5.0|ad2normclip=2.5|ad2accdrop=0.03|ad2calobj=original|ad2normmode=root|ad2uw=3.0|ad2cw=0.2|ad2aw=1.5|ad2plus=fixed|suite=server_generation_ablation|tag=real1_ctgan_synth9
compas:real1_ctgan_synth9,55,0fba66dc0f20c27ac680efc4c5a636041c9a7c193c9507a337fa1a5c1c9b248c,full|compas|IID|GuardFed-AD2+|Sp-DFA|rounds=70|seed=123|clients=20|malicious=4|epochs=1|batch=256|lr=0.005|opt=adam|root=0.01+0.09|serversamp=stratified_sensitive|serveralpha=None|synth=ctgan|synth_epochs=50|sensfeat=0|agg=count|fflip=invert|rw=1|foe=state|sdfafoe=fedsa|spdfafoe=fedsa|fedsa_gain=1.75|fedsa_norm=2.0|fg=server_aeod|actfb=0.12|acttemp=0.8|actkeep=1.0|actmetric=aeod_aspd|actdrop=0.005|actrisk=0.1|actviol=0.02|ad2calw=1.0|ad2calb=0.06|ad2calt=0.03|ad2calq=41|ad2clip=5.0|ad2normclip=2.5|ad2accdrop=0.03|ad2calobj=original|ad2normmode=root|ad2uw=3.0|ad2cw=0.2|ad2aw=1.5|ad2plus=fixed|suite=server_generation_ablation|tag=real1_ctgan_synth9
compas:real1_ctgan_synth9,56,14b26f7367960a65dceb30377ec6aad2d4211797749b54bfe6007460cd33b3ff,full|compas|non-IID|GuardFed-AD2+|Benign|rounds=70|seed=123|clients=20|malicious=4|epochs=1|batch=256|lr=0.005|opt=adam|root=0.01+0.09|serversamp=stratified_sensitive|serveralpha=None|synth=ctgan|synth_epochs=50|sensfeat=0|agg=count|fflip=invert|rw=1|foe=state|sdfafoe=fedsa|spdfafoe=fedsa|fedsa_gain=1.75|fedsa_norm=2.0|fg=server_aeod|actfb=0.12|acttemp=0.8|actkeep=1.0|actmetric=aeod_aspd|actdrop=0.005|actrisk=0.1|actviol=0.02|ad2calw=1.0|ad2calb=0.06|ad2calt=0.03|ad2calq=41|ad2clip=5.0|ad2normclip=2.5|ad2accdrop=0.03|ad2calobj=original|ad2normmode=root|ad2uw=3.0|ad2cw=0.2|ad2aw=1.5|ad2plus=fixed|suite=server_generation_ablation|tag=real1_ctgan_synth9
compas:real1_ctgan_synth9,57,915188af753e2d080d1226b0a7592c61be802747f182e662d63291a641d507ff,full|compas|non-IID|GuardFed-AD2+|F Flip|rounds=70|seed=123|clients=20|malicious=4|epochs=1|batch=256|lr=0.005|opt=adam|root=0.01+0.09|serversamp=stratified_sensitive|serveralpha=None|synth=ctgan|synth_epochs=50|sensfeat=0|agg=count|fflip=invert|rw=1|foe=state|sdfafoe=fedsa|spdfafoe=fedsa|fedsa_gain=1.75|fedsa_norm=2.0|fg=server_aeod|actfb=0.12|acttemp=0.8|actkeep=1.0|actmetric=aeod_aspd|actdrop=0.005|actrisk=0.1|actviol=0.02|ad2calw=1.0|ad2calb=0.06|ad2calt=0.03|ad2calq=41|ad2clip=5.0|ad2normclip=2.5|ad2accdrop=0.03|ad2calobj=original|ad2normmode=root|ad2uw=3.0|ad2cw=0.2|ad2aw=1.5|ad2plus=fixed|suite=server_generation_ablation|tag=real1_ctgan_synth9
compas:real1_ctgan_synth9,58,5c0b1a9d932e95256005f24bb12f86b007baa92603f50088dab827dabbeb2d6d,full|compas|non-IID|GuardFed-AD2+|FedSA|rounds=70|seed=123|clients=20|malicious=4|epochs=1|batch=256|lr=0.005|opt=adam|root=0.01+0.09|serversamp=stratified_sensitive|serveralpha=None|synth=ctgan|synth_epochs=50|sensfeat=0|agg=count|fflip=invert|rw=1|foe=state|sdfafoe=fedsa|spdfafoe=fedsa|fedsa_gain=1.75|fedsa_norm=2.0|fg=server_aeod|actfb=0.12|acttemp=0.8|actkeep=1.0|actmetric=aeod_aspd|actdrop=0.005|actrisk=0.1|actviol=0.02|ad2calw=1.0|ad2calb=0.06|ad2calt=0.03|ad2calq=41|ad2clip=5.0|ad2normclip=2.5|ad2accdrop=0.03|ad2calobj=original|ad2normmode=root|ad2uw=3.0|ad2cw=0.2|ad2aw=1.5|ad2plus=fixed|suite=server_generation_ablation|tag=real1_ctgan_synth9
compas:real1_ctgan_synth9,59,59d14dd76fae9ffcf37da7943635bc8c063a54dde2aa6058cd835abdf1a47242,full|compas|non-IID|GuardFed-AD2+|S-DFA|rounds=70|seed=123|clients=20|malicious=4|epochs=1|batch=256|lr=0.005|opt=adam|root=0.01+0.09|serversamp=stratified_sensitive|serveralpha=None|synth=ctgan|synth_epochs=50|sensfeat=0|agg=count|fflip=invert|rw=1|foe=state|sdfafoe=fedsa|spdfafoe=fedsa|fedsa_gain=1.75|fedsa_norm=2.0|fg=server_aeod|actfb=0.12|acttemp=0.8|actkeep=1.0|actmetric=aeod_aspd|actdrop=0.005|actrisk=0.1|actviol=0.02|ad2calw=1.0|ad2calb=0.06|ad2calt=0.03|ad2calq=41|ad2clip=5.0|ad2normclip=2.5|ad2accdrop=0.03|ad2calobj=original|ad2normmode=root|ad2uw=3.0|ad2cw=0.2|ad2aw=1.5|ad2plus=fixed|suite=server_generation_ablation|tag=real1_ctgan_synth9
compas:real1_ctgan_synth9,60,41dd5ed8a06dcf1b4cbacc7656f7c845b8a7616cb88693aa5646f2d12da810c0,full|compas|non-IID|GuardFed-AD2+|Sp-DFA|rounds=70|seed=123|clients=20|malicious=4|epochs=1|batch=256|lr=0.005|opt=adam|root=0.01+0.09|serversamp=stratified_sensitive|serveralpha=None|synth=ctgan|synth_epochs=50|sensfeat=0|agg=count|fflip=invert|rw=1|foe=state|sdfafoe=fedsa|spdfafoe=fedsa|fedsa_gain=1.75|fedsa_norm=2.0|fg=server_aeod|actfb=0.12|acttemp=0.8|actkeep=1.0|actmetric=aeod_aspd|actdrop=0.005|actrisk=0.1|actviol=0.02|ad2calw=1.0|ad2calb=0.06|ad2calt=0.03|ad2calq=41|ad2clip=5.0|ad2normclip=2.5|ad2accdrop=0.03|ad2calobj=original|ad2normmode=root|ad2uw=3.0|ad2cw=0.2|ad2aw=1.5|ad2plus=fixed|suite=server_generation_ablation|tag=real1_ctgan_synth9
compas:real1_forest_diffusion_synth9,231,3fe3a33ed52d2a31565805f2ca4248f5570eacdf5188afef0e7c8e604118a947,full|compas|IID|GuardFed-AD2+|Benign|rounds=70|seed=123|clients=20|malicious=4|epochs=1|batch=256|lr=0.005|opt=adam|root=0.01+0.09|serversamp=stratified_sensitive|serveralpha=None|synth=forest_diffusion|synth_epochs=50|sensfeat=0|agg=count|fflip=invert|rw=1|foe=state|sdfafoe=fedsa|spdfafoe=fedsa|fedsa_gain=1.75|fedsa_norm=2.0|fg=server_aeod|actfb=0.12|acttemp=0.8|actkeep=1.0|actmetric=aeod_aspd|actdrop=0.005|actrisk=0.1|actviol=0.02|ad2calw=1.0|ad2calb=0.06|ad2calt=0.03|ad2calq=41|ad2clip=5.0|ad2normclip=2.5|ad2accdrop=0.03|ad2calobj=original|ad2normmode=root|ad2uw=3.0|ad2cw=0.2|ad2aw=1.5|ad2plus=fixed|suite=server_generation_ablation|tag=real1_forest_diffusion_synth9
compas:real1_forest_diffusion_synth9,232,c895dae6fd880858b3eb40af050fdecbf2782dcff5e95496f7f1420e77704a32,full|compas|IID|GuardFed-AD2+|F Flip|rounds=70|seed=123|clients=20|malicious=4|epochs=1|batch=256|lr=0.005|opt=adam|root=0.01+0.09|serversamp=stratified_sensitive|serveralpha=None|synth=forest_diffusion|synth_epochs=50|sensfeat=0|agg=count|fflip=invert|rw=1|foe=state|sdfafoe=fedsa|spdfafoe=fedsa|fedsa_gain=1.75|fedsa_norm=2.0|fg=server_aeod|actfb=0.12|acttemp=0.8|actkeep=1.0|actmetric=aeod_aspd|actdrop=0.005|actrisk=0.1|actviol=0.02|ad2calw=1.0|ad2calb=0.06|ad2calt=0.03|ad2calq=41|ad2clip=5.0|ad2normclip=2.5|ad2accdrop=0.03|ad2calobj=original|ad2normmode=root|ad2uw=3.0|ad2cw=0.2|ad2aw=1.5|ad2plus=fixed|suite=server_generation_ablation|tag=real1_forest_diffusion_synth9
compas:real1_forest_diffusion_synth9,233,958e24b61a95ee2a0ba35bf5a3c17fa0d766ae536bd05ed53730ef7e577e9f4d,full|compas|IID|GuardFed-AD2+|FedSA|rounds=70|seed=123|clients=20|malicious=4|epochs=1|batch=256|lr=0.005|opt=adam|root=0.01+0.09|serversamp=stratified_sensitive|serveralpha=None|synth=forest_diffusion|synth_epochs=50|sensfeat=0|agg=count|fflip=invert|rw=1|foe=state|sdfafoe=fedsa|spdfafoe=fedsa|fedsa_gain=1.75|fedsa_norm=2.0|fg=server_aeod|actfb=0.12|acttemp=0.8|actkeep=1.0|actmetric=aeod_aspd|actdrop=0.005|actrisk=0.1|actviol=0.02|ad2calw=1.0|ad2calb=0.06|ad2calt=0.03|ad2calq=41|ad2clip=5.0|ad2normclip=2.5|ad2accdrop=0.03|ad2calobj=original|ad2normmode=root|ad2uw=3.0|ad2cw=0.2|ad2aw=1.5|ad2plus=fixed|suite=server_generation_ablation|tag=real1_forest_diffusion_synth9
compas:real1_forest_diffusion_synth9,234,d3eae9526ffc7e5cd64af79a099e7a98dc416d1ece51c9c95dfcbf6781834b73,full|compas|IID|GuardFed-AD2+|S-DFA|rounds=70|seed=123|clients=20|malicious=4|epochs=1|batch=256|lr=0.005|opt=adam|root=0.01+0.09|serversamp=stratified_sensitive|serveralpha=None|synth=forest_diffusion|synth_epochs=50|sensfeat=0|agg=count|fflip=invert|rw=1|foe=state|sdfafoe=fedsa|spdfafoe=fedsa|fedsa_gain=1.75|fedsa_norm=2.0|fg=server_aeod|actfb=0.12|acttemp=0.8|actkeep=1.0|actmetric=aeod_aspd|actdrop=0.005|actrisk=0.1|actviol=0.02|ad2calw=1.0|ad2calb=0.06|ad2calt=0.03|ad2calq=41|ad2clip=5.0|ad2normclip=2.5|ad2accdrop=0.03|ad2calobj=original|ad2normmode=root|ad2uw=3.0|ad2cw=0.2|ad2aw=1.5|ad2plus=fixed|suite=server_generation_ablation|tag=real1_forest_diffusion_synth9
compas:real1_forest_diffusion_synth9,235,a06312d267104c4de14f784b30bfaa7932e32e10da4c5fce26c4e946ed44c101,full|compas|IID|GuardFed-AD2+|Sp-DFA|rounds=70|seed=123|clients=20|malicious=4|epochs=1|batch=256|lr=0.005|opt=adam|root=0.01+0.09|serversamp=stratified_sensitive|serveralpha=None|synth=forest_diffusion|synth_epochs=50|sensfeat=0|agg=count|fflip=invert|rw=1|foe=state|sdfafoe=fedsa|spdfafoe=fedsa|fedsa_gain=1.75|fedsa_norm=2.0|fg=server_aeod|actfb=0.12|acttemp=0.8|actkeep=1.0|actmetric=aeod_aspd|actdrop=0.005|actrisk=0.1|actviol=0.02|ad2calw=1.0|ad2calb=0.06|ad2calt=0.03|ad2calq=41|ad2clip=5.0|ad2normclip=2.5|ad2accdrop=0.03|ad2calobj=original|ad2normmode=root|ad2uw=3.0|ad2cw=0.2|ad2aw=1.5|ad2plus=fixed|suite=server_generation_ablation|tag=real1_forest_diffusion_synth9
compas:real1_forest_diffusion_synth9,236,24aeeb099776196910e948a9e427cc70c47058536db1f5c2c7b91c41b11791e3,full|compas|non-IID|GuardFed-AD2+|Benign|rounds=70|seed=123|clients=20|malicious=4|epochs=1|batch=256|lr=0.005|opt=adam|root=0.01+0.09|serversamp=stratified_sensitive|serveralpha=None|synth=forest_diffusion|synth_epochs=50|sensfeat=0|agg=count|fflip=invert|rw=1|foe=state|sdfafoe=fedsa|spdfafoe=fedsa|fedsa_gain=1.75|fedsa_norm=2.0|fg=server_aeod|actfb=0.12|acttemp=0.8|actkeep=1.0|actmetric=aeod_aspd|actdrop=0.005|actrisk=0.1|actviol=0.02|ad2calw=1.0|ad2calb=0.06|ad2calt=0.03|ad2calq=41|ad2clip=5.0|ad2normclip=2.5|ad2accdrop=0.03|ad2calobj=original|ad2normmode=root|ad2uw=3.0|ad2cw=0.2|ad2aw=1.5|ad2plus=fixed|suite=server_generation_ablation|tag=real1_forest_diffusion_synth9
compas:real1_forest_diffusion_synth9,237,ea60cc7da8a76ab9cf8cfe8556804e86e433408cc2b80c93fa951a86b14e5b28,full|compas|non-IID|GuardFed-AD2+|F Flip|rounds=70|seed=123|clients=20|malicious=4|epochs=1|batch=256|lr=0.005|opt=adam|root=0.01+0.09|serversamp=stratified_sensitive|serveralpha=None|synth=forest_diffusion|synth_epochs=50|sensfeat=0|agg=count|fflip=invert|rw=1|foe=state|sdfafoe=fedsa|spdfafoe=fedsa|fedsa_gain=1.75|fedsa_norm=2.0|fg=server_aeod|actfb=0.12|acttemp=0.8|actkeep=1.0|actmetric=aeod_aspd|actdrop=0.005|actrisk=0.1|actviol=0.02|ad2calw=1.0|ad2calb=0.06|ad2calt=0.03|ad2calq=41|ad2clip=5.0|ad2normclip=2.5|ad2accdrop=0.03|ad2calobj=original|ad2normmode=root|ad2uw=3.0|ad2cw=0.2|ad2aw=1.5|ad2plus=fixed|suite=server_generation_ablation|tag=real1_forest_diffusion_synth9
compas:real1_forest_diffusion_synth9,238,5a2b3c39129bf95ef3bcacdd9c63ed7fb479d461a90694cc23fd90c9ead683d5,full|compas|non-IID|GuardFed-AD2+|FedSA|rounds=70|seed=123|clients=20|malicious=4|epochs=1|batch=256|lr=0.005|opt=adam|root=0.01+0.09|serversamp=stratified_sensitive|serveralpha=None|synth=forest_diffusion|synth_epochs=50|sensfeat=0|agg=count|fflip=invert|rw=1|foe=state|sdfafoe=fedsa|spdfafoe=fedsa|fedsa_gain=1.75|fedsa_norm=2.0|fg=server_aeod|actfb=0.12|acttemp=0.8|actkeep=1.0|actmetric=aeod_aspd|actdrop=0.005|actrisk=0.1|actviol=0.02|ad2calw=1.0|ad2calb=0.06|ad2calt=0.03|ad2calq=41|ad2clip=5.0|ad2normclip=2.5|ad2accdrop=0.03|ad2calobj=original|ad2normmode=root|ad2uw=3.0|ad2cw=0.2|ad2aw=1.5|ad2plus=fixed|suite=server_generation_ablation|tag=real1_forest_diffusion_synth9
compas:real1_forest_diffusion_synth9,239,806c5331e6a2ea40dcea950922a9b8d2201905ff2f0280292acc7cde25072835,full|compas|non-IID|GuardFed-AD2+|S-DFA|rounds=70|seed=123|clients=20|malicious=4|epochs=1|batch=256|lr=0.005|opt=adam|root=0.01+0.09|serversamp=stratified_sensitive|serveralpha=None|synth=forest_diffusion|synth_epochs=50|sensfeat=0|agg=count|fflip=invert|rw=1|foe=state|sdfafoe=fedsa|spdfafoe=fedsa|fedsa_gain=1.75|fedsa_norm=2.0|fg=server_aeod|actfb=0.12|acttemp=0.8|actkeep=1.0|actmetric=aeod_aspd|actdrop=0.005|actrisk=0.1|actviol=0.02|ad2calw=1.0|ad2calb=0.06|ad2calt=0.03|ad2calq=41|ad2clip=5.0|ad2normclip=2.5|ad2accdrop=0.03|ad2calobj=original|ad2normmode=root|ad2uw=3.0|ad2cw=0.2|ad2aw=1.5|ad2plus=fixed|suite=server_generation_ablation|tag=real1_forest_diffusion_synth9
compas:real1_forest_diffusion_synth9,240,9e87e3572e8bb17cdcdf4f2d2229573d6bc35f2b26e6b0a7af904411bf937a70,full|compas|non-IID|GuardFed-AD2+|Sp-DFA|rounds=70|seed=123|clients=20|malicious=4|epochs=1|batch=256|lr=0.005|opt=adam|root=0.01+0.09|serversamp=stratified_sensitive|serveralpha=None|synth=forest_diffusion|synth_epochs=50|sensfeat=0|agg=count|fflip=invert|rw=1|foe=state|sdfafoe=fedsa|spdfafoe=fedsa|fedsa_gain=1.75|fedsa_norm=2.0|fg=server_aeod|actfb=0.12|acttemp=0.8|actkeep=1.0|actmetric=aeod_aspd|actdrop=0.005|actrisk=0.1|actviol=0.02|ad2calw=1.0|ad2calb=0.06|ad2calt=0.03|ad2calq=41|ad2clip=5.0|ad2normclip=2.5|ad2accdrop=0.03|ad2calobj=original|ad2normmode=root|ad2uw=3.0|ad2cw=0.2|ad2aw=1.5|ad2plus=fixed|suite=server_generation_ablation|tag=real1_forest_diffusion_synth9
compas:real1_gaussian_copula_synth9,31,19708c0dffe47bce4024a9a0f226ae8580977a53f6d54a1c9ddd1d4aec150769,full|compas|IID|GuardFed-AD2+|Benign|rounds=70|seed=123|clients=20|malicious=4|epochs=1|batch=256|lr=0.005|opt=adam|root=0.01+0.09|serversamp=stratified_sensitive|serveralpha=None|synth=gaussian_copula|synth_epochs=50|sensfeat=0|agg=count|fflip=invert|rw=1|foe=state|sdfafoe=fedsa|spdfafoe=fedsa|fedsa_gain=1.75|fedsa_norm=2.0|fg=server_aeod|actfb=0.12|acttemp=0.8|actkeep=1.0|actmetric=aeod_aspd|actdrop=0.005|actrisk=0.1|actviol=0.02|ad2calw=1.0|ad2calb=0.06|ad2calt=0.03|ad2calq=41|ad2clip=5.0|ad2normclip=2.5|ad2accdrop=0.03|ad2calobj=original|ad2normmode=root|ad2uw=3.0|ad2cw=0.2|ad2aw=1.5|ad2plus=fixed|suite=server_generation_ablation|tag=real1_gaussian_copula_synth9
compas:real1_gaussian_copula_synth9,32,64eb289a0d91da6966995584c2e9ef59204d76b3eb43e946ca4580987c3d785c,full|compas|IID|GuardFed-AD2+|F Flip|rounds=70|seed=123|clients=20|malicious=4|epochs=1|batch=256|lr=0.005|opt=adam|root=0.01+0.09|serversamp=stratified_sensitive|serveralpha=None|synth=gaussian_copula|synth_epochs=50|sensfeat=0|agg=count|fflip=invert|rw=1|foe=state|sdfafoe=fedsa|spdfafoe=fedsa|fedsa_gain=1.75|fedsa_norm=2.0|fg=server_aeod|actfb=0.12|acttemp=0.8|actkeep=1.0|actmetric=aeod_aspd|actdrop=0.005|actrisk=0.1|actviol=0.02|ad2calw=1.0|ad2calb=0.06|ad2calt=0.03|ad2calq=41|ad2clip=5.0|ad2normclip=2.5|ad2accdrop=0.03|ad2calobj=original|ad2normmode=root|ad2uw=3.0|ad2cw=0.2|ad2aw=1.5|ad2plus=fixed|suite=server_generation_ablation|tag=real1_gaussian_copula_synth9
compas:real1_gaussian_copula_synth9,33,41df5e23e054bd8d4524f956cd2a6f22b2222f719550fd04b28573754f0419a5,full|compas|IID|GuardFed-AD2+|FedSA|rounds=70|seed=123|clients=20|malicious=4|epochs=1|batch=256|lr=0.005|opt=adam|root=0.01+0.09|serversamp=stratified_sensitive|serveralpha=None|synth=gaussian_copula|synth_epochs=50|sensfeat=0|agg=count|fflip=invert|rw=1|foe=state|sdfafoe=fedsa|spdfafoe=fedsa|fedsa_gain=1.75|fedsa_norm=2.0|fg=server_aeod|actfb=0.12|acttemp=0.8|actkeep=1.0|actmetric=aeod_aspd|actdrop=0.005|actrisk=0.1|actviol=0.02|ad2calw=1.0|ad2calb=0.06|ad2calt=0.03|ad2calq=41|ad2clip=5.0|ad2normclip=2.5|ad2accdrop=0.03|ad2calobj=original|ad2normmode=root|ad2uw=3.0|ad2cw=0.2|ad2aw=1.5|ad2plus=fixed|suite=server_generation_ablation|tag=real1_gaussian_copula_synth9
compas:real1_gaussian_copula_synth9,34,e3423ca6955c225a9888ce82a83976f8774392aab5f8b5fbb1fba44c17333ba2,full|compas|IID|GuardFed-AD2+|S-DFA|rounds=70|seed=123|clients=20|malicious=4|epochs=1|batch=256|lr=0.005|opt=adam|root=0.01+0.09|serversamp=stratified_sensitive|serveralpha=None|synth=gaussian_copula|synth_epochs=50|sensfeat=0|agg=count|fflip=invert|rw=1|foe=state|sdfafoe=fedsa|spdfafoe=fedsa|fedsa_gain=1.75|fedsa_norm=2.0|fg=server_aeod|actfb=0.12|acttemp=0.8|actkeep=1.0|actmetric=aeod_aspd|actdrop=0.005|actrisk=0.1|actviol=0.02|ad2calw=1.0|ad2calb=0.06|ad2calt=0.03|ad2calq=41|ad2clip=5.0|ad2normclip=2.5|ad2accdrop=0.03|ad2calobj=original|ad2normmode=root|ad2uw=3.0|ad2cw=0.2|ad2aw=1.5|ad2plus=fixed|suite=server_generation_ablation|tag=real1_gaussian_copula_synth9
compas:real1_gaussian_copula_synth9,35,af1c7622d2212df886d73b2b1c35cf7eebc4037da43bf25584efcc0303bb7c9a,full|compas|IID|GuardFed-AD2+|Sp-DFA|rounds=70|seed=123|clients=20|malicious=4|epochs=1|batch=256|lr=0.005|opt=adam|root=0.01+0.09|serversamp=stratified_sensitive|serveralpha=None|synth=gaussian_copula|synth_epochs=50|sensfeat=0|agg=count|fflip=invert|rw=1|foe=state|sdfafoe=fedsa|spdfafoe=fedsa|fedsa_gain=1.75|fedsa_norm=2.0|fg=server_aeod|actfb=0.12|acttemp=0.8|actkeep=1.0|actmetric=aeod_aspd|actdrop=0.005|actrisk=0.1|actviol=0.02|ad2calw=1.0|ad2calb=0.06|ad2calt=0.03|ad2calq=41|ad2clip=5.0|ad2normclip=2.5|ad2accdrop=0.03|ad2calobj=original|ad2normmode=root|ad2uw=3.0|ad2cw=0.2|ad2aw=1.5|ad2plus=fixed|suite=server_generation_ablation|tag=real1_gaussian_copula_synth9
compas:real1_gaussian_copula_synth9,36,6e5514598b0c26b45895da9d26f14f00772a3e1f3f247434ab6ee518f46cc19e,full|compas|non-IID|GuardFed-AD2+|Benign|rounds=70|seed=123|clients=20|malicious=4|epochs=1|batch=256|lr=0.005|opt=adam|root=0.01+0.09|serversamp=stratified_sensitive|serveralpha=None|synth=gaussian_copula|synth_epochs=50|sensfeat=0|agg=count|fflip=invert|rw=1|foe=state|sdfafoe=fedsa|spdfafoe=fedsa|fedsa_gain=1.75|fedsa_norm=2.0|fg=server_aeod|actfb=0.12|acttemp=0.8|actkeep=1.0|actmetric=aeod_aspd|actdrop=0.005|actrisk=0.1|actviol=0.02|ad2calw=1.0|ad2calb=0.06|ad2calt=0.03|ad2calq=41|ad2clip=5.0|ad2normclip=2.5|ad2accdrop=0.03|ad2calobj=original|ad2normmode=root|ad2uw=3.0|ad2cw=0.2|ad2aw=1.5|ad2plus=fixed|suite=server_generation_ablation|tag=real1_gaussian_copula_synth9
compas:real1_gaussian_copula_synth9,37,c97406eb12100de97b14e9a52c8194b68659cfcd8b8ddbfa65cfbd446d5ef449,full|compas|non-IID|GuardFed-AD2+|F Flip|rounds=70|seed=123|clients=20|malicious=4|epochs=1|batch=256|lr=0.005|opt=adam|root=0.01+0.09|serversamp=stratified_sensitive|serveralpha=None|synth=gaussian_copula|synth_epochs=50|sensfeat=0|agg=count|fflip=invert|rw=1|foe=state|sdfafoe=fedsa|spdfafoe=fedsa|fedsa_gain=1.75|fedsa_norm=2.0|fg=server_aeod|actfb=0.12|acttemp=0.8|actkeep=1.0|actmetric=aeod_aspd|actdrop=0.005|actrisk=0.1|actviol=0.02|ad2calw=1.0|ad2calb=0.06|ad2calt=0.03|ad2calq=41|ad2clip=5.0|ad2normclip=2.5|ad2accdrop=0.03|ad2calobj=original|ad2normmode=root|ad2uw=3.0|ad2cw=0.2|ad2aw=1.5|ad2plus=fixed|suite=server_generation_ablation|tag=real1_gaussian_copula_synth9
compas:real1_gaussian_copula_synth9,38,baadf183622cb32fbd5951ed5abd5f800450bbd369d696179761e9248f9cb275,full|compas|non-IID|GuardFed-AD2+|FedSA|rounds=70|seed=123|clients=20|malicious=4|epochs=1|batch=256|lr=0.005|opt=adam|root=0.01+0.09|serversamp=stratified_sensitive|serveralpha=None|synth=gaussian_copula|synth_epochs=50|sensfeat=0|agg=count|fflip=invert|rw=1|foe=state|sdfafoe=fedsa|spdfafoe=fedsa|fedsa_gain=1.75|fedsa_norm=2.0|fg=server_aeod|actfb=0.12|acttemp=0.8|actkeep=1.0|actmetric=aeod_aspd|actdrop=0.005|actrisk=0.1|actviol=0.02|ad2calw=1.0|ad2calb=0.06|ad2calt=0.03|ad2calq=41|ad2clip=5.0|ad2normclip=2.5|ad2accdrop=0.03|ad2calobj=original|ad2normmode=root|ad2uw=3.0|ad2cw=0.2|ad2aw=1.5|ad2plus=fixed|suite=server_generation_ablation|tag=real1_gaussian_copula_synth9
compas:real1_gaussian_copula_synth9,39,9dbe42ed588a9560526d7bf3106e2179147cd59a724dd0a39c300b758b668194,full|compas|non-IID|GuardFed-AD2+|S-DFA|rounds=70|seed=123|clients=20|malicious=4|epochs=1|batch=256|lr=0.005|opt=adam|root=0.01+0.09|serversamp=stratified_sensitive|serveralpha=None|synth=gaussian_copula|synth_epochs=50|sensfeat=0|agg=count|fflip=invert|rw=1|foe=state|sdfafoe=fedsa|spdfafoe=fedsa|fedsa_gain=1.75|fedsa_norm=2.0|fg=server_aeod|actfb=0.12|acttemp=0.8|actkeep=1.0|actmetric=aeod_aspd|actdrop=0.005|actrisk=0.1|actviol=0.02|ad2calw=1.0|ad2calb=0.06|ad2calt=0.03|ad2calq=41|ad2clip=5.0|ad2normclip=2.5|ad2accdrop=0.03|ad2calobj=original|ad2normmode=root|ad2uw=3.0|ad2cw=0.2|ad2aw=1.5|ad2plus=fixed|suite=server_generation_ablation|tag=real1_gaussian_copula_synth9
compas:real1_gaussian_copula_synth9,40,2d002812d5a706f5e263db60120e79f238dadb8241a555d3fae194646bd6ce72,full|compas|non-IID|GuardFed-AD2+|Sp-DFA|rounds=70|seed=123|clients=20|malicious=4|epochs=1|batch=256|lr=0.005|opt=adam|root=0.01+0.09|serversamp=stratified_sensitive|serveralpha=None|synth=gaussian_copula|synth_epochs=50|sensfeat=0|agg=count|fflip=invert|rw=1|foe=state|sdfafoe=fedsa|spdfafoe=fedsa|fedsa_gain=1.75|fedsa_norm=2.0|fg=server_aeod|actfb=0.12|acttemp=0.8|actkeep=1.0|actmetric=aeod_aspd|actdrop=0.005|actrisk=0.1|actviol=0.02|ad2calw=1.0|ad2calb=0.06|ad2calt=0.03|ad2calq=41|ad2clip=5.0|ad2normclip=2.5|ad2accdrop=0.03|ad2calobj=original|ad2normmode=root|ad2uw=3.0|ad2cw=0.2|ad2aw=1.5|ad2plus=fixed|suite=server_generation_ablation|tag=real1_gaussian_copula_synth9
compas:real1_pca_gaussian_synth9,111,82dd85bf930259e8a1263ede6b39545603224ed44ada8d696ba902988710fb51,full|compas|IID|GuardFed-AD2+|Benign|rounds=70|seed=123|clients=20|malicious=4|epochs=1|batch=256|lr=0.005|opt=adam|root=0.01+0.09|serversamp=stratified_sensitive|serveralpha=None|synth=pca_gaussian|synth_epochs=50|sensfeat=0|agg=count|fflip=invert|rw=1|foe=state|sdfafoe=fedsa|spdfafoe=fedsa|fedsa_gain=1.75|fedsa_norm=2.0|fg=server_aeod|actfb=0.12|acttemp=0.8|actkeep=1.0|actmetric=aeod_aspd|actdrop=0.005|actrisk=0.1|actviol=0.02|ad2calw=1.0|ad2calb=0.06|ad2calt=0.03|ad2calq=41|ad2clip=5.0|ad2normclip=2.5|ad2accdrop=0.03|ad2calobj=original|ad2normmode=root|ad2uw=3.0|ad2cw=0.2|ad2aw=1.5|ad2plus=fixed|suite=server_generation_ablation|tag=real1_pca_gaussian_synth9
compas:real1_pca_gaussian_synth9,112,1179f3ee0a9fa5c2bcd2bcfa5f8dfd88f07ffe032fc61b4d12f8094fe6ac6658,full|compas|IID|GuardFed-AD2+|F Flip|rounds=70|seed=123|clients=20|malicious=4|epochs=1|batch=256|lr=0.005|opt=adam|root=0.01+0.09|serversamp=stratified_sensitive|serveralpha=None|synth=pca_gaussian|synth_epochs=50|sensfeat=0|agg=count|fflip=invert|rw=1|foe=state|sdfafoe=fedsa|spdfafoe=fedsa|fedsa_gain=1.75|fedsa_norm=2.0|fg=server_aeod|actfb=0.12|acttemp=0.8|actkeep=1.0|actmetric=aeod_aspd|actdrop=0.005|actrisk=0.1|actviol=0.02|ad2calw=1.0|ad2calb=0.06|ad2calt=0.03|ad2calq=41|ad2clip=5.0|ad2normclip=2.5|ad2accdrop=0.03|ad2calobj=original|ad2normmode=root|ad2uw=3.0|ad2cw=0.2|ad2aw=1.5|ad2plus=fixed|suite=server_generation_ablation|tag=real1_pca_gaussian_synth9
compas:real1_pca_gaussian_synth9,113,4817f46da7ce7b7f35e59566cf0a37b62a7fb63236421c65e37f757326477ad7,full|compas|IID|GuardFed-AD2+|FedSA|rounds=70|seed=123|clients=20|malicious=4|epochs=1|batch=256|lr=0.005|opt=adam|root=0.01+0.09|serversamp=stratified_sensitive|serveralpha=None|synth=pca_gaussian|synth_epochs=50|sensfeat=0|agg=count|fflip=invert|rw=1|foe=state|sdfafoe=fedsa|spdfafoe=fedsa|fedsa_gain=1.75|fedsa_norm=2.0|fg=server_aeod|actfb=0.12|acttemp=0.8|actkeep=1.0|actmetric=aeod_aspd|actdrop=0.005|actrisk=0.1|actviol=0.02|ad2calw=1.0|ad2calb=0.06|ad2calt=0.03|ad2calq=41|ad2clip=5.0|ad2normclip=2.5|ad2accdrop=0.03|ad2calobj=original|ad2normmode=root|ad2uw=3.0|ad2cw=0.2|ad2aw=1.5|ad2plus=fixed|suite=server_generation_ablation|tag=real1_pca_gaussian_synth9
compas:real1_pca_gaussian_synth9,114,8baf4f1bdb31d3a034126668426d4a86b2a8d152827bc861c648a0d9e2fa176b,full|compas|IID|GuardFed-AD2+|S-DFA|rounds=70|seed=123|clients=20|malicious=4|epochs=1|batch=256|lr=0.005|opt=adam|root=0.01+0.09|serversamp=stratified_sensitive|serveralpha=None|synth=pca_gaussian|synth_epochs=50|sensfeat=0|agg=count|fflip=invert|rw=1|foe=state|sdfafoe=fedsa|spdfafoe=fedsa|fedsa_gain=1.75|fedsa_norm=2.0|fg=server_aeod|actfb=0.12|acttemp=0.8|actkeep=1.0|actmetric=aeod_aspd|actdrop=0.005|actrisk=0.1|actviol=0.02|ad2calw=1.0|ad2calb=0.06|ad2calt=0.03|ad2calq=41|ad2clip=5.0|ad2normclip=2.5|ad2accdrop=0.03|ad2calobj=original|ad2normmode=root|ad2uw=3.0|ad2cw=0.2|ad2aw=1.5|ad2plus=fixed|suite=server_generation_ablation|tag=real1_pca_gaussian_synth9
compas:real1_pca_gaussian_synth9,115,6878093836eafa42199d787a95a690404bf3de8ced2cfbdc341f70a9875b3d1e,full|compas|IID|GuardFed-AD2+|Sp-DFA|rounds=70|seed=123|clients=20|malicious=4|epochs=1|batch=256|lr=0.005|opt=adam|root=0.01+0.09|serversamp=stratified_sensitive|serveralpha=None|synth=pca_gaussian|synth_epochs=50|sensfeat=0|agg=count|fflip=invert|rw=1|foe=state|sdfafoe=fedsa|spdfafoe=fedsa|fedsa_gain=1.75|fedsa_norm=2.0|fg=server_aeod|actfb=0.12|acttemp=0.8|actkeep=1.0|actmetric=aeod_aspd|actdrop=0.005|actrisk=0.1|actviol=0.02|ad2calw=1.0|ad2calb=0.06|ad2calt=0.03|ad2calq=41|ad2clip=5.0|ad2normclip=2.5|ad2accdrop=0.03|ad2calobj=original|ad2normmode=root|ad2uw=3.0|ad2cw=0.2|ad2aw=1.5|ad2plus=fixed|suite=server_generation_ablation|tag=real1_pca_gaussian_synth9
compas:real1_pca_gaussian_synth9,116,6a96f15988cb8a9fd14f7e4f2fef3cb3a21a8ba2cd4264b6a7db0befba5f6e05,full|compas|non-IID|GuardFed-AD2+|Benign|rounds=70|seed=123|clients=20|malicious=4|epochs=1|batch=256|lr=0.005|opt=adam|root=0.01+0.09|serversamp=stratified_sensitive|serveralpha=None|synth=pca_gaussian|synth_epochs=50|sensfeat=0|agg=count|fflip=invert|rw=1|foe=state|sdfafoe=fedsa|spdfafoe=fedsa|fedsa_gain=1.75|fedsa_norm=2.0|fg=server_aeod|actfb=0.12|acttemp=0.8|actkeep=1.0|actmetric=aeod_aspd|actdrop=0.005|actrisk=0.1|actviol=0.02|ad2calw=1.0|ad2calb=0.06|ad2calt=0.03|ad2calq=41|ad2clip=5.0|ad2normclip=2.5|ad2accdrop=0.03|ad2calobj=original|ad2normmode=root|ad2uw=3.0|ad2cw=0.2|ad2aw=1.5|ad2plus=fixed|suite=server_generation_ablation|tag=real1_pca_gaussian_synth9
compas:real1_pca_gaussian_synth9,117,01e6e587167a29aa6f2e7f0b25fd7dd0d3ff07685d4c1ba7b2e77d7af20314b2,full|compas|non-IID|GuardFed-AD2+|F Flip|rounds=70|seed=123|clients=20|malicious=4|epochs=1|batch=256|lr=0.005|opt=adam|root=0.01+0.09|serversamp=stratified_sensitive|serveralpha=None|synth=pca_gaussian|synth_epochs=50|sensfeat=0|agg=count|fflip=invert|rw=1|foe=state|sdfafoe=fedsa|spdfafoe=fedsa|fedsa_gain=1.75|fedsa_norm=2.0|fg=server_aeod|actfb=0.12|acttemp=0.8|actkeep=1.0|actmetric=aeod_aspd|actdrop=0.005|actrisk=0.1|actviol=0.02|ad2calw=1.0|ad2calb=0.06|ad2calt=0.03|ad2calq=41|ad2clip=5.0|ad2normclip=2.5|ad2accdrop=0.03|ad2calobj=original|ad2normmode=root|ad2uw=3.0|ad2cw=0.2|ad2aw=1.5|ad2plus=fixed|suite=server_generation_ablation|tag=real1_pca_gaussian_synth9
compas:real1_pca_gaussian_synth9,118,15ffd34f97b75f8155b749c60b86b7a59d6315891d612e65b86901562024abce,full|compas|non-IID|GuardFed-AD2+|FedSA|rounds=70|seed=123|clients=20|malicious=4|epochs=1|batch=256|lr=0.005|opt=adam|root=0.01+0.09|serversamp=stratified_sensitive|serveralpha=None|synth=pca_gaussian|synth_epochs=50|sensfeat=0|agg=count|fflip=invert|rw=1|foe=state|sdfafoe=fedsa|spdfafoe=fedsa|fedsa_gain=1.75|fedsa_norm=2.0|fg=server_aeod|actfb=0.12|acttemp=0.8|actkeep=1.0|actmetric=aeod_aspd|actdrop=0.005|actrisk=0.1|actviol=0.02|ad2calw=1.0|ad2calb=0.06|ad2calt=0.03|ad2calq=41|ad2clip=5.0|ad2normclip=2.5|ad2accdrop=0.03|ad2calobj=original|ad2normmode=root|ad2uw=3.0|ad2cw=0.2|ad2aw=1.5|ad2plus=fixed|suite=server_generation_ablation|tag=real1_pca_gaussian_synth9
compas:real1_pca_gaussian_synth9,119,62471ca3025a6d39db28a6cd3cf11413a7c7fe1c18c0d1bcb0caf2d2c991300a,full|compas|non-IID|GuardFed-AD2+|S-DFA|rounds=70|seed=123|clients=20|malicious=4|epochs=1|batch=256|lr=0.005|opt=adam|root=0.01+0.09|serversamp=stratified_sensitive|serveralpha=None|synth=pca_gaussian|synth_epochs=50|sensfeat=0|agg=count|fflip=invert|rw=1|foe=state|sdfafoe=fedsa|spdfafoe=fedsa|fedsa_gain=1.75|fedsa_norm=2.0|fg=server_aeod|actfb=0.12|acttemp=0.8|actkeep=1.0|actmetric=aeod_aspd|actdrop=0.005|actrisk=0.1|actviol=0.02|ad2calw=1.0|ad2calb=0.06|ad2calt=0.03|ad2calq=41|ad2clip=5.0|ad2normclip=2.5|ad2accdrop=0.03|ad2calobj=original|ad2normmode=root|ad2uw=3.0|ad2cw=0.2|ad2aw=1.5|ad2plus=fixed|suite=server_generation_ablation|tag=real1_pca_gaussian_synth9
compas:real1_pca_gaussian_synth9,120,a27a4e06de8b4485fe92e034f7b65e4fb4339aaa8b378bfadb776fdf20601f26,full|compas|non-IID|GuardFed-AD2+|Sp-DFA|rounds=70|seed=123|clients=20|malicious=4|epochs=1|batch=256|lr=0.005|opt=adam|root=0.01+0.09|serversamp=stratified_sensitive|serveralpha=None|synth=pca_gaussian|synth_epochs=50|sensfeat=0|agg=count|fflip=invert|rw=1|foe=state|sdfafoe=fedsa|spdfafoe=fedsa|fedsa_gain=1.75|fedsa_norm=2.0|fg=server_aeod|actfb=0.12|acttemp=0.8|actkeep=1.0|actmetric=aeod_aspd|actdrop=0.005|actrisk=0.1|actviol=0.02|ad2calw=1.0|ad2calb=0.06|ad2calt=0.03|ad2calq=41|ad2clip=5.0|ad2normclip=2.5|ad2accdrop=0.03|ad2calobj=original|ad2normmode=root|ad2uw=3.0|ad2cw=0.2|ad2aw=1.5|ad2plus=fixed|suite=server_generation_ablation|tag=real1_pca_gaussian_synth9
compas:real1_smote_synth9,91,5752e1377b77bcdad1dbf219839ad16692ed8c92e63bacca07fbc85c045609b1,full|compas|IID|GuardFed-AD2+|Benign|rounds=70|seed=123|clients=20|malicious=4|epochs=1|batch=256|lr=0.005|opt=adam|root=0.01+0.09|serversamp=stratified_sensitive|serveralpha=None|synth=smote|synth_epochs=50|sensfeat=0|agg=count|fflip=invert|rw=1|foe=state|sdfafoe=fedsa|spdfafoe=fedsa|fedsa_gain=1.75|fedsa_norm=2.0|fg=server_aeod|actfb=0.12|acttemp=0.8|actkeep=1.0|actmetric=aeod_aspd|actdrop=0.005|actrisk=0.1|actviol=0.02|ad2calw=1.0|ad2calb=0.06|ad2calt=0.03|ad2calq=41|ad2clip=5.0|ad2normclip=2.5|ad2accdrop=0.03|ad2calobj=original|ad2normmode=root|ad2uw=3.0|ad2cw=0.2|ad2aw=1.5|ad2plus=fixed|suite=server_generation_ablation|tag=real1_smote_synth9
compas:real1_smote_synth9,92,b7a3d105b062bb5c925cd9aae77069c3ae3d8ff8b4bf6304b22d761e00dc3b20,full|compas|IID|GuardFed-AD2+|F Flip|rounds=70|seed=123|clients=20|malicious=4|epochs=1|batch=256|lr=0.005|opt=adam|root=0.01+0.09|serversamp=stratified_sensitive|serveralpha=None|synth=smote|synth_epochs=50|sensfeat=0|agg=count|fflip=invert|rw=1|foe=state|sdfafoe=fedsa|spdfafoe=fedsa|fedsa_gain=1.75|fedsa_norm=2.0|fg=server_aeod|actfb=0.12|acttemp=0.8|actkeep=1.0|actmetric=aeod_aspd|actdrop=0.005|actrisk=0.1|actviol=0.02|ad2calw=1.0|ad2calb=0.06|ad2calt=0.03|ad2calq=41|ad2clip=5.0|ad2normclip=2.5|ad2accdrop=0.03|ad2calobj=original|ad2normmode=root|ad2uw=3.0|ad2cw=0.2|ad2aw=1.5|ad2plus=fixed|suite=server_generation_ablation|tag=real1_smote_synth9
compas:real1_smote_synth9,93,85d5769a164f08144a96bbe04413beaff958e57a5c12935bb824f4503bbba6e2,full|compas|IID|GuardFed-AD2+|FedSA|rounds=70|seed=123|clients=20|malicious=4|epochs=1|batch=256|lr=0.005|opt=adam|root=0.01+0.09|serversamp=stratified_sensitive|serveralpha=None|synth=smote|synth_epochs=50|sensfeat=0|agg=count|fflip=invert|rw=1|foe=state|sdfafoe=fedsa|spdfafoe=fedsa|fedsa_gain=1.75|fedsa_norm=2.0|fg=server_aeod|actfb=0.12|acttemp=0.8|actkeep=1.0|actmetric=aeod_aspd|actdrop=0.005|actrisk=0.1|actviol=0.02|ad2calw=1.0|ad2calb=0.06|ad2calt=0.03|ad2calq=41|ad2clip=5.0|ad2normclip=2.5|ad2accdrop=0.03|ad2calobj=original|ad2normmode=root|ad2uw=3.0|ad2cw=0.2|ad2aw=1.5|ad2plus=fixed|suite=server_generation_ablation|tag=real1_smote_synth9
compas:real1_smote_synth9,94,408e814a8ad654bad3ef2d1e5721d0ae19ebc7304553646b9b8aff469e77e5ed,full|compas|IID|GuardFed-AD2+|S-DFA|rounds=70|seed=123|clients=20|malicious=4|epochs=1|batch=256|lr=0.005|opt=adam|root=0.01+0.09|serversamp=stratified_sensitive|serveralpha=None|synth=smote|synth_epochs=50|sensfeat=0|agg=count|fflip=invert|rw=1|foe=state|sdfafoe=fedsa|spdfafoe=fedsa|fedsa_gain=1.75|fedsa_norm=2.0|fg=server_aeod|actfb=0.12|acttemp=0.8|actkeep=1.0|actmetric=aeod_aspd|actdrop=0.005|actrisk=0.1|actviol=0.02|ad2calw=1.0|ad2calb=0.06|ad2calt=0.03|ad2calq=41|ad2clip=5.0|ad2normclip=2.5|ad2accdrop=0.03|ad2calobj=original|ad2normmode=root|ad2uw=3.0|ad2cw=0.2|ad2aw=1.5|ad2plus=fixed|suite=server_generation_ablation|tag=real1_smote_synth9
compas:real1_smote_synth9,95,5f0597728658599b50cb87660ae24d39dbb4040463cb262460f01577864be34c,full|compas|IID|GuardFed-AD2+|Sp-DFA|rounds=70|seed=123|clients=20|malicious=4|epochs=1|batch=256|lr=0.005|opt=adam|root=0.01+0.09|serversamp=stratified_sensitive|serveralpha=None|synth=smote|synth_epochs=50|sensfeat=0|agg=count|fflip=invert|rw=1|foe=state|sdfafoe=fedsa|spdfafoe=fedsa|fedsa_gain=1.75|fedsa_norm=2.0|fg=server_aeod|actfb=0.12|acttemp=0.8|actkeep=1.0|actmetric=aeod_aspd|actdrop=0.005|actrisk=0.1|actviol=0.02|ad2calw=1.0|ad2calb=0.06|ad2calt=0.03|ad2calq=41|ad2clip=5.0|ad2normclip=2.5|ad2accdrop=0.03|ad2calobj=original|ad2normmode=root|ad2uw=3.0|ad2cw=0.2|ad2aw=1.5|ad2plus=fixed|suite=server_generation_ablation|tag=real1_smote_synth9
compas:real1_smote_synth9,96,32e864e1f23344c38f4519fc540e15b8699d2232007e6bf2063a1cd09414d4ae,full|compas|non-IID|GuardFed-AD2+|Benign|rounds=70|seed=123|clients=20|malicious=4|epochs=1|batch=256|lr=0.005|opt=adam|root=0.01+0.09|serversamp=stratified_sensitive|serveralpha=None|synth=smote|synth_epochs=50|sensfeat=0|agg=count|fflip=invert|rw=1|foe=state|sdfafoe=fedsa|spdfafoe=fedsa|fedsa_gain=1.75|fedsa_norm=2.0|fg=server_aeod|actfb=0.12|acttemp=0.8|actkeep=1.0|actmetric=aeod_aspd|actdrop=0.005|actrisk=0.1|actviol=0.02|ad2calw=1.0|ad2calb=0.06|ad2calt=0.03|ad2calq=41|ad2clip=5.0|ad2normclip=2.5|ad2accdrop=0.03|ad2calobj=original|ad2normmode=root|ad2uw=3.0|ad2cw=0.2|ad2aw=1.5|ad2plus=fixed|suite=server_generation_ablation|tag=real1_smote_synth9
compas:real1_smote_synth9,97,9c7e33681ca8b30123377c4c60acc062a7caa8c5e9d9df703fff8f58cd668bb5,full|compas|non-IID|GuardFed-AD2+|F Flip|rounds=70|seed=123|clients=20|malicious=4|epochs=1|batch=256|lr=0.005|opt=adam|root=0.01+0.09|serversamp=stratified_sensitive|serveralpha=None|synth=smote|synth_epochs=50|sensfeat=0|agg=count|fflip=invert|rw=1|foe=state|sdfafoe=fedsa|spdfafoe=fedsa|fedsa_gain=1.75|fedsa_norm=2.0|fg=server_aeod|actfb=0.12|acttemp=0.8|actkeep=1.0|actmetric=aeod_aspd|actdrop=0.005|actrisk=0.1|actviol=0.02|ad2calw=1.0|ad2calb=0.06|ad2calt=0.03|ad2calq=41|ad2clip=5.0|ad2normclip=2.5|ad2accdrop=0.03|ad2calobj=original|ad2normmode=root|ad2uw=3.0|ad2cw=0.2|ad2aw=1.5|ad2plus=fixed|suite=server_generation_ablation|tag=real1_smote_synth9
compas:real1_smote_synth9,98,41b6fd78f0587a1d0cd398a37ab97fe527dfdc361dc3bf3a42910a9ce6441d18,full|compas|non-IID|GuardFed-AD2+|FedSA|rounds=70|seed=123|clients=20|malicious=4|epochs=1|batch=256|lr=0.005|opt=adam|root=0.01+0.09|serversamp=stratified_sensitive|serveralpha=None|synth=smote|synth_epochs=50|sensfeat=0|agg=count|fflip=invert|rw=1|foe=state|sdfafoe=fedsa|spdfafoe=fedsa|fedsa_gain=1.75|fedsa_norm=2.0|fg=server_aeod|actfb=0.12|acttemp=0.8|actkeep=1.0|actmetric=aeod_aspd|actdrop=0.005|actrisk=0.1|actviol=0.02|ad2calw=1.0|ad2calb=0.06|ad2calt=0.03|ad2calq=41|ad2clip=5.0|ad2normclip=2.5|ad2accdrop=0.03|ad2calobj=original|ad2normmode=root|ad2uw=3.0|ad2cw=0.2|ad2aw=1.5|ad2plus=fixed|suite=server_generation_ablation|tag=real1_smote_synth9
compas:real1_smote_synth9,99,e1058661cc2dab516f7959712431335413586b157aeac350489758db57a9065c,full|compas|non-IID|GuardFed-AD2+|S-DFA|rounds=70|seed=123|clients=20|malicious=4|epochs=1|batch=256|lr=0.005|opt=adam|root=0.01+0.09|serversamp=stratified_sensitive|serveralpha=None|synth=smote|synth_epochs=50|sensfeat=0|agg=count|fflip=invert|rw=1|foe=state|sdfafoe=fedsa|spdfafoe=fedsa|fedsa_gain=1.75|fedsa_norm=2.0|fg=server_aeod|actfb=0.12|acttemp=0.8|actkeep=1.0|actmetric=aeod_aspd|actdrop=0.005|actrisk=0.1|actviol=0.02|ad2calw=1.0|ad2calb=0.06|ad2calt=0.03|ad2calq=41|ad2clip=5.0|ad2normclip=2.5|ad2accdrop=0.03|ad2calobj=original|ad2normmode=root|ad2uw=3.0|ad2cw=0.2|ad2aw=1.5|ad2plus=fixed|suite=server_generation_ablation|tag=real1_smote_synth9
compas:real1_smote_synth9,100,194e22de6d675271df8a17613746c24577e8e77b0fafe5e9bf66ddce1089e8cb,full|compas|non-IID|GuardFed-AD2+|Sp-DFA|rounds=70|seed=123|clients=20|malicious=4|epochs=1|batch=256|lr=0.005|opt=adam|root=0.01+0.09|serversamp=stratified_sensitive|serveralpha=None|synth=smote|synth_epochs=50|sensfeat=0|agg=count|fflip=invert|rw=1|foe=state|sdfafoe=fedsa|spdfafoe=fedsa|fedsa_gain=1.75|fedsa_norm=2.0|fg=server_aeod|actfb=0.12|acttemp=0.8|actkeep=1.0|actmetric=aeod_aspd|actdrop=0.005|actrisk=0.1|actviol=0.02|ad2calw=1.0|ad2calb=0.06|ad2calt=0.03|ad2calq=41|ad2clip=5.0|ad2normclip=2.5|ad2accdrop=0.03|ad2calobj=original|ad2normmode=root|ad2uw=3.0|ad2cw=0.2|ad2aw=1.5|ad2plus=fixed|suite=server_generation_ablation|tag=real1_smote_synth9
compas:real1_tvae_synth9,71,33c8874a058b87191a1e2a9deeb92311f8f10fb75bfa0a7de975cc75216e9d12,full|compas|IID|GuardFed-AD2+|Benign|rounds=70|seed=123|clients=20|malicious=4|epochs=1|batch=256|lr=0.005|opt=adam|root=0.01+0.09|serversamp=stratified_sensitive|serveralpha=None|synth=tvae|synth_epochs=50|sensfeat=0|agg=count|fflip=invert|rw=1|foe=state|sdfafoe=fedsa|spdfafoe=fedsa|fedsa_gain=1.75|fedsa_norm=2.0|fg=server_aeod|actfb=0.12|acttemp=0.8|actkeep=1.0|actmetric=aeod_aspd|actdrop=0.005|actrisk=0.1|actviol=0.02|ad2calw=1.0|ad2calb=0.06|ad2calt=0.03|ad2calq=41|ad2clip=5.0|ad2normclip=2.5|ad2accdrop=0.03|ad2calobj=original|ad2normmode=root|ad2uw=3.0|ad2cw=0.2|ad2aw=1.5|ad2plus=fixed|suite=server_generation_ablation|tag=real1_tvae_synth9
compas:real1_tvae_synth9,72,cec70442a1007bb012605e1737fb16a99afecaa8df18b9c02b072382408b7de1,full|compas|IID|GuardFed-AD2+|F Flip|rounds=70|seed=123|clients=20|malicious=4|epochs=1|batch=256|lr=0.005|opt=adam|root=0.01+0.09|serversamp=stratified_sensitive|serveralpha=None|synth=tvae|synth_epochs=50|sensfeat=0|agg=count|fflip=invert|rw=1|foe=state|sdfafoe=fedsa|spdfafoe=fedsa|fedsa_gain=1.75|fedsa_norm=2.0|fg=server_aeod|actfb=0.12|acttemp=0.8|actkeep=1.0|actmetric=aeod_aspd|actdrop=0.005|actrisk=0.1|actviol=0.02|ad2calw=1.0|ad2calb=0.06|ad2calt=0.03|ad2calq=41|ad2clip=5.0|ad2normclip=2.5|ad2accdrop=0.03|ad2calobj=original|ad2normmode=root|ad2uw=3.0|ad2cw=0.2|ad2aw=1.5|ad2plus=fixed|suite=server_generation_ablation|tag=real1_tvae_synth9
compas:real1_tvae_synth9,73,f9244846eefdde3a063957062a226fd26e0650b8e7ada9d3e9e47bb1e8ad2379,full|compas|IID|GuardFed-AD2+|FedSA|rounds=70|seed=123|clients=20|malicious=4|epochs=1|batch=256|lr=0.005|opt=adam|root=0.01+0.09|serversamp=stratified_sensitive|serveralpha=None|synth=tvae|synth_epochs=50|sensfeat=0|agg=count|fflip=invert|rw=1|foe=state|sdfafoe=fedsa|spdfafoe=fedsa|fedsa_gain=1.75|fedsa_norm=2.0|fg=server_aeod|actfb=0.12|acttemp=0.8|actkeep=1.0|actmetric=aeod_aspd|actdrop=0.005|actrisk=0.1|actviol=0.02|ad2calw=1.0|ad2calb=0.06|ad2calt=0.03|ad2calq=41|ad2clip=5.0|ad2normclip=2.5|ad2accdrop=0.03|ad2calobj=original|ad2normmode=root|ad2uw=3.0|ad2cw=0.2|ad2aw=1.5|ad2plus=fixed|suite=server_generation_ablation|tag=real1_tvae_synth9
compas:real1_tvae_synth9,74,b92a2147438a255a0a56b2962263bce107a9f028f2cc01e0e55b6d0e27aa04af,full|compas|IID|GuardFed-AD2+|S-DFA|rounds=70|seed=123|clients=20|malicious=4|epochs=1|batch=256|lr=0.005|opt=adam|root=0.01+0.09|serversamp=stratified_sensitive|serveralpha=None|synth=tvae|synth_epochs=50|sensfeat=0|agg=count|fflip=invert|rw=1|foe=state|sdfafoe=fedsa|spdfafoe=fedsa|fedsa_gain=1.75|fedsa_norm=2.0|fg=server_aeod|actfb=0.12|acttemp=0.8|actkeep=1.0|actmetric=aeod_aspd|actdrop=0.005|actrisk=0.1|actviol=0.02|ad2calw=1.0|ad2calb=0.06|ad2calt=0.03|ad2calq=41|ad2clip=5.0|ad2normclip=2.5|ad2accdrop=0.03|ad2calobj=original|ad2normmode=root|ad2uw=3.0|ad2cw=0.2|ad2aw=1.5|ad2plus=fixed|suite=server_generation_ablation|tag=real1_tvae_synth9
compas:real1_tvae_synth9,75,13ea27f3253dcc7428baac9e60176eeeda146d96abecb70a1d515ef94a35226b,full|compas|IID|GuardFed-AD2+|Sp-DFA|rounds=70|seed=123|clients=20|malicious=4|epochs=1|batch=256|lr=0.005|opt=adam|root=0.01+0.09|serversamp=stratified_sensitive|serveralpha=None|synth=tvae|synth_epochs=50|sensfeat=0|agg=count|fflip=invert|rw=1|foe=state|sdfafoe=fedsa|spdfafoe=fedsa|fedsa_gain=1.75|fedsa_norm=2.0|fg=server_aeod|actfb=0.12|acttemp=0.8|actkeep=1.0|actmetric=aeod_aspd|actdrop=0.005|actrisk=0.1|actviol=0.02|ad2calw=1.0|ad2calb=0.06|ad2calt=0.03|ad2calq=41|ad2clip=5.0|ad2normclip=2.5|ad2accdrop=0.03|ad2calobj=original|ad2normmode=root|ad2uw=3.0|ad2cw=0.2|ad2aw=1.5|ad2plus=fixed|suite=server_generation_ablation|tag=real1_tvae_synth9
compas:real1_tvae_synth9,76,dabfb22dff17e4a79abaa475455b433fa40cba7136e76e7f737739c57aeb171f,full|compas|non-IID|GuardFed-AD2+|Benign|rounds=70|seed=123|clients=20|malicious=4|epochs=1|batch=256|lr=0.005|opt=adam|root=0.01+0.09|serversamp=stratified_sensitive|serveralpha=None|synth=tvae|synth_epochs=50|sensfeat=0|agg=count|fflip=invert|rw=1|foe=state|sdfafoe=fedsa|spdfafoe=fedsa|fedsa_gain=1.75|fedsa_norm=2.0|fg=server_aeod|actfb=0.12|acttemp=0.8|actkeep=1.0|actmetric=aeod_aspd|actdrop=0.005|actrisk=0.1|actviol=0.02|ad2calw=1.0|ad2calb=0.06|ad2calt=0.03|ad2calq=41|ad2clip=5.0|ad2normclip=2.5|ad2accdrop=0.03|ad2calobj=original|ad2normmode=root|ad2uw=3.0|ad2cw=0.2|ad2aw=1.5|ad2plus=fixed|suite=server_generation_ablation|tag=real1_tvae_synth9
compas:real1_tvae_synth9,77,198368d76d44995806fd8d1ff457110f8867fd94b45604c9ba8bae1e2eba0e74,full|compas|non-IID|GuardFed-AD2+|F Flip|rounds=70|seed=123|clients=20|malicious=4|epochs=1|batch=256|lr=0.005|opt=adam|root=0.01+0.09|serversamp=stratified_sensitive|serveralpha=None|synth=tvae|synth_epochs=50|sensfeat=0|agg=count|fflip=invert|rw=1|foe=state|sdfafoe=fedsa|spdfafoe=fedsa|fedsa_gain=1.75|fedsa_norm=2.0|fg=server_aeod|actfb=0.12|acttemp=0.8|actkeep=1.0|actmetric=aeod_aspd|actdrop=0.005|actrisk=0.1|actviol=0.02|ad2calw=1.0|ad2calb=0.06|ad2calt=0.03|ad2calq=41|ad2clip=5.0|ad2normclip=2.5|ad2accdrop=0.03|ad2calobj=original|ad2normmode=root|ad2uw=3.0|ad2cw=0.2|ad2aw=1.5|ad2plus=fixed|suite=server_generation_ablation|tag=real1_tvae_synth9
compas:real1_tvae_synth9,78,7f288d92f1b49836c6c3c989d201d31e5538f16b1ffa9e18c8c41fbb1a291349,full|compas|non-IID|GuardFed-AD2+|FedSA|rounds=70|seed=123|clients=20|malicious=4|epochs=1|batch=256|lr=0.005|opt=adam|root=0.01+0.09|serversamp=stratified_sensitive|serveralpha=None|synth=tvae|synth_epochs=50|sensfeat=0|agg=count|fflip=invert|rw=1|foe=state|sdfafoe=fedsa|spdfafoe=fedsa|fedsa_gain=1.75|fedsa_norm=2.0|fg=server_aeod|actfb=0.12|acttemp=0.8|actkeep=1.0|actmetric=aeod_aspd|actdrop=0.005|actrisk=0.1|actviol=0.02|ad2calw=1.0|ad2calb=0.06|ad2calt=0.03|ad2calq=41|ad2clip=5.0|ad2normclip=2.5|ad2accdrop=0.03|ad2calobj=original|ad2normmode=root|ad2uw=3.0|ad2cw=0.2|ad2aw=1.5|ad2plus=fixed|suite=server_generation_ablation|tag=real1_tvae_synth9
compas:real1_tvae_synth9,79,cb646a501033891df8dd605ff6b64f6234ef4204edd3a595d4000761180350e5,full|compas|non-IID|GuardFed-AD2+|S-DFA|rounds=70|seed=123|clients=20|malicious=4|epochs=1|batch=256|lr=0.005|opt=adam|root=0.01+0.09|serversamp=stratified_sensitive|serveralpha=None|synth=tvae|synth_epochs=50|sensfeat=0|agg=count|fflip=invert|rw=1|foe=state|sdfafoe=fedsa|spdfafoe=fedsa|fedsa_gain=1.75|fedsa_norm=2.0|fg=server_aeod|actfb=0.12|acttemp=0.8|actkeep=1.0|actmetric=aeod_aspd|actdrop=0.005|actrisk=0.1|actviol=0.02|ad2calw=1.0|ad2calb=0.06|ad2calt=0.03|ad2calq=41|ad2clip=5.0|ad2normclip=2.5|ad2accdrop=0.03|ad2calobj=original|ad2normmode=root|ad2uw=3.0|ad2cw=0.2|ad2aw=1.5|ad2plus=fixed|suite=server_generation_ablation|tag=real1_tvae_synth9
compas:real1_tvae_synth9,80,82e0fd9ce41df7600781695ce61da897e07dec370e9e3582c594f5d077f90e67,full|compas|non-IID|GuardFed-AD2+|Sp-DFA|rounds=70|seed=123|clients=20|malicious=4|epochs=1|batch=256|lr=0.005|opt=adam|root=0.01+0.09|serversamp=stratified_sensitive|serveralpha=None|synth=tvae|synth_epochs=50|sensfeat=0|agg=count|fflip=invert|rw=1|foe=state|sdfafoe=fedsa|spdfafoe=fedsa|fedsa_gain=1.75|fedsa_norm=2.0|fg=server_aeod|actfb=0.12|acttemp=0.8|actkeep=1.0|actmetric=aeod_aspd|actdrop=0.005|actrisk=0.1|actviol=0.02|ad2calw=1.0|ad2calb=0.06|ad2calt=0.03|ad2calq=41|ad2clip=5.0|ad2normclip=2.5|ad2accdrop=0.03|ad2calobj=original|ad2normmode=root|ad2uw=3.0|ad2cw=0.2|ad2aw=1.5|ad2plus=fixed|suite=server_generation_ablation|tag=real1_tvae_synth9
compas:real5_ctgan_synth5,151,0c30631870a7b30892b4c433b0086bc01d695d698b7152fb00cadcfab03b5320,full|compas|IID|GuardFed-AD2+|Benign|rounds=70|seed=123|clients=20|malicious=4|epochs=1|batch=256|lr=0.005|opt=adam|root=0.05+0.05|serversamp=stratified_sensitive|serveralpha=None|synth=ctgan|synth_epochs=50|sensfeat=0|agg=count|fflip=invert|rw=1|foe=state|sdfafoe=fedsa|spdfafoe=fedsa|fedsa_gain=1.75|fedsa_norm=2.0|fg=server_aeod|actfb=0.12|acttemp=0.8|actkeep=1.0|actmetric=aeod_aspd|actdrop=0.005|actrisk=0.1|actviol=0.02|ad2calw=1.0|ad2calb=0.06|ad2calt=0.03|ad2calq=41|ad2clip=5.0|ad2normclip=2.5|ad2accdrop=0.03|ad2calobj=original|ad2normmode=root|ad2uw=3.0|ad2cw=0.2|ad2aw=1.5|ad2plus=fixed|suite=server_generation_ablation|tag=real5_ctgan_synth5
compas:real5_ctgan_synth5,152,cafe03d20b0f68c2205b36daebc7ca1faae911ca58f2bda23f07d560255d8a5e,full|compas|IID|GuardFed-AD2+|F Flip|rounds=70|seed=123|clients=20|malicious=4|epochs=1|batch=256|lr=0.005|opt=adam|root=0.05+0.05|serversamp=stratified_sensitive|serveralpha=None|synth=ctgan|synth_epochs=50|sensfeat=0|agg=count|fflip=invert|rw=1|foe=state|sdfafoe=fedsa|spdfafoe=fedsa|fedsa_gain=1.75|fedsa_norm=2.0|fg=server_aeod|actfb=0.12|acttemp=0.8|actkeep=1.0|actmetric=aeod_aspd|actdrop=0.005|actrisk=0.1|actviol=0.02|ad2calw=1.0|ad2calb=0.06|ad2calt=0.03|ad2calq=41|ad2clip=5.0|ad2normclip=2.5|ad2accdrop=0.03|ad2calobj=original|ad2normmode=root|ad2uw=3.0|ad2cw=0.2|ad2aw=1.5|ad2plus=fixed|suite=server_generation_ablation|tag=real5_ctgan_synth5
compas:real5_ctgan_synth5,153,fce21b665ca5d41d8e4fcf285ff84887ba45cc412a8487e5224221ecadb7c4f1,full|compas|IID|GuardFed-AD2+|FedSA|rounds=70|seed=123|clients=20|malicious=4|epochs=1|batch=256|lr=0.005|opt=adam|root=0.05+0.05|serversamp=stratified_sensitive|serveralpha=None|synth=ctgan|synth_epochs=50|sensfeat=0|agg=count|fflip=invert|rw=1|foe=state|sdfafoe=fedsa|spdfafoe=fedsa|fedsa_gain=1.75|fedsa_norm=2.0|fg=server_aeod|actfb=0.12|acttemp=0.8|actkeep=1.0|actmetric=aeod_aspd|actdrop=0.005|actrisk=0.1|actviol=0.02|ad2calw=1.0|ad2calb=0.06|ad2calt=0.03|ad2calq=41|ad2clip=5.0|ad2normclip=2.5|ad2accdrop=0.03|ad2calobj=original|ad2normmode=root|ad2uw=3.0|ad2cw=0.2|ad2aw=1.5|ad2plus=fixed|suite=server_generation_ablation|tag=real5_ctgan_synth5
compas:real5_ctgan_synth5,154,d21179b39f50f63353e637b3d66cd3c94e776eb828abcd0f2e936ba333a5bef1,full|compas|IID|GuardFed-AD2+|S-DFA|rounds=70|seed=123|clients=20|malicious=4|epochs=1|batch=256|lr=0.005|opt=adam|root=0.05+0.05|serversamp=stratified_sensitive|serveralpha=None|synth=ctgan|synth_epochs=50|sensfeat=0|agg=count|fflip=invert|rw=1|foe=state|sdfafoe=fedsa|spdfafoe=fedsa|fedsa_gain=1.75|fedsa_norm=2.0|fg=server_aeod|actfb=0.12|acttemp=0.8|actkeep=1.0|actmetric=aeod_aspd|actdrop=0.005|actrisk=0.1|actviol=0.02|ad2calw=1.0|ad2calb=0.06|ad2calt=0.03|ad2calq=41|ad2clip=5.0|ad2normclip=2.5|ad2accdrop=0.03|ad2calobj=original|ad2normmode=root|ad2uw=3.0|ad2cw=0.2|ad2aw=1.5|ad2plus=fixed|suite=server_generation_ablation|tag=real5_ctgan_synth5
compas:real5_ctgan_synth5,155,2b83293b823794a569e19689b61b6bc1b0961e41f37b3b8b50b4884778dffb88,full|compas|IID|GuardFed-AD2+|Sp-DFA|rounds=70|seed=123|clients=20|malicious=4|epochs=1|batch=256|lr=0.005|opt=adam|root=0.05+0.05|serversamp=stratified_sensitive|serveralpha=None|synth=ctgan|synth_epochs=50|sensfeat=0|agg=count|fflip=invert|rw=1|foe=state|sdfafoe=fedsa|spdfafoe=fedsa|fedsa_gain=1.75|fedsa_norm=2.0|fg=server_aeod|actfb=0.12|acttemp=0.8|actkeep=1.0|actmetric=aeod_aspd|actdrop=0.005|actrisk=0.1|actviol=0.02|ad2calw=1.0|ad2calb=0.06|ad2calt=0.03|ad2calq=41|ad2clip=5.0|ad2normclip=2.5|ad2accdrop=0.03|ad2calobj=original|ad2normmode=root|ad2uw=3.0|ad2cw=0.2|ad2aw=1.5|ad2plus=fixed|suite=server_generation_ablation|tag=real5_ctgan_synth5
compas:real5_ctgan_synth5,156,85c716baa1ee69412c484ac6e2c32bd751dae935e5784bd5d0a5da1aa2ab1905,full|compas|non-IID|GuardFed-AD2+|Benign|rounds=70|seed=123|clients=20|malicious=4|epochs=1|batch=256|lr=0.005|opt=adam|root=0.05+0.05|serversamp=stratified_sensitive|serveralpha=None|synth=ctgan|synth_epochs=50|sensfeat=0|agg=count|fflip=invert|rw=1|foe=state|sdfafoe=fedsa|spdfafoe=fedsa|fedsa_gain=1.75|fedsa_norm=2.0|fg=server_aeod|actfb=0.12|acttemp=0.8|actkeep=1.0|actmetric=aeod_aspd|actdrop=0.005|actrisk=0.1|actviol=0.02|ad2calw=1.0|ad2calb=0.06|ad2calt=0.03|ad2calq=41|ad2clip=5.0|ad2normclip=2.5|ad2accdrop=0.03|ad2calobj=original|ad2normmode=root|ad2uw=3.0|ad2cw=0.2|ad2aw=1.5|ad2plus=fixed|suite=server_generation_ablation|tag=real5_ctgan_synth5
compas:real5_ctgan_synth5,157,ee1ef5cf51e8fa0fbef455ce6518ccb5787c0cd654043ed513b62d4e0701bc83,full|compas|non-IID|GuardFed-AD2+|F Flip|rounds=70|seed=123|clients=20|malicious=4|epochs=1|batch=256|lr=0.005|opt=adam|root=0.05+0.05|serversamp=stratified_sensitive|serveralpha=None|synth=ctgan|synth_epochs=50|sensfeat=0|agg=count|fflip=invert|rw=1|foe=state|sdfafoe=fedsa|spdfafoe=fedsa|fedsa_gain=1.75|fedsa_norm=2.0|fg=server_aeod|actfb=0.12|acttemp=0.8|actkeep=1.0|actmetric=aeod_aspd|actdrop=0.005|actrisk=0.1|actviol=0.02|ad2calw=1.0|ad2calb=0.06|ad2calt=0.03|ad2calq=41|ad2clip=5.0|ad2normclip=2.5|ad2accdrop=0.03|ad2calobj=original|ad2normmode=root|ad2uw=3.0|ad2cw=0.2|ad2aw=1.5|ad2plus=fixed|suite=server_generation_ablation|tag=real5_ctgan_synth5
compas:real5_ctgan_synth5,158,0a69f5101ba9bf7de454ff7c2ef5af638cf3e5bbb33c36146120c6010a670863,full|compas|non-IID|GuardFed-AD2+|FedSA|rounds=70|seed=123|clients=20|malicious=4|epochs=1|batch=256|lr=0.005|opt=adam|root=0.05+0.05|serversamp=stratified_sensitive|serveralpha=None|synth=ctgan|synth_epochs=50|sensfeat=0|agg=count|fflip=invert|rw=1|foe=state|sdfafoe=fedsa|spdfafoe=fedsa|fedsa_gain=1.75|fedsa_norm=2.0|fg=server_aeod|actfb=0.12|acttemp=0.8|actkeep=1.0|actmetric=aeod_aspd|actdrop=0.005|actrisk=0.1|actviol=0.02|ad2calw=1.0|ad2calb=0.06|ad2calt=0.03|ad2calq=41|ad2clip=5.0|ad2normclip=2.5|ad2accdrop=0.03|ad2calobj=original|ad2normmode=root|ad2uw=3.0|ad2cw=0.2|ad2aw=1.5|ad2plus=fixed|suite=server_generation_ablation|tag=real5_ctgan_synth5
compas:real5_ctgan_synth5,159,909a13c8462c7beb904d1050fbb44dfd5dfd792d8dc06e05ee2d0b20d37f7e43,full|compas|non-IID|GuardFed-AD2+|S-DFA|rounds=70|seed=123|clients=20|malicious=4|epochs=1|batch=256|lr=0.005|opt=adam|root=0.05+0.05|serversamp=stratified_sensitive|serveralpha=None|synth=ctgan|synth_epochs=50|sensfeat=0|agg=count|fflip=invert|rw=1|foe=state|sdfafoe=fedsa|spdfafoe=fedsa|fedsa_gain=1.75|fedsa_norm=2.0|fg=server_aeod|actfb=0.12|acttemp=0.8|actkeep=1.0|actmetric=aeod_aspd|actdrop=0.005|actrisk=0.1|actviol=0.02|ad2calw=1.0|ad2calb=0.06|ad2calt=0.03|ad2calq=41|ad2clip=5.0|ad2normclip=2.5|ad2accdrop=0.03|ad2calobj=original|ad2normmode=root|ad2uw=3.0|ad2cw=0.2|ad2aw=1.5|ad2plus=fixed|suite=server_generation_ablation|tag=real5_ctgan_synth5
compas:real5_ctgan_synth5,160,cbba7095ce8c9040938ec60dc8be04d1ee6dd38870fa08ff4a6f048c3eb56488,full|compas|non-IID|GuardFed-AD2+|Sp-DFA|rounds=70|seed=123|clients=20|malicious=4|epochs=1|batch=256|lr=0.005|opt=adam|root=0.05+0.05|serversamp=stratified_sensitive|serveralpha=None|synth=ctgan|synth_epochs=50|sensfeat=0|agg=count|fflip=invert|rw=1|foe=state|sdfafoe=fedsa|spdfafoe=fedsa|fedsa_gain=1.75|fedsa_norm=2.0|fg=server_aeod|actfb=0.12|acttemp=0.8|actkeep=1.0|actmetric=aeod_aspd|actdrop=0.005|actrisk=0.1|actviol=0.02|ad2calw=1.0|ad2calb=0.06|ad2calt=0.03|ad2calq=41|ad2clip=5.0|ad2normclip=2.5|ad2accdrop=0.03|ad2calobj=original|ad2normmode=root|ad2uw=3.0|ad2cw=0.2|ad2aw=1.5|ad2plus=fixed|suite=server_generation_ablation|tag=real5_ctgan_synth5
compas:real5_forest_diffusion_synth5,251,022cefa51183eeafac13f43b7d7d1e6fd211c67db10eb3fd33d6a1bda997bbfd,full|compas|IID|GuardFed-AD2+|Benign|rounds=70|seed=123|clients=20|malicious=4|epochs=1|batch=256|lr=0.005|opt=adam|root=0.05+0.05|serversamp=stratified_sensitive|serveralpha=None|synth=forest_diffusion|synth_epochs=50|sensfeat=0|agg=count|fflip=invert|rw=1|foe=state|sdfafoe=fedsa|spdfafoe=fedsa|fedsa_gain=1.75|fedsa_norm=2.0|fg=server_aeod|actfb=0.12|acttemp=0.8|actkeep=1.0|actmetric=aeod_aspd|actdrop=0.005|actrisk=0.1|actviol=0.02|ad2calw=1.0|ad2calb=0.06|ad2calt=0.03|ad2calq=41|ad2clip=5.0|ad2normclip=2.5|ad2accdrop=0.03|ad2calobj=original|ad2normmode=root|ad2uw=3.0|ad2cw=0.2|ad2aw=1.5|ad2plus=fixed|suite=server_generation_ablation|tag=real5_forest_diffusion_synth5
compas:real5_forest_diffusion_synth5,252,774220074891276ddab7614fb5aae2434191dc37992b9785f5d4ef47139126af,full|compas|IID|GuardFed-AD2+|F Flip|rounds=70|seed=123|clients=20|malicious=4|epochs=1|batch=256|lr=0.005|opt=adam|root=0.05+0.05|serversamp=stratified_sensitive|serveralpha=None|synth=forest_diffusion|synth_epochs=50|sensfeat=0|agg=count|fflip=invert|rw=1|foe=state|sdfafoe=fedsa|spdfafoe=fedsa|fedsa_gain=1.75|fedsa_norm=2.0|fg=server_aeod|actfb=0.12|acttemp=0.8|actkeep=1.0|actmetric=aeod_aspd|actdrop=0.005|actrisk=0.1|actviol=0.02|ad2calw=1.0|ad2calb=0.06|ad2calt=0.03|ad2calq=41|ad2clip=5.0|ad2normclip=2.5|ad2accdrop=0.03|ad2calobj=original|ad2normmode=root|ad2uw=3.0|ad2cw=0.2|ad2aw=1.5|ad2plus=fixed|suite=server_generation_ablation|tag=real5_forest_diffusion_synth5
compas:real5_forest_diffusion_synth5,253,d14eec63e807b04e16d6afdb8c9f18b955464df0b3d2aa8cd83e8f4f537dfebb,full|compas|IID|GuardFed-AD2+|FedSA|rounds=70|seed=123|clients=20|malicious=4|epochs=1|batch=256|lr=0.005|opt=adam|root=0.05+0.05|serversamp=stratified_sensitive|serveralpha=None|synth=forest_diffusion|synth_epochs=50|sensfeat=0|agg=count|fflip=invert|rw=1|foe=state|sdfafoe=fedsa|spdfafoe=fedsa|fedsa_gain=1.75|fedsa_norm=2.0|fg=server_aeod|actfb=0.12|acttemp=0.8|actkeep=1.0|actmetric=aeod_aspd|actdrop=0.005|actrisk=0.1|actviol=0.02|ad2calw=1.0|ad2calb=0.06|ad2calt=0.03|ad2calq=41|ad2clip=5.0|ad2normclip=2.5|ad2accdrop=0.03|ad2calobj=original|ad2normmode=root|ad2uw=3.0|ad2cw=0.2|ad2aw=1.5|ad2plus=fixed|suite=server_generation_ablation|tag=real5_forest_diffusion_synth5
compas:real5_forest_diffusion_synth5,254,8f706aa491150db47eeca6832cc2cf90a251187d4fb5960babd2e40524a2b992,full|compas|IID|GuardFed-AD2+|S-DFA|rounds=70|seed=123|clients=20|malicious=4|epochs=1|batch=256|lr=0.005|opt=adam|root=0.05+0.05|serversamp=stratified_sensitive|serveralpha=None|synth=forest_diffusion|synth_epochs=50|sensfeat=0|agg=count|fflip=invert|rw=1|foe=state|sdfafoe=fedsa|spdfafoe=fedsa|fedsa_gain=1.75|fedsa_norm=2.0|fg=server_aeod|actfb=0.12|acttemp=0.8|actkeep=1.0|actmetric=aeod_aspd|actdrop=0.005|actrisk=0.1|actviol=0.02|ad2calw=1.0|ad2calb=0.06|ad2calt=0.03|ad2calq=41|ad2clip=5.0|ad2normclip=2.5|ad2accdrop=0.03|ad2calobj=original|ad2normmode=root|ad2uw=3.0|ad2cw=0.2|ad2aw=1.5|ad2plus=fixed|suite=server_generation_ablation|tag=real5_forest_diffusion_synth5
compas:real5_forest_diffusion_synth5,255,ecf922048f64f7bfd5b074795898af9d6e6fa3d9601bbdfc3b9a4ecf9eaf6ee6,full|compas|IID|GuardFed-AD2+|Sp-DFA|rounds=70|seed=123|clients=20|malicious=4|epochs=1|batch=256|lr=0.005|opt=adam|root=0.05+0.05|serversamp=stratified_sensitive|serveralpha=None|synth=forest_diffusion|synth_epochs=50|sensfeat=0|agg=count|fflip=invert|rw=1|foe=state|sdfafoe=fedsa|spdfafoe=fedsa|fedsa_gain=1.75|fedsa_norm=2.0|fg=server_aeod|actfb=0.12|acttemp=0.8|actkeep=1.0|actmetric=aeod_aspd|actdrop=0.005|actrisk=0.1|actviol=0.02|ad2calw=1.0|ad2calb=0.06|ad2calt=0.03|ad2calq=41|ad2clip=5.0|ad2normclip=2.5|ad2accdrop=0.03|ad2calobj=original|ad2normmode=root|ad2uw=3.0|ad2cw=0.2|ad2aw=1.5|ad2plus=fixed|suite=server_generation_ablation|tag=real5_forest_diffusion_synth5
compas:real5_forest_diffusion_synth5,256,cfcdd263f7cf99992e69241915e02561c8f48916d767baca7f9b30af70f324d5,full|compas|non-IID|GuardFed-AD2+|Benign|rounds=70|seed=123|clients=20|malicious=4|epochs=1|batch=256|lr=0.005|opt=adam|root=0.05+0.05|serversamp=stratified_sensitive|serveralpha=None|synth=forest_diffusion|synth_epochs=50|sensfeat=0|agg=count|fflip=invert|rw=1|foe=state|sdfafoe=fedsa|spdfafoe=fedsa|fedsa_gain=1.75|fedsa_norm=2.0|fg=server_aeod|actfb=0.12|acttemp=0.8|actkeep=1.0|actmetric=aeod_aspd|actdrop=0.005|actrisk=0.1|actviol=0.02|ad2calw=1.0|ad2calb=0.06|ad2calt=0.03|ad2calq=41|ad2clip=5.0|ad2normclip=2.5|ad2accdrop=0.03|ad2calobj=original|ad2normmode=root|ad2uw=3.0|ad2cw=0.2|ad2aw=1.5|ad2plus=fixed|suite=server_generation_ablation|tag=real5_forest_diffusion_synth5
compas:real5_forest_diffusion_synth5,257,c3e6060915c63aac16d481627e0f7a77f7985a9b496a45bebb76a1d2e818c7a4,full|compas|non-IID|GuardFed-AD2+|F Flip|rounds=70|seed=123|clients=20|malicious=4|epochs=1|batch=256|lr=0.005|opt=adam|root=0.05+0.05|serversamp=stratified_sensitive|serveralpha=None|synth=forest_diffusion|synth_epochs=50|sensfeat=0|agg=count|fflip=invert|rw=1|foe=state|sdfafoe=fedsa|spdfafoe=fedsa|fedsa_gain=1.75|fedsa_norm=2.0|fg=server_aeod|actfb=0.12|acttemp=0.8|actkeep=1.0|actmetric=aeod_aspd|actdrop=0.005|actrisk=0.1|actviol=0.02|ad2calw=1.0|ad2calb=0.06|ad2calt=0.03|ad2calq=41|ad2clip=5.0|ad2normclip=2.5|ad2accdrop=0.03|ad2calobj=original|ad2normmode=root|ad2uw=3.0|ad2cw=0.2|ad2aw=1.5|ad2plus=fixed|suite=server_generation_ablation|tag=real5_forest_diffusion_synth5
compas:real5_forest_diffusion_synth5,258,a573c76e9792f1e82f85684002b437a1603864ae2114c706320dbe1d05e3f679,full|compas|non-IID|GuardFed-AD2+|FedSA|rounds=70|seed=123|clients=20|malicious=4|epochs=1|batch=256|lr=0.005|opt=adam|root=0.05+0.05|serversamp=stratified_sensitive|serveralpha=None|synth=forest_diffusion|synth_epochs=50|sensfeat=0|agg=count|fflip=invert|rw=1|foe=state|sdfafoe=fedsa|spdfafoe=fedsa|fedsa_gain=1.75|fedsa_norm=2.0|fg=server_aeod|actfb=0.12|acttemp=0.8|actkeep=1.0|actmetric=aeod_aspd|actdrop=0.005|actrisk=0.1|actviol=0.02|ad2calw=1.0|ad2calb=0.06|ad2calt=0.03|ad2calq=41|ad2clip=5.0|ad2normclip=2.5|ad2accdrop=0.03|ad2calobj=original|ad2normmode=root|ad2uw=3.0|ad2cw=0.2|ad2aw=1.5|ad2plus=fixed|suite=server_generation_ablation|tag=real5_forest_diffusion_synth5
compas:real5_forest_diffusion_synth5,259,1e5f4eeec341a87b7cfc4a11f6ad55e89f4a3aeaee1b790c13b915bdd552c415,full|compas|non-IID|GuardFed-AD2+|S-DFA|rounds=70|seed=123|clients=20|malicious=4|epochs=1|batch=256|lr=0.005|opt=adam|root=0.05+0.05|serversamp=stratified_sensitive|serveralpha=None|synth=forest_diffusion|synth_epochs=50|sensfeat=0|agg=count|fflip=invert|rw=1|foe=state|sdfafoe=fedsa|spdfafoe=fedsa|fedsa_gain=1.75|fedsa_norm=2.0|fg=server_aeod|actfb=0.12|acttemp=0.8|actkeep=1.0|actmetric=aeod_aspd|actdrop=0.005|actrisk=0.1|actviol=0.02|ad2calw=1.0|ad2calb=0.06|ad2calt=0.03|ad2calq=41|ad2clip=5.0|ad2normclip=2.5|ad2accdrop=0.03|ad2calobj=original|ad2normmode=root|ad2uw=3.0|ad2cw=0.2|ad2aw=1.5|ad2plus=fixed|suite=server_generation_ablation|tag=real5_forest_diffusion_synth5
compas:real5_forest_diffusion_synth5,260,945b44dacc50e0535dd0033424376f27e50d7ceef1ee62e4313148639a583a1e,full|compas|non-IID|GuardFed-AD2+|Sp-DFA|rounds=70|seed=123|clients=20|malicious=4|epochs=1|batch=256|lr=0.005|opt=adam|root=0.05+0.05|serversamp=stratified_sensitive|serveralpha=None|synth=forest_diffusion|synth_epochs=50|sensfeat=0|agg=count|fflip=invert|rw=1|foe=state|sdfafoe=fedsa|spdfafoe=fedsa|fedsa_gain=1.75|fedsa_norm=2.0|fg=server_aeod|actfb=0.12|acttemp=0.8|actkeep=1.0|actmetric=aeod_aspd|actdrop=0.005|actrisk=0.1|actviol=0.02|ad2calw=1.0|ad2calb=0.06|ad2calt=0.03|ad2calq=41|ad2clip=5.0|ad2normclip=2.5|ad2accdrop=0.03|ad2calobj=original|ad2normmode=root|ad2uw=3.0|ad2cw=0.2|ad2aw=1.5|ad2plus=fixed|suite=server_generation_ablation|tag=real5_forest_diffusion_synth5
compas:real5_gaussian_copula_synth5,131,caa3efbc7d0b15566374f20a79d5e6d8b0ce732aabf6c7fe1681231a0178ae75,full|compas|IID|GuardFed-AD2+|Benign|rounds=70|seed=123|clients=20|malicious=4|epochs=1|batch=256|lr=0.005|opt=adam|root=0.05+0.05|serversamp=stratified_sensitive|serveralpha=None|synth=gaussian_copula|synth_epochs=50|sensfeat=0|agg=count|fflip=invert|rw=1|foe=state|sdfafoe=fedsa|spdfafoe=fedsa|fedsa_gain=1.75|fedsa_norm=2.0|fg=server_aeod|actfb=0.12|acttemp=0.8|actkeep=1.0|actmetric=aeod_aspd|actdrop=0.005|actrisk=0.1|actviol=0.02|ad2calw=1.0|ad2calb=0.06|ad2calt=0.03|ad2calq=41|ad2clip=5.0|ad2normclip=2.5|ad2accdrop=0.03|ad2calobj=original|ad2normmode=root|ad2uw=3.0|ad2cw=0.2|ad2aw=1.5|ad2plus=fixed|suite=server_generation_ablation|tag=real5_gaussian_copula_synth5
compas:real5_gaussian_copula_synth5,132,bb0e38596337584b61dbf5d99c9bcd739b2ab4d8c07675fe77d7c6bf7ecc81d6,full|compas|IID|GuardFed-AD2+|F Flip|rounds=70|seed=123|clients=20|malicious=4|epochs=1|batch=256|lr=0.005|opt=adam|root=0.05+0.05|serversamp=stratified_sensitive|serveralpha=None|synth=gaussian_copula|synth_epochs=50|sensfeat=0|agg=count|fflip=invert|rw=1|foe=state|sdfafoe=fedsa|spdfafoe=fedsa|fedsa_gain=1.75|fedsa_norm=2.0|fg=server_aeod|actfb=0.12|acttemp=0.8|actkeep=1.0|actmetric=aeod_aspd|actdrop=0.005|actrisk=0.1|actviol=0.02|ad2calw=1.0|ad2calb=0.06|ad2calt=0.03|ad2calq=41|ad2clip=5.0|ad2normclip=2.5|ad2accdrop=0.03|ad2calobj=original|ad2normmode=root|ad2uw=3.0|ad2cw=0.2|ad2aw=1.5|ad2plus=fixed|suite=server_generation_ablation|tag=real5_gaussian_copula_synth5
compas:real5_gaussian_copula_synth5,133,c658ad3ee37dd9b6d81f17381d04d789216d4eadfdb3f77190ab48e65c9ec09e,full|compas|IID|GuardFed-AD2+|FedSA|rounds=70|seed=123|clients=20|malicious=4|epochs=1|batch=256|lr=0.005|opt=adam|root=0.05+0.05|serversamp=stratified_sensitive|serveralpha=None|synth=gaussian_copula|synth_epochs=50|sensfeat=0|agg=count|fflip=invert|rw=1|foe=state|sdfafoe=fedsa|spdfafoe=fedsa|fedsa_gain=1.75|fedsa_norm=2.0|fg=server_aeod|actfb=0.12|acttemp=0.8|actkeep=1.0|actmetric=aeod_aspd|actdrop=0.005|actrisk=0.1|actviol=0.02|ad2calw=1.0|ad2calb=0.06|ad2calt=0.03|ad2calq=41|ad2clip=5.0|ad2normclip=2.5|ad2accdrop=0.03|ad2calobj=original|ad2normmode=root|ad2uw=3.0|ad2cw=0.2|ad2aw=1.5|ad2plus=fixed|suite=server_generation_ablation|tag=real5_gaussian_copula_synth5
compas:real5_gaussian_copula_synth5,134,50ca7321a9c840d2ce165043804beb5514c8e5f439b875bef46dc8ecc3ba8af4,full|compas|IID|GuardFed-AD2+|S-DFA|rounds=70|seed=123|clients=20|malicious=4|epochs=1|batch=256|lr=0.005|opt=adam|root=0.05+0.05|serversamp=stratified_sensitive|serveralpha=None|synth=gaussian_copula|synth_epochs=50|sensfeat=0|agg=count|fflip=invert|rw=1|foe=state|sdfafoe=fedsa|spdfafoe=fedsa|fedsa_gain=1.75|fedsa_norm=2.0|fg=server_aeod|actfb=0.12|acttemp=0.8|actkeep=1.0|actmetric=aeod_aspd|actdrop=0.005|actrisk=0.1|actviol=0.02|ad2calw=1.0|ad2calb=0.06|ad2calt=0.03|ad2calq=41|ad2clip=5.0|ad2normclip=2.5|ad2accdrop=0.03|ad2calobj=original|ad2normmode=root|ad2uw=3.0|ad2cw=0.2|ad2aw=1.5|ad2plus=fixed|suite=server_generation_ablation|tag=real5_gaussian_copula_synth5
compas:real5_gaussian_copula_synth5,135,925bd5f34b715e7d0752f8347534fa1795284e7472924eee9213d065a789264a,full|compas|IID|GuardFed-AD2+|Sp-DFA|rounds=70|seed=123|clients=20|malicious=4|epochs=1|batch=256|lr=0.005|opt=adam|root=0.05+0.05|serversamp=stratified_sensitive|serveralpha=None|synth=gaussian_copula|synth_epochs=50|sensfeat=0|agg=count|fflip=invert|rw=1|foe=state|sdfafoe=fedsa|spdfafoe=fedsa|fedsa_gain=1.75|fedsa_norm=2.0|fg=server_aeod|actfb=0.12|acttemp=0.8|actkeep=1.0|actmetric=aeod_aspd|actdrop=0.005|actrisk=0.1|actviol=0.02|ad2calw=1.0|ad2calb=0.06|ad2calt=0.03|ad2calq=41|ad2clip=5.0|ad2normclip=2.5|ad2accdrop=0.03|ad2calobj=original|ad2normmode=root|ad2uw=3.0|ad2cw=0.2|ad2aw=1.5|ad2plus=fixed|suite=server_generation_ablation|tag=real5_gaussian_copula_synth5
compas:real5_gaussian_copula_synth5,136,d4b54d2d6dfad0944d7905fdcf5d4c5f45d68d68991cc33e965ab1e048451366,full|compas|non-IID|GuardFed-AD2+|Benign|rounds=70|seed=123|clients=20|malicious=4|epochs=1|batch=256|lr=0.005|opt=adam|root=0.05+0.05|serversamp=stratified_sensitive|serveralpha=None|synth=gaussian_copula|synth_epochs=50|sensfeat=0|agg=count|fflip=invert|rw=1|foe=state|sdfafoe=fedsa|spdfafoe=fedsa|fedsa_gain=1.75|fedsa_norm=2.0|fg=server_aeod|actfb=0.12|acttemp=0.8|actkeep=1.0|actmetric=aeod_aspd|actdrop=0.005|actrisk=0.1|actviol=0.02|ad2calw=1.0|ad2calb=0.06|ad2calt=0.03|ad2calq=41|ad2clip=5.0|ad2normclip=2.5|ad2accdrop=0.03|ad2calobj=original|ad2normmode=root|ad2uw=3.0|ad2cw=0.2|ad2aw=1.5|ad2plus=fixed|suite=server_generation_ablation|tag=real5_gaussian_copula_synth5
compas:real5_gaussian_copula_synth5,137,aa9378864d76ab639cc1aa252d0d3dd5ed0cab1cf0ed348f5547045c894e110b,full|compas|non-IID|GuardFed-AD2+|F Flip|rounds=70|seed=123|clients=20|malicious=4|epochs=1|batch=256|lr=0.005|opt=adam|root=0.05+0.05|serversamp=stratified_sensitive|serveralpha=None|synth=gaussian_copula|synth_epochs=50|sensfeat=0|agg=count|fflip=invert|rw=1|foe=state|sdfafoe=fedsa|spdfafoe=fedsa|fedsa_gain=1.75|fedsa_norm=2.0|fg=server_aeod|actfb=0.12|acttemp=0.8|actkeep=1.0|actmetric=aeod_aspd|actdrop=0.005|actrisk=0.1|actviol=0.02|ad2calw=1.0|ad2calb=0.06|ad2calt=0.03|ad2calq=41|ad2clip=5.0|ad2normclip=2.5|ad2accdrop=0.03|ad2calobj=original|ad2normmode=root|ad2uw=3.0|ad2cw=0.2|ad2aw=1.5|ad2plus=fixed|suite=server_generation_ablation|tag=real5_gaussian_copula_synth5
compas:real5_gaussian_copula_synth5,138,6636f23e8cf80b77f472ba32fdad22e547ae9931d842d050be307a1c1f83d851,full|compas|non-IID|GuardFed-AD2+|FedSA|rounds=70|seed=123|clients=20|malicious=4|epochs=1|batch=256|lr=0.005|opt=adam|root=0.05+0.05|serversamp=stratified_sensitive|serveralpha=None|synth=gaussian_copula|synth_epochs=50|sensfeat=0|agg=count|fflip=invert|rw=1|foe=state|sdfafoe=fedsa|spdfafoe=fedsa|fedsa_gain=1.75|fedsa_norm=2.0|fg=server_aeod|actfb=0.12|acttemp=0.8|actkeep=1.0|actmetric=aeod_aspd|actdrop=0.005|actrisk=0.1|actviol=0.02|ad2calw=1.0|ad2calb=0.06|ad2calt=0.03|ad2calq=41|ad2clip=5.0|ad2normclip=2.5|ad2accdrop=0.03|ad2calobj=original|ad2normmode=root|ad2uw=3.0|ad2cw=0.2|ad2aw=1.5|ad2plus=fixed|suite=server_generation_ablation|tag=real5_gaussian_copula_synth5
compas:real5_gaussian_copula_synth5,139,a1039a6c50103201ea9dd9766a420a6f42f0d0f0a84f3fbbe60af3064611cc06,full|compas|non-IID|GuardFed-AD2+|S-DFA|rounds=70|seed=123|clients=20|malicious=4|epochs=1|batch=256|lr=0.005|opt=adam|root=0.05+0.05|serversamp=stratified_sensitive|serveralpha=None|synth=gaussian_copula|synth_epochs=50|sensfeat=0|agg=count|fflip=invert|rw=1|foe=state|sdfafoe=fedsa|spdfafoe=fedsa|fedsa_gain=1.75|fedsa_norm=2.0|fg=server_aeod|actfb=0.12|acttemp=0.8|actkeep=1.0|actmetric=aeod_aspd|actdrop=0.005|actrisk=0.1|actviol=0.02|ad2calw=1.0|ad2calb=0.06|ad2calt=0.03|ad2calq=41|ad2clip=5.0|ad2normclip=2.5|ad2accdrop=0.03|ad2calobj=original|ad2normmode=root|ad2uw=3.0|ad2cw=0.2|ad2aw=1.5|ad2plus=fixed|suite=server_generation_ablation|tag=real5_gaussian_copula_synth5
compas:real5_gaussian_copula_synth5,140,4e2122d78cc45de36818450829c14dc1c818ce89cd3b7fc7835e1edf7b61d9d2,full|compas|non-IID|GuardFed-AD2+|Sp-DFA|rounds=70|seed=123|clients=20|malicious=4|epochs=1|batch=256|lr=0.005|opt=adam|root=0.05+0.05|serversamp=stratified_sensitive|serveralpha=None|synth=gaussian_copula|synth_epochs=50|sensfeat=0|agg=count|fflip=invert|rw=1|foe=state|sdfafoe=fedsa|spdfafoe=fedsa|fedsa_gain=1.75|fedsa_norm=2.0|fg=server_aeod|actfb=0.12|acttemp=0.8|actkeep=1.0|actmetric=aeod_aspd|actdrop=0.005|actrisk=0.1|actviol=0.02|ad2calw=1.0|ad2calb=0.06|ad2calt=0.03|ad2calq=41|ad2clip=5.0|ad2normclip=2.5|ad2accdrop=0.03|ad2calobj=original|ad2normmode=root|ad2uw=3.0|ad2cw=0.2|ad2aw=1.5|ad2plus=fixed|suite=server_generation_ablation|tag=real5_gaussian_copula_synth5
compas:real5_pca_gaussian_synth5,211,8791014d4473286d872a62cae921f6e37fd5cc9188aa0f3b065934db21306105,full|compas|IID|GuardFed-AD2+|Benign|rounds=70|seed=123|clients=20|malicious=4|epochs=1|batch=256|lr=0.005|opt=adam|root=0.05+0.05|serversamp=stratified_sensitive|serveralpha=None|synth=pca_gaussian|synth_epochs=50|sensfeat=0|agg=count|fflip=invert|rw=1|foe=state|sdfafoe=fedsa|spdfafoe=fedsa|fedsa_gain=1.75|fedsa_norm=2.0|fg=server_aeod|actfb=0.12|acttemp=0.8|actkeep=1.0|actmetric=aeod_aspd|actdrop=0.005|actrisk=0.1|actviol=0.02|ad2calw=1.0|ad2calb=0.06|ad2calt=0.03|ad2calq=41|ad2clip=5.0|ad2normclip=2.5|ad2accdrop=0.03|ad2calobj=original|ad2normmode=root|ad2uw=3.0|ad2cw=0.2|ad2aw=1.5|ad2plus=fixed|suite=server_generation_ablation|tag=real5_pca_gaussian_synth5
compas:real5_pca_gaussian_synth5,212,dd8f9181dc000b0dcd7c454d9674ec61e856b6690aeb05dedfece2289c10ac09,full|compas|IID|GuardFed-AD2+|F Flip|rounds=70|seed=123|clients=20|malicious=4|epochs=1|batch=256|lr=0.005|opt=adam|root=0.05+0.05|serversamp=stratified_sensitive|serveralpha=None|synth=pca_gaussian|synth_epochs=50|sensfeat=0|agg=count|fflip=invert|rw=1|foe=state|sdfafoe=fedsa|spdfafoe=fedsa|fedsa_gain=1.75|fedsa_norm=2.0|fg=server_aeod|actfb=0.12|acttemp=0.8|actkeep=1.0|actmetric=aeod_aspd|actdrop=0.005|actrisk=0.1|actviol=0.02|ad2calw=1.0|ad2calb=0.06|ad2calt=0.03|ad2calq=41|ad2clip=5.0|ad2normclip=2.5|ad2accdrop=0.03|ad2calobj=original|ad2normmode=root|ad2uw=3.0|ad2cw=0.2|ad2aw=1.5|ad2plus=fixed|suite=server_generation_ablation|tag=real5_pca_gaussian_synth5
compas:real5_pca_gaussian_synth5,213,d84945419655ff3612bbffd8e29d200214f17a330590452bd9b3f5bc5dadfbb2,full|compas|IID|GuardFed-AD2+|FedSA|rounds=70|seed=123|clients=20|malicious=4|epochs=1|batch=256|lr=0.005|opt=adam|root=0.05+0.05|serversamp=stratified_sensitive|serveralpha=None|synth=pca_gaussian|synth_epochs=50|sensfeat=0|agg=count|fflip=invert|rw=1|foe=state|sdfafoe=fedsa|spdfafoe=fedsa|fedsa_gain=1.75|fedsa_norm=2.0|fg=server_aeod|actfb=0.12|acttemp=0.8|actkeep=1.0|actmetric=aeod_aspd|actdrop=0.005|actrisk=0.1|actviol=0.02|ad2calw=1.0|ad2calb=0.06|ad2calt=0.03|ad2calq=41|ad2clip=5.0|ad2normclip=2.5|ad2accdrop=0.03|ad2calobj=original|ad2normmode=root|ad2uw=3.0|ad2cw=0.2|ad2aw=1.5|ad2plus=fixed|suite=server_generation_ablation|tag=real5_pca_gaussian_synth5
compas:real5_pca_gaussian_synth5,214,74ae2cba045dec2637b8ca4ac7682096b06690e2a9dc525c82a92634a917de81,full|compas|IID|GuardFed-AD2+|S-DFA|rounds=70|seed=123|clients=20|malicious=4|epochs=1|batch=256|lr=0.005|opt=adam|root=0.05+0.05|serversamp=stratified_sensitive|serveralpha=None|synth=pca_gaussian|synth_epochs=50|sensfeat=0|agg=count|fflip=invert|rw=1|foe=state|sdfafoe=fedsa|spdfafoe=fedsa|fedsa_gain=1.75|fedsa_norm=2.0|fg=server_aeod|actfb=0.12|acttemp=0.8|actkeep=1.0|actmetric=aeod_aspd|actdrop=0.005|actrisk=0.1|actviol=0.02|ad2calw=1.0|ad2calb=0.06|ad2calt=0.03|ad2calq=41|ad2clip=5.0|ad2normclip=2.5|ad2accdrop=0.03|ad2calobj=original|ad2normmode=root|ad2uw=3.0|ad2cw=0.2|ad2aw=1.5|ad2plus=fixed|suite=server_generation_ablation|tag=real5_pca_gaussian_synth5
compas:real5_pca_gaussian_synth5,215,a87faa6df0a5a663677d9862516abd293b4798e16bdbed172a0731675c8a225d,full|compas|IID|GuardFed-AD2+|Sp-DFA|rounds=70|seed=123|clients=20|malicious=4|epochs=1|batch=256|lr=0.005|opt=adam|root=0.05+0.05|serversamp=stratified_sensitive|serveralpha=None|synth=pca_gaussian|synth_epochs=50|sensfeat=0|agg=count|fflip=invert|rw=1|foe=state|sdfafoe=fedsa|spdfafoe=fedsa|fedsa_gain=1.75|fedsa_norm=2.0|fg=server_aeod|actfb=0.12|acttemp=0.8|actkeep=1.0|actmetric=aeod_aspd|actdrop=0.005|actrisk=0.1|actviol=0.02|ad2calw=1.0|ad2calb=0.06|ad2calt=0.03|ad2calq=41|ad2clip=5.0|ad2normclip=2.5|ad2accdrop=0.03|ad2calobj=original|ad2normmode=root|ad2uw=3.0|ad2cw=0.2|ad2aw=1.5|ad2plus=fixed|suite=server_generation_ablation|tag=real5_pca_gaussian_synth5
compas:real5_pca_gaussian_synth5,216,205efbd56f88cd4ea82672f51e27a017a60381df6d57961cd5d0b3581b3843e1,full|compas|non-IID|GuardFed-AD2+|Benign|rounds=70|seed=123|clients=20|malicious=4|epochs=1|batch=256|lr=0.005|opt=adam|root=0.05+0.05|serversamp=stratified_sensitive|serveralpha=None|synth=pca_gaussian|synth_epochs=50|sensfeat=0|agg=count|fflip=invert|rw=1|foe=state|sdfafoe=fedsa|spdfafoe=fedsa|fedsa_gain=1.75|fedsa_norm=2.0|fg=server_aeod|actfb=0.12|acttemp=0.8|actkeep=1.0|actmetric=aeod_aspd|actdrop=0.005|actrisk=0.1|actviol=0.02|ad2calw=1.0|ad2calb=0.06|ad2calt=0.03|ad2calq=41|ad2clip=5.0|ad2normclip=2.5|ad2accdrop=0.03|ad2calobj=original|ad2normmode=root|ad2uw=3.0|ad2cw=0.2|ad2aw=1.5|ad2plus=fixed|suite=server_generation_ablation|tag=real5_pca_gaussian_synth5
compas:real5_pca_gaussian_synth5,217,9331d0a5e7d504de178eca0bbccc4879f0b63bdca4b465dc4b938ce2dc2d7b0b,full|compas|non-IID|GuardFed-AD2+|F Flip|rounds=70|seed=123|clients=20|malicious=4|epochs=1|batch=256|lr=0.005|opt=adam|root=0.05+0.05|serversamp=stratified_sensitive|serveralpha=None|synth=pca_gaussian|synth_epochs=50|sensfeat=0|agg=count|fflip=invert|rw=1|foe=state|sdfafoe=fedsa|spdfafoe=fedsa|fedsa_gain=1.75|fedsa_norm=2.0|fg=server_aeod|actfb=0.12|acttemp=0.8|actkeep=1.0|actmetric=aeod_aspd|actdrop=0.005|actrisk=0.1|actviol=0.02|ad2calw=1.0|ad2calb=0.06|ad2calt=0.03|ad2calq=41|ad2clip=5.0|ad2normclip=2.5|ad2accdrop=0.03|ad2calobj=original|ad2normmode=root|ad2uw=3.0|ad2cw=0.2|ad2aw=1.5|ad2plus=fixed|suite=server_generation_ablation|tag=real5_pca_gaussian_synth5
compas:real5_pca_gaussian_synth5,218,065bd2fb667ded05fad6f89e29a5474c2f92013e049c86e29892c813236ad889,full|compas|non-IID|GuardFed-AD2+|FedSA|rounds=70|seed=123|clients=20|malicious=4|epochs=1|batch=256|lr=0.005|opt=adam|root=0.05+0.05|serversamp=stratified_sensitive|serveralpha=None|synth=pca_gaussian|synth_epochs=50|sensfeat=0|agg=count|fflip=invert|rw=1|foe=state|sdfafoe=fedsa|spdfafoe=fedsa|fedsa_gain=1.75|fedsa_norm=2.0|fg=server_aeod|actfb=0.12|acttemp=0.8|actkeep=1.0|actmetric=aeod_aspd|actdrop=0.005|actrisk=0.1|actviol=0.02|ad2calw=1.0|ad2calb=0.06|ad2calt=0.03|ad2calq=41|ad2clip=5.0|ad2normclip=2.5|ad2accdrop=0.03|ad2calobj=original|ad2normmode=root|ad2uw=3.0|ad2cw=0.2|ad2aw=1.5|ad2plus=fixed|suite=server_generation_ablation|tag=real5_pca_gaussian_synth5
compas:real5_pca_gaussian_synth5,219,96a39c6d6fd8baf1de906e7306718dcc5cc577991c4fadde395824528483d98a,full|compas|non-IID|GuardFed-AD2+|S-DFA|rounds=70|seed=123|clients=20|malicious=4|epochs=1|batch=256|lr=0.005|opt=adam|root=0.05+0.05|serversamp=stratified_sensitive|serveralpha=None|synth=pca_gaussian|synth_epochs=50|sensfeat=0|agg=count|fflip=invert|rw=1|foe=state|sdfafoe=fedsa|spdfafoe=fedsa|fedsa_gain=1.75|fedsa_norm=2.0|fg=server_aeod|actfb=0.12|acttemp=0.8|actkeep=1.0|actmetric=aeod_aspd|actdrop=0.005|actrisk=0.1|actviol=0.02|ad2calw=1.0|ad2calb=0.06|ad2calt=0.03|ad2calq=41|ad2clip=5.0|ad2normclip=2.5|ad2accdrop=0.03|ad2calobj=original|ad2normmode=root|ad2uw=3.0|ad2cw=0.2|ad2aw=1.5|ad2plus=fixed|suite=server_generation_ablation|tag=real5_pca_gaussian_synth5
compas:real5_pca_gaussian_synth5,220,d660997ebce13e8fd5adefd91e67cc78b34ff77660ecad057ce0ab1752171217,full|compas|non-IID|GuardFed-AD2+|Sp-DFA|rounds=70|seed=123|clients=20|malicious=4|epochs=1|batch=256|lr=0.005|opt=adam|root=0.05+0.05|serversamp=stratified_sensitive|serveralpha=None|synth=pca_gaussian|synth_epochs=50|sensfeat=0|agg=count|fflip=invert|rw=1|foe=state|sdfafoe=fedsa|spdfafoe=fedsa|fedsa_gain=1.75|fedsa_norm=2.0|fg=server_aeod|actfb=0.12|acttemp=0.8|actkeep=1.0|actmetric=aeod_aspd|actdrop=0.005|actrisk=0.1|actviol=0.02|ad2calw=1.0|ad2calb=0.06|ad2calt=0.03|ad2calq=41|ad2clip=5.0|ad2normclip=2.5|ad2accdrop=0.03|ad2calobj=original|ad2normmode=root|ad2uw=3.0|ad2cw=0.2|ad2aw=1.5|ad2plus=fixed|suite=server_generation_ablation|tag=real5_pca_gaussian_synth5
compas:real5_smote_synth5,191,8c5c91eaabbe750c79ff5d14063a3b25522b17fd028ce220750eed34dea9f57f,full|compas|IID|GuardFed-AD2+|Benign|rounds=70|seed=123|clients=20|malicious=4|epochs=1|batch=256|lr=0.005|opt=adam|root=0.05+0.05|serversamp=stratified_sensitive|serveralpha=None|synth=smote|synth_epochs=50|sensfeat=0|agg=count|fflip=invert|rw=1|foe=state|sdfafoe=fedsa|spdfafoe=fedsa|fedsa_gain=1.75|fedsa_norm=2.0|fg=server_aeod|actfb=0.12|acttemp=0.8|actkeep=1.0|actmetric=aeod_aspd|actdrop=0.005|actrisk=0.1|actviol=0.02|ad2calw=1.0|ad2calb=0.06|ad2calt=0.03|ad2calq=41|ad2clip=5.0|ad2normclip=2.5|ad2accdrop=0.03|ad2calobj=original|ad2normmode=root|ad2uw=3.0|ad2cw=0.2|ad2aw=1.5|ad2plus=fixed|suite=server_generation_ablation|tag=real5_smote_synth5
compas:real5_smote_synth5,192,75748d9d1bc221b50d521da718c967985761d0e357527db870aca4e06daa74b8,full|compas|IID|GuardFed-AD2+|F Flip|rounds=70|seed=123|clients=20|malicious=4|epochs=1|batch=256|lr=0.005|opt=adam|root=0.05+0.05|serversamp=stratified_sensitive|serveralpha=None|synth=smote|synth_epochs=50|sensfeat=0|agg=count|fflip=invert|rw=1|foe=state|sdfafoe=fedsa|spdfafoe=fedsa|fedsa_gain=1.75|fedsa_norm=2.0|fg=server_aeod|actfb=0.12|acttemp=0.8|actkeep=1.0|actmetric=aeod_aspd|actdrop=0.005|actrisk=0.1|actviol=0.02|ad2calw=1.0|ad2calb=0.06|ad2calt=0.03|ad2calq=41|ad2clip=5.0|ad2normclip=2.5|ad2accdrop=0.03|ad2calobj=original|ad2normmode=root|ad2uw=3.0|ad2cw=0.2|ad2aw=1.5|ad2plus=fixed|suite=server_generation_ablation|tag=real5_smote_synth5
compas:real5_smote_synth5,193,42d921c35ea10a3b8bf83165c45282025ce41ec14c0460090b01e2cef103e204,full|compas|IID|GuardFed-AD2+|FedSA|rounds=70|seed=123|clients=20|malicious=4|epochs=1|batch=256|lr=0.005|opt=adam|root=0.05+0.05|serversamp=stratified_sensitive|serveralpha=None|synth=smote|synth_epochs=50|sensfeat=0|agg=count|fflip=invert|rw=1|foe=state|sdfafoe=fedsa|spdfafoe=fedsa|fedsa_gain=1.75|fedsa_norm=2.0|fg=server_aeod|actfb=0.12|acttemp=0.8|actkeep=1.0|actmetric=aeod_aspd|actdrop=0.005|actrisk=0.1|actviol=0.02|ad2calw=1.0|ad2calb=0.06|ad2calt=0.03|ad2calq=41|ad2clip=5.0|ad2normclip=2.5|ad2accdrop=0.03|ad2calobj=original|ad2normmode=root|ad2uw=3.0|ad2cw=0.2|ad2aw=1.5|ad2plus=fixed|suite=server_generation_ablation|tag=real5_smote_synth5
compas:real5_smote_synth5,194,6edd8f4b940ef59e65fdc3915bfdb31c7d54d90827d2f7ad18f2d9d1f41c0afe,full|compas|IID|GuardFed-AD2+|S-DFA|rounds=70|seed=123|clients=20|malicious=4|epochs=1|batch=256|lr=0.005|opt=adam|root=0.05+0.05|serversamp=stratified_sensitive|serveralpha=None|synth=smote|synth_epochs=50|sensfeat=0|agg=count|fflip=invert|rw=1|foe=state|sdfafoe=fedsa|spdfafoe=fedsa|fedsa_gain=1.75|fedsa_norm=2.0|fg=server_aeod|actfb=0.12|acttemp=0.8|actkeep=1.0|actmetric=aeod_aspd|actdrop=0.005|actrisk=0.1|actviol=0.02|ad2calw=1.0|ad2calb=0.06|ad2calt=0.03|ad2calq=41|ad2clip=5.0|ad2normclip=2.5|ad2accdrop=0.03|ad2calobj=original|ad2normmode=root|ad2uw=3.0|ad2cw=0.2|ad2aw=1.5|ad2plus=fixed|suite=server_generation_ablation|tag=real5_smote_synth5
compas:real5_smote_synth5,195,4b7416b65e2d0933e2cfc41f1a511744d04609a7c381e3146ef476f30707528b,full|compas|IID|GuardFed-AD2+|Sp-DFA|rounds=70|seed=123|clients=20|malicious=4|epochs=1|batch=256|lr=0.005|opt=adam|root=0.05+0.05|serversamp=stratified_sensitive|serveralpha=None|synth=smote|synth_epochs=50|sensfeat=0|agg=count|fflip=invert|rw=1|foe=state|sdfafoe=fedsa|spdfafoe=fedsa|fedsa_gain=1.75|fedsa_norm=2.0|fg=server_aeod|actfb=0.12|acttemp=0.8|actkeep=1.0|actmetric=aeod_aspd|actdrop=0.005|actrisk=0.1|actviol=0.02|ad2calw=1.0|ad2calb=0.06|ad2calt=0.03|ad2calq=41|ad2clip=5.0|ad2normclip=2.5|ad2accdrop=0.03|ad2calobj=original|ad2normmode=root|ad2uw=3.0|ad2cw=0.2|ad2aw=1.5|ad2plus=fixed|suite=server_generation_ablation|tag=real5_smote_synth5
compas:real5_smote_synth5,196,bcf4c0bed6f22a8ded0ec2d97918ec1af9f1a47da2cad7ebfc4347729dfa560f,full|compas|non-IID|GuardFed-AD2+|Benign|rounds=70|seed=123|clients=20|malicious=4|epochs=1|batch=256|lr=0.005|opt=adam|root=0.05+0.05|serversamp=stratified_sensitive|serveralpha=None|synth=smote|synth_epochs=50|sensfeat=0|agg=count|fflip=invert|rw=1|foe=state|sdfafoe=fedsa|spdfafoe=fedsa|fedsa_gain=1.75|fedsa_norm=2.0|fg=server_aeod|actfb=0.12|acttemp=0.8|actkeep=1.0|actmetric=aeod_aspd|actdrop=0.005|actrisk=0.1|actviol=0.02|ad2calw=1.0|ad2calb=0.06|ad2calt=0.03|ad2calq=41|ad2clip=5.0|ad2normclip=2.5|ad2accdrop=0.03|ad2calobj=original|ad2normmode=root|ad2uw=3.0|ad2cw=0.2|ad2aw=1.5|ad2plus=fixed|suite=server_generation_ablation|tag=real5_smote_synth5
compas:real5_smote_synth5,197,a4b44bebb6a258b4f80931b682a78d87e8393ac54f2e22a3e9ca7e58df3ea7c1,full|compas|non-IID|GuardFed-AD2+|F Flip|rounds=70|seed=123|clients=20|malicious=4|epochs=1|batch=256|lr=0.005|opt=adam|root=0.05+0.05|serversamp=stratified_sensitive|serveralpha=None|synth=smote|synth_epochs=50|sensfeat=0|agg=count|fflip=invert|rw=1|foe=state|sdfafoe=fedsa|spdfafoe=fedsa|fedsa_gain=1.75|fedsa_norm=2.0|fg=server_aeod|actfb=0.12|acttemp=0.8|actkeep=1.0|actmetric=aeod_aspd|actdrop=0.005|actrisk=0.1|actviol=0.02|ad2calw=1.0|ad2calb=0.06|ad2calt=0.03|ad2calq=41|ad2clip=5.0|ad2normclip=2.5|ad2accdrop=0.03|ad2calobj=original|ad2normmode=root|ad2uw=3.0|ad2cw=0.2|ad2aw=1.5|ad2plus=fixed|suite=server_generation_ablation|tag=real5_smote_synth5
compas:real5_smote_synth5,198,48e29beb288901298963eba7c997b07c0c6e268dfbcdaa486374684dfd18a0df,full|compas|non-IID|GuardFed-AD2+|FedSA|rounds=70|seed=123|clients=20|malicious=4|epochs=1|batch=256|lr=0.005|opt=adam|root=0.05+0.05|serversamp=stratified_sensitive|serveralpha=None|synth=smote|synth_epochs=50|sensfeat=0|agg=count|fflip=invert|rw=1|foe=state|sdfafoe=fedsa|spdfafoe=fedsa|fedsa_gain=1.75|fedsa_norm=2.0|fg=server_aeod|actfb=0.12|acttemp=0.8|actkeep=1.0|actmetric=aeod_aspd|actdrop=0.005|actrisk=0.1|actviol=0.02|ad2calw=1.0|ad2calb=0.06|ad2calt=0.03|ad2calq=41|ad2clip=5.0|ad2normclip=2.5|ad2accdrop=0.03|ad2calobj=original|ad2normmode=root|ad2uw=3.0|ad2cw=0.2|ad2aw=1.5|ad2plus=fixed|suite=server_generation_ablation|tag=real5_smote_synth5
compas:real5_smote_synth5,199,6b608843133bb0c7732a559ffe82fee421f37c6d6875cd788e1ccd35faad9df0,full|compas|non-IID|GuardFed-AD2+|S-DFA|rounds=70|seed=123|clients=20|malicious=4|epochs=1|batch=256|lr=0.005|opt=adam|root=0.05+0.05|serversamp=stratified_sensitive|serveralpha=None|synth=smote|synth_epochs=50|sensfeat=0|agg=count|fflip=invert|rw=1|foe=state|sdfafoe=fedsa|spdfafoe=fedsa|fedsa_gain=1.75|fedsa_norm=2.0|fg=server_aeod|actfb=0.12|acttemp=0.8|actkeep=1.0|actmetric=aeod_aspd|actdrop=0.005|actrisk=0.1|actviol=0.02|ad2calw=1.0|ad2calb=0.06|ad2calt=0.03|ad2calq=41|ad2clip=5.0|ad2normclip=2.5|ad2accdrop=0.03|ad2calobj=original|ad2normmode=root|ad2uw=3.0|ad2cw=0.2|ad2aw=1.5|ad2plus=fixed|suite=server_generation_ablation|tag=real5_smote_synth5
compas:real5_smote_synth5,200,509da2bb2d5c95e405bc0345ac87acb357df1562f598accd2a88c9bad16a72c2,full|compas|non-IID|GuardFed-AD2+|Sp-DFA|rounds=70|seed=123|clients=20|malicious=4|epochs=1|batch=256|lr=0.005|opt=adam|root=0.05+0.05|serversamp=stratified_sensitive|serveralpha=None|synth=smote|synth_epochs=50|sensfeat=0|agg=count|fflip=invert|rw=1|foe=state|sdfafoe=fedsa|spdfafoe=fedsa|fedsa_gain=1.75|fedsa_norm=2.0|fg=server_aeod|actfb=0.12|acttemp=0.8|actkeep=1.0|actmetric=aeod_aspd|actdrop=0.005|actrisk=0.1|actviol=0.02|ad2calw=1.0|ad2calb=0.06|ad2calt=0.03|ad2calq=41|ad2clip=5.0|ad2normclip=2.5|ad2accdrop=0.03|ad2calobj=original|ad2normmode=root|ad2uw=3.0|ad2cw=0.2|ad2aw=1.5|ad2plus=fixed|suite=server_generation_ablation|tag=real5_smote_synth5
compas:real5_tvae_synth5,171,4d5b80dd387f799c4ae0b471122ef05e010729846187fd912b9e98d55ff88d82,full|compas|IID|GuardFed-AD2+|Benign|rounds=70|seed=123|clients=20|malicious=4|epochs=1|batch=256|lr=0.005|opt=adam|root=0.05+0.05|serversamp=stratified_sensitive|serveralpha=None|synth=tvae|synth_epochs=50|sensfeat=0|agg=count|fflip=invert|rw=1|foe=state|sdfafoe=fedsa|spdfafoe=fedsa|fedsa_gain=1.75|fedsa_norm=2.0|fg=server_aeod|actfb=0.12|acttemp=0.8|actkeep=1.0|actmetric=aeod_aspd|actdrop=0.005|actrisk=0.1|actviol=0.02|ad2calw=1.0|ad2calb=0.06|ad2calt=0.03|ad2calq=41|ad2clip=5.0|ad2normclip=2.5|ad2accdrop=0.03|ad2calobj=original|ad2normmode=root|ad2uw=3.0|ad2cw=0.2|ad2aw=1.5|ad2plus=fixed|suite=server_generation_ablation|tag=real5_tvae_synth5
compas:real5_tvae_synth5,172,7fa7b100ade4dd143edb250b263b7a4e415367c1a906e94fe8f7ae2847b8ec85,full|compas|IID|GuardFed-AD2+|F Flip|rounds=70|seed=123|clients=20|malicious=4|epochs=1|batch=256|lr=0.005|opt=adam|root=0.05+0.05|serversamp=stratified_sensitive|serveralpha=None|synth=tvae|synth_epochs=50|sensfeat=0|agg=count|fflip=invert|rw=1|foe=state|sdfafoe=fedsa|spdfafoe=fedsa|fedsa_gain=1.75|fedsa_norm=2.0|fg=server_aeod|actfb=0.12|acttemp=0.8|actkeep=1.0|actmetric=aeod_aspd|actdrop=0.005|actrisk=0.1|actviol=0.02|ad2calw=1.0|ad2calb=0.06|ad2calt=0.03|ad2calq=41|ad2clip=5.0|ad2normclip=2.5|ad2accdrop=0.03|ad2calobj=original|ad2normmode=root|ad2uw=3.0|ad2cw=0.2|ad2aw=1.5|ad2plus=fixed|suite=server_generation_ablation|tag=real5_tvae_synth5
compas:real5_tvae_synth5,173,4e685089f4224d46848c08bc1b05127dfc97b098651c2b637868704cd92ad393,full|compas|IID|GuardFed-AD2+|FedSA|rounds=70|seed=123|clients=20|malicious=4|epochs=1|batch=256|lr=0.005|opt=adam|root=0.05+0.05|serversamp=stratified_sensitive|serveralpha=None|synth=tvae|synth_epochs=50|sensfeat=0|agg=count|fflip=invert|rw=1|foe=state|sdfafoe=fedsa|spdfafoe=fedsa|fedsa_gain=1.75|fedsa_norm=2.0|fg=server_aeod|actfb=0.12|acttemp=0.8|actkeep=1.0|actmetric=aeod_aspd|actdrop=0.005|actrisk=0.1|actviol=0.02|ad2calw=1.0|ad2calb=0.06|ad2calt=0.03|ad2calq=41|ad2clip=5.0|ad2normclip=2.5|ad2accdrop=0.03|ad2calobj=original|ad2normmode=root|ad2uw=3.0|ad2cw=0.2|ad2aw=1.5|ad2plus=fixed|suite=server_generation_ablation|tag=real5_tvae_synth5
compas:real5_tvae_synth5,174,e765626b99f66e8d071be984d27c721ea5a3482547528deb7176a0aadf001d26,full|compas|IID|GuardFed-AD2+|S-DFA|rounds=70|seed=123|clients=20|malicious=4|epochs=1|batch=256|lr=0.005|opt=adam|root=0.05+0.05|serversamp=stratified_sensitive|serveralpha=None|synth=tvae|synth_epochs=50|sensfeat=0|agg=count|fflip=invert|rw=1|foe=state|sdfafoe=fedsa|spdfafoe=fedsa|fedsa_gain=1.75|fedsa_norm=2.0|fg=server_aeod|actfb=0.12|acttemp=0.8|actkeep=1.0|actmetric=aeod_aspd|actdrop=0.005|actrisk=0.1|actviol=0.02|ad2calw=1.0|ad2calb=0.06|ad2calt=0.03|ad2calq=41|ad2clip=5.0|ad2normclip=2.5|ad2accdrop=0.03|ad2calobj=original|ad2normmode=root|ad2uw=3.0|ad2cw=0.2|ad2aw=1.5|ad2plus=fixed|suite=server_generation_ablation|tag=real5_tvae_synth5
compas:real5_tvae_synth5,175,f2c573967fa44299d0aeabddc75c29fdd841c61d32340dc894e06fe94b523bcd,full|compas|IID|GuardFed-AD2+|Sp-DFA|rounds=70|seed=123|clients=20|malicious=4|epochs=1|batch=256|lr=0.005|opt=adam|root=0.05+0.05|serversamp=stratified_sensitive|serveralpha=None|synth=tvae|synth_epochs=50|sensfeat=0|agg=count|fflip=invert|rw=1|foe=state|sdfafoe=fedsa|spdfafoe=fedsa|fedsa_gain=1.75|fedsa_norm=2.0|fg=server_aeod|actfb=0.12|acttemp=0.8|actkeep=1.0|actmetric=aeod_aspd|actdrop=0.005|actrisk=0.1|actviol=0.02|ad2calw=1.0|ad2calb=0.06|ad2calt=0.03|ad2calq=41|ad2clip=5.0|ad2normclip=2.5|ad2accdrop=0.03|ad2calobj=original|ad2normmode=root|ad2uw=3.0|ad2cw=0.2|ad2aw=1.5|ad2plus=fixed|suite=server_generation_ablation|tag=real5_tvae_synth5
compas:real5_tvae_synth5,176,318c61c0ad42508086788f276c0e451a0afd3ca6c5f380db16cd242d07bac09d,full|compas|non-IID|GuardFed-AD2+|Benign|rounds=70|seed=123|clients=20|malicious=4|epochs=1|batch=256|lr=0.005|opt=adam|root=0.05+0.05|serversamp=stratified_sensitive|serveralpha=None|synth=tvae|synth_epochs=50|sensfeat=0|agg=count|fflip=invert|rw=1|foe=state|sdfafoe=fedsa|spdfafoe=fedsa|fedsa_gain=1.75|fedsa_norm=2.0|fg=server_aeod|actfb=0.12|acttemp=0.8|actkeep=1.0|actmetric=aeod_aspd|actdrop=0.005|actrisk=0.1|actviol=0.02|ad2calw=1.0|ad2calb=0.06|ad2calt=0.03|ad2calq=41|ad2clip=5.0|ad2normclip=2.5|ad2accdrop=0.03|ad2calobj=original|ad2normmode=root|ad2uw=3.0|ad2cw=0.2|ad2aw=1.5|ad2plus=fixed|suite=server_generation_ablation|tag=real5_tvae_synth5
compas:real5_tvae_synth5,177,087d8241850c0aa6e0e12f5aea14d2e515b99efa073395a158086b9b81a541df,full|compas|non-IID|GuardFed-AD2+|F Flip|rounds=70|seed=123|clients=20|malicious=4|epochs=1|batch=256|lr=0.005|opt=adam|root=0.05+0.05|serversamp=stratified_sensitive|serveralpha=None|synth=tvae|synth_epochs=50|sensfeat=0|agg=count|fflip=invert|rw=1|foe=state|sdfafoe=fedsa|spdfafoe=fedsa|fedsa_gain=1.75|fedsa_norm=2.0|fg=server_aeod|actfb=0.12|acttemp=0.8|actkeep=1.0|actmetric=aeod_aspd|actdrop=0.005|actrisk=0.1|actviol=0.02|ad2calw=1.0|ad2calb=0.06|ad2calt=0.03|ad2calq=41|ad2clip=5.0|ad2normclip=2.5|ad2accdrop=0.03|ad2calobj=original|ad2normmode=root|ad2uw=3.0|ad2cw=0.2|ad2aw=1.5|ad2plus=fixed|suite=server_generation_ablation|tag=real5_tvae_synth5
compas:real5_tvae_synth5,178,bd9ded8033d9ae28f177417906b976b4368fc30ed656d307cef622d0e6030974,full|compas|non-IID|GuardFed-AD2+|FedSA|rounds=70|seed=123|clients=20|malicious=4|epochs=1|batch=256|lr=0.005|opt=adam|root=0.05+0.05|serversamp=stratified_sensitive|serveralpha=None|synth=tvae|synth_epochs=50|sensfeat=0|agg=count|fflip=invert|rw=1|foe=state|sdfafoe=fedsa|spdfafoe=fedsa|fedsa_gain=1.75|fedsa_norm=2.0|fg=server_aeod|actfb=0.12|acttemp=0.8|actkeep=1.0|actmetric=aeod_aspd|actdrop=0.005|actrisk=0.1|actviol=0.02|ad2calw=1.0|ad2calb=0.06|ad2calt=0.03|ad2calq=41|ad2clip=5.0|ad2normclip=2.5|ad2accdrop=0.03|ad2calobj=original|ad2normmode=root|ad2uw=3.0|ad2cw=0.2|ad2aw=1.5|ad2plus=fixed|suite=server_generation_ablation|tag=real5_tvae_synth5
compas:real5_tvae_synth5,179,edad52d7e9d8db18b3a0416e09ef09ffa373701836960581eb4004b3a84f7b34,full|compas|non-IID|GuardFed-AD2+|S-DFA|rounds=70|seed=123|clients=20|malicious=4|epochs=1|batch=256|lr=0.005|opt=adam|root=0.05+0.05|serversamp=stratified_sensitive|serveralpha=None|synth=tvae|synth_epochs=50|sensfeat=0|agg=count|fflip=invert|rw=1|foe=state|sdfafoe=fedsa|spdfafoe=fedsa|fedsa_gain=1.75|fedsa_norm=2.0|fg=server_aeod|actfb=0.12|acttemp=0.8|actkeep=1.0|actmetric=aeod_aspd|actdrop=0.005|actrisk=0.1|actviol=0.02|ad2calw=1.0|ad2calb=0.06|ad2calt=0.03|ad2calq=41|ad2clip=5.0|ad2normclip=2.5|ad2accdrop=0.03|ad2calobj=original|ad2normmode=root|ad2uw=3.0|ad2cw=0.2|ad2aw=1.5|ad2plus=fixed|suite=server_generation_ablation|tag=real5_tvae_synth5
compas:real5_tvae_synth5,180,f6ef08616ac2d5612d5949534d92b9e639395b0921c452869cba7e35985f4ac4,full|compas|non-IID|GuardFed-AD2+|Sp-DFA|rounds=70|seed=123|clients=20|malicious=4|epochs=1|batch=256|lr=0.005|opt=adam|root=0.05+0.05|serversamp=stratified_sensitive|serveralpha=None|synth=tvae|synth_epochs=50|sensfeat=0|agg=count|fflip=invert|rw=1|foe=state|sdfafoe=fedsa|spdfafoe=fedsa|fedsa_gain=1.75|fedsa_norm=2.0|fg=server_aeod|actfb=0.12|acttemp=0.8|actkeep=1.0|actmetric=aeod_aspd|actdrop=0.005|actrisk=0.1|actviol=0.02|ad2calw=1.0|ad2calb=0.06|ad2calt=0.03|ad2calq=41|ad2clip=5.0|ad2normclip=2.5|ad2accdrop=0.03|ad2calobj=original|ad2normmode=root|ad2uw=3.0|ad2cw=0.2|ad2aw=1.5|ad2plus=fixed|suite=server_generation_ablation|tag=real5_tvae_synth5
