subset_line,original_raw_line,raw_line_sha256,run_id,config_canonical_sha256,dataset,distribution,alpha,attack,seed,round,historical_method_label,tag,real_root_ratio,synthetic_root_ratio,accuracy,aeod,aspd,metric_source,checkpoint_binary_SHA_available
1,3845,49036bd1d03427c54b1b712e422609819ba529fdb72d901bd6a99f9ea60f9f41,full|adult|IID|GuardFed-AD2+|Benign|rounds=70|seed=123|clients=20|malicious=4|epochs=1|batch=256|lr=0.005|opt=adam|root=0.1+0.0|serversamp=stratified_sensitive|serveralpha=None|synth=none|synth_epochs=50|sensfeat=0|agg=count|fflip=invert|rw=1|foe=state|sdfafoe=fedsa|spdfafoe=fedsa|fedsa_gain=1.75|fedsa_norm=2.0|fg=server_aeod|actfb=0.12|acttemp=0.8|actkeep=1.0|actmetric=aeod_aspd|actdrop=0.005|actrisk=0.1|actviol=0.02|ad2calw=1.0|ad2calb=0.06|ad2calt=0.03|ad2calq=41|ad2clip=5.0|ad2normclip=2.5|ad2accdrop=0.03|ad2calobj=original|ad2normmode=root|ad2uw=3.0|ad2cw=0.2|ad2aw=1.5|ad2plus=fixed|suite=server_generation_ablation|tag=real10_none,97995764c352ae7f6c1691dfbb51895fa93fbc5f446df467e6ba5515e4b2a2ee,adult,IID,5000.0,Benign,123,70,none,real10_none,0.1,0.0,0.8256192310246364,0.009128032943173714,0.07515033212030871,metrics == last10_metrics[round70],False
2,3846,0aff9d7b9a82a2211ed1661afc998263b908999f12f8d0a758c5c94aea7479e1,full|adult|IID|GuardFed-AD2+|F Flip|rounds=70|seed=123|clients=20|malicious=4|epochs=1|batch=256|lr=0.005|opt=adam|root=0.1+0.0|serversamp=stratified_sensitive|serveralpha=None|synth=none|synth_epochs=50|sensfeat=0|agg=count|fflip=invert|rw=1|foe=state|sdfafoe=fedsa|spdfafoe=fedsa|fedsa_gain=1.75|fedsa_norm=2.0|fg=server_aeod|actfb=0.12|acttemp=0.8|actkeep=1.0|actmetric=aeod_aspd|actdrop=0.005|actrisk=0.1|actviol=0.02|ad2calw=1.0|ad2calb=0.06|ad2calt=0.03|ad2calq=41|ad2clip=5.0|ad2normclip=2.5|ad2accdrop=0.03|ad2calobj=original|ad2normmode=root|ad2uw=3.0|ad2cw=0.2|ad2aw=1.5|ad2plus=fixed|suite=server_generation_ablation|tag=real10_none,97995764c352ae7f6c1691dfbb51895fa93fbc5f446df467e6ba5515e4b2a2ee,adult,IID,5000.0,F Flip,123,70,none,real10_none,0.1,0.0,0.8220997410186599,0.004537740531950718,0.0716342338154417,metrics == last10_metrics[round70],False
3,3847,24681ca888290bc438e936c95eb42a213fedfec15f909c3e6e0fbb2c5eeb9c51,full|adult|IID|GuardFed-AD2+|FedSA|rounds=70|seed=123|clients=20|malicious=4|epochs=1|batch=256|lr=0.005|opt=adam|root=0.1+0.0|serversamp=stratified_sensitive|serveralpha=None|synth=none|synth_epochs=50|sensfeat=0|agg=count|fflip=invert|rw=1|foe=state|sdfafoe=fedsa|spdfafoe=fedsa|fedsa_gain=1.75|fedsa_norm=2.0|fg=server_aeod|actfb=0.12|acttemp=0.8|actkeep=1.0|actmetric=aeod_aspd|actdrop=0.005|actrisk=0.1|actviol=0.02|ad2calw=1.0|ad2calb=0.06|ad2calt=0.03|ad2calq=41|ad2clip=5.0|ad2normclip=2.5|ad2accdrop=0.03|ad2calobj=original|ad2normmode=root|ad2uw=3.0|ad2cw=0.2|ad2aw=1.5|ad2plus=fixed|suite=server_generation_ablation|tag=real10_none,97995764c352ae7f6c1691dfbb51895fa93fbc5f446df467e6ba5515e4b2a2ee,adult,IID,5000.0,FedSA,123,70,none,real10_none,0.1,0.0,0.8205724151670097,0.020082243691061208,0.06668919145828124,metrics == last10_metrics[round70],False
4,3848,652cedd4b1c8c4a61fc456187846bd36aa9a92d28058e11add245496a9e5c269,full|adult|IID|GuardFed-AD2+|S-DFA|rounds=70|seed=123|clients=20|malicious=4|epochs=1|batch=256|lr=0.005|opt=adam|root=0.1+0.0|serversamp=stratified_sensitive|serveralpha=None|synth=none|synth_epochs=50|sensfeat=0|agg=count|fflip=invert|rw=1|foe=state|sdfafoe=fedsa|spdfafoe=fedsa|fedsa_gain=1.75|fedsa_norm=2.0|fg=server_aeod|actfb=0.12|acttemp=0.8|actkeep=1.0|actmetric=aeod_aspd|actdrop=0.005|actrisk=0.1|actviol=0.02|ad2calw=1.0|ad2calb=0.06|ad2calt=0.03|ad2calq=41|ad2clip=5.0|ad2normclip=2.5|ad2accdrop=0.03|ad2calobj=original|ad2normmode=root|ad2uw=3.0|ad2cw=0.2|ad2aw=1.5|ad2plus=fixed|suite=server_generation_ablation|tag=real10_none,97995764c352ae7f6c1691dfbb51895fa93fbc5f446df467e6ba5515e4b2a2ee,adult,IID,5000.0,S-DFA,123,70,none,real10_none,0.1,0.0,0.8232286340394448,0.035581049563848,0.06583650732683645,metrics == last10_metrics[round70],False
5,3849,9bbc1da9667f4631484873cfb0934c12cdb9e172f5dceac4c05107c471b13a28,full|adult|IID|GuardFed-AD2+|Sp-DFA|rounds=70|seed=123|clients=20|malicious=4|epochs=1|batch=256|lr=0.005|opt=adam|root=0.1+0.0|serversamp=stratified_sensitive|serveralpha=None|synth=none|synth_epochs=50|sensfeat=0|agg=count|fflip=invert|rw=1|foe=state|sdfafoe=fedsa|spdfafoe=fedsa|fedsa_gain=1.75|fedsa_norm=2.0|fg=server_aeod|actfb=0.12|acttemp=0.8|actkeep=1.0|actmetric=aeod_aspd|actdrop=0.005|actrisk=0.1|actviol=0.02|ad2calw=1.0|ad2calb=0.06|ad2calt=0.03|ad2calq=41|ad2clip=5.0|ad2normclip=2.5|ad2accdrop=0.03|ad2calobj=original|ad2normmode=root|ad2uw=3.0|ad2cw=0.2|ad2aw=1.5|ad2plus=fixed|suite=server_generation_ablation|tag=real10_none,97995764c352ae7f6c1691dfbb51895fa93fbc5f446df467e6ba5515e4b2a2ee,adult,IID,5000.0,Sp-DFA,123,70,none,real10_none,0.1,0.0,0.8367089448170529,0.007169333008120948,0.11553354406491602,metrics == last10_metrics[round70],False
6,3850,6f6a59058660ccd52536eec2e3b50ecafd509763376b030ad1c1d572d379aa33,full|adult|non-IID|GuardFed-AD2+|Benign|rounds=70|seed=123|clients=20|malicious=4|epochs=1|batch=256|lr=0.005|opt=adam|root=0.1+0.0|serversamp=stratified_sensitive|serveralpha=None|synth=none|synth_epochs=50|sensfeat=0|agg=count|fflip=invert|rw=1|foe=state|sdfafoe=fedsa|spdfafoe=fedsa|fedsa_gain=1.75|fedsa_norm=2.0|fg=server_aeod|actfb=0.12|acttemp=0.8|actkeep=1.0|actmetric=aeod_aspd|actdrop=0.005|actrisk=0.1|actviol=0.02|ad2calw=1.0|ad2calb=0.06|ad2calt=0.03|ad2calq=41|ad2clip=5.0|ad2normclip=2.5|ad2accdrop=0.03|ad2calobj=original|ad2normmode=root|ad2uw=3.0|ad2cw=0.2|ad2aw=1.5|ad2plus=fixed|suite=server_generation_ablation|tag=real10_none,97995764c352ae7f6c1691dfbb51895fa93fbc5f446df467e6ba5515e4b2a2ee,adult,non-IID,5.0,Benign,123,70,none,real10_none,0.1,0.0,0.8206388206388207,0.039717225192228534,0.061679953043793874,metrics == last10_metrics[round70],False
7,3851,bede3b811a8bec7c30774a660c026c239ab5a8c034e36b45dc4254837633c29f,full|adult|non-IID|GuardFed-AD2+|F Flip|rounds=70|seed=123|clients=20|malicious=4|epochs=1|batch=256|lr=0.005|opt=adam|root=0.1+0.0|serversamp=stratified_sensitive|serveralpha=None|synth=none|synth_epochs=50|sensfeat=0|agg=count|fflip=invert|rw=1|foe=state|sdfafoe=fedsa|spdfafoe=fedsa|fedsa_gain=1.75|fedsa_norm=2.0|fg=server_aeod|actfb=0.12|acttemp=0.8|actkeep=1.0|actmetric=aeod_aspd|actdrop=0.005|actrisk=0.1|actviol=0.02|ad2calw=1.0|ad2calb=0.06|ad2calt=0.03|ad2calq=41|ad2clip=5.0|ad2normclip=2.5|ad2accdrop=0.03|ad2calobj=original|ad2normmode=root|ad2uw=3.0|ad2cw=0.2|ad2aw=1.5|ad2plus=fixed|suite=server_generation_ablation|tag=real10_none,97995764c352ae7f6c1691dfbb51895fa93fbc5f446df467e6ba5515e4b2a2ee,adult,non-IID,5.0,F Flip,123,70,none,real10_none,0.1,0.0,0.820970847997875,0.05364804292803077,0.06162217659219964,metrics == last10_metrics[round70],False
8,3852,e7f518c75909818401b34174e0a666a3fbd46142711512507b57e5f4eace9f23,full|adult|non-IID|GuardFed-AD2+|FedSA|rounds=70|seed=123|clients=20|malicious=4|epochs=1|batch=256|lr=0.005|opt=adam|root=0.1+0.0|serversamp=stratified_sensitive|serveralpha=None|synth=none|synth_epochs=50|sensfeat=0|agg=count|fflip=invert|rw=1|foe=state|sdfafoe=fedsa|spdfafoe=fedsa|fedsa_gain=1.75|fedsa_norm=2.0|fg=server_aeod|actfb=0.12|acttemp=0.8|actkeep=1.0|actmetric=aeod_aspd|actdrop=0.005|actrisk=0.1|actviol=0.02|ad2calw=1.0|ad2calb=0.06|ad2calt=0.03|ad2calq=41|ad2clip=5.0|ad2normclip=2.5|ad2accdrop=0.03|ad2calobj=original|ad2normmode=root|ad2uw=3.0|ad2cw=0.2|ad2aw=1.5|ad2plus=fixed|suite=server_generation_ablation|tag=real10_none,97995764c352ae7f6c1691dfbb51895fa93fbc5f446df467e6ba5515e4b2a2ee,adult,non-IID,5.0,FedSA,123,70,none,real10_none,0.1,0.0,0.8197755495052792,0.08421324410176556,0.04839915294907257,metrics == last10_metrics[round70],False
9,3853,cab07eed9ef58ba646b1ebd82bf7fabf4ec1933acb0295f04e012f62a5af6e98,full|adult|non-IID|GuardFed-AD2+|S-DFA|rounds=70|seed=123|clients=20|malicious=4|epochs=1|batch=256|lr=0.005|opt=adam|root=0.1+0.0|serversamp=stratified_sensitive|serveralpha=None|synth=none|synth_epochs=50|sensfeat=0|agg=count|fflip=invert|rw=1|foe=state|sdfafoe=fedsa|spdfafoe=fedsa|fedsa_gain=1.75|fedsa_norm=2.0|fg=server_aeod|actfb=0.12|acttemp=0.8|actkeep=1.0|actmetric=aeod_aspd|actdrop=0.005|actrisk=0.1|actviol=0.02|ad2calw=1.0|ad2calb=0.06|ad2calt=0.03|ad2calq=41|ad2clip=5.0|ad2normclip=2.5|ad2accdrop=0.03|ad2calobj=original|ad2normmode=root|ad2uw=3.0|ad2cw=0.2|ad2aw=1.5|ad2plus=fixed|suite=server_generation_ablation|tag=real10_none,97995764c352ae7f6c1691dfbb51895fa93fbc5f446df467e6ba5515e4b2a2ee,adult,non-IID,5.0,S-DFA,123,70,none,real10_none,0.1,0.0,0.8189786838435487,0.08566870267117771,0.05380829267817083,metrics == last10_metrics[round70],False
10,3854,893641d456b3be9535f345ca6eb36dc95603d44542dc9f3bf86c2752e3ab6e55,full|adult|non-IID|GuardFed-AD2+|Sp-DFA|rounds=70|seed=123|clients=20|malicious=4|epochs=1|batch=256|lr=0.005|opt=adam|root=0.1+0.0|serversamp=stratified_sensitive|serveralpha=None|synth=none|synth_epochs=50|sensfeat=0|agg=count|fflip=invert|rw=1|foe=state|sdfafoe=fedsa|spdfafoe=fedsa|fedsa_gain=1.75|fedsa_norm=2.0|fg=server_aeod|actfb=0.12|acttemp=0.8|actkeep=1.0|actmetric=aeod_aspd|actdrop=0.005|actrisk=0.1|actviol=0.02|ad2calw=1.0|ad2calb=0.06|ad2calt=0.03|ad2calq=41|ad2clip=5.0|ad2normclip=2.5|ad2accdrop=0.03|ad2calobj=original|ad2normmode=root|ad2uw=3.0|ad2cw=0.2|ad2aw=1.5|ad2plus=fixed|suite=server_generation_ablation|tag=real10_none,97995764c352ae7f6c1691dfbb51895fa93fbc5f446df467e6ba5515e4b2a2ee,adult,non-IID,5.0,Sp-DFA,123,70,none,real10_none,0.1,0.0,0.8320605617902915,0.04307826060134201,0.08405217871588545,metrics == last10_metrics[round70],False
11,3855,18ce1e6552b1725460901cd760d65582537185fcd5ae52c259f13915fce5a723,full|compas|IID|GuardFed-AD2+|Benign|rounds=70|seed=123|clients=20|malicious=4|epochs=1|batch=256|lr=0.005|opt=adam|root=0.1+0.0|serversamp=stratified_sensitive|serveralpha=None|synth=none|synth_epochs=50|sensfeat=0|agg=count|fflip=invert|rw=1|foe=state|sdfafoe=fedsa|spdfafoe=fedsa|fedsa_gain=1.75|fedsa_norm=2.0|fg=server_aeod|actfb=0.12|acttemp=0.8|actkeep=1.0|actmetric=aeod_aspd|actdrop=0.005|actrisk=0.1|actviol=0.02|ad2calw=1.0|ad2calb=0.06|ad2calt=0.03|ad2calq=41|ad2clip=5.0|ad2normclip=2.5|ad2accdrop=0.03|ad2calobj=original|ad2normmode=root|ad2uw=3.0|ad2cw=0.2|ad2aw=1.5|ad2plus=fixed|suite=server_generation_ablation|tag=real10_none,97995764c352ae7f6c1691dfbb51895fa93fbc5f446df467e6ba5515e4b2a2ee,compas,IID,5000.0,Benign,123,70,none,real10_none,0.1,0.0,0.6457883369330454,0.10730553090801542,0.025712374831776463,metrics == last10_metrics[round70],False
12,3856,38102546ef3c9244a301ad613e9a17c5c04b524c0d6c7e08c45eaae712a182d1,full|compas|IID|GuardFed-AD2+|F Flip|rounds=70|seed=123|clients=20|malicious=4|epochs=1|batch=256|lr=0.005|opt=adam|root=0.1+0.0|serversamp=stratified_sensitive|serveralpha=None|synth=none|synth_epochs=50|sensfeat=0|agg=count|fflip=invert|rw=1|foe=state|sdfafoe=fedsa|spdfafoe=fedsa|fedsa_gain=1.75|fedsa_norm=2.0|fg=server_aeod|actfb=0.12|acttemp=0.8|actkeep=1.0|actmetric=aeod_aspd|actdrop=0.005|actrisk=0.1|actviol=0.02|ad2calw=1.0|ad2calb=0.06|ad2calt=0.03|ad2calq=41|ad2clip=5.0|ad2normclip=2.5|ad2accdrop=0.03|ad2calobj=original|ad2normmode=root|ad2uw=3.0|ad2cw=0.2|ad2aw=1.5|ad2plus=fixed|suite=server_generation_ablation|tag=real10_none,97995764c352ae7f6c1691dfbb51895fa93fbc5f446df467e6ba5515e4b2a2ee,compas,IID,5000.0,F Flip,123,70,none,real10_none,0.1,0.0,0.6506479481641468,0.12502218278615795,0.03089593543951713,metrics == last10_metrics[round70],False
13,3857,06f5f4637b28061e531f25f589aac7f6da066c4a311aae4857b7a926f3d40a01,full|compas|IID|GuardFed-AD2+|FedSA|rounds=70|seed=123|clients=20|malicious=4|epochs=1|batch=256|lr=0.005|opt=adam|root=0.1+0.0|serversamp=stratified_sensitive|serveralpha=None|synth=none|synth_epochs=50|sensfeat=0|agg=count|fflip=invert|rw=1|foe=state|sdfafoe=fedsa|spdfafoe=fedsa|fedsa_gain=1.75|fedsa_norm=2.0|fg=server_aeod|actfb=0.12|acttemp=0.8|actkeep=1.0|actmetric=aeod_aspd|actdrop=0.005|actrisk=0.1|actviol=0.02|ad2calw=1.0|ad2calb=0.06|ad2calt=0.03|ad2calq=41|ad2clip=5.0|ad2normclip=2.5|ad2accdrop=0.03|ad2calobj=original|ad2normmode=root|ad2uw=3.0|ad2cw=0.2|ad2aw=1.5|ad2plus=fixed|suite=server_generation_ablation|tag=real10_none,97995764c352ae7f6c1691dfbb51895fa93fbc5f446df467e6ba5515e4b2a2ee,compas,IID,5000.0,FedSA,123,70,none,real10_none,0.1,0.0,0.6452483801295896,0.12573203194321214,0.04179296805241217,metrics == last10_metrics[round70],False
14,3858,c6f221dde48458df9ae042e6167d886e7c2b62de1b8de91cfae93a622c247a07,full|compas|IID|GuardFed-AD2+|S-DFA|rounds=70|seed=123|clients=20|malicious=4|epochs=1|batch=256|lr=0.005|opt=adam|root=0.1+0.0|serversamp=stratified_sensitive|serveralpha=None|synth=none|synth_epochs=50|sensfeat=0|agg=count|fflip=invert|rw=1|foe=state|sdfafoe=fedsa|spdfafoe=fedsa|fedsa_gain=1.75|fedsa_norm=2.0|fg=server_aeod|actfb=0.12|acttemp=0.8|actkeep=1.0|actmetric=aeod_aspd|actdrop=0.005|actrisk=0.1|actviol=0.02|ad2calw=1.0|ad2calb=0.06|ad2calt=0.03|ad2calq=41|ad2clip=5.0|ad2normclip=2.5|ad2accdrop=0.03|ad2calobj=original|ad2normmode=root|ad2uw=3.0|ad2cw=0.2|ad2aw=1.5|ad2plus=fixed|suite=server_generation_ablation|tag=real10_none,97995764c352ae7f6c1691dfbb51895fa93fbc5f446df467e6ba5515e4b2a2ee,compas,IID,5000.0,S-DFA,123,70,none,real10_none,0.1,0.0,0.6268898488120951,0.07778763679384804,0.03302725308638377,metrics == last10_metrics[round70],False
15,3859,79d1163199d00544f1645bc67841d92aac7ed0d44ab86d300efed16de445b8c3,full|compas|IID|GuardFed-AD2+|Sp-DFA|rounds=70|seed=123|clients=20|malicious=4|epochs=1|batch=256|lr=0.005|opt=adam|root=0.1+0.0|serversamp=stratified_sensitive|serveralpha=None|synth=none|synth_epochs=50|sensfeat=0|agg=count|fflip=invert|rw=1|foe=state|sdfafoe=fedsa|spdfafoe=fedsa|fedsa_gain=1.75|fedsa_norm=2.0|fg=server_aeod|actfb=0.12|acttemp=0.8|actkeep=1.0|actmetric=aeod_aspd|actdrop=0.005|actrisk=0.1|actviol=0.02|ad2calw=1.0|ad2calb=0.06|ad2calt=0.03|ad2calq=41|ad2clip=5.0|ad2normclip=2.5|ad2accdrop=0.03|ad2calobj=original|ad2normmode=root|ad2uw=3.0|ad2cw=0.2|ad2aw=1.5|ad2plus=fixed|suite=server_generation_ablation|tag=real10_none,97995764c352ae7f6c1691dfbb51895fa93fbc5f446df467e6ba5515e4b2a2ee,compas,IID,5000.0,Sp-DFA,123,70,none,real10_none,0.1,0.0,0.6349892008639308,0.07793552203490095,0.0024779777460556818,metrics == last10_metrics[round70],False
16,3860,3c56abf12893bb242d10d7455e8093cc99b85ac64a7953924a5e83da29d58b71,full|compas|non-IID|GuardFed-AD2+|Benign|rounds=70|seed=123|clients=20|malicious=4|epochs=1|batch=256|lr=0.005|opt=adam|root=0.1+0.0|serversamp=stratified_sensitive|serveralpha=None|synth=none|synth_epochs=50|sensfeat=0|agg=count|fflip=invert|rw=1|foe=state|sdfafoe=fedsa|spdfafoe=fedsa|fedsa_gain=1.75|fedsa_norm=2.0|fg=server_aeod|actfb=0.12|acttemp=0.8|actkeep=1.0|actmetric=aeod_aspd|actdrop=0.005|actrisk=0.1|actviol=0.02|ad2calw=1.0|ad2calb=0.06|ad2calt=0.03|ad2calq=41|ad2clip=5.0|ad2normclip=2.5|ad2accdrop=0.03|ad2calobj=original|ad2normmode=root|ad2uw=3.0|ad2cw=0.2|ad2aw=1.5|ad2plus=fixed|suite=server_generation_ablation|tag=real10_none,97995764c352ae7f6c1691dfbb51895fa93fbc5f446df467e6ba5515e4b2a2ee,compas,non-IID,5.0,Benign,123,70,none,real10_none,0.1,0.0,0.6355291576673866,0.10958296362023068,0.07246013117057892,metrics == last10_metrics[round70],False
17,3861,ad9ff56a1f4bce78f0e6523e12646e172498241181bf18d1662e39dafade6bce,full|compas|non-IID|GuardFed-AD2+|F Flip|rounds=70|seed=123|clients=20|malicious=4|epochs=1|batch=256|lr=0.005|opt=adam|root=0.1+0.0|serversamp=stratified_sensitive|serveralpha=None|synth=none|synth_epochs=50|sensfeat=0|agg=count|fflip=invert|rw=1|foe=state|sdfafoe=fedsa|spdfafoe=fedsa|fedsa_gain=1.75|fedsa_norm=2.0|fg=server_aeod|actfb=0.12|acttemp=0.8|actkeep=1.0|actmetric=aeod_aspd|actdrop=0.005|actrisk=0.1|actviol=0.02|ad2calw=1.0|ad2calb=0.06|ad2calt=0.03|ad2calq=41|ad2clip=5.0|ad2normclip=2.5|ad2accdrop=0.03|ad2calobj=original|ad2normmode=root|ad2uw=3.0|ad2cw=0.2|ad2aw=1.5|ad2plus=fixed|suite=server_generation_ablation|tag=real10_none,97995764c352ae7f6c1691dfbb51895fa93fbc5f446df467e6ba5515e4b2a2ee,compas,non-IID,5.0,F Flip,123,70,none,real10_none,0.1,0.0,0.6430885529157667,0.13383614315291337,0.04774805164184992,metrics == last10_metrics[round70],False
18,3862,595bdd7a87f94baa02141fce8a88a92a98f92cf21157f9fecc2597de95c02022,full|compas|non-IID|GuardFed-AD2+|FedSA|rounds=70|seed=123|clients=20|malicious=4|epochs=1|batch=256|lr=0.005|opt=adam|root=0.1+0.0|serversamp=stratified_sensitive|serveralpha=None|synth=none|synth_epochs=50|sensfeat=0|agg=count|fflip=invert|rw=1|foe=state|sdfafoe=fedsa|spdfafoe=fedsa|fedsa_gain=1.75|fedsa_norm=2.0|fg=server_aeod|actfb=0.12|acttemp=0.8|actkeep=1.0|actmetric=aeod_aspd|actdrop=0.005|actrisk=0.1|actviol=0.02|ad2calw=1.0|ad2calb=0.06|ad2calt=0.03|ad2calq=41|ad2clip=5.0|ad2normclip=2.5|ad2accdrop=0.03|ad2calobj=original|ad2normmode=root|ad2uw=3.0|ad2cw=0.2|ad2aw=1.5|ad2plus=fixed|suite=server_generation_ablation|tag=real10_none,97995764c352ae7f6c1691dfbb51895fa93fbc5f446df467e6ba5515e4b2a2ee,compas,non-IID,5.0,FedSA,123,70,none,real10_none,0.1,0.0,0.652267818574514,0.1080449571132801,0.011400098278721738,metrics == last10_metrics[round70],False
19,3863,a854765115a1af72d3b8075d0454dfd9a61d4fb179b3363ae9b99fcd690ad3b5,full|compas|non-IID|GuardFed-AD2+|S-DFA|rounds=70|seed=123|clients=20|malicious=4|epochs=1|batch=256|lr=0.005|opt=adam|root=0.1+0.0|serversamp=stratified_sensitive|serveralpha=None|synth=none|synth_epochs=50|sensfeat=0|agg=count|fflip=invert|rw=1|foe=state|sdfafoe=fedsa|spdfafoe=fedsa|fedsa_gain=1.75|fedsa_norm=2.0|fg=server_aeod|actfb=0.12|acttemp=0.8|actkeep=1.0|actmetric=aeod_aspd|actdrop=0.005|actrisk=0.1|actviol=0.02|ad2calw=1.0|ad2calb=0.06|ad2calt=0.03|ad2calq=41|ad2clip=5.0|ad2normclip=2.5|ad2accdrop=0.03|ad2calobj=original|ad2normmode=root|ad2uw=3.0|ad2cw=0.2|ad2aw=1.5|ad2plus=fixed|suite=server_generation_ablation|tag=real10_none,97995764c352ae7f6c1691dfbb51895fa93fbc5f446df467e6ba5515e4b2a2ee,compas,non-IID,5.0,S-DFA,123,70,none,real10_none,0.1,0.0,0.6490280777537797,0.11771665187814256,0.015156166289464645,metrics == last10_metrics[round70],False
20,3864,6d986069bcc7710315619a0f80f47a38f9c7d3f2ac0f6b8258639ef80b7e7182,full|compas|non-IID|GuardFed-AD2+|Sp-DFA|rounds=70|seed=123|clients=20|malicious=4|epochs=1|batch=256|lr=0.005|opt=adam|root=0.1+0.0|serversamp=stratified_sensitive|serveralpha=None|synth=none|synth_epochs=50|sensfeat=0|agg=count|fflip=invert|rw=1|foe=state|sdfafoe=fedsa|spdfafoe=fedsa|fedsa_gain=1.75|fedsa_norm=2.0|fg=server_aeod|actfb=0.12|acttemp=0.8|actkeep=1.0|actmetric=aeod_aspd|actdrop=0.005|actrisk=0.1|actviol=0.02|ad2calw=1.0|ad2calb=0.06|ad2calt=0.03|ad2calq=41|ad2clip=5.0|ad2normclip=2.5|ad2accdrop=0.03|ad2calobj=original|ad2normmode=root|ad2uw=3.0|ad2cw=0.2|ad2aw=1.5|ad2plus=fixed|suite=server_generation_ablation|tag=real10_none,97995764c352ae7f6c1691dfbb51895fa93fbc5f446df467e6ba5515e4b2a2ee,compas,non-IID,5.0,Sp-DFA,123,70,none,real10_none,0.1,0.0,0.6447084233261339,0.10857734398107066,0.033899155760101884,metrics == last10_metrics[round70],False
21,3865,57cc2a1d0dc53202d5fe327935902ee22cc0773d0340c21635c0ba358d550560,full|adult|IID|GuardFed-AD2+|Benign|rounds=70|seed=123|clients=20|malicious=4|epochs=1|batch=256|lr=0.005|opt=adam|root=0.01+0.09|serversamp=stratified_sensitive|serveralpha=None|synth=gaussian_copula|synth_epochs=50|sensfeat=0|agg=count|fflip=invert|rw=1|foe=state|sdfafoe=fedsa|spdfafoe=fedsa|fedsa_gain=1.75|fedsa_norm=2.0|fg=server_aeod|actfb=0.12|acttemp=0.8|actkeep=1.0|actmetric=aeod_aspd|actdrop=0.005|actrisk=0.1|actviol=0.02|ad2calw=1.0|ad2calb=0.06|ad2calt=0.03|ad2calq=41|ad2clip=5.0|ad2normclip=2.5|ad2accdrop=0.03|ad2calobj=original|ad2normmode=root|ad2uw=3.0|ad2cw=0.2|ad2aw=1.5|ad2plus=fixed|suite=server_generation_ablation|tag=real1_gaussian_copula_synth9,2c490e958777c7db5cc36e641e2be1671af3184d526aeb1cc84d4ad2df8a01b6,adult,IID,5000.0,Benign,123,70,gaussian_copula,real1_gaussian_copula_synth9,0.01,0.09,0.7542997542997543,0.0,0.0,metrics == last10_metrics[round70],False
22,3866,9c26ef499ede88a833bca36afc18c6f7aa095d762575f2d0702dc4a57643c9ec,full|adult|IID|GuardFed-AD2+|F Flip|rounds=70|seed=123|clients=20|malicious=4|epochs=1|batch=256|lr=0.005|opt=adam|root=0.01+0.09|serversamp=stratified_sensitive|serveralpha=None|synth=gaussian_copula|synth_epochs=50|sensfeat=0|agg=count|fflip=invert|rw=1|foe=state|sdfafoe=fedsa|spdfafoe=fedsa|fedsa_gain=1.75|fedsa_norm=2.0|fg=server_aeod|actfb=0.12|acttemp=0.8|actkeep=1.0|actmetric=aeod_aspd|actdrop=0.005|actrisk=0.1|actviol=0.02|ad2calw=1.0|ad2calb=0.06|ad2calt=0.03|ad2calq=41|ad2clip=5.0|ad2normclip=2.5|ad2accdrop=0.03|ad2calobj=original|ad2normmode=root|ad2uw=3.0|ad2cw=0.2|ad2aw=1.5|ad2plus=fixed|suite=server_generation_ablation|tag=real1_gaussian_copula_synth9,2c490e958777c7db5cc36e641e2be1671af3184d526aeb1cc84d4ad2df8a01b6,adult,IID,5000.0,F Flip,123,70,gaussian_copula,real1_gaussian_copula_synth9,0.01,0.09,0.7548309980742414,0.00043183935575965724,0.0004863854405909825,metrics == last10_metrics[round70],False
23,3867,b8512c9ef18a91350ed637af89e36298738f833f2a60286097e3f34e45d68e08,full|adult|IID|GuardFed-AD2+|FedSA|rounds=70|seed=123|clients=20|malicious=4|epochs=1|batch=256|lr=0.005|opt=adam|root=0.01+0.09|serversamp=stratified_sensitive|serveralpha=None|synth=gaussian_copula|synth_epochs=50|sensfeat=0|agg=count|fflip=invert|rw=1|foe=state|sdfafoe=fedsa|spdfafoe=fedsa|fedsa_gain=1.75|fedsa_norm=2.0|fg=server_aeod|actfb=0.12|acttemp=0.8|actkeep=1.0|actmetric=aeod_aspd|actdrop=0.005|actrisk=0.1|actviol=0.02|ad2calw=1.0|ad2calb=0.06|ad2calt=0.03|ad2calq=41|ad2clip=5.0|ad2normclip=2.5|ad2accdrop=0.03|ad2calobj=original|ad2normmode=root|ad2uw=3.0|ad2cw=0.2|ad2aw=1.5|ad2plus=fixed|suite=server_generation_ablation|tag=real1_gaussian_copula_synth9,2c490e958777c7db5cc36e641e2be1671af3184d526aeb1cc84d4ad2df8a01b6,adult,IID,5000.0,FedSA,123,70,gaussian_copula,real1_gaussian_copula_synth9,0.01,0.09,0.7542997542997543,0.0,0.0,metrics == last10_metrics[round70],False
24,3868,cd00516dba743b48afed5e7a5a0d1282c9ac0ac440cfb54fbc4369b880d86b19,full|adult|IID|GuardFed-AD2+|S-DFA|rounds=70|seed=123|clients=20|malicious=4|epochs=1|batch=256|lr=0.005|opt=adam|root=0.01+0.09|serversamp=stratified_sensitive|serveralpha=None|synth=gaussian_copula|synth_epochs=50|sensfeat=0|agg=count|fflip=invert|rw=1|foe=state|sdfafoe=fedsa|spdfafoe=fedsa|fedsa_gain=1.75|fedsa_norm=2.0|fg=server_aeod|actfb=0.12|acttemp=0.8|actkeep=1.0|actmetric=aeod_aspd|actdrop=0.005|actrisk=0.1|actviol=0.02|ad2calw=1.0|ad2calb=0.06|ad2calt=0.03|ad2calq=41|ad2clip=5.0|ad2normclip=2.5|ad2accdrop=0.03|ad2calobj=original|ad2normmode=root|ad2uw=3.0|ad2cw=0.2|ad2aw=1.5|ad2plus=fixed|suite=server_generation_ablation|tag=real1_gaussian_copula_synth9,2c490e958777c7db5cc36e641e2be1671af3184d526aeb1cc84d4ad2df8a01b6,adult,IID,5000.0,S-DFA,123,70,gaussian_copula,real1_gaussian_copula_synth9,0.01,0.09,0.7764127764127764,0.005520232187911811,0.01765148835148497,metrics == last10_metrics[round70],False
25,3869,104d44d02003286cdfec2864aaca21863488625bdae65d548296225fabbf4475,full|adult|IID|GuardFed-AD2+|Sp-DFA|rounds=70|seed=123|clients=20|malicious=4|epochs=1|batch=256|lr=0.005|opt=adam|root=0.01+0.09|serversamp=stratified_sensitive|serveralpha=None|synth=gaussian_copula|synth_epochs=50|sensfeat=0|agg=count|fflip=invert|rw=1|foe=state|sdfafoe=fedsa|spdfafoe=fedsa|fedsa_gain=1.75|fedsa_norm=2.0|fg=server_aeod|actfb=0.12|acttemp=0.8|actkeep=1.0|actmetric=aeod_aspd|actdrop=0.005|actrisk=0.1|actviol=0.02|ad2calw=1.0|ad2calb=0.06|ad2calt=0.03|ad2calq=41|ad2clip=5.0|ad2normclip=2.5|ad2accdrop=0.03|ad2calobj=original|ad2normmode=root|ad2uw=3.0|ad2cw=0.2|ad2aw=1.5|ad2plus=fixed|suite=server_generation_ablation|tag=real1_gaussian_copula_synth9,2c490e958777c7db5cc36e641e2be1671af3184d526aeb1cc84d4ad2df8a01b6,adult,IID,5000.0,Sp-DFA,123,70,gaussian_copula,real1_gaussian_copula_synth9,0.01,0.09,0.8002523407928813,0.003790589900556973,0.04166450506504886,metrics == last10_metrics[round70],False
26,3870,14f23df7fadcce431217bc17363339143af164b46875fe911d9ebeef350913e2,full|adult|non-IID|GuardFed-AD2+|Benign|rounds=70|seed=123|clients=20|malicious=4|epochs=1|batch=256|lr=0.005|opt=adam|root=0.01+0.09|serversamp=stratified_sensitive|serveralpha=None|synth=gaussian_copula|synth_epochs=50|sensfeat=0|agg=count|fflip=invert|rw=1|foe=state|sdfafoe=fedsa|spdfafoe=fedsa|fedsa_gain=1.75|fedsa_norm=2.0|fg=server_aeod|actfb=0.12|acttemp=0.8|actkeep=1.0|actmetric=aeod_aspd|actdrop=0.005|actrisk=0.1|actviol=0.02|ad2calw=1.0|ad2calb=0.06|ad2calt=0.03|ad2calq=41|ad2clip=5.0|ad2normclip=2.5|ad2accdrop=0.03|ad2calobj=original|ad2normmode=root|ad2uw=3.0|ad2cw=0.2|ad2aw=1.5|ad2plus=fixed|suite=server_generation_ablation|tag=real1_gaussian_copula_synth9,2c490e958777c7db5cc36e641e2be1671af3184d526aeb1cc84d4ad2df8a01b6,adult,non-IID,5.0,Benign,123,70,gaussian_copula,real1_gaussian_copula_synth9,0.01,0.09,0.794475064745335,0.05131062673256978,0.02543441772912145,metrics == last10_metrics[round70],False
27,3871,61fecdb60c9fdb99baa4a2b58c7fc28196ddfe1a587533935933489e0742d83f,full|adult|non-IID|GuardFed-AD2+|F Flip|rounds=70|seed=123|clients=20|malicious=4|epochs=1|batch=256|lr=0.005|opt=adam|root=0.01+0.09|serversamp=stratified_sensitive|serveralpha=None|synth=gaussian_copula|synth_epochs=50|sensfeat=0|agg=count|fflip=invert|rw=1|foe=state|sdfafoe=fedsa|spdfafoe=fedsa|fedsa_gain=1.75|fedsa_norm=2.0|fg=server_aeod|actfb=0.12|acttemp=0.8|actkeep=1.0|actmetric=aeod_aspd|actdrop=0.005|actrisk=0.1|actviol=0.02|ad2calw=1.0|ad2calb=0.06|ad2calt=0.03|ad2calq=41|ad2clip=5.0|ad2normclip=2.5|ad2accdrop=0.03|ad2calobj=original|ad2normmode=root|ad2uw=3.0|ad2cw=0.2|ad2aw=1.5|ad2plus=fixed|suite=server_generation_ablation|tag=real1_gaussian_copula_synth9,2c490e958777c7db5cc36e641e2be1671af3184d526aeb1cc84d4ad2df8a01b6,adult,non-IID,5.0,F Flip,123,70,gaussian_copula,real1_gaussian_copula_synth9,0.01,0.09,0.8031741815525599,0.038174370562722076,0.03818730555866839,metrics == last10_metrics[round70],False
28,3872,5f151d7f8db213dc28e3e4ca199a3164d37c980029138ea134c597f57e94f9b2,full|adult|non-IID|GuardFed-AD2+|FedSA|rounds=70|seed=123|clients=20|malicious=4|epochs=1|batch=256|lr=0.005|opt=adam|root=0.01+0.09|serversamp=stratified_sensitive|serveralpha=None|synth=gaussian_copula|synth_epochs=50|sensfeat=0|agg=count|fflip=invert|rw=1|foe=state|sdfafoe=fedsa|spdfafoe=fedsa|fedsa_gain=1.75|fedsa_norm=2.0|fg=server_aeod|actfb=0.12|acttemp=0.8|actkeep=1.0|actmetric=aeod_aspd|actdrop=0.005|actrisk=0.1|actviol=0.02|ad2calw=1.0|ad2calb=0.06|ad2calt=0.03|ad2calq=41|ad2clip=5.0|ad2normclip=2.5|ad2accdrop=0.03|ad2calobj=original|ad2normmode=root|ad2uw=3.0|ad2cw=0.2|ad2aw=1.5|ad2plus=fixed|suite=server_generation_ablation|tag=real1_gaussian_copula_synth9,2c490e958777c7db5cc36e641e2be1671af3184d526aeb1cc84d4ad2df8a01b6,adult,non-IID,5.0,FedSA,123,70,gaussian_copula,real1_gaussian_copula_synth9,0.01,0.09,0.8105451889235673,0.009983143413507367,0.05497327056724318,metrics == last10_metrics[round70],False
29,3873,77f1ef2fce0565d6a29287efbafc55097a0de2ad23b3054dedf9a5b6ae6dab0a,full|adult|non-IID|GuardFed-AD2+|S-DFA|rounds=70|seed=123|clients=20|malicious=4|epochs=1|batch=256|lr=0.005|opt=adam|root=0.01+0.09|serversamp=stratified_sensitive|serveralpha=None|synth=gaussian_copula|synth_epochs=50|sensfeat=0|agg=count|fflip=invert|rw=1|foe=state|sdfafoe=fedsa|spdfafoe=fedsa|fedsa_gain=1.75|fedsa_norm=2.0|fg=server_aeod|actfb=0.12|acttemp=0.8|actkeep=1.0|actmetric=aeod_aspd|actdrop=0.005|actrisk=0.1|actviol=0.02|ad2calw=1.0|ad2calb=0.06|ad2calt=0.03|ad2calq=41|ad2clip=5.0|ad2normclip=2.5|ad2accdrop=0.03|ad2calobj=original|ad2normmode=root|ad2uw=3.0|ad2cw=0.2|ad2aw=1.5|ad2plus=fixed|suite=server_generation_ablation|tag=real1_gaussian_copula_synth9,2c490e958777c7db5cc36e641e2be1671af3184d526aeb1cc84d4ad2df8a01b6,adult,non-IID,5.0,S-DFA,123,70,gaussian_copula,real1_gaussian_copula_synth9,0.01,0.09,0.8058968058968059,0.019356799270671327,0.04973404977738211,metrics == last10_metrics[round70],False
30,3874,e3842234432deeeea407648aa4d298fac4594e333bc309bb7892bc1d0ab2f990,full|adult|non-IID|GuardFed-AD2+|Sp-DFA|rounds=70|seed=123|clients=20|malicious=4|epochs=1|batch=256|lr=0.005|opt=adam|root=0.01+0.09|serversamp=stratified_sensitive|serveralpha=None|synth=gaussian_copula|synth_epochs=50|sensfeat=0|agg=count|fflip=invert|rw=1|foe=state|sdfafoe=fedsa|spdfafoe=fedsa|fedsa_gain=1.75|fedsa_norm=2.0|fg=server_aeod|actfb=0.12|acttemp=0.8|actkeep=1.0|actmetric=aeod_aspd|actdrop=0.005|actrisk=0.1|actviol=0.02|ad2calw=1.0|ad2calb=0.06|ad2calt=0.03|ad2calq=41|ad2clip=5.0|ad2normclip=2.5|ad2accdrop=0.03|ad2calobj=original|ad2normmode=root|ad2uw=3.0|ad2cw=0.2|ad2aw=1.5|ad2plus=fixed|suite=server_generation_ablation|tag=real1_gaussian_copula_synth9,2c490e958777c7db5cc36e641e2be1671af3184d526aeb1cc84d4ad2df8a01b6,adult,non-IID,5.0,Sp-DFA,123,70,gaussian_copula,real1_gaussian_copula_synth9,0.01,0.09,0.8005843681519357,0.11403129464410672,0.016105506862177363,metrics == last10_metrics[round70],False
31,3875,19708c0dffe47bce4024a9a0f226ae8580977a53f6d54a1c9ddd1d4aec150769,full|compas|IID|GuardFed-AD2+|Benign|rounds=70|seed=123|clients=20|malicious=4|epochs=1|batch=256|lr=0.005|opt=adam|root=0.01+0.09|serversamp=stratified_sensitive|serveralpha=None|synth=gaussian_copula|synth_epochs=50|sensfeat=0|agg=count|fflip=invert|rw=1|foe=state|sdfafoe=fedsa|spdfafoe=fedsa|fedsa_gain=1.75|fedsa_norm=2.0|fg=server_aeod|actfb=0.12|acttemp=0.8|actkeep=1.0|actmetric=aeod_aspd|actdrop=0.005|actrisk=0.1|actviol=0.02|ad2calw=1.0|ad2calb=0.06|ad2calt=0.03|ad2calq=41|ad2clip=5.0|ad2normclip=2.5|ad2accdrop=0.03|ad2calobj=original|ad2normmode=root|ad2uw=3.0|ad2cw=0.2|ad2aw=1.5|ad2plus=fixed|suite=server_generation_ablation|tag=real1_gaussian_copula_synth9,2c490e958777c7db5cc36e641e2be1671af3184d526aeb1cc84d4ad2df8a01b6,compas,IID,5000.0,Benign,123,70,gaussian_copula,real1_gaussian_copula_synth9,0.01,0.09,0.6344492440604752,0.0059745637385389405,0.05688260361576988,metrics == last10_metrics[round70],False
32,3876,64eb289a0d91da6966995584c2e9ef59204d76b3eb43e946ca4580987c3d785c,full|compas|IID|GuardFed-AD2+|F Flip|rounds=70|seed=123|clients=20|malicious=4|epochs=1|batch=256|lr=0.005|opt=adam|root=0.01+0.09|serversamp=stratified_sensitive|serveralpha=None|synth=gaussian_copula|synth_epochs=50|sensfeat=0|agg=count|fflip=invert|rw=1|foe=state|sdfafoe=fedsa|spdfafoe=fedsa|fedsa_gain=1.75|fedsa_norm=2.0|fg=server_aeod|actfb=0.12|acttemp=0.8|actkeep=1.0|actmetric=aeod_aspd|actdrop=0.005|actrisk=0.1|actviol=0.02|ad2calw=1.0|ad2calb=0.06|ad2calt=0.03|ad2calq=41|ad2clip=5.0|ad2normclip=2.5|ad2accdrop=0.03|ad2calobj=original|ad2normmode=root|ad2uw=3.0|ad2cw=0.2|ad2aw=1.5|ad2plus=fixed|suite=server_generation_ablation|tag=real1_gaussian_copula_synth9,2c490e958777c7db5cc36e641e2be1671af3184d526aeb1cc84d4ad2df8a01b6,compas,IID,5000.0,F Flip,123,70,gaussian_copula,real1_gaussian_copula_synth9,0.01,0.09,0.6371490280777538,0.004968944099378869,0.05291527136949414,metrics == last10_metrics[round70],False
33,3877,41df5e23e054bd8d4524f956cd2a6f22b2222f719550fd04b28573754f0419a5,full|compas|IID|GuardFed-AD2+|FedSA|rounds=70|seed=123|clients=20|malicious=4|epochs=1|batch=256|lr=0.005|opt=adam|root=0.01+0.09|serversamp=stratified_sensitive|serveralpha=None|synth=gaussian_copula|synth_epochs=50|sensfeat=0|agg=count|fflip=invert|rw=1|foe=state|sdfafoe=fedsa|spdfafoe=fedsa|fedsa_gain=1.75|fedsa_norm=2.0|fg=server_aeod|actfb=0.12|acttemp=0.8|actkeep=1.0|actmetric=aeod_aspd|actdrop=0.005|actrisk=0.1|actviol=0.02|ad2calw=1.0|ad2calb=0.06|ad2calt=0.03|ad2calq=41|ad2clip=5.0|ad2normclip=2.5|ad2accdrop=0.03|ad2calobj=original|ad2normmode=root|ad2uw=3.0|ad2cw=0.2|ad2aw=1.5|ad2plus=fixed|suite=server_generation_ablation|tag=real1_gaussian_copula_synth9,2c490e958777c7db5cc36e641e2be1671af3184d526aeb1cc84d4ad2df8a01b6,compas,IID,5000.0,FedSA,123,70,gaussian_copula,real1_gaussian_copula_synth9,0.01,0.09,0.6317494600431965,0.028098195800059178,0.07039767866126173,metrics == last10_metrics[round70],False
34,3878,e3423ca6955c225a9888ce82a83976f8774392aab5f8b5fbb1fba44c17333ba2,full|compas|IID|GuardFed-AD2+|S-DFA|rounds=70|seed=123|clients=20|malicious=4|epochs=1|batch=256|lr=0.005|opt=adam|root=0.01+0.09|serversamp=stratified_sensitive|serveralpha=None|synth=gaussian_copula|synth_epochs=50|sensfeat=0|agg=count|fflip=invert|rw=1|foe=state|sdfafoe=fedsa|spdfafoe=fedsa|fedsa_gain=1.75|fedsa_norm=2.0|fg=server_aeod|actfb=0.12|acttemp=0.8|actkeep=1.0|actmetric=aeod_aspd|actdrop=0.005|actrisk=0.1|actviol=0.02|ad2calw=1.0|ad2calb=0.06|ad2calt=0.03|ad2calq=41|ad2clip=5.0|ad2normclip=2.5|ad2accdrop=0.03|ad2calobj=original|ad2normmode=root|ad2uw=3.0|ad2cw=0.2|ad2aw=1.5|ad2plus=fixed|suite=server_generation_ablation|tag=real1_gaussian_copula_synth9,2c490e958777c7db5cc36e641e2be1671af3184d526aeb1cc84d4ad2df8a01b6,compas,IID,5000.0,S-DFA,123,70,gaussian_copula,real1_gaussian_copula_synth9,0.01,0.09,0.6403887688984882,0.05625554569653951,0.09444678534036305,metrics == last10_metrics[round70],False
35,3879,af1c7622d2212df886d73b2b1c35cf7eebc4037da43bf25584efcc0303bb7c9a,full|compas|IID|GuardFed-AD2+|Sp-DFA|rounds=70|seed=123|clients=20|malicious=4|epochs=1|batch=256|lr=0.005|opt=adam|root=0.01+0.09|serversamp=stratified_sensitive|serveralpha=None|synth=gaussian_copula|synth_epochs=50|sensfeat=0|agg=count|fflip=invert|rw=1|foe=state|sdfafoe=fedsa|spdfafoe=fedsa|fedsa_gain=1.75|fedsa_norm=2.0|fg=server_aeod|actfb=0.12|acttemp=0.8|actkeep=1.0|actmetric=aeod_aspd|actdrop=0.005|actrisk=0.1|actviol=0.02|ad2calw=1.0|ad2calb=0.06|ad2calt=0.03|ad2calq=41|ad2clip=5.0|ad2normclip=2.5|ad2accdrop=0.03|ad2calobj=original|ad2normmode=root|ad2uw=3.0|ad2cw=0.2|ad2aw=1.5|ad2plus=fixed|suite=server_generation_ablation|tag=real1_gaussian_copula_synth9,2c490e958777c7db5cc36e641e2be1671af3184d526aeb1cc84d4ad2df8a01b6,compas,IID,5000.0,Sp-DFA,123,70,gaussian_copula,real1_gaussian_copula_synth9,0.01,0.09,0.6576673866090713,0.05211475894705708,0.12760243105607605,metrics == last10_metrics[round70],False
36,3880,6e5514598b0c26b45895da9d26f14f00772a3e1f3f247434ab6ee518f46cc19e,full|compas|non-IID|GuardFed-AD2+|Benign|rounds=70|seed=123|clients=20|malicious=4|epochs=1|batch=256|lr=0.005|opt=adam|root=0.01+0.09|serversamp=stratified_sensitive|serveralpha=None|synth=gaussian_copula|synth_epochs=50|sensfeat=0|agg=count|fflip=invert|rw=1|foe=state|sdfafoe=fedsa|spdfafoe=fedsa|fedsa_gain=1.75|fedsa_norm=2.0|fg=server_aeod|actfb=0.12|acttemp=0.8|actkeep=1.0|actmetric=aeod_aspd|actdrop=0.005|actrisk=0.1|actviol=0.02|ad2calw=1.0|ad2calb=0.06|ad2calt=0.03|ad2calq=41|ad2clip=5.0|ad2normclip=2.5|ad2accdrop=0.03|ad2calobj=original|ad2normmode=root|ad2uw=3.0|ad2cw=0.2|ad2aw=1.5|ad2plus=fixed|suite=server_generation_ablation|tag=real1_gaussian_copula_synth9,2c490e958777c7db5cc36e641e2be1671af3184d526aeb1cc84d4ad2df8a01b6,compas,non-IID,5.0,Benign,123,70,gaussian_copula,real1_gaussian_copula_synth9,0.01,0.09,0.6533477321814255,0.032031943212067426,0.10172548021761385,metrics == last10_metrics[round70],False
37,3881,c97406eb12100de97b14e9a52c8194b68659cfcd8b8ddbfa65cfbd446d5ef449,full|compas|non-IID|GuardFed-AD2+|F Flip|rounds=70|seed=123|clients=20|malicious=4|epochs=1|batch=256|lr=0.005|opt=adam|root=0.01+0.09|serversamp=stratified_sensitive|serveralpha=None|synth=gaussian_copula|synth_epochs=50|sensfeat=0|agg=count|fflip=invert|rw=1|foe=state|sdfafoe=fedsa|spdfafoe=fedsa|fedsa_gain=1.75|fedsa_norm=2.0|fg=server_aeod|actfb=0.12|acttemp=0.8|actkeep=1.0|actmetric=aeod_aspd|actdrop=0.005|actrisk=0.1|actviol=0.02|ad2calw=1.0|ad2calb=0.06|ad2calt=0.03|ad2calq=41|ad2clip=5.0|ad2normclip=2.5|ad2accdrop=0.03|ad2calobj=original|ad2normmode=root|ad2uw=3.0|ad2cw=0.2|ad2aw=1.5|ad2plus=fixed|suite=server_generation_ablation|tag=real1_gaussian_copula_synth9,2c490e958777c7db5cc36e641e2be1671af3184d526aeb1cc84d4ad2df8a01b6,compas,non-IID,5.0,F Flip,123,70,gaussian_copula,real1_gaussian_copula_synth9,0.01,0.09,0.6506479481641468,0.05779355220349014,0.10785447745950674,metrics == last10_metrics[round70],False
38,3882,baadf183622cb32fbd5951ed5abd5f800450bbd369d696179761e9248f9cb275,full|compas|non-IID|GuardFed-AD2+|FedSA|rounds=70|seed=123|clients=20|malicious=4|epochs=1|batch=256|lr=0.005|opt=adam|root=0.01+0.09|serversamp=stratified_sensitive|serveralpha=None|synth=gaussian_copula|synth_epochs=50|sensfeat=0|agg=count|fflip=invert|rw=1|foe=state|sdfafoe=fedsa|spdfafoe=fedsa|fedsa_gain=1.75|fedsa_norm=2.0|fg=server_aeod|actfb=0.12|acttemp=0.8|actkeep=1.0|actmetric=aeod_aspd|actdrop=0.005|actrisk=0.1|actviol=0.02|ad2calw=1.0|ad2calb=0.06|ad2calt=0.03|ad2calq=41|ad2clip=5.0|ad2normclip=2.5|ad2accdrop=0.03|ad2calobj=original|ad2normmode=root|ad2uw=3.0|ad2cw=0.2|ad2aw=1.5|ad2plus=fixed|suite=server_generation_ablation|tag=real1_gaussian_copula_synth9,2c490e958777c7db5cc36e641e2be1671af3184d526aeb1cc84d4ad2df8a01b6,compas,non-IID,5.0,FedSA,123,70,gaussian_copula,real1_gaussian_copula_synth9,0.01,0.09,0.6528077753779697,0.07077787636793847,0.12825489905421317,metrics == last10_metrics[round70],False
39,3883,9dbe42ed588a9560526d7bf3106e2179147cd59a724dd0a39c300b758b668194,full|compas|non-IID|GuardFed-AD2+|S-DFA|rounds=70|seed=123|clients=20|malicious=4|epochs=1|batch=256|lr=0.005|opt=adam|root=0.01+0.09|serversamp=stratified_sensitive|serveralpha=None|synth=gaussian_copula|synth_epochs=50|sensfeat=0|agg=count|fflip=invert|rw=1|foe=state|sdfafoe=fedsa|spdfafoe=fedsa|fedsa_gain=1.75|fedsa_norm=2.0|fg=server_aeod|actfb=0.12|acttemp=0.8|actkeep=1.0|actmetric=aeod_aspd|actdrop=0.005|actrisk=0.1|actviol=0.02|ad2calw=1.0|ad2calb=0.06|ad2calt=0.03|ad2calq=41|ad2clip=5.0|ad2normclip=2.5|ad2accdrop=0.03|ad2calobj=original|ad2normmode=root|ad2uw=3.0|ad2cw=0.2|ad2aw=1.5|ad2plus=fixed|suite=server_generation_ablation|tag=real1_gaussian_copula_synth9,2c490e958777c7db5cc36e641e2be1671af3184d526aeb1cc84d4ad2df8a01b6,compas,non-IID,5.0,S-DFA,123,70,gaussian_copula,real1_gaussian_copula_synth9,0.01,0.09,0.6366090712742981,0.006033717834960095,0.05308218178762225,metrics == last10_metrics[round70],False
40,3884,2d002812d5a706f5e263db60120e79f238dadb8241a555d3fae194646bd6ce72,full|compas|non-IID|GuardFed-AD2+|Sp-DFA|rounds=70|seed=123|clients=20|malicious=4|epochs=1|batch=256|lr=0.005|opt=adam|root=0.01+0.09|serversamp=stratified_sensitive|serveralpha=None|synth=gaussian_copula|synth_epochs=50|sensfeat=0|agg=count|fflip=invert|rw=1|foe=state|sdfafoe=fedsa|spdfafoe=fedsa|fedsa_gain=1.75|fedsa_norm=2.0|fg=server_aeod|actfb=0.12|acttemp=0.8|actkeep=1.0|actmetric=aeod_aspd|actdrop=0.005|actrisk=0.1|actviol=0.02|ad2calw=1.0|ad2calb=0.06|ad2calt=0.03|ad2calq=41|ad2clip=5.0|ad2normclip=2.5|ad2accdrop=0.03|ad2calobj=original|ad2normmode=root|ad2uw=3.0|ad2cw=0.2|ad2aw=1.5|ad2plus=fixed|suite=server_generation_ablation|tag=real1_gaussian_copula_synth9,2c490e958777c7db5cc36e641e2be1671af3184d526aeb1cc84d4ad2df8a01b6,compas,non-IID,5.0,Sp-DFA,123,70,gaussian_copula,real1_gaussian_copula_synth9,0.01,0.09,0.6436285097192225,0.03404318249038746,0.09102453816587627,metrics == last10_metrics[round70],False
41,3885,f7b2d5b02607043f4d7778962b8d7b6d51bcc831fbe80f0e53e6a99852ad1bc4,full|adult|IID|GuardFed-AD2+|Benign|rounds=70|seed=123|clients=20|malicious=4|epochs=1|batch=256|lr=0.005|opt=adam|root=0.01+0.09|serversamp=stratified_sensitive|serveralpha=None|synth=ctgan|synth_epochs=50|sensfeat=0|agg=count|fflip=invert|rw=1|foe=state|sdfafoe=fedsa|spdfafoe=fedsa|fedsa_gain=1.75|fedsa_norm=2.0|fg=server_aeod|actfb=0.12|acttemp=0.8|actkeep=1.0|actmetric=aeod_aspd|actdrop=0.005|actrisk=0.1|actviol=0.02|ad2calw=1.0|ad2calb=0.06|ad2calt=0.03|ad2calq=41|ad2clip=5.0|ad2normclip=2.5|ad2accdrop=0.03|ad2calobj=original|ad2normmode=root|ad2uw=3.0|ad2cw=0.2|ad2aw=1.5|ad2plus=fixed|suite=server_generation_ablation|tag=real1_ctgan_synth9,f689e7d3aebfdbe5b6c8366089c7768432b21deb49500a8c1123cd2aed3df2ea,adult,IID,5000.0,Benign,123,70,ctgan,real1_ctgan_synth9,0.01,0.09,0.7618035726143835,0.0003415872152702053,0.00619877129548727,metrics == last10_metrics[round70],False
42,3886,dba1ef53e73d50a708ce6ba8ae8504cb88c2dc57608eaa783bde11144c2242bc,full|adult|IID|GuardFed-AD2+|F Flip|rounds=70|seed=123|clients=20|malicious=4|epochs=1|batch=256|lr=0.005|opt=adam|root=0.01+0.09|serversamp=stratified_sensitive|serveralpha=None|synth=ctgan|synth_epochs=50|sensfeat=0|agg=count|fflip=invert|rw=1|foe=state|sdfafoe=fedsa|spdfafoe=fedsa|fedsa_gain=1.75|fedsa_norm=2.0|fg=server_aeod|actfb=0.12|acttemp=0.8|actkeep=1.0|actmetric=aeod_aspd|actdrop=0.005|actrisk=0.1|actviol=0.02|ad2calw=1.0|ad2calb=0.06|ad2calt=0.03|ad2calq=41|ad2clip=5.0|ad2normclip=2.5|ad2accdrop=0.03|ad2calobj=original|ad2normmode=root|ad2uw=3.0|ad2cw=0.2|ad2aw=1.5|ad2plus=fixed|suite=server_generation_ablation|tag=real1_ctgan_synth9,f689e7d3aebfdbe5b6c8366089c7768432b21deb49500a8c1123cd2aed3df2ea,adult,IID,5000.0,F Flip,123,70,ctgan,real1_ctgan_synth9,0.01,0.09,0.7616707616707616,0.00393225148816069,0.006605854544011593,metrics == last10_metrics[round70],False
43,3887,c0a9ad0f52bd83dfb6ac69c621a43e21fdffc19d5a4099ad832008935f785837,full|adult|IID|GuardFed-AD2+|FedSA|rounds=70|seed=123|clients=20|malicious=4|epochs=1|batch=256|lr=0.005|opt=adam|root=0.01+0.09|serversamp=stratified_sensitive|serveralpha=None|synth=ctgan|synth_epochs=50|sensfeat=0|agg=count|fflip=invert|rw=1|foe=state|sdfafoe=fedsa|spdfafoe=fedsa|fedsa_gain=1.75|fedsa_norm=2.0|fg=server_aeod|actfb=0.12|acttemp=0.8|actkeep=1.0|actmetric=aeod_aspd|actdrop=0.005|actrisk=0.1|actviol=0.02|ad2calw=1.0|ad2calb=0.06|ad2calt=0.03|ad2calq=41|ad2clip=5.0|ad2normclip=2.5|ad2accdrop=0.03|ad2calobj=original|ad2normmode=root|ad2uw=3.0|ad2cw=0.2|ad2aw=1.5|ad2plus=fixed|suite=server_generation_ablation|tag=real1_ctgan_synth9,f689e7d3aebfdbe5b6c8366089c7768432b21deb49500a8c1123cd2aed3df2ea,adult,IID,5000.0,FedSA,123,70,ctgan,real1_ctgan_synth9,0.01,0.09,0.760940301480842,0.0037945884131103218,0.004917478175045716,metrics == last10_metrics[round70],False
44,3888,8be80037f9bccc7870fb098c86862a10852ea1fb0ec0558d16ed9d1bd3bc765e,full|adult|IID|GuardFed-AD2+|S-DFA|rounds=70|seed=123|clients=20|malicious=4|epochs=1|batch=256|lr=0.005|opt=adam|root=0.01+0.09|serversamp=stratified_sensitive|serveralpha=None|synth=ctgan|synth_epochs=50|sensfeat=0|agg=count|fflip=invert|rw=1|foe=state|sdfafoe=fedsa|spdfafoe=fedsa|fedsa_gain=1.75|fedsa_norm=2.0|fg=server_aeod|actfb=0.12|acttemp=0.8|actkeep=1.0|actmetric=aeod_aspd|actdrop=0.005|actrisk=0.1|actviol=0.02|ad2calw=1.0|ad2calb=0.06|ad2calt=0.03|ad2calq=41|ad2clip=5.0|ad2normclip=2.5|ad2accdrop=0.03|ad2calobj=original|ad2normmode=root|ad2uw=3.0|ad2cw=0.2|ad2aw=1.5|ad2plus=fixed|suite=server_generation_ablation|tag=real1_ctgan_synth9,f689e7d3aebfdbe5b6c8366089c7768432b21deb49500a8c1123cd2aed3df2ea,adult,IID,5000.0,S-DFA,123,70,ctgan,real1_ctgan_synth9,0.01,0.09,0.7603426522345441,0.001795903352524289,0.005238839625770687,metrics == last10_metrics[round70],False
45,3889,9b28ede8e4e6234ff7bfd6f2469e7340d34daf4f8d06d47780a97938bbfdbf08,full|adult|IID|GuardFed-AD2+|Sp-DFA|rounds=70|seed=123|clients=20|malicious=4|epochs=1|batch=256|lr=0.005|opt=adam|root=0.01+0.09|serversamp=stratified_sensitive|serveralpha=None|synth=ctgan|synth_epochs=50|sensfeat=0|agg=count|fflip=invert|rw=1|foe=state|sdfafoe=fedsa|spdfafoe=fedsa|fedsa_gain=1.75|fedsa_norm=2.0|fg=server_aeod|actfb=0.12|acttemp=0.8|actkeep=1.0|actmetric=aeod_aspd|actdrop=0.005|actrisk=0.1|actviol=0.02|ad2calw=1.0|ad2calb=0.06|ad2calt=0.03|ad2calq=41|ad2clip=5.0|ad2normclip=2.5|ad2accdrop=0.03|ad2calobj=original|ad2normmode=root|ad2uw=3.0|ad2cw=0.2|ad2aw=1.5|ad2plus=fixed|suite=server_generation_ablation|tag=real1_ctgan_synth9,f689e7d3aebfdbe5b6c8366089c7768432b21deb49500a8c1123cd2aed3df2ea,adult,IID,5000.0,Sp-DFA,123,70,ctgan,real1_ctgan_synth9,0.01,0.09,0.759877813931868,0.00043126813968060937,0.004548912560917544,metrics == last10_metrics[round70],False
46,3890,67d668f5376482fae2059b5ccd910ddc9d79350635dc3bd2c8d899d7da8beeb9,full|adult|non-IID|GuardFed-AD2+|Benign|rounds=70|seed=123|clients=20|malicious=4|epochs=1|batch=256|lr=0.005|opt=adam|root=0.01+0.09|serversamp=stratified_sensitive|serveralpha=None|synth=ctgan|synth_epochs=50|sensfeat=0|agg=count|fflip=invert|rw=1|foe=state|sdfafoe=fedsa|spdfafoe=fedsa|fedsa_gain=1.75|fedsa_norm=2.0|fg=server_aeod|actfb=0.12|acttemp=0.8|actkeep=1.0|actmetric=aeod_aspd|actdrop=0.005|actrisk=0.1|actviol=0.02|ad2calw=1.0|ad2calb=0.06|ad2calt=0.03|ad2calq=41|ad2clip=5.0|ad2normclip=2.5|ad2accdrop=0.03|ad2calobj=original|ad2normmode=root|ad2uw=3.0|ad2cw=0.2|ad2aw=1.5|ad2plus=fixed|suite=server_generation_ablation|tag=real1_ctgan_synth9,f689e7d3aebfdbe5b6c8366089c7768432b21deb49500a8c1123cd2aed3df2ea,adult,non-IID,5.0,Benign,123,70,ctgan,real1_ctgan_synth9,0.01,0.09,0.7616043561989508,0.005727583624605931,0.006809396168273755,metrics == last10_metrics[round70],False
47,3891,5f63a7299c069f9e4a1cfddde1889f4079a7b77a73c2c3d5c9c229009ef0fe7e,full|adult|non-IID|GuardFed-AD2+|F Flip|rounds=70|seed=123|clients=20|malicious=4|epochs=1|batch=256|lr=0.005|opt=adam|root=0.01+0.09|serversamp=stratified_sensitive|serveralpha=None|synth=ctgan|synth_epochs=50|sensfeat=0|agg=count|fflip=invert|rw=1|foe=state|sdfafoe=fedsa|spdfafoe=fedsa|fedsa_gain=1.75|fedsa_norm=2.0|fg=server_aeod|actfb=0.12|acttemp=0.8|actkeep=1.0|actmetric=aeod_aspd|actdrop=0.005|actrisk=0.1|actviol=0.02|ad2calw=1.0|ad2calb=0.06|ad2calt=0.03|ad2calq=41|ad2clip=5.0|ad2normclip=2.5|ad2accdrop=0.03|ad2calobj=original|ad2normmode=root|ad2uw=3.0|ad2cw=0.2|ad2aw=1.5|ad2plus=fixed|suite=server_generation_ablation|tag=real1_ctgan_synth9,f689e7d3aebfdbe5b6c8366089c7768432b21deb49500a8c1123cd2aed3df2ea,adult,non-IID,5.0,F Flip,123,70,ctgan,real1_ctgan_synth9,0.01,0.09,0.760940301480842,0.0013629215646065382,0.005114600193575187,metrics == last10_metrics[round70],False
48,3892,63bc3d8935bbdd079b22d0605d19d87bbf4e7c8d86707e6de80b772d42e63adc,full|adult|non-IID|GuardFed-AD2+|FedSA|rounds=70|seed=123|clients=20|malicious=4|epochs=1|batch=256|lr=0.005|opt=adam|root=0.01+0.09|serversamp=stratified_sensitive|serveralpha=None|synth=ctgan|synth_epochs=50|sensfeat=0|agg=count|fflip=invert|rw=1|foe=state|sdfafoe=fedsa|spdfafoe=fedsa|fedsa_gain=1.75|fedsa_norm=2.0|fg=server_aeod|actfb=0.12|acttemp=0.8|actkeep=1.0|actmetric=aeod_aspd|actdrop=0.005|actrisk=0.1|actviol=0.02|ad2calw=1.0|ad2calb=0.06|ad2calt=0.03|ad2calq=41|ad2clip=5.0|ad2normclip=2.5|ad2accdrop=0.03|ad2calobj=original|ad2normmode=root|ad2uw=3.0|ad2cw=0.2|ad2aw=1.5|ad2plus=fixed|suite=server_generation_ablation|tag=real1_ctgan_synth9,f689e7d3aebfdbe5b6c8366089c7768432b21deb49500a8c1123cd2aed3df2ea,adult,non-IID,5.0,FedSA,123,70,ctgan,real1_ctgan_synth9,0.01,0.09,0.7610067069526529,0.0049775769128170035,0.006224449718418037,metrics == last10_metrics[round70],False
49,3893,a1794cbc28693b9c50de5bcea5aea0395859c2eb9bb8d574b2db3701d06704cb,full|adult|non-IID|GuardFed-AD2+|S-DFA|rounds=70|seed=123|clients=20|malicious=4|epochs=1|batch=256|lr=0.005|opt=adam|root=0.01+0.09|serversamp=stratified_sensitive|serveralpha=None|synth=ctgan|synth_epochs=50|sensfeat=0|agg=count|fflip=invert|rw=1|foe=state|sdfafoe=fedsa|spdfafoe=fedsa|fedsa_gain=1.75|fedsa_norm=2.0|fg=server_aeod|actfb=0.12|acttemp=0.8|actkeep=1.0|actmetric=aeod_aspd|actdrop=0.005|actrisk=0.1|actviol=0.02|ad2calw=1.0|ad2calb=0.06|ad2calt=0.03|ad2calq=41|ad2clip=5.0|ad2normclip=2.5|ad2accdrop=0.03|ad2calobj=original|ad2normmode=root|ad2uw=3.0|ad2cw=0.2|ad2aw=1.5|ad2plus=fixed|suite=server_generation_ablation|tag=real1_ctgan_synth9,f689e7d3aebfdbe5b6c8366089c7768432b21deb49500a8c1123cd2aed3df2ea,adult,non-IID,5.0,S-DFA,123,70,ctgan,real1_ctgan_synth9,0.01,0.09,0.7617371671425726,0.004250418844189963,0.006704415553276328,metrics == last10_metrics[round70],False
50,3894,36761fda0048a1177479ac055ee8513e2cba9df19f89d2c4cb6a9328b447cc80,full|adult|non-IID|GuardFed-AD2+|Sp-DFA|rounds=70|seed=123|clients=20|malicious=4|epochs=1|batch=256|lr=0.005|opt=adam|root=0.01+0.09|serversamp=stratified_sensitive|serveralpha=None|synth=ctgan|synth_epochs=50|sensfeat=0|agg=count|fflip=invert|rw=1|foe=state|sdfafoe=fedsa|spdfafoe=fedsa|fedsa_gain=1.75|fedsa_norm=2.0|fg=server_aeod|actfb=0.12|acttemp=0.8|actkeep=1.0|actmetric=aeod_aspd|actdrop=0.005|actrisk=0.1|actviol=0.02|ad2calw=1.0|ad2calb=0.06|ad2calt=0.03|ad2calq=41|ad2clip=5.0|ad2normclip=2.5|ad2accdrop=0.03|ad2calobj=original|ad2normmode=root|ad2uw=3.0|ad2cw=0.2|ad2aw=1.5|ad2plus=fixed|suite=server_generation_ablation|tag=real1_ctgan_synth9,f689e7d3aebfdbe5b6c8366089c7768432b21deb49500a8c1123cd2aed3df2ea,adult,non-IID,5.0,Sp-DFA,123,70,ctgan,real1_ctgan_synth9,0.01,0.09,0.7613387343117073,0.006568413692963362,0.0067172547647417116,metrics == last10_metrics[round70],False
51,3895,3dd0fa0641380ed32645b674c8dcfe4dff7c28b0a7c29bdd678d8683f868d275,full|compas|IID|GuardFed-AD2+|Benign|rounds=70|seed=123|clients=20|malicious=4|epochs=1|batch=256|lr=0.005|opt=adam|root=0.01+0.09|serversamp=stratified_sensitive|serveralpha=None|synth=ctgan|synth_epochs=50|sensfeat=0|agg=count|fflip=invert|rw=1|foe=state|sdfafoe=fedsa|spdfafoe=fedsa|fedsa_gain=1.75|fedsa_norm=2.0|fg=server_aeod|actfb=0.12|acttemp=0.8|actkeep=1.0|actmetric=aeod_aspd|actdrop=0.005|actrisk=0.1|actviol=0.02|ad2calw=1.0|ad2calb=0.06|ad2calt=0.03|ad2calq=41|ad2clip=5.0|ad2normclip=2.5|ad2accdrop=0.03|ad2calobj=original|ad2normmode=root|ad2uw=3.0|ad2cw=0.2|ad2aw=1.5|ad2plus=fixed|suite=server_generation_ablation|tag=real1_ctgan_synth9,f689e7d3aebfdbe5b6c8366089c7768432b21deb49500a8c1123cd2aed3df2ea,compas,IID,5000.0,Benign,123,70,ctgan,real1_ctgan_synth9,0.01,0.09,0.6646868250539957,0.37648624667258207,0.40332093371788863,metrics == last10_metrics[round70],False
52,3896,f727eef2cea8a916e96874f74eeecddd79f56a742f5400deacabad1d00e37b89,full|compas|IID|GuardFed-AD2+|F Flip|rounds=70|seed=123|clients=20|malicious=4|epochs=1|batch=256|lr=0.005|opt=adam|root=0.01+0.09|serversamp=stratified_sensitive|serveralpha=None|synth=ctgan|synth_epochs=50|sensfeat=0|agg=count|fflip=invert|rw=1|foe=state|sdfafoe=fedsa|spdfafoe=fedsa|fedsa_gain=1.75|fedsa_norm=2.0|fg=server_aeod|actfb=0.12|acttemp=0.8|actkeep=1.0|actmetric=aeod_aspd|actdrop=0.005|actrisk=0.1|actviol=0.02|ad2calw=1.0|ad2calb=0.06|ad2calt=0.03|ad2calq=41|ad2clip=5.0|ad2normclip=2.5|ad2accdrop=0.03|ad2calobj=original|ad2normmode=root|ad2uw=3.0|ad2cw=0.2|ad2aw=1.5|ad2plus=fixed|suite=server_generation_ablation|tag=real1_ctgan_synth9,f689e7d3aebfdbe5b6c8366089c7768432b21deb49500a8c1123cd2aed3df2ea,compas,IID,5000.0,F Flip,123,70,ctgan,real1_ctgan_synth9,0.01,0.09,0.6733261339092873,0.38819875776397517,0.413814113151257,metrics == last10_metrics[round70],False
53,3897,bae161ad8ba4d583c5fad61ecb83110cc5138a82ae5170f4d16e6b3889f3c8a7,full|compas|IID|GuardFed-AD2+|FedSA|rounds=70|seed=123|clients=20|malicious=4|epochs=1|batch=256|lr=0.005|opt=adam|root=0.01+0.09|serversamp=stratified_sensitive|serveralpha=None|synth=ctgan|synth_epochs=50|sensfeat=0|agg=count|fflip=invert|rw=1|foe=state|sdfafoe=fedsa|spdfafoe=fedsa|fedsa_gain=1.75|fedsa_norm=2.0|fg=server_aeod|actfb=0.12|acttemp=0.8|actkeep=1.0|actmetric=aeod_aspd|actdrop=0.005|actrisk=0.1|actviol=0.02|ad2calw=1.0|ad2calb=0.06|ad2calt=0.03|ad2calq=41|ad2clip=5.0|ad2normclip=2.5|ad2accdrop=0.03|ad2calobj=original|ad2normmode=root|ad2uw=3.0|ad2cw=0.2|ad2aw=1.5|ad2plus=fixed|suite=server_generation_ablation|tag=real1_ctgan_synth9,f689e7d3aebfdbe5b6c8366089c7768432b21deb49500a8c1123cd2aed3df2ea,compas,IID,5000.0,FedSA,123,70,ctgan,real1_ctgan_synth9,0.01,0.09,0.658207343412527,0.2675244010647737,0.32686195574656235,metrics == last10_metrics[round70],False
54,3898,352386637aab66d253d6299ea5dccf27f2f69b32f1a2ce781fbd14290a81dd0a,full|compas|IID|GuardFed-AD2+|S-DFA|rounds=70|seed=123|clients=20|malicious=4|epochs=1|batch=256|lr=0.005|opt=adam|root=0.01+0.09|serversamp=stratified_sensitive|serveralpha=None|synth=ctgan|synth_epochs=50|sensfeat=0|agg=count|fflip=invert|rw=1|foe=state|sdfafoe=fedsa|spdfafoe=fedsa|fedsa_gain=1.75|fedsa_norm=2.0|fg=server_aeod|actfb=0.12|acttemp=0.8|actkeep=1.0|actmetric=aeod_aspd|actdrop=0.005|actrisk=0.1|actviol=0.02|ad2calw=1.0|ad2calb=0.06|ad2calt=0.03|ad2calq=41|ad2clip=5.0|ad2normclip=2.5|ad2accdrop=0.03|ad2calobj=original|ad2normmode=root|ad2uw=3.0|ad2cw=0.2|ad2aw=1.5|ad2plus=fixed|suite=server_generation_ablation|tag=real1_ctgan_synth9,f689e7d3aebfdbe5b6c8366089c7768432b21deb49500a8c1123cd2aed3df2ea,compas,IID,5000.0,S-DFA,123,70,ctgan,real1_ctgan_synth9,0.01,0.09,0.6376889848812095,0.1437740313516711,0.2272292753870162,metrics == last10_metrics[round70],False
55,3899,0fba66dc0f20c27ac680efc4c5a636041c9a7c193c9507a337fa1a5c1c9b248c,full|compas|IID|GuardFed-AD2+|Sp-DFA|rounds=70|seed=123|clients=20|malicious=4|epochs=1|batch=256|lr=0.005|opt=adam|root=0.01+0.09|serversamp=stratified_sensitive|serveralpha=None|synth=ctgan|synth_epochs=50|sensfeat=0|agg=count|fflip=invert|rw=1|foe=state|sdfafoe=fedsa|spdfafoe=fedsa|fedsa_gain=1.75|fedsa_norm=2.0|fg=server_aeod|actfb=0.12|acttemp=0.8|actkeep=1.0|actmetric=aeod_aspd|actdrop=0.005|actrisk=0.1|actviol=0.02|ad2calw=1.0|ad2calb=0.06|ad2calt=0.03|ad2calq=41|ad2clip=5.0|ad2normclip=2.5|ad2accdrop=0.03|ad2calobj=original|ad2normmode=root|ad2uw=3.0|ad2cw=0.2|ad2aw=1.5|ad2plus=fixed|suite=server_generation_ablation|tag=real1_ctgan_synth9,f689e7d3aebfdbe5b6c8366089c7768432b21deb49500a8c1123cd2aed3df2ea,compas,IID,5000.0,Sp-DFA,123,70,ctgan,real1_ctgan_synth9,0.01,0.09,0.646328293736501,0.16867790594498677,0.2328131875571201,metrics == last10_metrics[round70],False
56,3900,14b26f7367960a65dceb30377ec6aad2d4211797749b54bfe6007460cd33b3ff,full|compas|non-IID|GuardFed-AD2+|Benign|rounds=70|seed=123|clients=20|malicious=4|epochs=1|batch=256|lr=0.005|opt=adam|root=0.01+0.09|serversamp=stratified_sensitive|serveralpha=None|synth=ctgan|synth_epochs=50|sensfeat=0|agg=count|fflip=invert|rw=1|foe=state|sdfafoe=fedsa|spdfafoe=fedsa|fedsa_gain=1.75|fedsa_norm=2.0|fg=server_aeod|actfb=0.12|acttemp=0.8|actkeep=1.0|actmetric=aeod_aspd|actdrop=0.005|actrisk=0.1|actviol=0.02|ad2calw=1.0|ad2calb=0.06|ad2calt=0.03|ad2calq=41|ad2clip=5.0|ad2normclip=2.5|ad2accdrop=0.03|ad2calobj=original|ad2normmode=root|ad2uw=3.0|ad2cw=0.2|ad2aw=1.5|ad2plus=fixed|suite=server_generation_ablation|tag=real1_ctgan_synth9,f689e7d3aebfdbe5b6c8366089c7768432b21deb49500a8c1123cd2aed3df2ea,compas,non-IID,5.0,Benign,123,70,ctgan,real1_ctgan_synth9,0.01,0.09,0.6663066954643628,0.24865424430641825,0.32780389076355093,metrics == last10_metrics[round70],False
57,3901,915188af753e2d080d1226b0a7592c61be802747f182e662d63291a641d507ff,full|compas|non-IID|GuardFed-AD2+|F Flip|rounds=70|seed=123|clients=20|malicious=4|epochs=1|batch=256|lr=0.005|opt=adam|root=0.01+0.09|serversamp=stratified_sensitive|serveralpha=None|synth=ctgan|synth_epochs=50|sensfeat=0|agg=count|fflip=invert|rw=1|foe=state|sdfafoe=fedsa|spdfafoe=fedsa|fedsa_gain=1.75|fedsa_norm=2.0|fg=server_aeod|actfb=0.12|acttemp=0.8|actkeep=1.0|actmetric=aeod_aspd|actdrop=0.005|actrisk=0.1|actviol=0.02|ad2calw=1.0|ad2calb=0.06|ad2calt=0.03|ad2calq=41|ad2clip=5.0|ad2normclip=2.5|ad2accdrop=0.03|ad2calobj=original|ad2normmode=root|ad2uw=3.0|ad2cw=0.2|ad2aw=1.5|ad2plus=fixed|suite=server_generation_ablation|tag=real1_ctgan_synth9,f689e7d3aebfdbe5b6c8366089c7768432b21deb49500a8c1123cd2aed3df2ea,compas,non-IID,5.0,F Flip,123,70,ctgan,real1_ctgan_synth9,0.01,0.09,0.6727861771058316,0.33152913339248735,0.38640228678944893,metrics == last10_metrics[round70],False
58,3902,5c0b1a9d932e95256005f24bb12f86b007baa92603f50088dab827dabbeb2d6d,full|compas|non-IID|GuardFed-AD2+|FedSA|rounds=70|seed=123|clients=20|malicious=4|epochs=1|batch=256|lr=0.005|opt=adam|root=0.01+0.09|serversamp=stratified_sensitive|serveralpha=None|synth=ctgan|synth_epochs=50|sensfeat=0|agg=count|fflip=invert|rw=1|foe=state|sdfafoe=fedsa|spdfafoe=fedsa|fedsa_gain=1.75|fedsa_norm=2.0|fg=server_aeod|actfb=0.12|acttemp=0.8|actkeep=1.0|actmetric=aeod_aspd|actdrop=0.005|actrisk=0.1|actviol=0.02|ad2calw=1.0|ad2calb=0.06|ad2calt=0.03|ad2calq=41|ad2clip=5.0|ad2normclip=2.5|ad2accdrop=0.03|ad2calobj=original|ad2normmode=root|ad2uw=3.0|ad2cw=0.2|ad2aw=1.5|ad2plus=fixed|suite=server_generation_ablation|tag=real1_ctgan_synth9,f689e7d3aebfdbe5b6c8366089c7768432b21deb49500a8c1123cd2aed3df2ea,compas,non-IID,5.0,FedSA,123,70,ctgan,real1_ctgan_synth9,0.01,0.09,0.6625269978401728,0.382608695652174,0.4159757781468742,metrics == last10_metrics[round70],False
59,3903,59d14dd76fae9ffcf37da7943635bc8c063a54dde2aa6058cd835abdf1a47242,full|compas|non-IID|GuardFed-AD2+|S-DFA|rounds=70|seed=123|clients=20|malicious=4|epochs=1|batch=256|lr=0.005|opt=adam|root=0.01+0.09|serversamp=stratified_sensitive|serveralpha=None|synth=ctgan|synth_epochs=50|sensfeat=0|agg=count|fflip=invert|rw=1|foe=state|sdfafoe=fedsa|spdfafoe=fedsa|fedsa_gain=1.75|fedsa_norm=2.0|fg=server_aeod|actfb=0.12|acttemp=0.8|actkeep=1.0|actmetric=aeod_aspd|actdrop=0.005|actrisk=0.1|actviol=0.02|ad2calw=1.0|ad2calb=0.06|ad2calt=0.03|ad2calq=41|ad2clip=5.0|ad2normclip=2.5|ad2accdrop=0.03|ad2calobj=original|ad2normmode=root|ad2uw=3.0|ad2cw=0.2|ad2aw=1.5|ad2plus=fixed|suite=server_generation_ablation|tag=real1_ctgan_synth9,f689e7d3aebfdbe5b6c8366089c7768432b21deb49500a8c1123cd2aed3df2ea,compas,non-IID,5.0,S-DFA,123,70,ctgan,real1_ctgan_synth9,0.01,0.09,0.6630669546436285,0.3835847382431234,0.4355976735255565,metrics == last10_metrics[round70],False
60,3904,41dd5ed8a06dcf1b4cbacc7656f7c845b8a7616cb88693aa5646f2d12da810c0,full|compas|non-IID|GuardFed-AD2+|Sp-DFA|rounds=70|seed=123|clients=20|malicious=4|epochs=1|batch=256|lr=0.005|opt=adam|root=0.01+0.09|serversamp=stratified_sensitive|serveralpha=None|synth=ctgan|synth_epochs=50|sensfeat=0|agg=count|fflip=invert|rw=1|foe=state|sdfafoe=fedsa|spdfafoe=fedsa|fedsa_gain=1.75|fedsa_norm=2.0|fg=server_aeod|actfb=0.12|acttemp=0.8|actkeep=1.0|actmetric=aeod_aspd|actdrop=0.005|actrisk=0.1|actviol=0.02|ad2calw=1.0|ad2calb=0.06|ad2calt=0.03|ad2calq=41|ad2clip=5.0|ad2normclip=2.5|ad2accdrop=0.03|ad2calobj=original|ad2normmode=root|ad2uw=3.0|ad2cw=0.2|ad2aw=1.5|ad2plus=fixed|suite=server_generation_ablation|tag=real1_ctgan_synth9,f689e7d3aebfdbe5b6c8366089c7768432b21deb49500a8c1123cd2aed3df2ea,compas,non-IID,5.0,Sp-DFA,123,70,ctgan,real1_ctgan_synth9,0.01,0.09,0.6700863930885529,0.3856255545696539,0.41757018116199995,metrics == last10_metrics[round70],False
61,3905,dd0dd20099b3b0c555e64fa27129c2379e1eb59f25da55fc8a7d354be84f8a9f,full|adult|IID|GuardFed-AD2+|Benign|rounds=70|seed=123|clients=20|malicious=4|epochs=1|batch=256|lr=0.005|opt=adam|root=0.01+0.09|serversamp=stratified_sensitive|serveralpha=None|synth=tvae|synth_epochs=50|sensfeat=0|agg=count|fflip=invert|rw=1|foe=state|sdfafoe=fedsa|spdfafoe=fedsa|fedsa_gain=1.75|fedsa_norm=2.0|fg=server_aeod|actfb=0.12|acttemp=0.8|actkeep=1.0|actmetric=aeod_aspd|actdrop=0.005|actrisk=0.1|actviol=0.02|ad2calw=1.0|ad2calb=0.06|ad2calt=0.03|ad2calq=41|ad2clip=5.0|ad2normclip=2.5|ad2accdrop=0.03|ad2calobj=original|ad2normmode=root|ad2uw=3.0|ad2cw=0.2|ad2aw=1.5|ad2plus=fixed|suite=server_generation_ablation|tag=real1_tvae_synth9,df116e64382331c2cc03ea3f43c8c8d2c34ad28ce2acaaef3a9caf0e107e107b,adult,IID,5000.0,Benign,123,70,tvae,real1_tvae_synth9,0.01,0.09,0.7630652765787901,0.008500266472300871,0.008373533105044129,metrics == last10_metrics[round70],False
62,3906,f95541c0e6d749218e343d820d3621c5393abecec6cf63e0d19f7940d79c1ee7,full|adult|IID|GuardFed-AD2+|F Flip|rounds=70|seed=123|clients=20|malicious=4|epochs=1|batch=256|lr=0.005|opt=adam|root=0.01+0.09|serversamp=stratified_sensitive|serveralpha=None|synth=tvae|synth_epochs=50|sensfeat=0|agg=count|fflip=invert|rw=1|foe=state|sdfafoe=fedsa|spdfafoe=fedsa|fedsa_gain=1.75|fedsa_norm=2.0|fg=server_aeod|actfb=0.12|acttemp=0.8|actkeep=1.0|actmetric=aeod_aspd|actdrop=0.005|actrisk=0.1|actviol=0.02|ad2calw=1.0|ad2calb=0.06|ad2calt=0.03|ad2calq=41|ad2clip=5.0|ad2normclip=2.5|ad2accdrop=0.03|ad2calobj=original|ad2normmode=root|ad2uw=3.0|ad2cw=0.2|ad2aw=1.5|ad2plus=fixed|suite=server_generation_ablation|tag=real1_tvae_synth9,df116e64382331c2cc03ea3f43c8c8d2c34ad28ce2acaaef3a9caf0e107e107b,adult,IID,5000.0,F Flip,123,70,tvae,real1_tvae_synth9,0.01,0.09,0.7627996546915465,0.0033187654192640345,0.00727010318593397,metrics == last10_metrics[round70],False
63,3907,5425fd72872da2f33659836a991f91f76fa26e6318d93852247f8a5e91db68e5,full|adult|IID|GuardFed-AD2+|FedSA|rounds=70|seed=123|clients=20|malicious=4|epochs=1|batch=256|lr=0.005|opt=adam|root=0.01+0.09|serversamp=stratified_sensitive|serveralpha=None|synth=tvae|synth_epochs=50|sensfeat=0|agg=count|fflip=invert|rw=1|foe=state|sdfafoe=fedsa|spdfafoe=fedsa|fedsa_gain=1.75|fedsa_norm=2.0|fg=server_aeod|actfb=0.12|acttemp=0.8|actkeep=1.0|actmetric=aeod_aspd|actdrop=0.005|actrisk=0.1|actviol=0.02|ad2calw=1.0|ad2calb=0.06|ad2calt=0.03|ad2calq=41|ad2clip=5.0|ad2normclip=2.5|ad2accdrop=0.03|ad2calobj=original|ad2normmode=root|ad2uw=3.0|ad2cw=0.2|ad2aw=1.5|ad2plus=fixed|suite=server_generation_ablation|tag=real1_tvae_synth9,df116e64382331c2cc03ea3f43c8c8d2c34ad28ce2acaaef3a9caf0e107e107b,adult,IID,5000.0,FedSA,123,70,tvae,real1_tvae_synth9,0.01,0.09,0.7616043561989508,0.005727583624605931,0.006809396168273755,metrics == last10_metrics[round70],False
64,3908,8e8a57857acb1c95bb0631680f1b581e3a8a49ef8651a861c7b1cd9c1e38e055,full|adult|IID|GuardFed-AD2+|S-DFA|rounds=70|seed=123|clients=20|malicious=4|epochs=1|batch=256|lr=0.005|opt=adam|root=0.01+0.09|serversamp=stratified_sensitive|serveralpha=None|synth=tvae|synth_epochs=50|sensfeat=0|agg=count|fflip=invert|rw=1|foe=state|sdfafoe=fedsa|spdfafoe=fedsa|fedsa_gain=1.75|fedsa_norm=2.0|fg=server_aeod|actfb=0.12|acttemp=0.8|actkeep=1.0|actmetric=aeod_aspd|actdrop=0.005|actrisk=0.1|actviol=0.02|ad2calw=1.0|ad2calb=0.06|ad2calt=0.03|ad2calq=41|ad2clip=5.0|ad2normclip=2.5|ad2accdrop=0.03|ad2calobj=original|ad2normmode=root|ad2uw=3.0|ad2cw=0.2|ad2aw=1.5|ad2plus=fixed|suite=server_generation_ablation|tag=real1_tvae_synth9,df116e64382331c2cc03ea3f43c8c8d2c34ad28ce2acaaef3a9caf0e107e107b,adult,IID,5000.0,S-DFA,123,70,tvae,real1_tvae_synth9,0.01,0.09,0.7617371671425726,0.008477417829138988,0.00730862082033012,metrics == last10_metrics[round70],False
65,3909,ffd75a83cb81f88229f7043dce405caddde147655ac25123d6d294f275e747d3,full|adult|IID|GuardFed-AD2+|Sp-DFA|rounds=70|seed=123|clients=20|malicious=4|epochs=1|batch=256|lr=0.005|opt=adam|root=0.01+0.09|serversamp=stratified_sensitive|serveralpha=None|synth=tvae|synth_epochs=50|sensfeat=0|agg=count|fflip=invert|rw=1|foe=state|sdfafoe=fedsa|spdfafoe=fedsa|fedsa_gain=1.75|fedsa_norm=2.0|fg=server_aeod|actfb=0.12|acttemp=0.8|actkeep=1.0|actmetric=aeod_aspd|actdrop=0.005|actrisk=0.1|actviol=0.02|ad2calw=1.0|ad2calb=0.06|ad2calt=0.03|ad2calq=41|ad2clip=5.0|ad2normclip=2.5|ad2accdrop=0.03|ad2calobj=original|ad2normmode=root|ad2uw=3.0|ad2cw=0.2|ad2aw=1.5|ad2plus=fixed|suite=server_generation_ablation|tag=real1_tvae_synth9,df116e64382331c2cc03ea3f43c8c8d2c34ad28ce2acaaef3a9caf0e107e107b,adult,IID,5000.0,Sp-DFA,123,70,tvae,real1_tvae_synth9,0.01,0.09,0.7617371671425726,0.008477417829138988,0.00730862082033012,metrics == last10_metrics[round70],False
66,3910,ffdb30897910da280a3bcff81c2096d730bbff9fb12f58b43ab148c6237ab85e,full|adult|non-IID|GuardFed-AD2+|Benign|rounds=70|seed=123|clients=20|malicious=4|epochs=1|batch=256|lr=0.005|opt=adam|root=0.01+0.09|serversamp=stratified_sensitive|serveralpha=None|synth=tvae|synth_epochs=50|sensfeat=0|agg=count|fflip=invert|rw=1|foe=state|sdfafoe=fedsa|spdfafoe=fedsa|fedsa_gain=1.75|fedsa_norm=2.0|fg=server_aeod|actfb=0.12|acttemp=0.8|actkeep=1.0|actmetric=aeod_aspd|actdrop=0.005|actrisk=0.1|actviol=0.02|ad2calw=1.0|ad2calb=0.06|ad2calt=0.03|ad2calq=41|ad2clip=5.0|ad2normclip=2.5|ad2accdrop=0.03|ad2calobj=original|ad2normmode=root|ad2uw=3.0|ad2cw=0.2|ad2aw=1.5|ad2plus=fixed|suite=server_generation_ablation|tag=real1_tvae_synth9,df116e64382331c2cc03ea3f43c8c8d2c34ad28ce2acaaef3a9caf0e107e107b,adult,non-IID,5.0,Benign,123,70,tvae,real1_tvae_synth9,0.01,0.09,0.7621355999734378,0.008272922472840106,0.007597884242391634,metrics == last10_metrics[round70],False
67,3911,b9f9f44ad74415d3a01489d7f1365872a310e8e8059a61f20b9fc6c101163add,full|adult|non-IID|GuardFed-AD2+|F Flip|rounds=70|seed=123|clients=20|malicious=4|epochs=1|batch=256|lr=0.005|opt=adam|root=0.01+0.09|serversamp=stratified_sensitive|serveralpha=None|synth=tvae|synth_epochs=50|sensfeat=0|agg=count|fflip=invert|rw=1|foe=state|sdfafoe=fedsa|spdfafoe=fedsa|fedsa_gain=1.75|fedsa_norm=2.0|fg=server_aeod|actfb=0.12|acttemp=0.8|actkeep=1.0|actmetric=aeod_aspd|actdrop=0.005|actrisk=0.1|actviol=0.02|ad2calw=1.0|ad2calb=0.06|ad2calt=0.03|ad2calq=41|ad2clip=5.0|ad2normclip=2.5|ad2accdrop=0.03|ad2calobj=original|ad2normmode=root|ad2uw=3.0|ad2cw=0.2|ad2aw=1.5|ad2plus=fixed|suite=server_generation_ablation|tag=real1_tvae_synth9,df116e64382331c2cc03ea3f43c8c8d2c34ad28ce2acaaef3a9caf0e107e107b,adult,non-IID,5.0,F Flip,123,70,tvae,real1_tvae_synth9,0.01,0.09,0.7619363835580052,0.00731842040475229,0.00730220121459743,metrics == last10_metrics[round70],False
68,3912,553d6ab801a9a7a97c33ee1d1a6c30b2b24d3979e98efa31e666e9b6a9b4fe8e,full|adult|non-IID|GuardFed-AD2+|FedSA|rounds=70|seed=123|clients=20|malicious=4|epochs=1|batch=256|lr=0.005|opt=adam|root=0.01+0.09|serversamp=stratified_sensitive|serveralpha=None|synth=tvae|synth_epochs=50|sensfeat=0|agg=count|fflip=invert|rw=1|foe=state|sdfafoe=fedsa|spdfafoe=fedsa|fedsa_gain=1.75|fedsa_norm=2.0|fg=server_aeod|actfb=0.12|acttemp=0.8|actkeep=1.0|actmetric=aeod_aspd|actdrop=0.005|actrisk=0.1|actviol=0.02|ad2calw=1.0|ad2calb=0.06|ad2calt=0.03|ad2calq=41|ad2clip=5.0|ad2normclip=2.5|ad2accdrop=0.03|ad2calobj=original|ad2normmode=root|ad2uw=3.0|ad2cw=0.2|ad2aw=1.5|ad2plus=fixed|suite=server_generation_ablation|tag=real1_tvae_synth9,df116e64382331c2cc03ea3f43c8c8d2c34ad28ce2acaaef3a9caf0e107e107b,adult,non-IID,5.0,FedSA,123,70,tvae,real1_tvae_synth9,0.01,0.09,0.7620691945016269,0.01006825460928535,0.007801425866653795,metrics == last10_metrics[round70],False
69,3913,77815aeecac333815d0712ecad28234c089ab3d05049066c3ae7193d501f2b75,full|adult|non-IID|GuardFed-AD2+|S-DFA|rounds=70|seed=123|clients=20|malicious=4|epochs=1|batch=256|lr=0.005|opt=adam|root=0.01+0.09|serversamp=stratified_sensitive|serveralpha=None|synth=tvae|synth_epochs=50|sensfeat=0|agg=count|fflip=invert|rw=1|foe=state|sdfafoe=fedsa|spdfafoe=fedsa|fedsa_gain=1.75|fedsa_norm=2.0|fg=server_aeod|actfb=0.12|acttemp=0.8|actkeep=1.0|actmetric=aeod_aspd|actdrop=0.005|actrisk=0.1|actviol=0.02|ad2calw=1.0|ad2calb=0.06|ad2calt=0.03|ad2calq=41|ad2clip=5.0|ad2normclip=2.5|ad2accdrop=0.03|ad2calobj=original|ad2normmode=root|ad2uw=3.0|ad2cw=0.2|ad2aw=1.5|ad2plus=fixed|suite=server_generation_ablation|tag=real1_tvae_synth9,df116e64382331c2cc03ea3f43c8c8d2c34ad28ce2acaaef3a9caf0e107e107b,adult,non-IID,5.0,S-DFA,123,70,tvae,real1_tvae_synth9,0.01,0.09,0.7615379507271399,0.007522915761051175,0.007012937792535916,metrics == last10_metrics[round70],False
70,3914,373079772bfaeef437a1d21af00821f013b8df44148c39984ce47b46a9a3bdab,full|adult|non-IID|GuardFed-AD2+|Sp-DFA|rounds=70|seed=123|clients=20|malicious=4|epochs=1|batch=256|lr=0.005|opt=adam|root=0.01+0.09|serversamp=stratified_sensitive|serveralpha=None|synth=tvae|synth_epochs=50|sensfeat=0|agg=count|fflip=invert|rw=1|foe=state|sdfafoe=fedsa|spdfafoe=fedsa|fedsa_gain=1.75|fedsa_norm=2.0|fg=server_aeod|actfb=0.12|acttemp=0.8|actkeep=1.0|actmetric=aeod_aspd|actdrop=0.005|actrisk=0.1|actviol=0.02|ad2calw=1.0|ad2calb=0.06|ad2calt=0.03|ad2calq=41|ad2clip=5.0|ad2normclip=2.5|ad2accdrop=0.03|ad2calobj=original|ad2normmode=root|ad2uw=3.0|ad2cw=0.2|ad2aw=1.5|ad2plus=fixed|suite=server_generation_ablation|tag=real1_tvae_synth9,df116e64382331c2cc03ea3f43c8c8d2c34ad28ce2acaaef3a9caf0e107e107b,adult,non-IID,5.0,Sp-DFA,123,70,tvae,real1_tvae_synth9,0.01,0.09,0.7614051397835182,0.006886581048992632,0.006815815774006447,metrics == last10_metrics[round70],False
71,3915,33c8874a058b87191a1e2a9deeb92311f8f10fb75bfa0a7de975cc75216e9d12,full|compas|IID|GuardFed-AD2+|Benign|rounds=70|seed=123|clients=20|malicious=4|epochs=1|batch=256|lr=0.005|opt=adam|root=0.01+0.09|serversamp=stratified_sensitive|serveralpha=None|synth=tvae|synth_epochs=50|sensfeat=0|agg=count|fflip=invert|rw=1|foe=state|sdfafoe=fedsa|spdfafoe=fedsa|fedsa_gain=1.75|fedsa_norm=2.0|fg=server_aeod|actfb=0.12|acttemp=0.8|actkeep=1.0|actmetric=aeod_aspd|actdrop=0.005|actrisk=0.1|actviol=0.02|ad2calw=1.0|ad2calb=0.06|ad2calt=0.03|ad2calq=41|ad2clip=5.0|ad2normclip=2.5|ad2accdrop=0.03|ad2calobj=original|ad2normmode=root|ad2uw=3.0|ad2cw=0.2|ad2aw=1.5|ad2plus=fixed|suite=server_generation_ablation|tag=real1_tvae_synth9,df116e64382331c2cc03ea3f43c8c8d2c34ad28ce2acaaef3a9caf0e107e107b,compas,IID,5000.0,Benign,123,70,tvae,real1_tvae_synth9,0.01,0.09,0.6576673866090713,0.077136941733215,0.13593394549382726,metrics == last10_metrics[round70],False
72,3916,cec70442a1007bb012605e1737fb16a99afecaa8df18b9c02b072382408b7de1,full|compas|IID|GuardFed-AD2+|F Flip|rounds=70|seed=123|clients=20|malicious=4|epochs=1|batch=256|lr=0.005|opt=adam|root=0.01+0.09|serversamp=stratified_sensitive|serveralpha=None|synth=tvae|synth_epochs=50|sensfeat=0|agg=count|fflip=invert|rw=1|foe=state|sdfafoe=fedsa|spdfafoe=fedsa|fedsa_gain=1.75|fedsa_norm=2.0|fg=server_aeod|actfb=0.12|acttemp=0.8|actkeep=1.0|actmetric=aeod_aspd|actdrop=0.005|actrisk=0.1|actviol=0.02|ad2calw=1.0|ad2calb=0.06|ad2calt=0.03|ad2calq=41|ad2clip=5.0|ad2normclip=2.5|ad2accdrop=0.03|ad2calobj=original|ad2normmode=root|ad2uw=3.0|ad2cw=0.2|ad2aw=1.5|ad2plus=fixed|suite=server_generation_ablation|tag=real1_tvae_synth9,df116e64382331c2cc03ea3f43c8c8d2c34ad28ce2acaaef3a9caf0e107e107b,compas,IID,5000.0,F Flip,123,70,tvae,real1_tvae_synth9,0.01,0.09,0.57829373650108,0.0032830523513753262,0.014520039171424005,metrics == last10_metrics[round70],False
73,3917,f9244846eefdde3a063957062a226fd26e0650b8e7ada9d3e9e47bb1e8ad2379,full|compas|IID|GuardFed-AD2+|FedSA|rounds=70|seed=123|clients=20|malicious=4|epochs=1|batch=256|lr=0.005|opt=adam|root=0.01+0.09|serversamp=stratified_sensitive|serveralpha=None|synth=tvae|synth_epochs=50|sensfeat=0|agg=count|fflip=invert|rw=1|foe=state|sdfafoe=fedsa|spdfafoe=fedsa|fedsa_gain=1.75|fedsa_norm=2.0|fg=server_aeod|actfb=0.12|acttemp=0.8|actkeep=1.0|actmetric=aeod_aspd|actdrop=0.005|actrisk=0.1|actviol=0.02|ad2calw=1.0|ad2calb=0.06|ad2calt=0.03|ad2calq=41|ad2clip=5.0|ad2normclip=2.5|ad2accdrop=0.03|ad2calobj=original|ad2normmode=root|ad2uw=3.0|ad2cw=0.2|ad2aw=1.5|ad2plus=fixed|suite=server_generation_ablation|tag=real1_tvae_synth9,df116e64382331c2cc03ea3f43c8c8d2c34ad28ce2acaaef3a9caf0e107e107b,compas,IID,5000.0,FedSA,123,70,tvae,real1_tvae_synth9,0.01,0.09,0.5739740820734341,0.09831410825199646,0.04823127481041661,metrics == last10_metrics[round70],False
74,3918,b92a2147438a255a0a56b2962263bce107a9f028f2cc01e0e55b6d0e27aa04af,full|compas|IID|GuardFed-AD2+|S-DFA|rounds=70|seed=123|clients=20|malicious=4|epochs=1|batch=256|lr=0.005|opt=adam|root=0.01+0.09|serversamp=stratified_sensitive|serveralpha=None|synth=tvae|synth_epochs=50|sensfeat=0|agg=count|fflip=invert|rw=1|foe=state|sdfafoe=fedsa|spdfafoe=fedsa|fedsa_gain=1.75|fedsa_norm=2.0|fg=server_aeod|actfb=0.12|acttemp=0.8|actkeep=1.0|actmetric=aeod_aspd|actdrop=0.005|actrisk=0.1|actviol=0.02|ad2calw=1.0|ad2calb=0.06|ad2calt=0.03|ad2calq=41|ad2clip=5.0|ad2normclip=2.5|ad2accdrop=0.03|ad2calobj=original|ad2normmode=root|ad2uw=3.0|ad2cw=0.2|ad2aw=1.5|ad2plus=fixed|suite=server_generation_ablation|tag=real1_tvae_synth9,df116e64382331c2cc03ea3f43c8c8d2c34ad28ce2acaaef3a9caf0e107e107b,compas,IID,5000.0,S-DFA,123,70,tvae,real1_tvae_synth9,0.01,0.09,0.5712742980561555,0.041378290446613425,0.035402516728976,metrics == last10_metrics[round70],False
75,3919,13ea27f3253dcc7428baac9e60176eeeda146d96abecb70a1d515ef94a35226b,full|compas|IID|GuardFed-AD2+|Sp-DFA|rounds=70|seed=123|clients=20|malicious=4|epochs=1|batch=256|lr=0.005|opt=adam|root=0.01+0.09|serversamp=stratified_sensitive|serveralpha=None|synth=tvae|synth_epochs=50|sensfeat=0|agg=count|fflip=invert|rw=1|foe=state|sdfafoe=fedsa|spdfafoe=fedsa|fedsa_gain=1.75|fedsa_norm=2.0|fg=server_aeod|actfb=0.12|acttemp=0.8|actkeep=1.0|actmetric=aeod_aspd|actdrop=0.005|actrisk=0.1|actviol=0.02|ad2calw=1.0|ad2calb=0.06|ad2calt=0.03|ad2calq=41|ad2clip=5.0|ad2normclip=2.5|ad2accdrop=0.03|ad2calobj=original|ad2normmode=root|ad2uw=3.0|ad2cw=0.2|ad2aw=1.5|ad2plus=fixed|suite=server_generation_ablation|tag=real1_tvae_synth9,df116e64382331c2cc03ea3f43c8c8d2c34ad28ce2acaaef3a9caf0e107e107b,compas,IID,5000.0,Sp-DFA,123,70,tvae,real1_tvae_synth9,0.01,0.09,0.5718142548596112,0.02398698609878734,0.03397502413197828,metrics == last10_metrics[round70],False
76,3920,dabfb22dff17e4a79abaa475455b433fa40cba7136e76e7f737739c57aeb171f,full|compas|non-IID|GuardFed-AD2+|Benign|rounds=70|seed=123|clients=20|malicious=4|epochs=1|batch=256|lr=0.005|opt=adam|root=0.01+0.09|serversamp=stratified_sensitive|serveralpha=None|synth=tvae|synth_epochs=50|sensfeat=0|agg=count|fflip=invert|rw=1|foe=state|sdfafoe=fedsa|spdfafoe=fedsa|fedsa_gain=1.75|fedsa_norm=2.0|fg=server_aeod|actfb=0.12|acttemp=0.8|actkeep=1.0|actmetric=aeod_aspd|actdrop=0.005|actrisk=0.1|actviol=0.02|ad2calw=1.0|ad2calb=0.06|ad2calt=0.03|ad2calq=41|ad2clip=5.0|ad2normclip=2.5|ad2accdrop=0.03|ad2calobj=original|ad2normmode=root|ad2uw=3.0|ad2cw=0.2|ad2aw=1.5|ad2plus=fixed|suite=server_generation_ablation|tag=real1_tvae_synth9,df116e64382331c2cc03ea3f43c8c8d2c34ad28ce2acaaef3a9caf0e107e107b,compas,non-IID,5.0,Benign,123,70,tvae,real1_tvae_synth9,0.01,0.09,0.5728941684665226,0.14974859509021,0.08065624974467374,metrics == last10_metrics[round70],False
77,3921,198368d76d44995806fd8d1ff457110f8867fd94b45604c9ba8bae1e2eba0e74,full|compas|non-IID|GuardFed-AD2+|F Flip|rounds=70|seed=123|clients=20|malicious=4|epochs=1|batch=256|lr=0.005|opt=adam|root=0.01+0.09|serversamp=stratified_sensitive|serveralpha=None|synth=tvae|synth_epochs=50|sensfeat=0|agg=count|fflip=invert|rw=1|foe=state|sdfafoe=fedsa|spdfafoe=fedsa|fedsa_gain=1.75|fedsa_norm=2.0|fg=server_aeod|actfb=0.12|acttemp=0.8|actkeep=1.0|actmetric=aeod_aspd|actdrop=0.005|actrisk=0.1|actviol=0.02|ad2calw=1.0|ad2calb=0.06|ad2calt=0.03|ad2calq=41|ad2clip=5.0|ad2normclip=2.5|ad2accdrop=0.03|ad2calobj=original|ad2normmode=root|ad2uw=3.0|ad2cw=0.2|ad2aw=1.5|ad2plus=fixed|suite=server_generation_ablation|tag=real1_tvae_synth9,df116e64382331c2cc03ea3f43c8c8d2c34ad28ce2acaaef3a9caf0e107e107b,compas,non-IID,5.0,F Flip,123,70,tvae,real1_tvae_synth9,0.01,0.09,0.5874730021598272,0.2451641526175688,0.13482743447015277,metrics == last10_metrics[round70],False
78,3922,7f288d92f1b49836c6c3c989d201d31e5538f16b1ffa9e18c8c41fbb1a291349,full|compas|non-IID|GuardFed-AD2+|FedSA|rounds=70|seed=123|clients=20|malicious=4|epochs=1|batch=256|lr=0.005|opt=adam|root=0.01+0.09|serversamp=stratified_sensitive|serveralpha=None|synth=tvae|synth_epochs=50|sensfeat=0|agg=count|fflip=invert|rw=1|foe=state|sdfafoe=fedsa|spdfafoe=fedsa|fedsa_gain=1.75|fedsa_norm=2.0|fg=server_aeod|actfb=0.12|acttemp=0.8|actkeep=1.0|actmetric=aeod_aspd|actdrop=0.005|actrisk=0.1|actviol=0.02|ad2calw=1.0|ad2calb=0.06|ad2calt=0.03|ad2calq=41|ad2clip=5.0|ad2normclip=2.5|ad2accdrop=0.03|ad2calobj=original|ad2normmode=root|ad2uw=3.0|ad2cw=0.2|ad2aw=1.5|ad2plus=fixed|suite=server_generation_ablation|tag=real1_tvae_synth9,df116e64382331c2cc03ea3f43c8c8d2c34ad28ce2acaaef3a9caf0e107e107b,compas,non-IID,5.0,FedSA,123,70,tvae,real1_tvae_synth9,0.01,0.09,0.5890928725701944,0.2771665187814256,0.1527288686158224,metrics == last10_metrics[round70],False
79,3923,cb646a501033891df8dd605ff6b64f6234ef4204edd3a595d4000761180350e5,full|compas|non-IID|GuardFed-AD2+|S-DFA|rounds=70|seed=123|clients=20|malicious=4|epochs=1|batch=256|lr=0.005|opt=adam|root=0.01+0.09|serversamp=stratified_sensitive|serveralpha=None|synth=tvae|synth_epochs=50|sensfeat=0|agg=count|fflip=invert|rw=1|foe=state|sdfafoe=fedsa|spdfafoe=fedsa|fedsa_gain=1.75|fedsa_norm=2.0|fg=server_aeod|actfb=0.12|acttemp=0.8|actkeep=1.0|actmetric=aeod_aspd|actdrop=0.005|actrisk=0.1|actviol=0.02|ad2calw=1.0|ad2calb=0.06|ad2calt=0.03|ad2calq=41|ad2clip=5.0|ad2normclip=2.5|ad2accdrop=0.03|ad2calobj=original|ad2normmode=root|ad2uw=3.0|ad2cw=0.2|ad2aw=1.5|ad2plus=fixed|suite=server_generation_ablation|tag=real1_tvae_synth9,df116e64382331c2cc03ea3f43c8c8d2c34ad28ce2acaaef3a9caf0e107e107b,compas,non-IID,5.0,S-DFA,123,70,tvae,real1_tvae_synth9,0.01,0.09,0.5907127429805615,0.2819875776397515,0.1547866523022549,metrics == last10_metrics[round70],False
80,3924,82e0fd9ce41df7600781695ce61da897e07dec370e9e3582c594f5d077f90e67,full|compas|non-IID|GuardFed-AD2+|Sp-DFA|rounds=70|seed=123|clients=20|malicious=4|epochs=1|batch=256|lr=0.005|opt=adam|root=0.01+0.09|serversamp=stratified_sensitive|serveralpha=None|synth=tvae|synth_epochs=50|sensfeat=0|agg=count|fflip=invert|rw=1|foe=state|sdfafoe=fedsa|spdfafoe=fedsa|fedsa_gain=1.75|fedsa_norm=2.0|fg=server_aeod|actfb=0.12|acttemp=0.8|actkeep=1.0|actmetric=aeod_aspd|actdrop=0.005|actrisk=0.1|actviol=0.02|ad2calw=1.0|ad2calb=0.06|ad2calt=0.03|ad2calq=41|ad2clip=5.0|ad2normclip=2.5|ad2accdrop=0.03|ad2calobj=original|ad2normmode=root|ad2uw=3.0|ad2cw=0.2|ad2aw=1.5|ad2plus=fixed|suite=server_generation_ablation|tag=real1_tvae_synth9,df116e64382331c2cc03ea3f43c8c8d2c34ad28ce2acaaef3a9caf0e107e107b,compas,non-IID,5.0,Sp-DFA,123,70,tvae,real1_tvae_synth9,0.01,0.09,0.5912526997840173,0.33664596273291925,0.1879457996351315,metrics == last10_metrics[round70],False
81,3925,046cb6c3112681f5a6cc31a7d4046e07f69adbadd8995a3141f99029e9c344d0,full|adult|IID|GuardFed-AD2+|Benign|rounds=70|seed=123|clients=20|malicious=4|epochs=1|batch=256|lr=0.005|opt=adam|root=0.01+0.09|serversamp=stratified_sensitive|serveralpha=None|synth=smote|synth_epochs=50|sensfeat=0|agg=count|fflip=invert|rw=1|foe=state|sdfafoe=fedsa|spdfafoe=fedsa|fedsa_gain=1.75|fedsa_norm=2.0|fg=server_aeod|actfb=0.12|acttemp=0.8|actkeep=1.0|actmetric=aeod_aspd|actdrop=0.005|actrisk=0.1|actviol=0.02|ad2calw=1.0|ad2calb=0.06|ad2calt=0.03|ad2calq=41|ad2clip=5.0|ad2normclip=2.5|ad2accdrop=0.03|ad2calobj=original|ad2normmode=root|ad2uw=3.0|ad2cw=0.2|ad2aw=1.5|ad2plus=fixed|suite=server_generation_ablation|tag=real1_smote_synth9,b962d707bbed3e8f13b85a5e7e5ecd1cc19f82fc84157d5bbb1630c09b572d20,adult,IID,5000.0,Benign,123,70,smote,real1_smote_synth9,0.01,0.09,0.7954711468224982,0.24817967716009642,0.26240493516820107,metrics == last10_metrics[round70],False
82,3926,3a25716fbfa2f9d53a4384c3d53a403260685f53b4354bb19a973bce2c515809,full|adult|IID|GuardFed-AD2+|F Flip|rounds=70|seed=123|clients=20|malicious=4|epochs=1|batch=256|lr=0.005|opt=adam|root=0.01+0.09|serversamp=stratified_sensitive|serveralpha=None|synth=smote|synth_epochs=50|sensfeat=0|agg=count|fflip=invert|rw=1|foe=state|sdfafoe=fedsa|spdfafoe=fedsa|fedsa_gain=1.75|fedsa_norm=2.0|fg=server_aeod|actfb=0.12|acttemp=0.8|actkeep=1.0|actmetric=aeod_aspd|actdrop=0.005|actrisk=0.1|actviol=0.02|ad2calw=1.0|ad2calb=0.06|ad2calt=0.03|ad2calq=41|ad2clip=5.0|ad2normclip=2.5|ad2accdrop=0.03|ad2calobj=original|ad2normmode=root|ad2uw=3.0|ad2cw=0.2|ad2aw=1.5|ad2plus=fixed|suite=server_generation_ablation|tag=real1_smote_synth9,b962d707bbed3e8f13b85a5e7e5ecd1cc19f82fc84157d5bbb1630c09b572d20,adult,IID,5000.0,F Flip,123,70,smote,real1_smote_synth9,0.01,0.09,0.8077561591075104,0.28083667161530196,0.24778354084508247,metrics == last10_metrics[round70],False
83,3927,c090d4a2f6dd3d04c7e998858d1611e3dbc220d00b69b028538ecba52d334746,full|adult|IID|GuardFed-AD2+|FedSA|rounds=70|seed=123|clients=20|malicious=4|epochs=1|batch=256|lr=0.005|opt=adam|root=0.01+0.09|serversamp=stratified_sensitive|serveralpha=None|synth=smote|synth_epochs=50|sensfeat=0|agg=count|fflip=invert|rw=1|foe=state|sdfafoe=fedsa|spdfafoe=fedsa|fedsa_gain=1.75|fedsa_norm=2.0|fg=server_aeod|actfb=0.12|acttemp=0.8|actkeep=1.0|actmetric=aeod_aspd|actdrop=0.005|actrisk=0.1|actviol=0.02|ad2calw=1.0|ad2calb=0.06|ad2calt=0.03|ad2calq=41|ad2clip=5.0|ad2normclip=2.5|ad2accdrop=0.03|ad2calobj=original|ad2normmode=root|ad2uw=3.0|ad2cw=0.2|ad2aw=1.5|ad2plus=fixed|suite=server_generation_ablation|tag=real1_smote_synth9,b962d707bbed3e8f13b85a5e7e5ecd1cc19f82fc84157d5bbb1630c09b572d20,adult,IID,5000.0,FedSA,123,70,smote,real1_smote_synth9,0.01,0.09,0.7714987714987716,0.2620442338307292,0.2910794081556838,metrics == last10_metrics[round70],False
84,3928,b565dd0660a734645bbd9149fdb990bce587791af80644d1885699a9e8fa2eec,full|adult|IID|GuardFed-AD2+|S-DFA|rounds=70|seed=123|clients=20|malicious=4|epochs=1|batch=256|lr=0.005|opt=adam|root=0.01+0.09|serversamp=stratified_sensitive|serveralpha=None|synth=smote|synth_epochs=50|sensfeat=0|agg=count|fflip=invert|rw=1|foe=state|sdfafoe=fedsa|spdfafoe=fedsa|fedsa_gain=1.75|fedsa_norm=2.0|fg=server_aeod|actfb=0.12|acttemp=0.8|actkeep=1.0|actmetric=aeod_aspd|actdrop=0.005|actrisk=0.1|actviol=0.02|ad2calw=1.0|ad2calb=0.06|ad2calt=0.03|ad2calq=41|ad2clip=5.0|ad2normclip=2.5|ad2accdrop=0.03|ad2calobj=original|ad2normmode=root|ad2uw=3.0|ad2cw=0.2|ad2aw=1.5|ad2plus=fixed|suite=server_generation_ablation|tag=real1_smote_synth9,b962d707bbed3e8f13b85a5e7e5ecd1cc19f82fc84157d5bbb1630c09b572d20,adult,IID,5000.0,S-DFA,123,70,smote,real1_smote_synth9,0.01,0.09,0.7767448037718307,0.07975947233343483,0.16181685514829708,metrics == last10_metrics[round70],False
85,3929,a4bd5efcf6394fbdd17b6eeb9881ab96292f450d01d42818e5ca0e886a5bdcad,full|adult|IID|GuardFed-AD2+|Sp-DFA|rounds=70|seed=123|clients=20|malicious=4|epochs=1|batch=256|lr=0.005|opt=adam|root=0.01+0.09|serversamp=stratified_sensitive|serveralpha=None|synth=smote|synth_epochs=50|sensfeat=0|agg=count|fflip=invert|rw=1|foe=state|sdfafoe=fedsa|spdfafoe=fedsa|fedsa_gain=1.75|fedsa_norm=2.0|fg=server_aeod|actfb=0.12|acttemp=0.8|actkeep=1.0|actmetric=aeod_aspd|actdrop=0.005|actrisk=0.1|actviol=0.02|ad2calw=1.0|ad2calb=0.06|ad2calt=0.03|ad2calq=41|ad2clip=5.0|ad2normclip=2.5|ad2accdrop=0.03|ad2calobj=original|ad2normmode=root|ad2uw=3.0|ad2cw=0.2|ad2aw=1.5|ad2plus=fixed|suite=server_generation_ablation|tag=real1_smote_synth9,b962d707bbed3e8f13b85a5e7e5ecd1cc19f82fc84157d5bbb1630c09b572d20,adult,IID,5000.0,Sp-DFA,123,70,smote,real1_smote_synth9,0.01,0.09,0.8083538083538083,0.24431825646573763,0.26799611084235697,metrics == last10_metrics[round70],False
86,3930,739e3d6f6352bd40e0817f4ca06788a2a107f373eb762663ff56e72ea9c08781,full|adult|non-IID|GuardFed-AD2+|Benign|rounds=70|seed=123|clients=20|malicious=4|epochs=1|batch=256|lr=0.005|opt=adam|root=0.01+0.09|serversamp=stratified_sensitive|serveralpha=None|synth=smote|synth_epochs=50|sensfeat=0|agg=count|fflip=invert|rw=1|foe=state|sdfafoe=fedsa|spdfafoe=fedsa|fedsa_gain=1.75|fedsa_norm=2.0|fg=server_aeod|actfb=0.12|acttemp=0.8|actkeep=1.0|actmetric=aeod_aspd|actdrop=0.005|actrisk=0.1|actviol=0.02|ad2calw=1.0|ad2calb=0.06|ad2calt=0.03|ad2calq=41|ad2clip=5.0|ad2normclip=2.5|ad2accdrop=0.03|ad2calobj=original|ad2normmode=root|ad2uw=3.0|ad2cw=0.2|ad2aw=1.5|ad2plus=fixed|suite=server_generation_ablation|tag=real1_smote_synth9,b962d707bbed3e8f13b85a5e7e5ecd1cc19f82fc84157d5bbb1630c09b572d20,adult,non-IID,5.0,Benign,123,70,smote,real1_smote_synth9,0.01,0.09,0.8082209974101866,0.28867661230022434,0.24046623349574536,metrics == last10_metrics[round70],False
87,3931,69846b182903367b56e591da059c4b4f561bf5f5ee1fb8e02ff69665a950f163,full|adult|non-IID|GuardFed-AD2+|F Flip|rounds=70|seed=123|clients=20|malicious=4|epochs=1|batch=256|lr=0.005|opt=adam|root=0.01+0.09|serversamp=stratified_sensitive|serveralpha=None|synth=smote|synth_epochs=50|sensfeat=0|agg=count|fflip=invert|rw=1|foe=state|sdfafoe=fedsa|spdfafoe=fedsa|fedsa_gain=1.75|fedsa_norm=2.0|fg=server_aeod|actfb=0.12|acttemp=0.8|actkeep=1.0|actmetric=aeod_aspd|actdrop=0.005|actrisk=0.1|actviol=0.02|ad2calw=1.0|ad2calb=0.06|ad2calt=0.03|ad2calq=41|ad2clip=5.0|ad2normclip=2.5|ad2accdrop=0.03|ad2calobj=original|ad2normmode=root|ad2uw=3.0|ad2cw=0.2|ad2aw=1.5|ad2plus=fixed|suite=server_generation_ablation|tag=real1_smote_synth9,b962d707bbed3e8f13b85a5e7e5ecd1cc19f82fc84157d5bbb1630c09b572d20,adult,non-IID,5.0,F Flip,123,70,smote,real1_smote_synth9,0.01,0.09,0.7954711468224982,0.2742008544250111,0.224145148248557,metrics == last10_metrics[round70],False
88,3932,3bbd4def223d9f5c920030f38e7f8d48e46e05bf5511753e0e3b126ec5cd2de4,full|adult|non-IID|GuardFed-AD2+|FedSA|rounds=70|seed=123|clients=20|malicious=4|epochs=1|batch=256|lr=0.005|opt=adam|root=0.01+0.09|serversamp=stratified_sensitive|serveralpha=None|synth=smote|synth_epochs=50|sensfeat=0|agg=count|fflip=invert|rw=1|foe=state|sdfafoe=fedsa|spdfafoe=fedsa|fedsa_gain=1.75|fedsa_norm=2.0|fg=server_aeod|actfb=0.12|acttemp=0.8|actkeep=1.0|actmetric=aeod_aspd|actdrop=0.005|actrisk=0.1|actviol=0.02|ad2calw=1.0|ad2calb=0.06|ad2calt=0.03|ad2calq=41|ad2clip=5.0|ad2normclip=2.5|ad2accdrop=0.03|ad2calobj=original|ad2normmode=root|ad2uw=3.0|ad2cw=0.2|ad2aw=1.5|ad2plus=fixed|suite=server_generation_ablation|tag=real1_smote_synth9,b962d707bbed3e8f13b85a5e7e5ecd1cc19f82fc84157d5bbb1630c09b572d20,adult,non-IID,5.0,FedSA,123,70,smote,real1_smote_synth9,0.01,0.09,0.7931469553091175,0.34871827680103,0.29469328508036685,metrics == last10_metrics[round70],False
89,3933,bdd41efc02e3bb2841ffd517a86ee16156b91a689f961dd0afa2a8b8a20bc394,full|adult|non-IID|GuardFed-AD2+|S-DFA|rounds=70|seed=123|clients=20|malicious=4|epochs=1|batch=256|lr=0.005|opt=adam|root=0.01+0.09|serversamp=stratified_sensitive|serveralpha=None|synth=smote|synth_epochs=50|sensfeat=0|agg=count|fflip=invert|rw=1|foe=state|sdfafoe=fedsa|spdfafoe=fedsa|fedsa_gain=1.75|fedsa_norm=2.0|fg=server_aeod|actfb=0.12|acttemp=0.8|actkeep=1.0|actmetric=aeod_aspd|actdrop=0.005|actrisk=0.1|actviol=0.02|ad2calw=1.0|ad2calb=0.06|ad2calt=0.03|ad2calq=41|ad2clip=5.0|ad2normclip=2.5|ad2accdrop=0.03|ad2calobj=original|ad2normmode=root|ad2uw=3.0|ad2cw=0.2|ad2aw=1.5|ad2plus=fixed|suite=server_generation_ablation|tag=real1_smote_synth9,b962d707bbed3e8f13b85a5e7e5ecd1cc19f82fc84157d5bbb1630c09b572d20,adult,non-IID,5.0,S-DFA,123,70,smote,real1_smote_synth9,0.01,0.09,0.7946078756889567,0.2616106808267325,0.2699918659583114,metrics == last10_metrics[round70],False
90,3934,68d65bb0873f3a4e65331fe433525bd4eec9a436ac977e6608b70a2ee8d1bb71,full|adult|non-IID|GuardFed-AD2+|Sp-DFA|rounds=70|seed=123|clients=20|malicious=4|epochs=1|batch=256|lr=0.005|opt=adam|root=0.01+0.09|serversamp=stratified_sensitive|serveralpha=None|synth=smote|synth_epochs=50|sensfeat=0|agg=count|fflip=invert|rw=1|foe=state|sdfafoe=fedsa|spdfafoe=fedsa|fedsa_gain=1.75|fedsa_norm=2.0|fg=server_aeod|actfb=0.12|acttemp=0.8|actkeep=1.0|actmetric=aeod_aspd|actdrop=0.005|actrisk=0.1|actviol=0.02|ad2calw=1.0|ad2calb=0.06|ad2calt=0.03|ad2calq=41|ad2clip=5.0|ad2normclip=2.5|ad2accdrop=0.03|ad2calobj=original|ad2normmode=root|ad2uw=3.0|ad2cw=0.2|ad2aw=1.5|ad2plus=fixed|suite=server_generation_ablation|tag=real1_smote_synth9,b962d707bbed3e8f13b85a5e7e5ecd1cc19f82fc84157d5bbb1630c09b572d20,adult,non-IID,5.0,Sp-DFA,123,70,smote,real1_smote_synth9,0.01,0.09,0.8048343183478318,0.32365160160420325,0.2572876868872612,metrics == last10_metrics[round70],False
91,3935,5752e1377b77bcdad1dbf219839ad16692ed8c92e63bacca07fbc85c045609b1,full|compas|IID|GuardFed-AD2+|Benign|rounds=70|seed=123|clients=20|malicious=4|epochs=1|batch=256|lr=0.005|opt=adam|root=0.01+0.09|serversamp=stratified_sensitive|serveralpha=None|synth=smote|synth_epochs=50|sensfeat=0|agg=count|fflip=invert|rw=1|foe=state|sdfafoe=fedsa|spdfafoe=fedsa|fedsa_gain=1.75|fedsa_norm=2.0|fg=server_aeod|actfb=0.12|acttemp=0.8|actkeep=1.0|actmetric=aeod_aspd|actdrop=0.005|actrisk=0.1|actviol=0.02|ad2calw=1.0|ad2calb=0.06|ad2calt=0.03|ad2calq=41|ad2clip=5.0|ad2normclip=2.5|ad2accdrop=0.03|ad2calobj=original|ad2normmode=root|ad2uw=3.0|ad2cw=0.2|ad2aw=1.5|ad2plus=fixed|suite=server_generation_ablation|tag=real1_smote_synth9,b962d707bbed3e8f13b85a5e7e5ecd1cc19f82fc84157d5bbb1630c09b572d20,compas,IID,5000.0,Benign,123,70,smote,real1_smote_synth9,0.01,0.09,0.6355291576673866,0.049186631174208795,0.008525270587466327,metrics == last10_metrics[round70],False
92,3936,b7a3d105b062bb5c925cd9aae77069c3ae3d8ff8b4bf6304b22d761e00dc3b20,full|compas|IID|GuardFed-AD2+|F Flip|rounds=70|seed=123|clients=20|malicious=4|epochs=1|batch=256|lr=0.005|opt=adam|root=0.01+0.09|serversamp=stratified_sensitive|serveralpha=None|synth=smote|synth_epochs=50|sensfeat=0|agg=count|fflip=invert|rw=1|foe=state|sdfafoe=fedsa|spdfafoe=fedsa|fedsa_gain=1.75|fedsa_norm=2.0|fg=server_aeod|actfb=0.12|acttemp=0.8|actkeep=1.0|actmetric=aeod_aspd|actdrop=0.005|actrisk=0.1|actviol=0.02|ad2calw=1.0|ad2calb=0.06|ad2calt=0.03|ad2calq=41|ad2clip=5.0|ad2normclip=2.5|ad2accdrop=0.03|ad2calobj=original|ad2normmode=root|ad2uw=3.0|ad2cw=0.2|ad2aw=1.5|ad2plus=fixed|suite=server_generation_ablation|tag=real1_smote_synth9,b962d707bbed3e8f13b85a5e7e5ecd1cc19f82fc84157d5bbb1630c09b572d20,compas,IID,5000.0,F Flip,123,70,smote,real1_smote_synth9,0.01,0.09,0.6501079913606912,0.020644779650990763,0.06463635122153916,metrics == last10_metrics[round70],False
93,3937,85d5769a164f08144a96bbe04413beaff958e57a5c12935bb824f4503bbba6e2,full|compas|IID|GuardFed-AD2+|FedSA|rounds=70|seed=123|clients=20|malicious=4|epochs=1|batch=256|lr=0.005|opt=adam|root=0.01+0.09|serversamp=stratified_sensitive|serveralpha=None|synth=smote|synth_epochs=50|sensfeat=0|agg=count|fflip=invert|rw=1|foe=state|sdfafoe=fedsa|spdfafoe=fedsa|fedsa_gain=1.75|fedsa_norm=2.0|fg=server_aeod|actfb=0.12|acttemp=0.8|actkeep=1.0|actmetric=aeod_aspd|actdrop=0.005|actrisk=0.1|actviol=0.02|ad2calw=1.0|ad2calb=0.06|ad2calt=0.03|ad2calq=41|ad2clip=5.0|ad2normclip=2.5|ad2accdrop=0.03|ad2calobj=original|ad2normmode=root|ad2uw=3.0|ad2cw=0.2|ad2aw=1.5|ad2plus=fixed|suite=server_generation_ablation|tag=real1_smote_synth9,b962d707bbed3e8f13b85a5e7e5ecd1cc19f82fc84157d5bbb1630c09b572d20,compas,IID,5000.0,FedSA,123,70,smote,real1_smote_synth9,0.01,0.09,0.6441684665226782,0.061194912747707775,0.022396343377916683,metrics == last10_metrics[round70],False
94,3938,408e814a8ad654bad3ef2d1e5721d0ae19ebc7304553646b9b8aff469e77e5ed,full|compas|IID|GuardFed-AD2+|S-DFA|rounds=70|seed=123|clients=20|malicious=4|epochs=1|batch=256|lr=0.005|opt=adam|root=0.01+0.09|serversamp=stratified_sensitive|serveralpha=None|synth=smote|synth_epochs=50|sensfeat=0|agg=count|fflip=invert|rw=1|foe=state|sdfafoe=fedsa|spdfafoe=fedsa|fedsa_gain=1.75|fedsa_norm=2.0|fg=server_aeod|actfb=0.12|acttemp=0.8|actkeep=1.0|actmetric=aeod_aspd|actdrop=0.005|actrisk=0.1|actviol=0.02|ad2calw=1.0|ad2calb=0.06|ad2calt=0.03|ad2calq=41|ad2clip=5.0|ad2normclip=2.5|ad2accdrop=0.03|ad2calobj=original|ad2normmode=root|ad2uw=3.0|ad2cw=0.2|ad2aw=1.5|ad2plus=fixed|suite=server_generation_ablation|tag=real1_smote_synth9,b962d707bbed3e8f13b85a5e7e5ecd1cc19f82fc84157d5bbb1630c09b572d20,compas,IID,5000.0,S-DFA,123,70,smote,real1_smote_synth9,0.01,0.09,0.6430885529157667,0.12377994676131321,0.028960708353808096,metrics == last10_metrics[round70],False
95,3939,5f0597728658599b50cb87660ae24d39dbb4040463cb262460f01577864be34c,full|compas|IID|GuardFed-AD2+|Sp-DFA|rounds=70|seed=123|clients=20|malicious=4|epochs=1|batch=256|lr=0.005|opt=adam|root=0.01+0.09|serversamp=stratified_sensitive|serveralpha=None|synth=smote|synth_epochs=50|sensfeat=0|agg=count|fflip=invert|rw=1|foe=state|sdfafoe=fedsa|spdfafoe=fedsa|fedsa_gain=1.75|fedsa_norm=2.0|fg=server_aeod|actfb=0.12|acttemp=0.8|actkeep=1.0|actmetric=aeod_aspd|actdrop=0.005|actrisk=0.1|actviol=0.02|ad2calw=1.0|ad2calb=0.06|ad2calt=0.03|ad2calq=41|ad2clip=5.0|ad2normclip=2.5|ad2accdrop=0.03|ad2calobj=original|ad2normmode=root|ad2uw=3.0|ad2cw=0.2|ad2aw=1.5|ad2plus=fixed|suite=server_generation_ablation|tag=real1_smote_synth9,b962d707bbed3e8f13b85a5e7e5ecd1cc19f82fc84157d5bbb1630c09b572d20,compas,IID,5000.0,Sp-DFA,123,70,smote,real1_smote_synth9,0.01,0.09,0.6479481641468683,0.08598047914818097,0.004070046349739176,metrics == last10_metrics[round70],False
96,3940,32e864e1f23344c38f4519fc540e15b8699d2232007e6bf2063a1cd09414d4ae,full|compas|non-IID|GuardFed-AD2+|Benign|rounds=70|seed=123|clients=20|malicious=4|epochs=1|batch=256|lr=0.005|opt=adam|root=0.01+0.09|serversamp=stratified_sensitive|serveralpha=None|synth=smote|synth_epochs=50|sensfeat=0|agg=count|fflip=invert|rw=1|foe=state|sdfafoe=fedsa|spdfafoe=fedsa|fedsa_gain=1.75|fedsa_norm=2.0|fg=server_aeod|actfb=0.12|acttemp=0.8|actkeep=1.0|actmetric=aeod_aspd|actdrop=0.005|actrisk=0.1|actviol=0.02|ad2calw=1.0|ad2calb=0.06|ad2calt=0.03|ad2calq=41|ad2clip=5.0|ad2normclip=2.5|ad2accdrop=0.03|ad2calobj=original|ad2normmode=root|ad2uw=3.0|ad2cw=0.2|ad2aw=1.5|ad2plus=fixed|suite=server_generation_ablation|tag=real1_smote_synth9,b962d707bbed3e8f13b85a5e7e5ecd1cc19f82fc84157d5bbb1630c09b572d20,compas,non-IID,5.0,Benign,123,70,smote,real1_smote_synth9,0.01,0.09,0.6479481641468683,0.025643300798580293,0.06814730603083524,metrics == last10_metrics[round70],False
97,3941,9c7e33681ca8b30123377c4c60acc062a7caa8c5e9d9df703fff8f58cd668bb5,full|compas|non-IID|GuardFed-AD2+|F Flip|rounds=70|seed=123|clients=20|malicious=4|epochs=1|batch=256|lr=0.005|opt=adam|root=0.01+0.09|serversamp=stratified_sensitive|serveralpha=None|synth=smote|synth_epochs=50|sensfeat=0|agg=count|fflip=invert|rw=1|foe=state|sdfafoe=fedsa|spdfafoe=fedsa|fedsa_gain=1.75|fedsa_norm=2.0|fg=server_aeod|actfb=0.12|acttemp=0.8|actkeep=1.0|actmetric=aeod_aspd|actdrop=0.005|actrisk=0.1|actviol=0.02|ad2calw=1.0|ad2calb=0.06|ad2calt=0.03|ad2calq=41|ad2clip=5.0|ad2normclip=2.5|ad2accdrop=0.03|ad2calobj=original|ad2normmode=root|ad2uw=3.0|ad2cw=0.2|ad2aw=1.5|ad2plus=fixed|suite=server_generation_ablation|tag=real1_smote_synth9,b962d707bbed3e8f13b85a5e7e5ecd1cc19f82fc84157d5bbb1630c09b572d20,compas,non-IID,5.0,F Flip,123,70,smote,real1_smote_synth9,0.01,0.09,0.6630669546436285,0.07648624667258208,0.033471958466151586,metrics == last10_metrics[round70],False
98,3942,41b6fd78f0587a1d0cd398a37ab97fe527dfdc361dc3bf3a42910a9ce6441d18,full|compas|non-IID|GuardFed-AD2+|FedSA|rounds=70|seed=123|clients=20|malicious=4|epochs=1|batch=256|lr=0.005|opt=adam|root=0.01+0.09|serversamp=stratified_sensitive|serveralpha=None|synth=smote|synth_epochs=50|sensfeat=0|agg=count|fflip=invert|rw=1|foe=state|sdfafoe=fedsa|spdfafoe=fedsa|fedsa_gain=1.75|fedsa_norm=2.0|fg=server_aeod|actfb=0.12|acttemp=0.8|actkeep=1.0|actmetric=aeod_aspd|actdrop=0.005|actrisk=0.1|actviol=0.02|ad2calw=1.0|ad2calb=0.06|ad2calt=0.03|ad2calq=41|ad2clip=5.0|ad2normclip=2.5|ad2accdrop=0.03|ad2calobj=original|ad2normmode=root|ad2uw=3.0|ad2cw=0.2|ad2aw=1.5|ad2plus=fixed|suite=server_generation_ablation|tag=real1_smote_synth9,b962d707bbed3e8f13b85a5e7e5ecd1cc19f82fc84157d5bbb1630c09b572d20,compas,non-IID,5.0,FedSA,123,70,smote,real1_smote_synth9,0.01,0.09,0.6673866090712743,0.03170659568175105,0.11611245793682384,metrics == last10_metrics[round70],False
99,3943,e1058661cc2dab516f7959712431335413586b157aeac350489758db57a9065c,full|compas|non-IID|GuardFed-AD2+|S-DFA|rounds=70|seed=123|clients=20|malicious=4|epochs=1|batch=256|lr=0.005|opt=adam|root=0.01+0.09|serversamp=stratified_sensitive|serveralpha=None|synth=smote|synth_epochs=50|sensfeat=0|agg=count|fflip=invert|rw=1|foe=state|sdfafoe=fedsa|spdfafoe=fedsa|fedsa_gain=1.75|fedsa_norm=2.0|fg=server_aeod|actfb=0.12|acttemp=0.8|actkeep=1.0|actmetric=aeod_aspd|actdrop=0.005|actrisk=0.1|actviol=0.02|ad2calw=1.0|ad2calb=0.06|ad2calt=0.03|ad2calq=41|ad2clip=5.0|ad2normclip=2.5|ad2accdrop=0.03|ad2calobj=original|ad2normmode=root|ad2uw=3.0|ad2cw=0.2|ad2aw=1.5|ad2plus=fixed|suite=server_generation_ablation|tag=real1_smote_synth9,b962d707bbed3e8f13b85a5e7e5ecd1cc19f82fc84157d5bbb1630c09b572d20,compas,non-IID,5.0,S-DFA,123,70,smote,real1_smote_synth9,0.01,0.09,0.6727861771058316,0.06190476190476191,0.137747783184534,metrics == last10_metrics[round70],False
100,3944,194e22de6d675271df8a17613746c24577e8e77b0fafe5e9bf66ddce1089e8cb,full|compas|non-IID|GuardFed-AD2+|Sp-DFA|rounds=70|seed=123|clients=20|malicious=4|epochs=1|batch=256|lr=0.005|opt=adam|root=0.01+0.09|serversamp=stratified_sensitive|serveralpha=None|synth=smote|synth_epochs=50|sensfeat=0|agg=count|fflip=invert|rw=1|foe=state|sdfafoe=fedsa|spdfafoe=fedsa|fedsa_gain=1.75|fedsa_norm=2.0|fg=server_aeod|actfb=0.12|acttemp=0.8|actkeep=1.0|actmetric=aeod_aspd|actdrop=0.005|actrisk=0.1|actviol=0.02|ad2calw=1.0|ad2calb=0.06|ad2calt=0.03|ad2calq=41|ad2clip=5.0|ad2normclip=2.5|ad2accdrop=0.03|ad2calobj=original|ad2normmode=root|ad2uw=3.0|ad2cw=0.2|ad2aw=1.5|ad2plus=fixed|suite=server_generation_ablation|tag=real1_smote_synth9,b962d707bbed3e8f13b85a5e7e5ecd1cc19f82fc84157d5bbb1630c09b572d20,compas,non-IID,5.0,Sp-DFA,123,70,smote,real1_smote_synth9,0.01,0.09,0.6490280777537797,0.09281277728482695,0.016561481977760084,metrics == last10_metrics[round70],False
101,3945,8a6ce8f0321a1c12c206dc354402713783ade6a8321694d393c6e7282b2a2ef1,full|adult|IID|GuardFed-AD2+|Benign|rounds=70|seed=123|clients=20|malicious=4|epochs=1|batch=256|lr=0.005|opt=adam|root=0.01+0.09|serversamp=stratified_sensitive|serveralpha=None|synth=pca_gaussian|synth_epochs=50|sensfeat=0|agg=count|fflip=invert|rw=1|foe=state|sdfafoe=fedsa|spdfafoe=fedsa|fedsa_gain=1.75|fedsa_norm=2.0|fg=server_aeod|actfb=0.12|acttemp=0.8|actkeep=1.0|actmetric=aeod_aspd|actdrop=0.005|actrisk=0.1|actviol=0.02|ad2calw=1.0|ad2calb=0.06|ad2calt=0.03|ad2calq=41|ad2clip=5.0|ad2normclip=2.5|ad2accdrop=0.03|ad2calobj=original|ad2normmode=root|ad2uw=3.0|ad2cw=0.2|ad2aw=1.5|ad2plus=fixed|suite=server_generation_ablation|tag=real1_pca_gaussian_synth9,9b54e0c97fd0933eeb45cdb78d2c2f126f26f6a5c3cb62898f8d98980f9bd46c,adult,IID,5000.0,Benign,123,70,pca_gaussian,real1_pca_gaussian_synth9,0.01,0.09,0.8021116940035858,0.1596891670584257,0.017567291210047138,metrics == last10_metrics[round70],False
102,3946,1131d263b5d3aff154d19036515cf530b55a733d6d325217f83c58f1db59665c,full|adult|IID|GuardFed-AD2+|F Flip|rounds=70|seed=123|clients=20|malicious=4|epochs=1|batch=256|lr=0.005|opt=adam|root=0.01+0.09|serversamp=stratified_sensitive|serveralpha=None|synth=pca_gaussian|synth_epochs=50|sensfeat=0|agg=count|fflip=invert|rw=1|foe=state|sdfafoe=fedsa|spdfafoe=fedsa|fedsa_gain=1.75|fedsa_norm=2.0|fg=server_aeod|actfb=0.12|acttemp=0.8|actkeep=1.0|actmetric=aeod_aspd|actdrop=0.005|actrisk=0.1|actviol=0.02|ad2calw=1.0|ad2calb=0.06|ad2calt=0.03|ad2calq=41|ad2clip=5.0|ad2normclip=2.5|ad2accdrop=0.03|ad2calobj=original|ad2normmode=root|ad2uw=3.0|ad2cw=0.2|ad2aw=1.5|ad2plus=fixed|suite=server_generation_ablation|tag=real1_pca_gaussian_synth9,9b54e0c97fd0933eeb45cdb78d2c2f126f26f6a5c3cb62898f8d98980f9bd46c,adult,IID,5000.0,F Flip,123,70,pca_gaussian,real1_pca_gaussian_synth9,0.01,0.09,0.7622684109170595,0.0025687587074751037,0.006888698360340413,metrics == last10_metrics[round70],False
103,3947,b2cf748ecce76355286bd99eceeed32ae27b3f81b7f764f3274600efe8ffaad4,full|adult|IID|GuardFed-AD2+|FedSA|rounds=70|seed=123|clients=20|malicious=4|epochs=1|batch=256|lr=0.005|opt=adam|root=0.01+0.09|serversamp=stratified_sensitive|serveralpha=None|synth=pca_gaussian|synth_epochs=50|sensfeat=0|agg=count|fflip=invert|rw=1|foe=state|sdfafoe=fedsa|spdfafoe=fedsa|fedsa_gain=1.75|fedsa_norm=2.0|fg=server_aeod|actfb=0.12|acttemp=0.8|actkeep=1.0|actmetric=aeod_aspd|actdrop=0.005|actrisk=0.1|actviol=0.02|ad2calw=1.0|ad2calb=0.06|ad2calt=0.03|ad2calq=41|ad2clip=5.0|ad2normclip=2.5|ad2accdrop=0.03|ad2calobj=original|ad2normmode=root|ad2uw=3.0|ad2cw=0.2|ad2aw=1.5|ad2plus=fixed|suite=server_generation_ablation|tag=real1_pca_gaussian_synth9,9b54e0c97fd0933eeb45cdb78d2c2f126f26f6a5c3cb62898f8d98980f9bd46c,adult,IID,5000.0,FedSA,123,70,pca_gaussian,real1_pca_gaussian_synth9,0.01,0.09,0.8145295172322199,0.1783907814864299,0.02683920801484567,metrics == last10_metrics[round70],False
104,3948,ff5e2af8113aa4aa8c1b1982ca6bc40a7f78a07ef4ff3be0d8cf033db38b52e6,full|adult|IID|GuardFed-AD2+|S-DFA|rounds=70|seed=123|clients=20|malicious=4|epochs=1|batch=256|lr=0.005|opt=adam|root=0.01+0.09|serversamp=stratified_sensitive|serveralpha=None|synth=pca_gaussian|synth_epochs=50|sensfeat=0|agg=count|fflip=invert|rw=1|foe=state|sdfafoe=fedsa|spdfafoe=fedsa|fedsa_gain=1.75|fedsa_norm=2.0|fg=server_aeod|actfb=0.12|acttemp=0.8|actkeep=1.0|actmetric=aeod_aspd|actdrop=0.005|actrisk=0.1|actviol=0.02|ad2calw=1.0|ad2calb=0.06|ad2calt=0.03|ad2calq=41|ad2clip=5.0|ad2normclip=2.5|ad2accdrop=0.03|ad2calobj=original|ad2normmode=root|ad2uw=3.0|ad2cw=0.2|ad2aw=1.5|ad2plus=fixed|suite=server_generation_ablation|tag=real1_pca_gaussian_synth9,9b54e0c97fd0933eeb45cdb78d2c2f126f26f6a5c3cb62898f8d98980f9bd46c,adult,IID,5000.0,S-DFA,123,70,pca_gaussian,real1_pca_gaussian_synth9,0.01,0.09,0.8023109104190185,0.18161929476520447,0.013558769022946837,metrics == last10_metrics[round70],False
105,3949,0b3ee9b200c42e31d351a5156ac09703f9f1adf477e35d5a539ec62802b08e5e,full|adult|IID|GuardFed-AD2+|Sp-DFA|rounds=70|seed=123|clients=20|malicious=4|epochs=1|batch=256|lr=0.005|opt=adam|root=0.01+0.09|serversamp=stratified_sensitive|serveralpha=None|synth=pca_gaussian|synth_epochs=50|sensfeat=0|agg=count|fflip=invert|rw=1|foe=state|sdfafoe=fedsa|spdfafoe=fedsa|fedsa_gain=1.75|fedsa_norm=2.0|fg=server_aeod|actfb=0.12|acttemp=0.8|actkeep=1.0|actmetric=aeod_aspd|actdrop=0.005|actrisk=0.1|actviol=0.02|ad2calw=1.0|ad2calb=0.06|ad2calt=0.03|ad2calq=41|ad2clip=5.0|ad2normclip=2.5|ad2accdrop=0.03|ad2calobj=original|ad2normmode=root|ad2uw=3.0|ad2cw=0.2|ad2aw=1.5|ad2plus=fixed|suite=server_generation_ablation|tag=real1_pca_gaussian_synth9,9b54e0c97fd0933eeb45cdb78d2c2f126f26f6a5c3cb62898f8d98980f9bd46c,adult,IID,5000.0,Sp-DFA,123,70,pca_gaussian,real1_pca_gaussian_synth9,0.01,0.09,0.7637293312968989,0.009568440540119079,0.009057040564164582,metrics == last10_metrics[round70],False
106,3950,003b1fa2f90ad576339aa1b3c2bedc09a1e503a53b149bf548b6af3c6de7f793,full|adult|non-IID|GuardFed-AD2+|Benign|rounds=70|seed=123|clients=20|malicious=4|epochs=1|batch=256|lr=0.005|opt=adam|root=0.01+0.09|serversamp=stratified_sensitive|serveralpha=None|synth=pca_gaussian|synth_epochs=50|sensfeat=0|agg=count|fflip=invert|rw=1|foe=state|sdfafoe=fedsa|spdfafoe=fedsa|fedsa_gain=1.75|fedsa_norm=2.0|fg=server_aeod|actfb=0.12|acttemp=0.8|actkeep=1.0|actmetric=aeod_aspd|actdrop=0.005|actrisk=0.1|actviol=0.02|ad2calw=1.0|ad2calb=0.06|ad2calt=0.03|ad2calq=41|ad2clip=5.0|ad2normclip=2.5|ad2accdrop=0.03|ad2calobj=original|ad2normmode=root|ad2uw=3.0|ad2cw=0.2|ad2aw=1.5|ad2plus=fixed|suite=server_generation_ablation|tag=real1_pca_gaussian_synth9,9b54e0c97fd0933eeb45cdb78d2c2f126f26f6a5c3cb62898f8d98980f9bd46c,adult,non-IID,5.0,Benign,123,70,pca_gaussian,real1_pca_gaussian_synth9,0.01,0.09,0.792814927950063,0.1329613955037297,0.006440028103429002,metrics == last10_metrics[round70],False
107,3951,2fdf1f9433456e01e79cf48be9c3764f12a37ba19761fa88e2cd2842f62265bb,full|adult|non-IID|GuardFed-AD2+|F Flip|rounds=70|seed=123|clients=20|malicious=4|epochs=1|batch=256|lr=0.005|opt=adam|root=0.01+0.09|serversamp=stratified_sensitive|serveralpha=None|synth=pca_gaussian|synth_epochs=50|sensfeat=0|agg=count|fflip=invert|rw=1|foe=state|sdfafoe=fedsa|spdfafoe=fedsa|fedsa_gain=1.75|fedsa_norm=2.0|fg=server_aeod|actfb=0.12|acttemp=0.8|actkeep=1.0|actmetric=aeod_aspd|actdrop=0.005|actrisk=0.1|actviol=0.02|ad2calw=1.0|ad2calb=0.06|ad2calt=0.03|ad2calq=41|ad2clip=5.0|ad2normclip=2.5|ad2accdrop=0.03|ad2calobj=original|ad2normmode=root|ad2uw=3.0|ad2cw=0.2|ad2aw=1.5|ad2plus=fixed|suite=server_generation_ablation|tag=real1_pca_gaussian_synth9,9b54e0c97fd0933eeb45cdb78d2c2f126f26f6a5c3cb62898f8d98980f9bd46c,adult,non-IID,5.0,F Flip,123,70,pca_gaussian,real1_pca_gaussian_synth9,0.01,0.09,0.8167208978019789,0.05314880007494355,0.05584748043916041,metrics == last10_metrics[round70],False
108,3952,5089593918e45b0ff5370a3b170ea264ffc4b487260ff7f323a244e69224023e,full|adult|non-IID|GuardFed-AD2+|FedSA|rounds=70|seed=123|clients=20|malicious=4|epochs=1|batch=256|lr=0.005|opt=adam|root=0.01+0.09|serversamp=stratified_sensitive|serveralpha=None|synth=pca_gaussian|synth_epochs=50|sensfeat=0|agg=count|fflip=invert|rw=1|foe=state|sdfafoe=fedsa|spdfafoe=fedsa|fedsa_gain=1.75|fedsa_norm=2.0|fg=server_aeod|actfb=0.12|acttemp=0.8|actkeep=1.0|actmetric=aeod_aspd|actdrop=0.005|actrisk=0.1|actviol=0.02|ad2calw=1.0|ad2calb=0.06|ad2calt=0.03|ad2calq=41|ad2clip=5.0|ad2normclip=2.5|ad2accdrop=0.03|ad2calobj=original|ad2normmode=root|ad2uw=3.0|ad2cw=0.2|ad2aw=1.5|ad2plus=fixed|suite=server_generation_ablation|tag=real1_pca_gaussian_synth9,9b54e0c97fd0933eeb45cdb78d2c2f126f26f6a5c3cb62898f8d98980f9bd46c,adult,non-IID,5.0,FedSA,123,70,pca_gaussian,real1_pca_gaussian_synth9,0.01,0.09,0.8043030745733448,0.08685283360304252,0.03153689493861833,metrics == last10_metrics[round70],False
109,3953,5ac31722d25bc57dafcab8986577033d09511f599ea27fdc6050b499d7bb6b6c,full|adult|non-IID|GuardFed-AD2+|S-DFA|rounds=70|seed=123|clients=20|malicious=4|epochs=1|batch=256|lr=0.005|opt=adam|root=0.01+0.09|serversamp=stratified_sensitive|serveralpha=None|synth=pca_gaussian|synth_epochs=50|sensfeat=0|agg=count|fflip=invert|rw=1|foe=state|sdfafoe=fedsa|spdfafoe=fedsa|fedsa_gain=1.75|fedsa_norm=2.0|fg=server_aeod|actfb=0.12|acttemp=0.8|actkeep=1.0|actmetric=aeod_aspd|actdrop=0.005|actrisk=0.1|actviol=0.02|ad2calw=1.0|ad2calb=0.06|ad2calt=0.03|ad2calq=41|ad2clip=5.0|ad2normclip=2.5|ad2accdrop=0.03|ad2calobj=original|ad2normmode=root|ad2uw=3.0|ad2cw=0.2|ad2aw=1.5|ad2plus=fixed|suite=server_generation_ablation|tag=real1_pca_gaussian_synth9,9b54e0c97fd0933eeb45cdb78d2c2f126f26f6a5c3cb62898f8d98980f9bd46c,adult,non-IID,5.0,S-DFA,123,70,pca_gaussian,real1_pca_gaussian_synth9,0.01,0.09,0.8011156119264228,0.035220041001890134,0.036828977169434535,metrics == last10_metrics[round70],False
110,3954,256f33bc70f1f993beef3de59f4b8c1ce94b088a5123052686b848e10ca7b195,full|adult|non-IID|GuardFed-AD2+|Sp-DFA|rounds=70|seed=123|clients=20|malicious=4|epochs=1|batch=256|lr=0.005|opt=adam|root=0.01+0.09|serversamp=stratified_sensitive|serveralpha=None|synth=pca_gaussian|synth_epochs=50|sensfeat=0|agg=count|fflip=invert|rw=1|foe=state|sdfafoe=fedsa|spdfafoe=fedsa|fedsa_gain=1.75|fedsa_norm=2.0|fg=server_aeod|actfb=0.12|acttemp=0.8|actkeep=1.0|actmetric=aeod_aspd|actdrop=0.005|actrisk=0.1|actviol=0.02|ad2calw=1.0|ad2calb=0.06|ad2calt=0.03|ad2calq=41|ad2clip=5.0|ad2normclip=2.5|ad2accdrop=0.03|ad2calobj=original|ad2normmode=root|ad2uw=3.0|ad2cw=0.2|ad2aw=1.5|ad2plus=fixed|suite=server_generation_ablation|tag=real1_pca_gaussian_synth9,9b54e0c97fd0933eeb45cdb78d2c2f126f26f6a5c3cb62898f8d98980f9bd46c,adult,non-IID,5.0,Sp-DFA,123,70,pca_gaussian,real1_pca_gaussian_synth9,0.01,0.09,0.8076233481638887,0.0570816227791833,0.042534943418598134,metrics == last10_metrics[round70],False
111,3955,82dd85bf930259e8a1263ede6b39545603224ed44ada8d696ba902988710fb51,full|compas|IID|GuardFed-AD2+|Benign|rounds=70|seed=123|clients=20|malicious=4|epochs=1|batch=256|lr=0.005|opt=adam|root=0.01+0.09|serversamp=stratified_sensitive|serveralpha=None|synth=pca_gaussian|synth_epochs=50|sensfeat=0|agg=count|fflip=invert|rw=1|foe=state|sdfafoe=fedsa|spdfafoe=fedsa|fedsa_gain=1.75|fedsa_norm=2.0|fg=server_aeod|actfb=0.12|acttemp=0.8|actkeep=1.0|actmetric=aeod_aspd|actdrop=0.005|actrisk=0.1|actviol=0.02|ad2calw=1.0|ad2calb=0.06|ad2calt=0.03|ad2calq=41|ad2clip=5.0|ad2normclip=2.5|ad2accdrop=0.03|ad2calobj=original|ad2normmode=root|ad2uw=3.0|ad2cw=0.2|ad2aw=1.5|ad2plus=fixed|suite=server_generation_ablation|tag=real1_pca_gaussian_synth9,9b54e0c97fd0933eeb45cdb78d2c2f126f26f6a5c3cb62898f8d98980f9bd46c,compas,IID,5000.0,Benign,123,70,pca_gaussian,real1_pca_gaussian_synth9,0.01,0.09,0.6598272138228942,0.00242531795326828,0.08623432588617175,metrics == last10_metrics[round70],False
112,3956,1179f3ee0a9fa5c2bcd2bcfa5f8dfd88f07ffe032fc61b4d12f8094fe6ac6658,full|compas|IID|GuardFed-AD2+|F Flip|rounds=70|seed=123|clients=20|malicious=4|epochs=1|batch=256|lr=0.005|opt=adam|root=0.01+0.09|serversamp=stratified_sensitive|serveralpha=None|synth=pca_gaussian|synth_epochs=50|sensfeat=0|agg=count|fflip=invert|rw=1|foe=state|sdfafoe=fedsa|spdfafoe=fedsa|fedsa_gain=1.75|fedsa_norm=2.0|fg=server_aeod|actfb=0.12|acttemp=0.8|actkeep=1.0|actmetric=aeod_aspd|actdrop=0.005|actrisk=0.1|actviol=0.02|ad2calw=1.0|ad2calb=0.06|ad2calt=0.03|ad2calq=41|ad2clip=5.0|ad2normclip=2.5|ad2accdrop=0.03|ad2calobj=original|ad2normmode=root|ad2uw=3.0|ad2cw=0.2|ad2aw=1.5|ad2plus=fixed|suite=server_generation_ablation|tag=real1_pca_gaussian_synth9,9b54e0c97fd0933eeb45cdb78d2c2f126f26f6a5c3cb62898f8d98980f9bd46c,compas,IID,5000.0,F Flip,123,70,pca_gaussian,real1_pca_gaussian_synth9,0.01,0.09,0.6506479481641468,0.09585921325051755,0.0006699760839548041,metrics == last10_metrics[round70],False
113,3957,4817f46da7ce7b7f35e59566cf0a37b62a7fb63236421c65e37f757326477ad7,full|compas|IID|GuardFed-AD2+|FedSA|rounds=70|seed=123|clients=20|malicious=4|epochs=1|batch=256|lr=0.005|opt=adam|root=0.01+0.09|serversamp=stratified_sensitive|serveralpha=None|synth=pca_gaussian|synth_epochs=50|sensfeat=0|agg=count|fflip=invert|rw=1|foe=state|sdfafoe=fedsa|spdfafoe=fedsa|fedsa_gain=1.75|fedsa_norm=2.0|fg=server_aeod|actfb=0.12|acttemp=0.8|actkeep=1.0|actmetric=aeod_aspd|actdrop=0.005|actrisk=0.1|actviol=0.02|ad2calw=1.0|ad2calb=0.06|ad2calt=0.03|ad2calq=41|ad2clip=5.0|ad2normclip=2.5|ad2accdrop=0.03|ad2calobj=original|ad2normmode=root|ad2uw=3.0|ad2cw=0.2|ad2aw=1.5|ad2plus=fixed|suite=server_generation_ablation|tag=real1_pca_gaussian_synth9,9b54e0c97fd0933eeb45cdb78d2c2f126f26f6a5c3cb62898f8d98980f9bd46c,compas,IID,5000.0,FedSA,123,70,pca_gaussian,real1_pca_gaussian_synth9,0.01,0.09,0.6603671706263499,0.03643892339544519,0.04996807692352584,metrics == last10_metrics[round70],False
114,3958,8baf4f1bdb31d3a034126668426d4a86b2a8d152827bc861c648a0d9e2fa176b,full|compas|IID|GuardFed-AD2+|S-DFA|rounds=70|seed=123|clients=20|malicious=4|epochs=1|batch=256|lr=0.005|opt=adam|root=0.01+0.09|serversamp=stratified_sensitive|serveralpha=None|synth=pca_gaussian|synth_epochs=50|sensfeat=0|agg=count|fflip=invert|rw=1|foe=state|sdfafoe=fedsa|spdfafoe=fedsa|fedsa_gain=1.75|fedsa_norm=2.0|fg=server_aeod|actfb=0.12|acttemp=0.8|actkeep=1.0|actmetric=aeod_aspd|actdrop=0.005|actrisk=0.1|actviol=0.02|ad2calw=1.0|ad2calb=0.06|ad2calt=0.03|ad2calq=41|ad2clip=5.0|ad2normclip=2.5|ad2accdrop=0.03|ad2calobj=original|ad2normmode=root|ad2uw=3.0|ad2cw=0.2|ad2aw=1.5|ad2plus=fixed|suite=server_generation_ablation|tag=real1_pca_gaussian_synth9,9b54e0c97fd0933eeb45cdb78d2c2f126f26f6a5c3cb62898f8d98980f9bd46c,compas,IID,5000.0,S-DFA,123,70,pca_gaussian,real1_pca_gaussian_synth9,0.01,0.09,0.6544276457883369,0.06435965690624079,0.03149938079736492,metrics == last10_metrics[round70],False
115,3959,6878093836eafa42199d787a95a690404bf3de8ced2cfbdc341f70a9875b3d1e,full|compas|IID|GuardFed-AD2+|Sp-DFA|rounds=70|seed=123|clients=20|malicious=4|epochs=1|batch=256|lr=0.005|opt=adam|root=0.01+0.09|serversamp=stratified_sensitive|serveralpha=None|synth=pca_gaussian|synth_epochs=50|sensfeat=0|agg=count|fflip=invert|rw=1|foe=state|sdfafoe=fedsa|spdfafoe=fedsa|fedsa_gain=1.75|fedsa_norm=2.0|fg=server_aeod|actfb=0.12|acttemp=0.8|actkeep=1.0|actmetric=aeod_aspd|actdrop=0.005|actrisk=0.1|actviol=0.02|ad2calw=1.0|ad2calb=0.06|ad2calt=0.03|ad2calq=41|ad2clip=5.0|ad2normclip=2.5|ad2accdrop=0.03|ad2calobj=original|ad2normmode=root|ad2uw=3.0|ad2cw=0.2|ad2aw=1.5|ad2plus=fixed|suite=server_generation_ablation|tag=real1_pca_gaussian_synth9,9b54e0c97fd0933eeb45cdb78d2c2f126f26f6a5c3cb62898f8d98980f9bd46c,compas,IID,5000.0,Sp-DFA,123,70,pca_gaussian,real1_pca_gaussian_synth9,0.01,0.09,0.6555075593952484,0.03750369713102636,0.10445440719372229,metrics == last10_metrics[round70],False
116,3960,6a96f15988cb8a9fd14f7e4f2fef3cb3a21a8ba2cd4264b6a7db0befba5f6e05,full|compas|non-IID|GuardFed-AD2+|Benign|rounds=70|seed=123|clients=20|malicious=4|epochs=1|batch=256|lr=0.005|opt=adam|root=0.01+0.09|serversamp=stratified_sensitive|serveralpha=None|synth=pca_gaussian|synth_epochs=50|sensfeat=0|agg=count|fflip=invert|rw=1|foe=state|sdfafoe=fedsa|spdfafoe=fedsa|fedsa_gain=1.75|fedsa_norm=2.0|fg=server_aeod|actfb=0.12|acttemp=0.8|actkeep=1.0|actmetric=aeod_aspd|actdrop=0.005|actrisk=0.1|actviol=0.02|ad2calw=1.0|ad2calb=0.06|ad2calt=0.03|ad2calq=41|ad2clip=5.0|ad2normclip=2.5|ad2accdrop=0.03|ad2calobj=original|ad2normmode=root|ad2uw=3.0|ad2cw=0.2|ad2aw=1.5|ad2plus=fixed|suite=server_generation_ablation|tag=real1_pca_gaussian_synth9,9b54e0c97fd0933eeb45cdb78d2c2f126f26f6a5c3cb62898f8d98980f9bd46c,compas,non-IID,5.0,Benign,123,70,pca_gaussian,real1_pca_gaussian_synth9,0.01,0.09,0.6555075593952484,0.06696243714877254,0.02327524928596192,metrics == last10_metrics[round70],False
117,3961,01e6e587167a29aa6f2e7f0b25fd7dd0d3ff07685d4c1ba7b2e77d7af20314b2,full|compas|non-IID|GuardFed-AD2+|F Flip|rounds=70|seed=123|clients=20|malicious=4|epochs=1|batch=256|lr=0.005|opt=adam|root=0.01+0.09|serversamp=stratified_sensitive|serveralpha=None|synth=pca_gaussian|synth_epochs=50|sensfeat=0|agg=count|fflip=invert|rw=1|foe=state|sdfafoe=fedsa|spdfafoe=fedsa|fedsa_gain=1.75|fedsa_norm=2.0|fg=server_aeod|actfb=0.12|acttemp=0.8|actkeep=1.0|actmetric=aeod_aspd|actdrop=0.005|actrisk=0.1|actviol=0.02|ad2calw=1.0|ad2calb=0.06|ad2calt=0.03|ad2calq=41|ad2clip=5.0|ad2normclip=2.5|ad2accdrop=0.03|ad2calobj=original|ad2normmode=root|ad2uw=3.0|ad2cw=0.2|ad2aw=1.5|ad2plus=fixed|suite=server_generation_ablation|tag=real1_pca_gaussian_synth9,9b54e0c97fd0933eeb45cdb78d2c2f126f26f6a5c3cb62898f8d98980f9bd46c,compas,non-IID,5.0,F Flip,123,70,pca_gaussian,real1_pca_gaussian_synth9,0.01,0.09,0.6538876889848813,0.013280094646554275,0.061640134135281466,metrics == last10_metrics[round70],False
118,3962,15ffd34f97b75f8155b749c60b86b7a59d6315891d612e65b86901562024abce,full|compas|non-IID|GuardFed-AD2+|FedSA|rounds=70|seed=123|clients=20|malicious=4|epochs=1|batch=256|lr=0.005|opt=adam|root=0.01+0.09|serversamp=stratified_sensitive|serveralpha=None|synth=pca_gaussian|synth_epochs=50|sensfeat=0|agg=count|fflip=invert|rw=1|foe=state|sdfafoe=fedsa|spdfafoe=fedsa|fedsa_gain=1.75|fedsa_norm=2.0|fg=server_aeod|actfb=0.12|acttemp=0.8|actkeep=1.0|actmetric=aeod_aspd|actdrop=0.005|actrisk=0.1|actviol=0.02|ad2calw=1.0|ad2calb=0.06|ad2calt=0.03|ad2calq=41|ad2clip=5.0|ad2normclip=2.5|ad2accdrop=0.03|ad2calobj=original|ad2normmode=root|ad2uw=3.0|ad2cw=0.2|ad2aw=1.5|ad2plus=fixed|suite=server_generation_ablation|tag=real1_pca_gaussian_synth9,9b54e0c97fd0933eeb45cdb78d2c2f126f26f6a5c3cb62898f8d98980f9bd46c,compas,non-IID,5.0,FedSA,123,70,pca_gaussian,real1_pca_gaussian_synth9,0.01,0.09,0.6565874730021598,0.0183081928423543,0.05888903025047065,metrics == last10_metrics[round70],False
119,3963,62471ca3025a6d39db28a6cd3cf11413a7c7fe1c18c0d1bcb0caf2d2c991300a,full|compas|non-IID|GuardFed-AD2+|S-DFA|rounds=70|seed=123|clients=20|malicious=4|epochs=1|batch=256|lr=0.005|opt=adam|root=0.01+0.09|serversamp=stratified_sensitive|serveralpha=None|synth=pca_gaussian|synth_epochs=50|sensfeat=0|agg=count|fflip=invert|rw=1|foe=state|sdfafoe=fedsa|spdfafoe=fedsa|fedsa_gain=1.75|fedsa_norm=2.0|fg=server_aeod|actfb=0.12|acttemp=0.8|actkeep=1.0|actmetric=aeod_aspd|actdrop=0.005|actrisk=0.1|actviol=0.02|ad2calw=1.0|ad2calb=0.06|ad2calt=0.03|ad2calq=41|ad2clip=5.0|ad2normclip=2.5|ad2accdrop=0.03|ad2calobj=original|ad2normmode=root|ad2uw=3.0|ad2cw=0.2|ad2aw=1.5|ad2plus=fixed|suite=server_generation_ablation|tag=real1_pca_gaussian_synth9,9b54e0c97fd0933eeb45cdb78d2c2f126f26f6a5c3cb62898f8d98980f9bd46c,compas,non-IID,5.0,S-DFA,123,70,pca_gaussian,real1_pca_gaussian_synth9,0.01,0.09,0.6528077753779697,0.03401360544217685,0.0473908866911702,metrics == last10_metrics[round70],False
120,3964,a27a4e06de8b4485fe92e034f7b65e4fb4339aaa8b378bfadb776fdf20601f26,full|compas|non-IID|GuardFed-AD2+|Sp-DFA|rounds=70|seed=123|clients=20|malicious=4|epochs=1|batch=256|lr=0.005|opt=adam|root=0.01+0.09|serversamp=stratified_sensitive|serveralpha=None|synth=pca_gaussian|synth_epochs=50|sensfeat=0|agg=count|fflip=invert|rw=1|foe=state|sdfafoe=fedsa|spdfafoe=fedsa|fedsa_gain=1.75|fedsa_norm=2.0|fg=server_aeod|actfb=0.12|acttemp=0.8|actkeep=1.0|actmetric=aeod_aspd|actdrop=0.005|actrisk=0.1|actviol=0.02|ad2calw=1.0|ad2calb=0.06|ad2calt=0.03|ad2calq=41|ad2clip=5.0|ad2normclip=2.5|ad2accdrop=0.03|ad2calobj=original|ad2normmode=root|ad2uw=3.0|ad2cw=0.2|ad2aw=1.5|ad2plus=fixed|suite=server_generation_ablation|tag=real1_pca_gaussian_synth9,9b54e0c97fd0933eeb45cdb78d2c2f126f26f6a5c3cb62898f8d98980f9bd46c,compas,non-IID,5.0,Sp-DFA,123,70,pca_gaussian,real1_pca_gaussian_synth9,0.01,0.09,0.6630669546436285,0.0042590949423246816,0.07695737481426834,metrics == last10_metrics[round70],False
121,3965,c13893f1d4f14f1816119199d9ad73f0b4971484b3f1e1d975792aae006cbfac,full|adult|IID|GuardFed-AD2+|Benign|rounds=70|seed=123|clients=20|malicious=4|epochs=1|batch=256|lr=0.005|opt=adam|root=0.05+0.05|serversamp=stratified_sensitive|serveralpha=None|synth=gaussian_copula|synth_epochs=50|sensfeat=0|agg=count|fflip=invert|rw=1|foe=state|sdfafoe=fedsa|spdfafoe=fedsa|fedsa_gain=1.75|fedsa_norm=2.0|fg=server_aeod|actfb=0.12|acttemp=0.8|actkeep=1.0|actmetric=aeod_aspd|actdrop=0.005|actrisk=0.1|actviol=0.02|ad2calw=1.0|ad2calb=0.06|ad2calt=0.03|ad2calq=41|ad2clip=5.0|ad2normclip=2.5|ad2accdrop=0.03|ad2calobj=original|ad2normmode=root|ad2uw=3.0|ad2cw=0.2|ad2aw=1.5|ad2plus=fixed|suite=server_generation_ablation|tag=real5_gaussian_copula_synth5,06fb8eac9f10d6720bb02117ddbf6088be57a27aed57a587244da41c356cbef4,adult,IID,5000.0,Benign,123,70,gaussian_copula,real5_gaussian_copula_synth5,0.05,0.05,0.8072249153330234,0.03177617926131479,0.056273060176702056,metrics == last10_metrics[round70],False
122,3966,55ae3e91167b0c741350db3fe21f9f6f2db61d26b1c1cecba8247402569768ed,full|adult|IID|GuardFed-AD2+|F Flip|rounds=70|seed=123|clients=20|malicious=4|epochs=1|batch=256|lr=0.005|opt=adam|root=0.05+0.05|serversamp=stratified_sensitive|serveralpha=None|synth=gaussian_copula|synth_epochs=50|sensfeat=0|agg=count|fflip=invert|rw=1|foe=state|sdfafoe=fedsa|spdfafoe=fedsa|fedsa_gain=1.75|fedsa_norm=2.0|fg=server_aeod|actfb=0.12|acttemp=0.8|actkeep=1.0|actmetric=aeod_aspd|actdrop=0.005|actrisk=0.1|actviol=0.02|ad2calw=1.0|ad2calb=0.06|ad2calt=0.03|ad2calq=41|ad2clip=5.0|ad2normclip=2.5|ad2accdrop=0.03|ad2calobj=original|ad2normmode=root|ad2uw=3.0|ad2cw=0.2|ad2aw=1.5|ad2plus=fixed|suite=server_generation_ablation|tag=real5_gaussian_copula_synth5,06fb8eac9f10d6720bb02117ddbf6088be57a27aed57a587244da41c356cbef4,adult,IID,5000.0,F Flip,123,70,gaussian_copula,real5_gaussian_copula_synth5,0.05,0.05,0.819908360448901,0.10337240260908659,0.04881151231105846,metrics == last10_metrics[round70],False
123,3967,71ab42b1f156b96259f93b79225c465ab1302edebc1b577271187020267c834f,full|adult|IID|GuardFed-AD2+|FedSA|rounds=70|seed=123|clients=20|malicious=4|epochs=1|batch=256|lr=0.005|opt=adam|root=0.05+0.05|serversamp=stratified_sensitive|serveralpha=None|synth=gaussian_copula|synth_epochs=50|sensfeat=0|agg=count|fflip=invert|rw=1|foe=state|sdfafoe=fedsa|spdfafoe=fedsa|fedsa_gain=1.75|fedsa_norm=2.0|fg=server_aeod|actfb=0.12|acttemp=0.8|actkeep=1.0|actmetric=aeod_aspd|actdrop=0.005|actrisk=0.1|actviol=0.02|ad2calw=1.0|ad2calb=0.06|ad2calt=0.03|ad2calq=41|ad2clip=5.0|ad2normclip=2.5|ad2accdrop=0.03|ad2calobj=original|ad2normmode=root|ad2uw=3.0|ad2cw=0.2|ad2aw=1.5|ad2plus=fixed|suite=server_generation_ablation|tag=real5_gaussian_copula_synth5,06fb8eac9f10d6720bb02117ddbf6088be57a27aed57a587244da41c356cbef4,adult,IID,5000.0,FedSA,123,70,gaussian_copula,real5_gaussian_copula_synth5,0.05,0.05,0.8170529251610332,0.011443742927630951,0.08866378273903634,metrics == last10_metrics[round70],False
124,3968,73699614d38b845f6662485a7e7669f83b757412c1d6e3d260a7a6d8d44f8766,full|adult|IID|GuardFed-AD2+|S-DFA|rounds=70|seed=123|clients=20|malicious=4|epochs=1|batch=256|lr=0.005|opt=adam|root=0.05+0.05|serversamp=stratified_sensitive|serveralpha=None|synth=gaussian_copula|synth_epochs=50|sensfeat=0|agg=count|fflip=invert|rw=1|foe=state|sdfafoe=fedsa|spdfafoe=fedsa|fedsa_gain=1.75|fedsa_norm=2.0|fg=server_aeod|actfb=0.12|acttemp=0.8|actkeep=1.0|actmetric=aeod_aspd|actdrop=0.005|actrisk=0.1|actviol=0.02|ad2calw=1.0|ad2calb=0.06|ad2calt=0.03|ad2calq=41|ad2clip=5.0|ad2normclip=2.5|ad2accdrop=0.03|ad2calobj=original|ad2normmode=root|ad2uw=3.0|ad2cw=0.2|ad2aw=1.5|ad2plus=fixed|suite=server_generation_ablation|tag=real5_gaussian_copula_synth5,06fb8eac9f10d6720bb02117ddbf6088be57a27aed57a587244da41c356cbef4,adult,IID,5000.0,S-DFA,123,70,gaussian_copula,real5_gaussian_copula_synth5,0.05,0.05,0.8187130619563052,0.06769310387964245,0.053550746120682405,metrics == last10_metrics[round70],False
125,3969,6b23cd3868d55317fdcd991466b194f0f5695ac6d0e58b6df2cd44d69113f602,full|adult|IID|GuardFed-AD2+|Sp-DFA|rounds=70|seed=123|clients=20|malicious=4|epochs=1|batch=256|lr=0.005|opt=adam|root=0.05+0.05|serversamp=stratified_sensitive|serveralpha=None|synth=gaussian_copula|synth_epochs=50|sensfeat=0|agg=count|fflip=invert|rw=1|foe=state|sdfafoe=fedsa|spdfafoe=fedsa|fedsa_gain=1.75|fedsa_norm=2.0|fg=server_aeod|actfb=0.12|acttemp=0.8|actkeep=1.0|actmetric=aeod_aspd|actdrop=0.005|actrisk=0.1|actviol=0.02|ad2calw=1.0|ad2calb=0.06|ad2calt=0.03|ad2calq=41|ad2clip=5.0|ad2normclip=2.5|ad2accdrop=0.03|ad2calobj=original|ad2normmode=root|ad2uw=3.0|ad2cw=0.2|ad2aw=1.5|ad2plus=fixed|suite=server_generation_ablation|tag=real5_gaussian_copula_synth5,06fb8eac9f10d6720bb02117ddbf6088be57a27aed57a587244da41c356cbef4,adult,IID,5000.0,Sp-DFA,123,70,gaussian_copula,real5_gaussian_copula_synth5,0.05,0.05,0.8160568430838702,0.07119294479596444,0.04807438108280212,metrics == last10_metrics[round70],False
126,3970,06936881d818baf6756b8bf1d5dd9d6753669c6e65137f110c607480ecf81ce3,full|adult|non-IID|GuardFed-AD2+|Benign|rounds=70|seed=123|clients=20|malicious=4|epochs=1|batch=256|lr=0.005|opt=adam|root=0.05+0.05|serversamp=stratified_sensitive|serveralpha=None|synth=gaussian_copula|synth_epochs=50|sensfeat=0|agg=count|fflip=invert|rw=1|foe=state|sdfafoe=fedsa|spdfafoe=fedsa|fedsa_gain=1.75|fedsa_norm=2.0|fg=server_aeod|actfb=0.12|acttemp=0.8|actkeep=1.0|actmetric=aeod_aspd|actdrop=0.005|actrisk=0.1|actviol=0.02|ad2calw=1.0|ad2calb=0.06|ad2calt=0.03|ad2calq=41|ad2clip=5.0|ad2normclip=2.5|ad2accdrop=0.03|ad2calobj=original|ad2normmode=root|ad2uw=3.0|ad2cw=0.2|ad2aw=1.5|ad2plus=fixed|suite=server_generation_ablation|tag=real5_gaussian_copula_synth5,06fb8eac9f10d6720bb02117ddbf6088be57a27aed57a587244da41c356cbef4,adult,non-IID,5.0,Benign,123,70,gaussian_copula,real5_gaussian_copula_synth5,0.05,0.05,0.8179826017663856,0.05691996862881299,0.05748979613699422,metrics == last10_metrics[round70],False
127,3971,b5c912c1fddc4eb00d1e2e876bec4b7159a4a30d6694398bc26934d28c966606,full|adult|non-IID|GuardFed-AD2+|F Flip|rounds=70|seed=123|clients=20|malicious=4|epochs=1|batch=256|lr=0.005|opt=adam|root=0.05+0.05|serversamp=stratified_sensitive|serveralpha=None|synth=gaussian_copula|synth_epochs=50|sensfeat=0|agg=count|fflip=invert|rw=1|foe=state|sdfafoe=fedsa|spdfafoe=fedsa|fedsa_gain=1.75|fedsa_norm=2.0|fg=server_aeod|actfb=0.12|acttemp=0.8|actkeep=1.0|actmetric=aeod_aspd|actdrop=0.005|actrisk=0.1|actviol=0.02|ad2calw=1.0|ad2calb=0.06|ad2calt=0.03|ad2calq=41|ad2clip=5.0|ad2normclip=2.5|ad2accdrop=0.03|ad2calobj=original|ad2normmode=root|ad2uw=3.0|ad2cw=0.2|ad2aw=1.5|ad2plus=fixed|suite=server_generation_ablation|tag=real5_gaussian_copula_synth5,06fb8eac9f10d6720bb02117ddbf6088be57a27aed57a587244da41c356cbef4,adult,non-IID,5.0,F Flip,123,70,gaussian_copula,real5_gaussian_copula_synth5,0.05,0.05,0.8071585098612125,0.004789646822810495,0.0520500429130582,metrics == last10_metrics[round70],False
128,3972,4493b92f2dc021245a1ffd2f808fe0699ad4aeff8a03f5fcefe1bd0e79b86175,full|adult|non-IID|GuardFed-AD2+|FedSA|rounds=70|seed=123|clients=20|malicious=4|epochs=1|batch=256|lr=0.005|opt=adam|root=0.05+0.05|serversamp=stratified_sensitive|serveralpha=None|synth=gaussian_copula|synth_epochs=50|sensfeat=0|agg=count|fflip=invert|rw=1|foe=state|sdfafoe=fedsa|spdfafoe=fedsa|fedsa_gain=1.75|fedsa_norm=2.0|fg=server_aeod|actfb=0.12|acttemp=0.8|actkeep=1.0|actmetric=aeod_aspd|actdrop=0.005|actrisk=0.1|actviol=0.02|ad2calw=1.0|ad2calb=0.06|ad2calt=0.03|ad2calq=41|ad2clip=5.0|ad2normclip=2.5|ad2accdrop=0.03|ad2calobj=original|ad2normmode=root|ad2uw=3.0|ad2cw=0.2|ad2aw=1.5|ad2plus=fixed|suite=server_generation_ablation|tag=real5_gaussian_copula_synth5,06fb8eac9f10d6720bb02117ddbf6088be57a27aed57a587244da41c356cbef4,adult,non-IID,5.0,FedSA,123,70,gaussian_copula,real5_gaussian_copula_synth5,0.05,0.05,0.8114748655289196,0.02687800138348534,0.05905920918722615,metrics == last10_metrics[round70],False
129,3973,2430d6edab1b841ba34347a8b1d1659be332dff9e568cec94b3f5eaefcead7e5,full|adult|non-IID|GuardFed-AD2+|S-DFA|rounds=70|seed=123|clients=20|malicious=4|epochs=1|batch=256|lr=0.005|opt=adam|root=0.05+0.05|serversamp=stratified_sensitive|serveralpha=None|synth=gaussian_copula|synth_epochs=50|sensfeat=0|agg=count|fflip=invert|rw=1|foe=state|sdfafoe=fedsa|spdfafoe=fedsa|fedsa_gain=1.75|fedsa_norm=2.0|fg=server_aeod|actfb=0.12|acttemp=0.8|actkeep=1.0|actmetric=aeod_aspd|actdrop=0.005|actrisk=0.1|actviol=0.02|ad2calw=1.0|ad2calb=0.06|ad2calt=0.03|ad2calq=41|ad2clip=5.0|ad2normclip=2.5|ad2accdrop=0.03|ad2calobj=original|ad2normmode=root|ad2uw=3.0|ad2cw=0.2|ad2aw=1.5|ad2plus=fixed|suite=server_generation_ablation|tag=real5_gaussian_copula_synth5,06fb8eac9f10d6720bb02117ddbf6088be57a27aed57a587244da41c356cbef4,adult,non-IID,5.0,S-DFA,123,70,gaussian_copula,real5_gaussian_copula_synth5,0.05,0.05,0.817783385350953,0.07678343656159908,0.050911124611007004,metrics == last10_metrics[round70],False
130,3974,23d56a5a844e647f5db8425bdce0d6f749c0a7a82481309fed508fc6f834350e,full|adult|non-IID|GuardFed-AD2+|Sp-DFA|rounds=70|seed=123|clients=20|malicious=4|epochs=1|batch=256|lr=0.005|opt=adam|root=0.05+0.05|serversamp=stratified_sensitive|serveralpha=None|synth=gaussian_copula|synth_epochs=50|sensfeat=0|agg=count|fflip=invert|rw=1|foe=state|sdfafoe=fedsa|spdfafoe=fedsa|fedsa_gain=1.75|fedsa_norm=2.0|fg=server_aeod|actfb=0.12|acttemp=0.8|actkeep=1.0|actmetric=aeod_aspd|actdrop=0.005|actrisk=0.1|actviol=0.02|ad2calw=1.0|ad2calb=0.06|ad2calt=0.03|ad2calq=41|ad2clip=5.0|ad2normclip=2.5|ad2accdrop=0.03|ad2calobj=original|ad2normmode=root|ad2uw=3.0|ad2cw=0.2|ad2aw=1.5|ad2plus=fixed|suite=server_generation_ablation|tag=real5_gaussian_copula_synth5,06fb8eac9f10d6720bb02117ddbf6088be57a27aed57a587244da41c356cbef4,adult,non-IID,5.0,Sp-DFA,123,70,gaussian_copula,real5_gaussian_copula_synth5,0.05,0.05,0.8185802510126834,0.06955641072949431,0.058637400968052464,metrics == last10_metrics[round70],False
131,3975,caa3efbc7d0b15566374f20a79d5e6d8b0ce732aabf6c7fe1681231a0178ae75,full|compas|IID|GuardFed-AD2+|Benign|rounds=70|seed=123|clients=20|malicious=4|epochs=1|batch=256|lr=0.005|opt=adam|root=0.05+0.05|serversamp=stratified_sensitive|serveralpha=None|synth=gaussian_copula|synth_epochs=50|sensfeat=0|agg=count|fflip=invert|rw=1|foe=state|sdfafoe=fedsa|spdfafoe=fedsa|fedsa_gain=1.75|fedsa_norm=2.0|fg=server_aeod|actfb=0.12|acttemp=0.8|actkeep=1.0|actmetric=aeod_aspd|actdrop=0.005|actrisk=0.1|actviol=0.02|ad2calw=1.0|ad2calb=0.06|ad2calt=0.03|ad2calq=41|ad2clip=5.0|ad2normclip=2.5|ad2accdrop=0.03|ad2calobj=original|ad2normmode=root|ad2uw=3.0|ad2cw=0.2|ad2aw=1.5|ad2plus=fixed|suite=server_generation_ablation|tag=real5_gaussian_copula_synth5,06fb8eac9f10d6720bb02117ddbf6088be57a27aed57a587244da41c356cbef4,compas,IID,5000.0,Benign,123,70,gaussian_copula,real5_gaussian_copula_synth5,0.05,0.05,0.6441684665226782,0.11307305530908018,0.019104823244201596,metrics == last10_metrics[round70],False
132,3976,bb0e38596337584b61dbf5d99c9bcd739b2ab4d8c07675fe77d7c6bf7ecc81d6,full|compas|IID|GuardFed-AD2+|F Flip|rounds=70|seed=123|clients=20|malicious=4|epochs=1|batch=256|lr=0.005|opt=adam|root=0.05+0.05|serversamp=stratified_sensitive|serveralpha=None|synth=gaussian_copula|synth_epochs=50|sensfeat=0|agg=count|fflip=invert|rw=1|foe=state|sdfafoe=fedsa|spdfafoe=fedsa|fedsa_gain=1.75|fedsa_norm=2.0|fg=server_aeod|actfb=0.12|acttemp=0.8|actkeep=1.0|actmetric=aeod_aspd|actdrop=0.005|actrisk=0.1|actviol=0.02|ad2calw=1.0|ad2calb=0.06|ad2calt=0.03|ad2calq=41|ad2clip=5.0|ad2normclip=2.5|ad2accdrop=0.03|ad2calobj=original|ad2normmode=root|ad2uw=3.0|ad2cw=0.2|ad2aw=1.5|ad2plus=fixed|suite=server_generation_ablation|tag=real5_gaussian_copula_synth5,06fb8eac9f10d6720bb02117ddbf6088be57a27aed57a587244da41c356cbef4,compas,IID,5000.0,F Flip,123,70,gaussian_copula,real5_gaussian_copula_synth5,0.05,0.05,0.6339092872570194,0.14155575273587695,0.06130748050474644,metrics == last10_metrics[round70],False
133,3977,c658ad3ee37dd9b6d81f17381d04d789216d4eadfdb3f77190ab48e65c9ec09e,full|compas|IID|GuardFed-AD2+|FedSA|rounds=70|seed=123|clients=20|malicious=4|epochs=1|batch=256|lr=0.005|opt=adam|root=0.05+0.05|serversamp=stratified_sensitive|serveralpha=None|synth=gaussian_copula|synth_epochs=50|sensfeat=0|agg=count|fflip=invert|rw=1|foe=state|sdfafoe=fedsa|spdfafoe=fedsa|fedsa_gain=1.75|fedsa_norm=2.0|fg=server_aeod|actfb=0.12|acttemp=0.8|actkeep=1.0|actmetric=aeod_aspd|actdrop=0.005|actrisk=0.1|actviol=0.02|ad2calw=1.0|ad2calb=0.06|ad2calt=0.03|ad2calq=41|ad2clip=5.0|ad2normclip=2.5|ad2accdrop=0.03|ad2calobj=original|ad2normmode=root|ad2uw=3.0|ad2cw=0.2|ad2aw=1.5|ad2plus=fixed|suite=server_generation_ablation|tag=real5_gaussian_copula_synth5,06fb8eac9f10d6720bb02117ddbf6088be57a27aed57a587244da41c356cbef4,compas,IID,5000.0,FedSA,123,70,gaussian_copula,real5_gaussian_copula_synth5,0.05,0.05,0.6376889848812095,0.09254658385093162,0.019023118843719322,metrics == last10_metrics[round70],False
134,3978,50ca7321a9c840d2ce165043804beb5514c8e5f439b875bef46dc8ecc3ba8af4,full|compas|IID|GuardFed-AD2+|S-DFA|rounds=70|seed=123|clients=20|malicious=4|epochs=1|batch=256|lr=0.005|opt=adam|root=0.05+0.05|serversamp=stratified_sensitive|serveralpha=None|synth=gaussian_copula|synth_epochs=50|sensfeat=0|agg=count|fflip=invert|rw=1|foe=state|sdfafoe=fedsa|spdfafoe=fedsa|fedsa_gain=1.75|fedsa_norm=2.0|fg=server_aeod|actfb=0.12|acttemp=0.8|actkeep=1.0|actmetric=aeod_aspd|actdrop=0.005|actrisk=0.1|actviol=0.02|ad2calw=1.0|ad2calb=0.06|ad2calt=0.03|ad2calq=41|ad2clip=5.0|ad2normclip=2.5|ad2accdrop=0.03|ad2calobj=original|ad2normmode=root|ad2uw=3.0|ad2cw=0.2|ad2aw=1.5|ad2plus=fixed|suite=server_generation_ablation|tag=real5_gaussian_copula_synth5,06fb8eac9f10d6720bb02117ddbf6088be57a27aed57a587244da41c356cbef4,compas,IID,5000.0,S-DFA,123,70,gaussian_copula,real5_gaussian_copula_synth5,0.05,0.05,0.6490280777537797,0.14401064773735583,0.05538974749838632,metrics == last10_metrics[round70],False
135,3979,925bd5f34b715e7d0752f8347534fa1795284e7472924eee9213d065a789264a,full|compas|IID|GuardFed-AD2+|Sp-DFA|rounds=70|seed=123|clients=20|malicious=4|epochs=1|batch=256|lr=0.005|opt=adam|root=0.05+0.05|serversamp=stratified_sensitive|serveralpha=None|synth=gaussian_copula|synth_epochs=50|sensfeat=0|agg=count|fflip=invert|rw=1|foe=state|sdfafoe=fedsa|spdfafoe=fedsa|fedsa_gain=1.75|fedsa_norm=2.0|fg=server_aeod|actfb=0.12|acttemp=0.8|actkeep=1.0|actmetric=aeod_aspd|actdrop=0.005|actrisk=0.1|actviol=0.02|ad2calw=1.0|ad2calb=0.06|ad2calt=0.03|ad2calq=41|ad2clip=5.0|ad2normclip=2.5|ad2accdrop=0.03|ad2calobj=original|ad2normmode=root|ad2uw=3.0|ad2cw=0.2|ad2aw=1.5|ad2plus=fixed|suite=server_generation_ablation|tag=real5_gaussian_copula_synth5,06fb8eac9f10d6720bb02117ddbf6088be57a27aed57a587244da41c356cbef4,compas,IID,5000.0,Sp-DFA,123,70,gaussian_copula,real5_gaussian_copula_synth5,0.05,0.05,0.6355291576673866,0.11972789115646254,0.02634616753837482,metrics == last10_metrics[round70],False
136,3980,d4b54d2d6dfad0944d7905fdcf5d4c5f45d68d68991cc33e965ab1e048451366,full|compas|non-IID|GuardFed-AD2+|Benign|rounds=70|seed=123|clients=20|malicious=4|epochs=1|batch=256|lr=0.005|opt=adam|root=0.05+0.05|serversamp=stratified_sensitive|serveralpha=None|synth=gaussian_copula|synth_epochs=50|sensfeat=0|agg=count|fflip=invert|rw=1|foe=state|sdfafoe=fedsa|spdfafoe=fedsa|fedsa_gain=1.75|fedsa_norm=2.0|fg=server_aeod|actfb=0.12|acttemp=0.8|actkeep=1.0|actmetric=aeod_aspd|actdrop=0.005|actrisk=0.1|actviol=0.02|ad2calw=1.0|ad2calb=0.06|ad2calt=0.03|ad2calq=41|ad2clip=5.0|ad2normclip=2.5|ad2accdrop=0.03|ad2calobj=original|ad2normmode=root|ad2uw=3.0|ad2cw=0.2|ad2aw=1.5|ad2plus=fixed|suite=server_generation_ablation|tag=real5_gaussian_copula_synth5,06fb8eac9f10d6720bb02117ddbf6088be57a27aed57a587244da41c356cbef4,compas,non-IID,5.0,Benign,123,70,gaussian_copula,real5_gaussian_copula_synth5,0.05,0.05,0.6506479481641468,0.0810411120970127,0.0017741526961868592,metrics == last10_metrics[round70],False
137,3981,aa9378864d76ab639cc1aa252d0d3dd5ed0cab1cf0ed348f5547045c894e110b,full|compas|non-IID|GuardFed-AD2+|F Flip|rounds=70|seed=123|clients=20|malicious=4|epochs=1|batch=256|lr=0.005|opt=adam|root=0.05+0.05|serversamp=stratified_sensitive|serveralpha=None|synth=gaussian_copula|synth_epochs=50|sensfeat=0|agg=count|fflip=invert|rw=1|foe=state|sdfafoe=fedsa|spdfafoe=fedsa|fedsa_gain=1.75|fedsa_norm=2.0|fg=server_aeod|actfb=0.12|acttemp=0.8|actkeep=1.0|actmetric=aeod_aspd|actdrop=0.005|actrisk=0.1|actviol=0.02|ad2calw=1.0|ad2calb=0.06|ad2calt=0.03|ad2calq=41|ad2clip=5.0|ad2normclip=2.5|ad2accdrop=0.03|ad2calobj=original|ad2normmode=root|ad2uw=3.0|ad2cw=0.2|ad2aw=1.5|ad2plus=fixed|suite=server_generation_ablation|tag=real5_gaussian_copula_synth5,06fb8eac9f10d6720bb02117ddbf6088be57a27aed57a587244da41c356cbef4,compas,non-IID,5.0,F Flip,123,70,gaussian_copula,real5_gaussian_copula_synth5,0.05,0.05,0.6468682505399568,0.12564330079858033,0.02365809276250752,metrics == last10_metrics[round70],False
138,3982,6636f23e8cf80b77f472ba32fdad22e547ae9931d842d050be307a1c1f83d851,full|compas|non-IID|GuardFed-AD2+|FedSA|rounds=70|seed=123|clients=20|malicious=4|epochs=1|batch=256|lr=0.005|opt=adam|root=0.05+0.05|serversamp=stratified_sensitive|serveralpha=None|synth=gaussian_copula|synth_epochs=50|sensfeat=0|agg=count|fflip=invert|rw=1|foe=state|sdfafoe=fedsa|spdfafoe=fedsa|fedsa_gain=1.75|fedsa_norm=2.0|fg=server_aeod|actfb=0.12|acttemp=0.8|actkeep=1.0|actmetric=aeod_aspd|actdrop=0.005|actrisk=0.1|actviol=0.02|ad2calw=1.0|ad2calb=0.06|ad2calt=0.03|ad2calq=41|ad2clip=5.0|ad2normclip=2.5|ad2accdrop=0.03|ad2calobj=original|ad2normmode=root|ad2uw=3.0|ad2cw=0.2|ad2aw=1.5|ad2plus=fixed|suite=server_generation_ablation|tag=real5_gaussian_copula_synth5,06fb8eac9f10d6720bb02117ddbf6088be57a27aed57a587244da41c356cbef4,compas,non-IID,5.0,FedSA,123,70,gaussian_copula,real5_gaussian_copula_synth5,0.05,0.05,0.6393088552915767,0.22753623188405797,0.10518274356373586,metrics == last10_metrics[round70],False
139,3983,a1039a6c50103201ea9dd9766a420a6f42f0d0f0a84f3fbbe60af3064611cc06,full|compas|non-IID|GuardFed-AD2+|S-DFA|rounds=70|seed=123|clients=20|malicious=4|epochs=1|batch=256|lr=0.005|opt=adam|root=0.05+0.05|serversamp=stratified_sensitive|serveralpha=None|synth=gaussian_copula|synth_epochs=50|sensfeat=0|agg=count|fflip=invert|rw=1|foe=state|sdfafoe=fedsa|spdfafoe=fedsa|fedsa_gain=1.75|fedsa_norm=2.0|fg=server_aeod|actfb=0.12|acttemp=0.8|actkeep=1.0|actmetric=aeod_aspd|actdrop=0.005|actrisk=0.1|actviol=0.02|ad2calw=1.0|ad2calb=0.06|ad2calt=0.03|ad2calq=41|ad2clip=5.0|ad2normclip=2.5|ad2accdrop=0.03|ad2calobj=original|ad2normmode=root|ad2uw=3.0|ad2cw=0.2|ad2aw=1.5|ad2plus=fixed|suite=server_generation_ablation|tag=real5_gaussian_copula_synth5,06fb8eac9f10d6720bb02117ddbf6088be57a27aed57a587244da41c356cbef4,compas,non-IID,5.0,S-DFA,123,70,gaussian_copula,real5_gaussian_copula_synth5,0.05,0.05,0.6452483801295896,0.17293700088731145,0.06772594476549082,metrics == last10_metrics[round70],False
140,3984,4e2122d78cc45de36818450829c14dc1c818ce89cd3b7fc7835e1edf7b61d9d2,full|compas|non-IID|GuardFed-AD2+|Sp-DFA|rounds=70|seed=123|clients=20|malicious=4|epochs=1|batch=256|lr=0.005|opt=adam|root=0.05+0.05|serversamp=stratified_sensitive|serveralpha=None|synth=gaussian_copula|synth_epochs=50|sensfeat=0|agg=count|fflip=invert|rw=1|foe=state|sdfafoe=fedsa|spdfafoe=fedsa|fedsa_gain=1.75|fedsa_norm=2.0|fg=server_aeod|actfb=0.12|acttemp=0.8|actkeep=1.0|actmetric=aeod_aspd|actdrop=0.005|actrisk=0.1|actviol=0.02|ad2calw=1.0|ad2calb=0.06|ad2calt=0.03|ad2calq=41|ad2clip=5.0|ad2normclip=2.5|ad2accdrop=0.03|ad2calobj=original|ad2normmode=root|ad2uw=3.0|ad2cw=0.2|ad2aw=1.5|ad2plus=fixed|suite=server_generation_ablation|tag=real5_gaussian_copula_synth5,06fb8eac9f10d6720bb02117ddbf6088be57a27aed57a587244da41c356cbef4,compas,non-IID,5.0,Sp-DFA,123,70,gaussian_copula,real5_gaussian_copula_synth5,0.05,0.05,0.6403887688984882,0.07956225968648323,0.008318675174818213,metrics == last10_metrics[round70],False
141,3985,25643e5be5b4e4f7dfe525bf4aa964f75d6325d8435ca4884e8b599303800df1,full|adult|IID|GuardFed-AD2+|Benign|rounds=70|seed=123|clients=20|malicious=4|epochs=1|batch=256|lr=0.005|opt=adam|root=0.05+0.05|serversamp=stratified_sensitive|serveralpha=None|synth=ctgan|synth_epochs=50|sensfeat=0|agg=count|fflip=invert|rw=1|foe=state|sdfafoe=fedsa|spdfafoe=fedsa|fedsa_gain=1.75|fedsa_norm=2.0|fg=server_aeod|actfb=0.12|acttemp=0.8|actkeep=1.0|actmetric=aeod_aspd|actdrop=0.005|actrisk=0.1|actviol=0.02|ad2calw=1.0|ad2calb=0.06|ad2calt=0.03|ad2calq=41|ad2clip=5.0|ad2normclip=2.5|ad2accdrop=0.03|ad2calobj=original|ad2normmode=root|ad2uw=3.0|ad2cw=0.2|ad2aw=1.5|ad2plus=fixed|suite=server_generation_ablation|tag=real5_ctgan_synth5,fa7c8426cf2a5b688172c47e976707e294bd5c5b31024546b9a93f1799651691,adult,IID,5000.0,Benign,123,70,ctgan,real5_ctgan_synth5,0.05,0.05,0.8163224649711136,0.07103414672598934,0.05160293743504413,metrics == last10_metrics[round70],False
142,3986,659c14a10ed6eb1628383e685f292c4ffb9ad2584ebeb9a74135a29b31cfb970,full|adult|IID|GuardFed-AD2+|F Flip|rounds=70|seed=123|clients=20|malicious=4|epochs=1|batch=256|lr=0.005|opt=adam|root=0.05+0.05|serversamp=stratified_sensitive|serveralpha=None|synth=ctgan|synth_epochs=50|sensfeat=0|agg=count|fflip=invert|rw=1|foe=state|sdfafoe=fedsa|spdfafoe=fedsa|fedsa_gain=1.75|fedsa_norm=2.0|fg=server_aeod|actfb=0.12|acttemp=0.8|actkeep=1.0|actmetric=aeod_aspd|actdrop=0.005|actrisk=0.1|actviol=0.02|ad2calw=1.0|ad2calb=0.06|ad2calt=0.03|ad2calq=41|ad2clip=5.0|ad2normclip=2.5|ad2accdrop=0.03|ad2calobj=original|ad2normmode=root|ad2uw=3.0|ad2cw=0.2|ad2aw=1.5|ad2plus=fixed|suite=server_generation_ablation|tag=real5_ctgan_synth5,fa7c8426cf2a5b688172c47e976707e294bd5c5b31024546b9a93f1799651691,adult,IID,5000.0,F Flip,123,70,ctgan,real5_ctgan_synth5,0.05,0.05,0.8013812338136662,0.05587749928455185,0.031697766246026014,metrics == last10_metrics[round70],False
143,3987,d4a35c4b8c11ca12ac8b1fbc4c11a6d0b82db34fb968a9fcf736ea5cbd8cdd13,full|adult|IID|GuardFed-AD2+|FedSA|rounds=70|seed=123|clients=20|malicious=4|epochs=1|batch=256|lr=0.005|opt=adam|root=0.05+0.05|serversamp=stratified_sensitive|serveralpha=None|synth=ctgan|synth_epochs=50|sensfeat=0|agg=count|fflip=invert|rw=1|foe=state|sdfafoe=fedsa|spdfafoe=fedsa|fedsa_gain=1.75|fedsa_norm=2.0|fg=server_aeod|actfb=0.12|acttemp=0.8|actkeep=1.0|actmetric=aeod_aspd|actdrop=0.005|actrisk=0.1|actviol=0.02|ad2calw=1.0|ad2calb=0.06|ad2calt=0.03|ad2calq=41|ad2clip=5.0|ad2normclip=2.5|ad2accdrop=0.03|ad2calobj=original|ad2normmode=root|ad2uw=3.0|ad2cw=0.2|ad2aw=1.5|ad2plus=fixed|suite=server_generation_ablation|tag=real5_ctgan_synth5,fa7c8426cf2a5b688172c47e976707e294bd5c5b31024546b9a93f1799651691,adult,IID,5000.0,FedSA,123,70,ctgan,real5_ctgan_synth5,0.05,0.05,0.8108108108108109,0.18602508438289528,0.03307990736027458,metrics == last10_metrics[round70],False
144,3988,59719313d3f4e5245b69cfb5bb47e6d44e65f99c2666d1a9ac79201c5aea0580,full|adult|IID|GuardFed-AD2+|S-DFA|rounds=70|seed=123|clients=20|malicious=4|epochs=1|batch=256|lr=0.005|opt=adam|root=0.05+0.05|serversamp=stratified_sensitive|serveralpha=None|synth=ctgan|synth_epochs=50|sensfeat=0|agg=count|fflip=invert|rw=1|foe=state|sdfafoe=fedsa|spdfafoe=fedsa|fedsa_gain=1.75|fedsa_norm=2.0|fg=server_aeod|actfb=0.12|acttemp=0.8|actkeep=1.0|actmetric=aeod_aspd|actdrop=0.005|actrisk=0.1|actviol=0.02|ad2calw=1.0|ad2calb=0.06|ad2calt=0.03|ad2calq=41|ad2clip=5.0|ad2normclip=2.5|ad2accdrop=0.03|ad2calobj=original|ad2normmode=root|ad2uw=3.0|ad2cw=0.2|ad2aw=1.5|ad2plus=fixed|suite=server_generation_ablation|tag=real5_ctgan_synth5,fa7c8426cf2a5b688172c47e976707e294bd5c5b31024546b9a93f1799651691,adult,IID,5000.0,S-DFA,123,70,ctgan,real5_ctgan_synth5,0.05,0.05,0.8023773158908294,0.06335414654320021,0.030221618030329342,metrics == last10_metrics[round70],False
145,3989,066cd2fa793237a4ed1f9c87387f748830847fba3ed0afe0c2eda73237622929,full|adult|IID|GuardFed-AD2+|Sp-DFA|rounds=70|seed=123|clients=20|malicious=4|epochs=1|batch=256|lr=0.005|opt=adam|root=0.05+0.05|serversamp=stratified_sensitive|serveralpha=None|synth=ctgan|synth_epochs=50|sensfeat=0|agg=count|fflip=invert|rw=1|foe=state|sdfafoe=fedsa|spdfafoe=fedsa|fedsa_gain=1.75|fedsa_norm=2.0|fg=server_aeod|actfb=0.12|acttemp=0.8|actkeep=1.0|actmetric=aeod_aspd|actdrop=0.005|actrisk=0.1|actviol=0.02|ad2calw=1.0|ad2calb=0.06|ad2calt=0.03|ad2calq=41|ad2clip=5.0|ad2normclip=2.5|ad2accdrop=0.03|ad2calobj=original|ad2normmode=root|ad2uw=3.0|ad2cw=0.2|ad2aw=1.5|ad2plus=fixed|suite=server_generation_ablation|tag=real5_ctgan_synth5,fa7c8426cf2a5b688172c47e976707e294bd5c5b31024546b9a93f1799651691,adult,IID,5000.0,Sp-DFA,123,70,ctgan,real5_ctgan_synth5,0.05,0.05,0.8119397038315957,0.02539912295483221,0.05859360722019476,metrics == last10_metrics[round70],False
146,3990,23736a203d17b24d4c8acc563a04454e767ee9dc17a2a4f7264113f27dcf7368,full|adult|non-IID|GuardFed-AD2+|Benign|rounds=70|seed=123|clients=20|malicious=4|epochs=1|batch=256|lr=0.005|opt=adam|root=0.05+0.05|serversamp=stratified_sensitive|serveralpha=None|synth=ctgan|synth_epochs=50|sensfeat=0|agg=count|fflip=invert|rw=1|foe=state|sdfafoe=fedsa|spdfafoe=fedsa|fedsa_gain=1.75|fedsa_norm=2.0|fg=server_aeod|actfb=0.12|acttemp=0.8|actkeep=1.0|actmetric=aeod_aspd|actdrop=0.005|actrisk=0.1|actviol=0.02|ad2calw=1.0|ad2calb=0.06|ad2calt=0.03|ad2calq=41|ad2clip=5.0|ad2normclip=2.5|ad2accdrop=0.03|ad2calobj=original|ad2normmode=root|ad2uw=3.0|ad2cw=0.2|ad2aw=1.5|ad2plus=fixed|suite=server_generation_ablation|tag=real5_ctgan_synth5,fa7c8426cf2a5b688172c47e976707e294bd5c5b31024546b9a93f1799651691,adult,non-IID,5.0,Benign,123,70,ctgan,real5_ctgan_synth5,0.05,0.05,0.8127365694933263,0.007583464665430195,0.05604913630423859,metrics == last10_metrics[round70],False
147,3991,e55e17b7d19da2ce90dc6a412f1d7a611ced84aed491a37975494f23eefd2980,full|adult|non-IID|GuardFed-AD2+|F Flip|rounds=70|seed=123|clients=20|malicious=4|epochs=1|batch=256|lr=0.005|opt=adam|root=0.05+0.05|serversamp=stratified_sensitive|serveralpha=None|synth=ctgan|synth_epochs=50|sensfeat=0|agg=count|fflip=invert|rw=1|foe=state|sdfafoe=fedsa|spdfafoe=fedsa|fedsa_gain=1.75|fedsa_norm=2.0|fg=server_aeod|actfb=0.12|acttemp=0.8|actkeep=1.0|actmetric=aeod_aspd|actdrop=0.005|actrisk=0.1|actviol=0.02|ad2calw=1.0|ad2calb=0.06|ad2calt=0.03|ad2calq=41|ad2clip=5.0|ad2normclip=2.5|ad2accdrop=0.03|ad2calobj=original|ad2normmode=root|ad2uw=3.0|ad2cw=0.2|ad2aw=1.5|ad2plus=fixed|suite=server_generation_ablation|tag=real5_ctgan_synth5,fa7c8426cf2a5b688172c47e976707e294bd5c5b31024546b9a93f1799651691,adult,non-IID,5.0,F Flip,123,70,ctgan,real5_ctgan_synth5,0.05,0.05,0.8037718307988578,0.05458141000119382,0.04033715127347524,metrics == last10_metrics[round70],False
148,3992,a1475825296e4f3b5208593e148b5f31ba7bf2db5b423937d91c471299af3682,full|adult|non-IID|GuardFed-AD2+|FedSA|rounds=70|seed=123|clients=20|malicious=4|epochs=1|batch=256|lr=0.005|opt=adam|root=0.05+0.05|serversamp=stratified_sensitive|serveralpha=None|synth=ctgan|synth_epochs=50|sensfeat=0|agg=count|fflip=invert|rw=1|foe=state|sdfafoe=fedsa|spdfafoe=fedsa|fedsa_gain=1.75|fedsa_norm=2.0|fg=server_aeod|actfb=0.12|acttemp=0.8|actkeep=1.0|actmetric=aeod_aspd|actdrop=0.005|actrisk=0.1|actviol=0.02|ad2calw=1.0|ad2calb=0.06|ad2calt=0.03|ad2calq=41|ad2clip=5.0|ad2normclip=2.5|ad2accdrop=0.03|ad2calobj=original|ad2normmode=root|ad2uw=3.0|ad2cw=0.2|ad2aw=1.5|ad2plus=fixed|suite=server_generation_ablation|tag=real5_ctgan_synth5,fa7c8426cf2a5b688172c47e976707e294bd5c5b31024546b9a93f1799651691,adult,non-IID,5.0,FedSA,123,70,ctgan,real5_ctgan_synth5,0.05,0.05,0.823162228567634,0.09100557449771546,0.06426069473213974,metrics == last10_metrics[round70],False
149,3993,74bdb9697730a7341e22bb031b30b6498a5f2f847e5064f2e58b17b60827845e,full|adult|non-IID|GuardFed-AD2+|S-DFA|rounds=70|seed=123|clients=20|malicious=4|epochs=1|batch=256|lr=0.005|opt=adam|root=0.05+0.05|serversamp=stratified_sensitive|serveralpha=None|synth=ctgan|synth_epochs=50|sensfeat=0|agg=count|fflip=invert|rw=1|foe=state|sdfafoe=fedsa|spdfafoe=fedsa|fedsa_gain=1.75|fedsa_norm=2.0|fg=server_aeod|actfb=0.12|acttemp=0.8|actkeep=1.0|actmetric=aeod_aspd|actdrop=0.005|actrisk=0.1|actviol=0.02|ad2calw=1.0|ad2calb=0.06|ad2calt=0.03|ad2calq=41|ad2clip=5.0|ad2normclip=2.5|ad2accdrop=0.03|ad2calobj=original|ad2normmode=root|ad2uw=3.0|ad2cw=0.2|ad2aw=1.5|ad2plus=fixed|suite=server_generation_ablation|tag=real5_ctgan_synth5,fa7c8426cf2a5b688172c47e976707e294bd5c5b31024546b9a93f1799651691,adult,non-IID,5.0,S-DFA,123,70,ctgan,real5_ctgan_synth5,0.05,0.05,0.8224317683777144,0.0661902343756694,0.06378827193401736,metrics == last10_metrics[round70],False
150,3994,5ea159e79ab3758ff2bbb962b3459dc59805ef919fc0ddab06ddb3a524c78c06,full|adult|non-IID|GuardFed-AD2+|Sp-DFA|rounds=70|seed=123|clients=20|malicious=4|epochs=1|batch=256|lr=0.005|opt=adam|root=0.05+0.05|serversamp=stratified_sensitive|serveralpha=None|synth=ctgan|synth_epochs=50|sensfeat=0|agg=count|fflip=invert|rw=1|foe=state|sdfafoe=fedsa|spdfafoe=fedsa|fedsa_gain=1.75|fedsa_norm=2.0|fg=server_aeod|actfb=0.12|acttemp=0.8|actkeep=1.0|actmetric=aeod_aspd|actdrop=0.005|actrisk=0.1|actviol=0.02|ad2calw=1.0|ad2calb=0.06|ad2calt=0.03|ad2calq=41|ad2clip=5.0|ad2normclip=2.5|ad2accdrop=0.03|ad2calobj=original|ad2normmode=root|ad2uw=3.0|ad2cw=0.2|ad2aw=1.5|ad2plus=fixed|suite=server_generation_ablation|tag=real5_ctgan_synth5,fa7c8426cf2a5b688172c47e976707e294bd5c5b31024546b9a93f1799651691,adult,non-IID,5.0,Sp-DFA,123,70,ctgan,real5_ctgan_synth5,0.05,0.05,0.7845142439737034,0.06244762662575236,0.013874453134851961,metrics == last10_metrics[round70],False
151,3995,0c30631870a7b30892b4c433b0086bc01d695d698b7152fb00cadcfab03b5320,full|compas|IID|GuardFed-AD2+|Benign|rounds=70|seed=123|clients=20|malicious=4|epochs=1|batch=256|lr=0.005|opt=adam|root=0.05+0.05|serversamp=stratified_sensitive|serveralpha=None|synth=ctgan|synth_epochs=50|sensfeat=0|agg=count|fflip=invert|rw=1|foe=state|sdfafoe=fedsa|spdfafoe=fedsa|fedsa_gain=1.75|fedsa_norm=2.0|fg=server_aeod|actfb=0.12|acttemp=0.8|actkeep=1.0|actmetric=aeod_aspd|actdrop=0.005|actrisk=0.1|actviol=0.02|ad2calw=1.0|ad2calb=0.06|ad2calt=0.03|ad2calq=41|ad2clip=5.0|ad2normclip=2.5|ad2accdrop=0.03|ad2calobj=original|ad2normmode=root|ad2uw=3.0|ad2cw=0.2|ad2aw=1.5|ad2plus=fixed|suite=server_generation_ablation|tag=real5_ctgan_synth5,fa7c8426cf2a5b688172c47e976707e294bd5c5b31024546b9a93f1799651691,compas,IID,5000.0,Benign,123,70,ctgan,real5_ctgan_synth5,0.05,0.05,0.6474082073434125,0.09364093463472345,0.14821411688631533,metrics == last10_metrics[round70],False
152,3996,cafe03d20b0f68c2205b36daebc7ca1faae911ca58f2bda23f07d560255d8a5e,full|compas|IID|GuardFed-AD2+|F Flip|rounds=70|seed=123|clients=20|malicious=4|epochs=1|batch=256|lr=0.005|opt=adam|root=0.05+0.05|serversamp=stratified_sensitive|serveralpha=None|synth=ctgan|synth_epochs=50|sensfeat=0|agg=count|fflip=invert|rw=1|foe=state|sdfafoe=fedsa|spdfafoe=fedsa|fedsa_gain=1.75|fedsa_norm=2.0|fg=server_aeod|actfb=0.12|acttemp=0.8|actkeep=1.0|actmetric=aeod_aspd|actdrop=0.005|actrisk=0.1|actviol=0.02|ad2calw=1.0|ad2calb=0.06|ad2calt=0.03|ad2calq=41|ad2clip=5.0|ad2normclip=2.5|ad2accdrop=0.03|ad2calobj=original|ad2normmode=root|ad2uw=3.0|ad2cw=0.2|ad2aw=1.5|ad2plus=fixed|suite=server_generation_ablation|tag=real5_ctgan_synth5,fa7c8426cf2a5b688172c47e976707e294bd5c5b31024546b9a93f1799651691,compas,IID,5000.0,F Flip,123,70,ctgan,real5_ctgan_synth5,0.05,0.05,0.656047516198704,0.11975746820467315,0.16800292268312583,metrics == last10_metrics[round70],False
153,3997,fce21b665ca5d41d8e4fcf285ff84887ba45cc412a8487e5224221ecadb7c4f1,full|compas|IID|GuardFed-AD2+|FedSA|rounds=70|seed=123|clients=20|malicious=4|epochs=1|batch=256|lr=0.005|opt=adam|root=0.05+0.05|serversamp=stratified_sensitive|serveralpha=None|synth=ctgan|synth_epochs=50|sensfeat=0|agg=count|fflip=invert|rw=1|foe=state|sdfafoe=fedsa|spdfafoe=fedsa|fedsa_gain=1.75|fedsa_norm=2.0|fg=server_aeod|actfb=0.12|acttemp=0.8|actkeep=1.0|actmetric=aeod_aspd|actdrop=0.005|actrisk=0.1|actviol=0.02|ad2calw=1.0|ad2calb=0.06|ad2calt=0.03|ad2calq=41|ad2clip=5.0|ad2normclip=2.5|ad2accdrop=0.03|ad2calobj=original|ad2normmode=root|ad2uw=3.0|ad2cw=0.2|ad2aw=1.5|ad2plus=fixed|suite=server_generation_ablation|tag=real5_ctgan_synth5,fa7c8426cf2a5b688172c47e976707e294bd5c5b31024546b9a93f1799651691,compas,IID,5000.0,FedSA,123,70,ctgan,real5_ctgan_synth5,0.05,0.05,0.6565874730021598,0.1110913930789707,0.1660268433971756,metrics == last10_metrics[round70],False
154,3998,d21179b39f50f63353e637b3d66cd3c94e776eb828abcd0f2e936ba333a5bef1,full|compas|IID|GuardFed-AD2+|S-DFA|rounds=70|seed=123|clients=20|malicious=4|epochs=1|batch=256|lr=0.005|opt=adam|root=0.05+0.05|serversamp=stratified_sensitive|serveralpha=None|synth=ctgan|synth_epochs=50|sensfeat=0|agg=count|fflip=invert|rw=1|foe=state|sdfafoe=fedsa|spdfafoe=fedsa|fedsa_gain=1.75|fedsa_norm=2.0|fg=server_aeod|actfb=0.12|acttemp=0.8|actkeep=1.0|actmetric=aeod_aspd|actdrop=0.005|actrisk=0.1|actviol=0.02|ad2calw=1.0|ad2calb=0.06|ad2calt=0.03|ad2calq=41|ad2clip=5.0|ad2normclip=2.5|ad2accdrop=0.03|ad2calobj=original|ad2normmode=root|ad2uw=3.0|ad2cw=0.2|ad2aw=1.5|ad2plus=fixed|suite=server_generation_ablation|tag=real5_ctgan_synth5,fa7c8426cf2a5b688172c47e976707e294bd5c5b31024546b9a93f1799651691,compas,IID,5000.0,S-DFA,123,70,ctgan,real5_ctgan_synth5,0.05,0.05,0.6420086393088553,0.10715764566696245,0.1469978885248504,metrics == last10_metrics[round70],False
155,3999,2b83293b823794a569e19689b61b6bc1b0961e41f37b3b8b50b4884778dffb88,full|compas|IID|GuardFed-AD2+|Sp-DFA|rounds=70|seed=123|clients=20|malicious=4|epochs=1|batch=256|lr=0.005|opt=adam|root=0.05+0.05|serversamp=stratified_sensitive|serveralpha=None|synth=ctgan|synth_epochs=50|sensfeat=0|agg=count|fflip=invert|rw=1|foe=state|sdfafoe=fedsa|spdfafoe=fedsa|fedsa_gain=1.75|fedsa_norm=2.0|fg=server_aeod|actfb=0.12|acttemp=0.8|actkeep=1.0|actmetric=aeod_aspd|actdrop=0.005|actrisk=0.1|actviol=0.02|ad2calw=1.0|ad2calb=0.06|ad2calt=0.03|ad2calq=41|ad2clip=5.0|ad2normclip=2.5|ad2accdrop=0.03|ad2calobj=original|ad2normmode=root|ad2uw=3.0|ad2cw=0.2|ad2aw=1.5|ad2plus=fixed|suite=server_generation_ablation|tag=real5_ctgan_synth5,fa7c8426cf2a5b688172c47e976707e294bd5c5b31024546b9a93f1799651691,compas,IID,5000.0,Sp-DFA,123,70,ctgan,real5_ctgan_synth5,0.05,0.05,0.6430885529157667,0.07595385980479152,0.13202964235649495,metrics == last10_metrics[round70],False
156,4000,85c716baa1ee69412c484ac6e2c32bd751dae935e5784bd5d0a5da1aa2ab1905,full|compas|non-IID|GuardFed-AD2+|Benign|rounds=70|seed=123|clients=20|malicious=4|epochs=1|batch=256|lr=0.005|opt=adam|root=0.05+0.05|serversamp=stratified_sensitive|serveralpha=None|synth=ctgan|synth_epochs=50|sensfeat=0|agg=count|fflip=invert|rw=1|foe=state|sdfafoe=fedsa|spdfafoe=fedsa|fedsa_gain=1.75|fedsa_norm=2.0|fg=server_aeod|actfb=0.12|acttemp=0.8|actkeep=1.0|actmetric=aeod_aspd|actdrop=0.005|actrisk=0.1|actviol=0.02|ad2calw=1.0|ad2calb=0.06|ad2calt=0.03|ad2calq=41|ad2clip=5.0|ad2normclip=2.5|ad2accdrop=0.03|ad2calobj=original|ad2normmode=root|ad2uw=3.0|ad2cw=0.2|ad2aw=1.5|ad2plus=fixed|suite=server_generation_ablation|tag=real5_ctgan_synth5,fa7c8426cf2a5b688172c47e976707e294bd5c5b31024546b9a93f1799651691,compas,non-IID,5.0,Benign,123,70,ctgan,real5_ctgan_synth5,0.05,0.05,0.6592872570194385,0.06631174208813961,0.1286704242909517,metrics == last10_metrics[round70],False
157,4001,ee1ef5cf51e8fa0fbef455ce6518ccb5787c0cd654043ed513b62d4e0701bc83,full|compas|non-IID|GuardFed-AD2+|F Flip|rounds=70|seed=123|clients=20|malicious=4|epochs=1|batch=256|lr=0.005|opt=adam|root=0.05+0.05|serversamp=stratified_sensitive|serveralpha=None|synth=ctgan|synth_epochs=50|sensfeat=0|agg=count|fflip=invert|rw=1|foe=state|sdfafoe=fedsa|spdfafoe=fedsa|fedsa_gain=1.75|fedsa_norm=2.0|fg=server_aeod|actfb=0.12|acttemp=0.8|actkeep=1.0|actmetric=aeod_aspd|actdrop=0.005|actrisk=0.1|actviol=0.02|ad2calw=1.0|ad2calb=0.06|ad2calt=0.03|ad2calq=41|ad2clip=5.0|ad2normclip=2.5|ad2accdrop=0.03|ad2calobj=original|ad2normmode=root|ad2uw=3.0|ad2cw=0.2|ad2aw=1.5|ad2plus=fixed|suite=server_generation_ablation|tag=real5_ctgan_synth5,fa7c8426cf2a5b688172c47e976707e294bd5c5b31024546b9a93f1799651691,compas,non-IID,5.0,F Flip,123,70,ctgan,real5_ctgan_synth5,0.05,0.05,0.6193304535637149,0.02055604850635906,0.06895151077272521,metrics == last10_metrics[round70],False
158,4002,0a69f5101ba9bf7de454ff7c2ef5af638cf3e5bbb33c36146120c6010a670863,full|compas|non-IID|GuardFed-AD2+|FedSA|rounds=70|seed=123|clients=20|malicious=4|epochs=1|batch=256|lr=0.005|opt=adam|root=0.05+0.05|serversamp=stratified_sensitive|serveralpha=None|synth=ctgan|synth_epochs=50|sensfeat=0|agg=count|fflip=invert|rw=1|foe=state|sdfafoe=fedsa|spdfafoe=fedsa|fedsa_gain=1.75|fedsa_norm=2.0|fg=server_aeod|actfb=0.12|acttemp=0.8|actkeep=1.0|actmetric=aeod_aspd|actdrop=0.005|actrisk=0.1|actviol=0.02|ad2calw=1.0|ad2calb=0.06|ad2calt=0.03|ad2calq=41|ad2clip=5.0|ad2normclip=2.5|ad2accdrop=0.03|ad2calobj=original|ad2normmode=root|ad2uw=3.0|ad2cw=0.2|ad2aw=1.5|ad2plus=fixed|suite=server_generation_ablation|tag=real5_ctgan_synth5,fa7c8426cf2a5b688172c47e976707e294bd5c5b31024546b9a93f1799651691,compas,non-IID,5.0,FedSA,123,70,ctgan,real5_ctgan_synth5,0.05,0.05,0.6052915766738661,0.058089322685595995,0.07076067964054732,metrics == last10_metrics[round70],False
159,4003,909a13c8462c7beb904d1050fbb44dfd5dfd792d8dc06e05ee2d0b20d37f7e43,full|compas|non-IID|GuardFed-AD2+|S-DFA|rounds=70|seed=123|clients=20|malicious=4|epochs=1|batch=256|lr=0.005|opt=adam|root=0.05+0.05|serversamp=stratified_sensitive|serveralpha=None|synth=ctgan|synth_epochs=50|sensfeat=0|agg=count|fflip=invert|rw=1|foe=state|sdfafoe=fedsa|spdfafoe=fedsa|fedsa_gain=1.75|fedsa_norm=2.0|fg=server_aeod|actfb=0.12|acttemp=0.8|actkeep=1.0|actmetric=aeod_aspd|actdrop=0.005|actrisk=0.1|actviol=0.02|ad2calw=1.0|ad2calb=0.06|ad2calt=0.03|ad2calq=41|ad2clip=5.0|ad2normclip=2.5|ad2accdrop=0.03|ad2calobj=original|ad2normmode=root|ad2uw=3.0|ad2cw=0.2|ad2aw=1.5|ad2plus=fixed|suite=server_generation_ablation|tag=real5_ctgan_synth5,fa7c8426cf2a5b688172c47e976707e294bd5c5b31024546b9a93f1799651691,compas,non-IID,5.0,S-DFA,123,70,ctgan,real5_ctgan_synth5,0.05,0.05,0.5901727861771058,0.034427684117125115,0.039073378722073136,metrics == last10_metrics[round70],False
160,4004,cbba7095ce8c9040938ec60dc8be04d1ee6dd38870fa08ff4a6f048c3eb56488,full|compas|non-IID|GuardFed-AD2+|Sp-DFA|rounds=70|seed=123|clients=20|malicious=4|epochs=1|batch=256|lr=0.005|opt=adam|root=0.05+0.05|serversamp=stratified_sensitive|serveralpha=None|synth=ctgan|synth_epochs=50|sensfeat=0|agg=count|fflip=invert|rw=1|foe=state|sdfafoe=fedsa|spdfafoe=fedsa|fedsa_gain=1.75|fedsa_norm=2.0|fg=server_aeod|actfb=0.12|acttemp=0.8|actkeep=1.0|actmetric=aeod_aspd|actdrop=0.005|actrisk=0.1|actviol=0.02|ad2calw=1.0|ad2calb=0.06|ad2calt=0.03|ad2calq=41|ad2clip=5.0|ad2normclip=2.5|ad2accdrop=0.03|ad2calobj=original|ad2normmode=root|ad2uw=3.0|ad2cw=0.2|ad2aw=1.5|ad2plus=fixed|suite=server_generation_ablation|tag=real5_ctgan_synth5,fa7c8426cf2a5b688172c47e976707e294bd5c5b31024546b9a93f1799651691,compas,non-IID,5.0,Sp-DFA,123,70,ctgan,real5_ctgan_synth5,0.05,0.05,0.6387688984881209,0.09642117716651882,0.1380360829976644,metrics == last10_metrics[round70],False
161,4005,4f253278cc1fc8c1341a8cc97267c069967f17d1fe0ec1fbc758da4b06b04cbc,full|adult|IID|GuardFed-AD2+|Benign|rounds=70|seed=123|clients=20|malicious=4|epochs=1|batch=256|lr=0.005|opt=adam|root=0.05+0.05|serversamp=stratified_sensitive|serveralpha=None|synth=tvae|synth_epochs=50|sensfeat=0|agg=count|fflip=invert|rw=1|foe=state|sdfafoe=fedsa|spdfafoe=fedsa|fedsa_gain=1.75|fedsa_norm=2.0|fg=server_aeod|actfb=0.12|acttemp=0.8|actkeep=1.0|actmetric=aeod_aspd|actdrop=0.005|actrisk=0.1|actviol=0.02|ad2calw=1.0|ad2calb=0.06|ad2calt=0.03|ad2calq=41|ad2clip=5.0|ad2normclip=2.5|ad2accdrop=0.03|ad2calobj=original|ad2normmode=root|ad2uw=3.0|ad2cw=0.2|ad2aw=1.5|ad2plus=fixed|suite=server_generation_ablation|tag=real5_tvae_synth5,c418efe4118f91d1fd14466cac776c28a7a1761c793b71a9e4bcb15b8940ffb5,adult,IID,5000.0,Benign,123,70,tvae,real5_tvae_synth5,0.05,0.05,0.8319941563184806,0.034147297205439575,0.09250009900235716,metrics == last10_metrics[round70],False
162,4006,3941d7191b769fa6da67dc70a91bea2ce1df9743615a2aaa26ac101e91415c1d,full|adult|IID|GuardFed-AD2+|F Flip|rounds=70|seed=123|clients=20|malicious=4|epochs=1|batch=256|lr=0.005|opt=adam|root=0.05+0.05|serversamp=stratified_sensitive|serveralpha=None|synth=tvae|synth_epochs=50|sensfeat=0|agg=count|fflip=invert|rw=1|foe=state|sdfafoe=fedsa|spdfafoe=fedsa|fedsa_gain=1.75|fedsa_norm=2.0|fg=server_aeod|actfb=0.12|acttemp=0.8|actkeep=1.0|actmetric=aeod_aspd|actdrop=0.005|actrisk=0.1|actviol=0.02|ad2calw=1.0|ad2calb=0.06|ad2calt=0.03|ad2calq=41|ad2clip=5.0|ad2normclip=2.5|ad2accdrop=0.03|ad2calobj=original|ad2normmode=root|ad2uw=3.0|ad2cw=0.2|ad2aw=1.5|ad2plus=fixed|suite=server_generation_ablation|tag=real5_tvae_synth5,c418efe4118f91d1fd14466cac776c28a7a1761c793b71a9e4bcb15b8940ffb5,adult,IID,5000.0,F Flip,123,70,tvae,real5_tvae_synth5,0.05,0.05,0.8311308851849393,0.0997126211906314,0.1804592096446231,metrics == last10_metrics[round70],False
163,4007,3bf23d004082f021f077c09beb8ff57db631db92120b791a9a5697e8b89215b8,full|adult|IID|GuardFed-AD2+|FedSA|rounds=70|seed=123|clients=20|malicious=4|epochs=1|batch=256|lr=0.005|opt=adam|root=0.05+0.05|serversamp=stratified_sensitive|serveralpha=None|synth=tvae|synth_epochs=50|sensfeat=0|agg=count|fflip=invert|rw=1|foe=state|sdfafoe=fedsa|spdfafoe=fedsa|fedsa_gain=1.75|fedsa_norm=2.0|fg=server_aeod|actfb=0.12|acttemp=0.8|actkeep=1.0|actmetric=aeod_aspd|actdrop=0.005|actrisk=0.1|actviol=0.02|ad2calw=1.0|ad2calb=0.06|ad2calt=0.03|ad2calq=41|ad2clip=5.0|ad2normclip=2.5|ad2accdrop=0.03|ad2calobj=original|ad2normmode=root|ad2uw=3.0|ad2cw=0.2|ad2aw=1.5|ad2plus=fixed|suite=server_generation_ablation|tag=real5_tvae_synth5,c418efe4118f91d1fd14466cac776c28a7a1761c793b71a9e4bcb15b8940ffb5,adult,IID,5000.0,FedSA,123,70,tvae,real5_tvae_synth5,0.05,0.05,0.8121389202470284,0.03237538492823533,0.156359728866347,metrics == last10_metrics[round70],False
164,4008,5e46f0d8321704ad3da1f4ce7a5b1428073ed541f60a6fc2f6b57a343227ba45,full|adult|IID|GuardFed-AD2+|S-DFA|rounds=70|seed=123|clients=20|malicious=4|epochs=1|batch=256|lr=0.005|opt=adam|root=0.05+0.05|serversamp=stratified_sensitive|serveralpha=None|synth=tvae|synth_epochs=50|sensfeat=0|agg=count|fflip=invert|rw=1|foe=state|sdfafoe=fedsa|spdfafoe=fedsa|fedsa_gain=1.75|fedsa_norm=2.0|fg=server_aeod|actfb=0.12|acttemp=0.8|actkeep=1.0|actmetric=aeod_aspd|actdrop=0.005|actrisk=0.1|actviol=0.02|ad2calw=1.0|ad2calb=0.06|ad2calt=0.03|ad2calq=41|ad2clip=5.0|ad2normclip=2.5|ad2accdrop=0.03|ad2calobj=original|ad2normmode=root|ad2uw=3.0|ad2cw=0.2|ad2aw=1.5|ad2plus=fixed|suite=server_generation_ablation|tag=real5_tvae_synth5,c418efe4118f91d1fd14466cac776c28a7a1761c793b71a9e4bcb15b8940ffb5,adult,IID,5000.0,S-DFA,123,70,tvae,real5_tvae_synth5,0.05,0.05,0.834517564247294,0.0016702358151338137,0.12832117801049117,metrics == last10_metrics[round70],False
165,4009,6276e59aa51ab11ccc5513255740b3d4780ba6350faf756d1be3501cd4e818d3,full|adult|IID|GuardFed-AD2+|Sp-DFA|rounds=70|seed=123|clients=20|malicious=4|epochs=1|batch=256|lr=0.005|opt=adam|root=0.05+0.05|serversamp=stratified_sensitive|serveralpha=None|synth=tvae|synth_epochs=50|sensfeat=0|agg=count|fflip=invert|rw=1|foe=state|sdfafoe=fedsa|spdfafoe=fedsa|fedsa_gain=1.75|fedsa_norm=2.0|fg=server_aeod|actfb=0.12|acttemp=0.8|actkeep=1.0|actmetric=aeod_aspd|actdrop=0.005|actrisk=0.1|actviol=0.02|ad2calw=1.0|ad2calb=0.06|ad2calt=0.03|ad2calq=41|ad2clip=5.0|ad2normclip=2.5|ad2accdrop=0.03|ad2calobj=original|ad2normmode=root|ad2uw=3.0|ad2cw=0.2|ad2aw=1.5|ad2plus=fixed|suite=server_generation_ablation|tag=real5_tvae_synth5,c418efe4118f91d1fd14466cac776c28a7a1761c793b71a9e4bcb15b8940ffb5,adult,IID,5000.0,Sp-DFA,123,70,tvae,real5_tvae_synth5,0.05,0.05,0.8311972906567501,0.14280230611355427,0.25328446087489037,metrics == last10_metrics[round70],False
166,4010,b7b2a0633e087b6642b333494db0823cf2c0df8f5aa0573d054e786167adabd6,full|adult|non-IID|GuardFed-AD2+|Benign|rounds=70|seed=123|clients=20|malicious=4|epochs=1|batch=256|lr=0.005|opt=adam|root=0.05+0.05|serversamp=stratified_sensitive|serveralpha=None|synth=tvae|synth_epochs=50|sensfeat=0|agg=count|fflip=invert|rw=1|foe=state|sdfafoe=fedsa|spdfafoe=fedsa|fedsa_gain=1.75|fedsa_norm=2.0|fg=server_aeod|actfb=0.12|acttemp=0.8|actkeep=1.0|actmetric=aeod_aspd|actdrop=0.005|actrisk=0.1|actviol=0.02|ad2calw=1.0|ad2calb=0.06|ad2calt=0.03|ad2calq=41|ad2clip=5.0|ad2normclip=2.5|ad2accdrop=0.03|ad2calobj=original|ad2normmode=root|ad2uw=3.0|ad2cw=0.2|ad2aw=1.5|ad2plus=fixed|suite=server_generation_ablation|tag=real5_tvae_synth5,c418efe4118f91d1fd14466cac776c28a7a1761c793b71a9e4bcb15b8940ffb5,adult,non-IID,5.0,Benign,123,70,tvae,real5_tvae_synth5,0.05,0.05,0.8311972906567501,0.025260888663702796,0.13916365135779274,metrics == last10_metrics[round70],False
167,4011,1f345a6489f4b53f577df6d3154b231ef0bbc7a2dfcc0332e11cf4621fac1d40,full|adult|non-IID|GuardFed-AD2+|F Flip|rounds=70|seed=123|clients=20|malicious=4|epochs=1|batch=256|lr=0.005|opt=adam|root=0.05+0.05|serversamp=stratified_sensitive|serveralpha=None|synth=tvae|synth_epochs=50|sensfeat=0|agg=count|fflip=invert|rw=1|foe=state|sdfafoe=fedsa|spdfafoe=fedsa|fedsa_gain=1.75|fedsa_norm=2.0|fg=server_aeod|actfb=0.12|acttemp=0.8|actkeep=1.0|actmetric=aeod_aspd|actdrop=0.005|actrisk=0.1|actviol=0.02|ad2calw=1.0|ad2calb=0.06|ad2calt=0.03|ad2calq=41|ad2clip=5.0|ad2normclip=2.5|ad2accdrop=0.03|ad2calobj=original|ad2normmode=root|ad2uw=3.0|ad2cw=0.2|ad2aw=1.5|ad2plus=fixed|suite=server_generation_ablation|tag=real5_tvae_synth5,c418efe4118f91d1fd14466cac776c28a7a1761c793b71a9e4bcb15b8940ffb5,adult,non-IID,5.0,F Flip,123,70,tvae,real5_tvae_synth5,0.05,0.05,0.8387675144431901,0.08925765329583113,0.1882183262972448,metrics == last10_metrics[round70],False
168,4012,92766cf44ef0a556a309f03401792a61af80a9472173dc08a8ea621fdf8fbbef,full|adult|non-IID|GuardFed-AD2+|FedSA|rounds=70|seed=123|clients=20|malicious=4|epochs=1|batch=256|lr=0.005|opt=adam|root=0.05+0.05|serversamp=stratified_sensitive|serveralpha=None|synth=tvae|synth_epochs=50|sensfeat=0|agg=count|fflip=invert|rw=1|foe=state|sdfafoe=fedsa|spdfafoe=fedsa|fedsa_gain=1.75|fedsa_norm=2.0|fg=server_aeod|actfb=0.12|acttemp=0.8|actkeep=1.0|actmetric=aeod_aspd|actdrop=0.005|actrisk=0.1|actviol=0.02|ad2calw=1.0|ad2calb=0.06|ad2calt=0.03|ad2calq=41|ad2clip=5.0|ad2normclip=2.5|ad2accdrop=0.03|ad2calobj=original|ad2normmode=root|ad2uw=3.0|ad2cw=0.2|ad2aw=1.5|ad2plus=fixed|suite=server_generation_ablation|tag=real5_tvae_synth5,c418efe4118f91d1fd14466cac776c28a7a1761c793b71a9e4bcb15b8940ffb5,adult,non-IID,5.0,FedSA,123,70,tvae,real5_tvae_synth5,0.05,0.05,0.8329902383956438,0.04148685260511664,0.1439327162728058,metrics == last10_metrics[round70],False
169,4013,84a49e454a51b607e3306b01d78b09e92a45f34f3bb167d8c0b55690afc3d118,full|adult|non-IID|GuardFed-AD2+|S-DFA|rounds=70|seed=123|clients=20|malicious=4|epochs=1|batch=256|lr=0.005|opt=adam|root=0.05+0.05|serversamp=stratified_sensitive|serveralpha=None|synth=tvae|synth_epochs=50|sensfeat=0|agg=count|fflip=invert|rw=1|foe=state|sdfafoe=fedsa|spdfafoe=fedsa|fedsa_gain=1.75|fedsa_norm=2.0|fg=server_aeod|actfb=0.12|acttemp=0.8|actkeep=1.0|actmetric=aeod_aspd|actdrop=0.005|actrisk=0.1|actviol=0.02|ad2calw=1.0|ad2calb=0.06|ad2calt=0.03|ad2calq=41|ad2clip=5.0|ad2normclip=2.5|ad2accdrop=0.03|ad2calobj=original|ad2normmode=root|ad2uw=3.0|ad2cw=0.2|ad2aw=1.5|ad2plus=fixed|suite=server_generation_ablation|tag=real5_tvae_synth5,c418efe4118f91d1fd14466cac776c28a7a1761c793b71a9e4bcb15b8940ffb5,adult,non-IID,5.0,S-DFA,123,70,tvae,real5_tvae_synth5,0.05,0.05,0.8346503751909158,0.022852070458360907,0.10230484308296912,metrics == last10_metrics[round70],False
170,4014,d70c8f5ed5d1310c7558542a36520eb582a5033052582a111bfe1c9bae42c990,full|adult|non-IID|GuardFed-AD2+|Sp-DFA|rounds=70|seed=123|clients=20|malicious=4|epochs=1|batch=256|lr=0.005|opt=adam|root=0.05+0.05|serversamp=stratified_sensitive|serveralpha=None|synth=tvae|synth_epochs=50|sensfeat=0|agg=count|fflip=invert|rw=1|foe=state|sdfafoe=fedsa|spdfafoe=fedsa|fedsa_gain=1.75|fedsa_norm=2.0|fg=server_aeod|actfb=0.12|acttemp=0.8|actkeep=1.0|actmetric=aeod_aspd|actdrop=0.005|actrisk=0.1|actviol=0.02|ad2calw=1.0|ad2calb=0.06|ad2calt=0.03|ad2calq=41|ad2clip=5.0|ad2normclip=2.5|ad2accdrop=0.03|ad2calobj=original|ad2normmode=root|ad2uw=3.0|ad2cw=0.2|ad2aw=1.5|ad2plus=fixed|suite=server_generation_ablation|tag=real5_tvae_synth5,c418efe4118f91d1fd14466cac776c28a7a1761c793b71a9e4bcb15b8940ffb5,adult,non-IID,5.0,Sp-DFA,123,70,tvae,real5_tvae_synth5,0.05,0.05,0.8173849525200877,0.11487212471246411,0.236242855129279,metrics == last10_metrics[round70],False
171,4015,4d5b80dd387f799c4ae0b471122ef05e010729846187fd912b9e98d55ff88d82,full|compas|IID|GuardFed-AD2+|Benign|rounds=70|seed=123|clients=20|malicious=4|epochs=1|batch=256|lr=0.005|opt=adam|root=0.05+0.05|serversamp=stratified_sensitive|serveralpha=None|synth=tvae|synth_epochs=50|sensfeat=0|agg=count|fflip=invert|rw=1|foe=state|sdfafoe=fedsa|spdfafoe=fedsa|fedsa_gain=1.75|fedsa_norm=2.0|fg=server_aeod|actfb=0.12|acttemp=0.8|actkeep=1.0|actmetric=aeod_aspd|actdrop=0.005|actrisk=0.1|actviol=0.02|ad2calw=1.0|ad2calb=0.06|ad2calt=0.03|ad2calq=41|ad2clip=5.0|ad2normclip=2.5|ad2accdrop=0.03|ad2calobj=original|ad2normmode=root|ad2uw=3.0|ad2cw=0.2|ad2aw=1.5|ad2plus=fixed|suite=server_generation_ablation|tag=real5_tvae_synth5,c418efe4118f91d1fd14466cac776c28a7a1761c793b71a9e4bcb15b8940ffb5,compas,IID,5000.0,Benign,123,70,tvae,real5_tvae_synth5,0.05,0.05,0.6123110151187905,0.07054125998225375,0.014971747785518935,metrics == last10_metrics[round70],False
172,4016,7fa7b100ade4dd143edb250b263b7a4e415367c1a906e94fe8f7ae2847b8ec85,full|compas|IID|GuardFed-AD2+|F Flip|rounds=70|seed=123|clients=20|malicious=4|epochs=1|batch=256|lr=0.005|opt=adam|root=0.05+0.05|serversamp=stratified_sensitive|serveralpha=None|synth=tvae|synth_epochs=50|sensfeat=0|agg=count|fflip=invert|rw=1|foe=state|sdfafoe=fedsa|spdfafoe=fedsa|fedsa_gain=1.75|fedsa_norm=2.0|fg=server_aeod|actfb=0.12|acttemp=0.8|actkeep=1.0|actmetric=aeod_aspd|actdrop=0.005|actrisk=0.1|actviol=0.02|ad2calw=1.0|ad2calb=0.06|ad2calt=0.03|ad2calq=41|ad2clip=5.0|ad2normclip=2.5|ad2accdrop=0.03|ad2calobj=original|ad2normmode=root|ad2uw=3.0|ad2cw=0.2|ad2aw=1.5|ad2plus=fixed|suite=server_generation_ablation|tag=real5_tvae_synth5,c418efe4118f91d1fd14466cac776c28a7a1761c793b71a9e4bcb15b8940ffb5,compas,IID,5000.0,F Flip,123,70,tvae,real5_tvae_synth5,0.05,0.05,0.6047516198704104,0.07323277136941733,0.01904296134097931,metrics == last10_metrics[round70],False
173,4017,4e685089f4224d46848c08bc1b05127dfc97b098651c2b637868704cd92ad393,full|compas|IID|GuardFed-AD2+|FedSA|rounds=70|seed=123|clients=20|malicious=4|epochs=1|batch=256|lr=0.005|opt=adam|root=0.05+0.05|serversamp=stratified_sensitive|serveralpha=None|synth=tvae|synth_epochs=50|sensfeat=0|agg=count|fflip=invert|rw=1|foe=state|sdfafoe=fedsa|spdfafoe=fedsa|fedsa_gain=1.75|fedsa_norm=2.0|fg=server_aeod|actfb=0.12|acttemp=0.8|actkeep=1.0|actmetric=aeod_aspd|actdrop=0.005|actrisk=0.1|actviol=0.02|ad2calw=1.0|ad2calb=0.06|ad2calt=0.03|ad2calq=41|ad2clip=5.0|ad2normclip=2.5|ad2accdrop=0.03|ad2calobj=original|ad2normmode=root|ad2uw=3.0|ad2cw=0.2|ad2aw=1.5|ad2plus=fixed|suite=server_generation_ablation|tag=real5_tvae_synth5,c418efe4118f91d1fd14466cac776c28a7a1761c793b71a9e4bcb15b8940ffb5,compas,IID,5000.0,FedSA,123,70,tvae,real5_tvae_synth5,0.05,0.05,0.5793736501079914,0.04418811002661935,0.011924173647529547,metrics == last10_metrics[round70],False
174,4018,e765626b99f66e8d071be984d27c721ea5a3482547528deb7176a0aadf001d26,full|compas|IID|GuardFed-AD2+|S-DFA|rounds=70|seed=123|clients=20|malicious=4|epochs=1|batch=256|lr=0.005|opt=adam|root=0.05+0.05|serversamp=stratified_sensitive|serveralpha=None|synth=tvae|synth_epochs=50|sensfeat=0|agg=count|fflip=invert|rw=1|foe=state|sdfafoe=fedsa|spdfafoe=fedsa|fedsa_gain=1.75|fedsa_norm=2.0|fg=server_aeod|actfb=0.12|acttemp=0.8|actkeep=1.0|actmetric=aeod_aspd|actdrop=0.005|actrisk=0.1|actviol=0.02|ad2calw=1.0|ad2calb=0.06|ad2calt=0.03|ad2calq=41|ad2clip=5.0|ad2normclip=2.5|ad2accdrop=0.03|ad2calobj=original|ad2normmode=root|ad2uw=3.0|ad2cw=0.2|ad2aw=1.5|ad2plus=fixed|suite=server_generation_ablation|tag=real5_tvae_synth5,c418efe4118f91d1fd14466cac776c28a7a1761c793b71a9e4bcb15b8940ffb5,compas,IID,5000.0,S-DFA,123,70,tvae,real5_tvae_synth5,0.05,0.05,0.6112311015118791,0.09254658385093167,0.03085975206216071,metrics == last10_metrics[round70],False
175,4019,f2c573967fa44299d0aeabddc75c29fdd841c61d32340dc894e06fe94b523bcd,full|compas|IID|GuardFed-AD2+|Sp-DFA|rounds=70|seed=123|clients=20|malicious=4|epochs=1|batch=256|lr=0.005|opt=adam|root=0.05+0.05|serversamp=stratified_sensitive|serveralpha=None|synth=tvae|synth_epochs=50|sensfeat=0|agg=count|fflip=invert|rw=1|foe=state|sdfafoe=fedsa|spdfafoe=fedsa|fedsa_gain=1.75|fedsa_norm=2.0|fg=server_aeod|actfb=0.12|acttemp=0.8|actkeep=1.0|actmetric=aeod_aspd|actdrop=0.005|actrisk=0.1|actviol=0.02|ad2calw=1.0|ad2calb=0.06|ad2calt=0.03|ad2calq=41|ad2clip=5.0|ad2normclip=2.5|ad2accdrop=0.03|ad2calobj=original|ad2normmode=root|ad2uw=3.0|ad2cw=0.2|ad2aw=1.5|ad2plus=fixed|suite=server_generation_ablation|tag=real5_tvae_synth5,c418efe4118f91d1fd14466cac776c28a7a1761c793b71a9e4bcb15b8940ffb5,compas,IID,5000.0,Sp-DFA,123,70,tvae,real5_tvae_synth5,0.05,0.05,0.6085313174946004,0.12691511387163562,0.0507967929855605,metrics == last10_metrics[round70],False
176,4020,318c61c0ad42508086788f276c0e451a0afd3ca6c5f380db16cd242d07bac09d,full|compas|non-IID|GuardFed-AD2+|Benign|rounds=70|seed=123|clients=20|malicious=4|epochs=1|batch=256|lr=0.005|opt=adam|root=0.05+0.05|serversamp=stratified_sensitive|serveralpha=None|synth=tvae|synth_epochs=50|sensfeat=0|agg=count|fflip=invert|rw=1|foe=state|sdfafoe=fedsa|spdfafoe=fedsa|fedsa_gain=1.75|fedsa_norm=2.0|fg=server_aeod|actfb=0.12|acttemp=0.8|actkeep=1.0|actmetric=aeod_aspd|actdrop=0.005|actrisk=0.1|actviol=0.02|ad2calw=1.0|ad2calb=0.06|ad2calt=0.03|ad2calq=41|ad2clip=5.0|ad2normclip=2.5|ad2accdrop=0.03|ad2calobj=original|ad2normmode=root|ad2uw=3.0|ad2cw=0.2|ad2aw=1.5|ad2plus=fixed|suite=server_generation_ablation|tag=real5_tvae_synth5,c418efe4118f91d1fd14466cac776c28a7a1761c793b71a9e4bcb15b8940ffb5,compas,non-IID,5.0,Benign,123,70,tvae,real5_tvae_synth5,0.05,0.05,0.6101511879049676,0.11895888790298731,0.04630655257619812,metrics == last10_metrics[round70],False
177,4021,087d8241850c0aa6e0e12f5aea14d2e515b99efa073395a158086b9b81a541df,full|compas|non-IID|GuardFed-AD2+|F Flip|rounds=70|seed=123|clients=20|malicious=4|epochs=1|batch=256|lr=0.005|opt=adam|root=0.05+0.05|serversamp=stratified_sensitive|serveralpha=None|synth=tvae|synth_epochs=50|sensfeat=0|agg=count|fflip=invert|rw=1|foe=state|sdfafoe=fedsa|spdfafoe=fedsa|fedsa_gain=1.75|fedsa_norm=2.0|fg=server_aeod|actfb=0.12|acttemp=0.8|actkeep=1.0|actmetric=aeod_aspd|actdrop=0.005|actrisk=0.1|actviol=0.02|ad2calw=1.0|ad2calb=0.06|ad2calt=0.03|ad2calq=41|ad2clip=5.0|ad2normclip=2.5|ad2accdrop=0.03|ad2calobj=original|ad2normmode=root|ad2uw=3.0|ad2cw=0.2|ad2aw=1.5|ad2plus=fixed|suite=server_generation_ablation|tag=real5_tvae_synth5,c418efe4118f91d1fd14466cac776c28a7a1761c793b71a9e4bcb15b8940ffb5,compas,non-IID,5.0,F Flip,123,70,tvae,real5_tvae_synth5,0.05,0.05,0.6015118790496761,0.062496302868973674,0.012620995463071355,metrics == last10_metrics[round70],False
178,4022,bd9ded8033d9ae28f177417906b976b4368fc30ed656d307cef622d0e6030974,full|compas|non-IID|GuardFed-AD2+|FedSA|rounds=70|seed=123|clients=20|malicious=4|epochs=1|batch=256|lr=0.005|opt=adam|root=0.05+0.05|serversamp=stratified_sensitive|serveralpha=None|synth=tvae|synth_epochs=50|sensfeat=0|agg=count|fflip=invert|rw=1|foe=state|sdfafoe=fedsa|spdfafoe=fedsa|fedsa_gain=1.75|fedsa_norm=2.0|fg=server_aeod|actfb=0.12|acttemp=0.8|actkeep=1.0|actmetric=aeod_aspd|actdrop=0.005|actrisk=0.1|actviol=0.02|ad2calw=1.0|ad2calb=0.06|ad2calt=0.03|ad2calq=41|ad2clip=5.0|ad2normclip=2.5|ad2accdrop=0.03|ad2calobj=original|ad2normmode=root|ad2uw=3.0|ad2cw=0.2|ad2aw=1.5|ad2plus=fixed|suite=server_generation_ablation|tag=real5_tvae_synth5,c418efe4118f91d1fd14466cac776c28a7a1761c793b71a9e4bcb15b8940ffb5,compas,non-IID,5.0,FedSA,123,70,tvae,real5_tvae_synth5,0.05,0.05,0.6004319654427646,0.06228926353149955,0.01625100525592736,metrics == last10_metrics[round70],False
179,4023,edad52d7e9d8db18b3a0416e09ef09ffa373701836960581eb4004b3a84f7b34,full|compas|non-IID|GuardFed-AD2+|S-DFA|rounds=70|seed=123|clients=20|malicious=4|epochs=1|batch=256|lr=0.005|opt=adam|root=0.05+0.05|serversamp=stratified_sensitive|serveralpha=None|synth=tvae|synth_epochs=50|sensfeat=0|agg=count|fflip=invert|rw=1|foe=state|sdfafoe=fedsa|spdfafoe=fedsa|fedsa_gain=1.75|fedsa_norm=2.0|fg=server_aeod|actfb=0.12|acttemp=0.8|actkeep=1.0|actmetric=aeod_aspd|actdrop=0.005|actrisk=0.1|actviol=0.02|ad2calw=1.0|ad2calb=0.06|ad2calt=0.03|ad2calq=41|ad2clip=5.0|ad2normclip=2.5|ad2accdrop=0.03|ad2calobj=original|ad2normmode=root|ad2uw=3.0|ad2cw=0.2|ad2aw=1.5|ad2plus=fixed|suite=server_generation_ablation|tag=real5_tvae_synth5,c418efe4118f91d1fd14466cac776c28a7a1761c793b71a9e4bcb15b8940ffb5,compas,non-IID,5.0,S-DFA,123,70,tvae,real5_tvae_synth5,0.05,0.05,0.5831533477321814,0.03161786453711919,0.0069927294755628006,metrics == last10_metrics[round70],False
180,4024,f6ef08616ac2d5612d5949534d92b9e639395b0921c452869cba7e35985f4ac4,full|compas|non-IID|GuardFed-AD2+|Sp-DFA|rounds=70|seed=123|clients=20|malicious=4|epochs=1|batch=256|lr=0.005|opt=adam|root=0.05+0.05|serversamp=stratified_sensitive|serveralpha=None|synth=tvae|synth_epochs=50|sensfeat=0|agg=count|fflip=invert|rw=1|foe=state|sdfafoe=fedsa|spdfafoe=fedsa|fedsa_gain=1.75|fedsa_norm=2.0|fg=server_aeod|actfb=0.12|acttemp=0.8|actkeep=1.0|actmetric=aeod_aspd|actdrop=0.005|actrisk=0.1|actviol=0.02|ad2calw=1.0|ad2calb=0.06|ad2calt=0.03|ad2calq=41|ad2clip=5.0|ad2normclip=2.5|ad2accdrop=0.03|ad2calobj=original|ad2normmode=root|ad2uw=3.0|ad2cw=0.2|ad2aw=1.5|ad2plus=fixed|suite=server_generation_ablation|tag=real5_tvae_synth5,c418efe4118f91d1fd14466cac776c28a7a1761c793b71a9e4bcb15b8940ffb5,compas,non-IID,5.0,Sp-DFA,123,70,tvae,real5_tvae_synth5,0.05,0.05,0.597732181425486,0.026855959775214433,0.01073829263481517,metrics == last10_metrics[round70],False
181,4025,dde4c5816dc30b997464329279b75c09fcc789b46e4ccd07a0f87fde688ea823,full|adult|IID|GuardFed-AD2+|Benign|rounds=70|seed=123|clients=20|malicious=4|epochs=1|batch=256|lr=0.005|opt=adam|root=0.05+0.05|serversamp=stratified_sensitive|serveralpha=None|synth=smote|synth_epochs=50|sensfeat=0|agg=count|fflip=invert|rw=1|foe=state|sdfafoe=fedsa|spdfafoe=fedsa|fedsa_gain=1.75|fedsa_norm=2.0|fg=server_aeod|actfb=0.12|acttemp=0.8|actkeep=1.0|actmetric=aeod_aspd|actdrop=0.005|actrisk=0.1|actviol=0.02|ad2calw=1.0|ad2calb=0.06|ad2calt=0.03|ad2calq=41|ad2clip=5.0|ad2normclip=2.5|ad2accdrop=0.03|ad2calobj=original|ad2normmode=root|ad2uw=3.0|ad2cw=0.2|ad2aw=1.5|ad2plus=fixed|suite=server_generation_ablation|tag=real5_smote_synth5,5b47d44a6faa7fa6d651300f2f2051abedfb652b2551d3321ea1037eb3ba1b8b,adult,IID,5000.0,Benign,123,70,smote,real5_smote_synth5,0.05,0.05,0.802576532306262,0.0168086043420419,0.15839590743714935,metrics == last10_metrics[round70],False
182,4026,61c0b68eef59552ad7a61ea46ef6c1ddc133975f8c3f29a71a850d1a5151a6c3,full|adult|IID|GuardFed-AD2+|F Flip|rounds=70|seed=123|clients=20|malicious=4|epochs=1|batch=256|lr=0.005|opt=adam|root=0.05+0.05|serversamp=stratified_sensitive|serveralpha=None|synth=smote|synth_epochs=50|sensfeat=0|agg=count|fflip=invert|rw=1|foe=state|sdfafoe=fedsa|spdfafoe=fedsa|fedsa_gain=1.75|fedsa_norm=2.0|fg=server_aeod|actfb=0.12|acttemp=0.8|actkeep=1.0|actmetric=aeod_aspd|actdrop=0.005|actrisk=0.1|actviol=0.02|ad2calw=1.0|ad2calb=0.06|ad2calt=0.03|ad2calq=41|ad2clip=5.0|ad2normclip=2.5|ad2accdrop=0.03|ad2calobj=original|ad2normmode=root|ad2uw=3.0|ad2cw=0.2|ad2aw=1.5|ad2plus=fixed|suite=server_generation_ablation|tag=real5_smote_synth5,5b47d44a6faa7fa6d651300f2f2051abedfb652b2551d3321ea1037eb3ba1b8b,adult,IID,5000.0,F Flip,123,70,smote,real5_smote_synth5,0.05,0.05,0.8368417557606747,0.15359486271107153,0.21391253744586114,metrics == last10_metrics[round70],False
183,4027,8b2f9c74ffcd0eb9248e2b4750bc55023bacf064d5f3b5fdd9e3c14ed99f3284,full|adult|IID|GuardFed-AD2+|FedSA|rounds=70|seed=123|clients=20|malicious=4|epochs=1|batch=256|lr=0.005|opt=adam|root=0.05+0.05|serversamp=stratified_sensitive|serveralpha=None|synth=smote|synth_epochs=50|sensfeat=0|agg=count|fflip=invert|rw=1|foe=state|sdfafoe=fedsa|spdfafoe=fedsa|fedsa_gain=1.75|fedsa_norm=2.0|fg=server_aeod|actfb=0.12|acttemp=0.8|actkeep=1.0|actmetric=aeod_aspd|actdrop=0.005|actrisk=0.1|actviol=0.02|ad2calw=1.0|ad2calb=0.06|ad2calt=0.03|ad2calq=41|ad2clip=5.0|ad2normclip=2.5|ad2accdrop=0.03|ad2calobj=original|ad2normmode=root|ad2uw=3.0|ad2cw=0.2|ad2aw=1.5|ad2plus=fixed|suite=server_generation_ablation|tag=real5_smote_synth5,5b47d44a6faa7fa6d651300f2f2051abedfb652b2551d3321ea1037eb3ba1b8b,adult,IID,5000.0,FedSA,123,70,smote,real5_smote_synth5,0.05,0.05,0.8217677136596055,0.10716699102219684,0.2042124128774242,metrics == last10_metrics[round70],False
184,4028,caf39edb577dae819561fc0b17800bc5652ac551391e6ef2219f3614e5e7cf10,full|adult|IID|GuardFed-AD2+|S-DFA|rounds=70|seed=123|clients=20|malicious=4|epochs=1|batch=256|lr=0.005|opt=adam|root=0.05+0.05|serversamp=stratified_sensitive|serveralpha=None|synth=smote|synth_epochs=50|sensfeat=0|agg=count|fflip=invert|rw=1|foe=state|sdfafoe=fedsa|spdfafoe=fedsa|fedsa_gain=1.75|fedsa_norm=2.0|fg=server_aeod|actfb=0.12|acttemp=0.8|actkeep=1.0|actmetric=aeod_aspd|actdrop=0.005|actrisk=0.1|actviol=0.02|ad2calw=1.0|ad2calb=0.06|ad2calt=0.03|ad2calq=41|ad2clip=5.0|ad2normclip=2.5|ad2accdrop=0.03|ad2calobj=original|ad2normmode=root|ad2uw=3.0|ad2cw=0.2|ad2aw=1.5|ad2plus=fixed|suite=server_generation_ablation|tag=real5_smote_synth5,5b47d44a6faa7fa6d651300f2f2051abedfb652b2551d3321ea1037eb3ba1b8b,adult,IID,5000.0,S-DFA,123,70,smote,real5_smote_synth5,0.05,0.05,0.7578192443057308,0.004877614098983685,0.036275466726401084,metrics == last10_metrics[round70],False
185,4029,589fa19863be316c006403ef46136fcb465008aeaeb7dc5e245b202606f60066,full|adult|IID|GuardFed-AD2+|Sp-DFA|rounds=70|seed=123|clients=20|malicious=4|epochs=1|batch=256|lr=0.005|opt=adam|root=0.05+0.05|serversamp=stratified_sensitive|serveralpha=None|synth=smote|synth_epochs=50|sensfeat=0|agg=count|fflip=invert|rw=1|foe=state|sdfafoe=fedsa|spdfafoe=fedsa|fedsa_gain=1.75|fedsa_norm=2.0|fg=server_aeod|actfb=0.12|acttemp=0.8|actkeep=1.0|actmetric=aeod_aspd|actdrop=0.005|actrisk=0.1|actviol=0.02|ad2calw=1.0|ad2calb=0.06|ad2calt=0.03|ad2calq=41|ad2clip=5.0|ad2normclip=2.5|ad2accdrop=0.03|ad2calobj=original|ad2normmode=root|ad2uw=3.0|ad2cw=0.2|ad2aw=1.5|ad2plus=fixed|suite=server_generation_ablation|tag=real5_smote_synth5,5b47d44a6faa7fa6d651300f2f2051abedfb652b2551d3321ea1037eb3ba1b8b,adult,IID,5000.0,Sp-DFA,123,70,smote,real5_smote_synth5,0.05,0.05,0.8382362706687031,0.1139604638503049,0.18708695103192952,metrics == last10_metrics[round70],False
186,4030,2bd992f39af73b578a82bd41118119704fe26ba4c2813e53100897b554dede7e,full|adult|non-IID|GuardFed-AD2+|Benign|rounds=70|seed=123|clients=20|malicious=4|epochs=1|batch=256|lr=0.005|opt=adam|root=0.05+0.05|serversamp=stratified_sensitive|serveralpha=None|synth=smote|synth_epochs=50|sensfeat=0|agg=count|fflip=invert|rw=1|foe=state|sdfafoe=fedsa|spdfafoe=fedsa|fedsa_gain=1.75|fedsa_norm=2.0|fg=server_aeod|actfb=0.12|acttemp=0.8|actkeep=1.0|actmetric=aeod_aspd|actdrop=0.005|actrisk=0.1|actviol=0.02|ad2calw=1.0|ad2calb=0.06|ad2calt=0.03|ad2calq=41|ad2clip=5.0|ad2normclip=2.5|ad2accdrop=0.03|ad2calobj=original|ad2normmode=root|ad2uw=3.0|ad2cw=0.2|ad2aw=1.5|ad2plus=fixed|suite=server_generation_ablation|tag=real5_smote_synth5,5b47d44a6faa7fa6d651300f2f2051abedfb652b2551d3321ea1037eb3ba1b8b,adult,non-IID,5.0,Benign,123,70,smote,real5_smote_synth5,0.05,0.05,0.8151271664785178,0.10764395644820124,0.20308330453538326,metrics == last10_metrics[round70],False
187,4031,c95210d1012c50c75a88216f422a8d7a50c0cce9a76bde8ad65e5c6152f4a11c,full|adult|non-IID|GuardFed-AD2+|F Flip|rounds=70|seed=123|clients=20|malicious=4|epochs=1|batch=256|lr=0.005|opt=adam|root=0.05+0.05|serversamp=stratified_sensitive|serveralpha=None|synth=smote|synth_epochs=50|sensfeat=0|agg=count|fflip=invert|rw=1|foe=state|sdfafoe=fedsa|spdfafoe=fedsa|fedsa_gain=1.75|fedsa_norm=2.0|fg=server_aeod|actfb=0.12|acttemp=0.8|actkeep=1.0|actmetric=aeod_aspd|actdrop=0.005|actrisk=0.1|actviol=0.02|ad2calw=1.0|ad2calb=0.06|ad2calt=0.03|ad2calq=41|ad2clip=5.0|ad2normclip=2.5|ad2accdrop=0.03|ad2calobj=original|ad2normmode=root|ad2uw=3.0|ad2cw=0.2|ad2aw=1.5|ad2plus=fixed|suite=server_generation_ablation|tag=real5_smote_synth5,5b47d44a6faa7fa6d651300f2f2051abedfb652b2551d3321ea1037eb3ba1b8b,adult,non-IID,5.0,F Flip,123,70,smote,real5_smote_synth5,0.05,0.05,0.8335214821701308,0.11296197814413045,0.21976049734932473,metrics == last10_metrics[round70],False
188,4032,12d74d0e83d1c267fe90969a774ed2684dbec53ad57e1c7fd298418a424008d6,full|adult|non-IID|GuardFed-AD2+|FedSA|rounds=70|seed=123|clients=20|malicious=4|epochs=1|batch=256|lr=0.005|opt=adam|root=0.05+0.05|serversamp=stratified_sensitive|serveralpha=None|synth=smote|synth_epochs=50|sensfeat=0|agg=count|fflip=invert|rw=1|foe=state|sdfafoe=fedsa|spdfafoe=fedsa|fedsa_gain=1.75|fedsa_norm=2.0|fg=server_aeod|actfb=0.12|acttemp=0.8|actkeep=1.0|actmetric=aeod_aspd|actdrop=0.005|actrisk=0.1|actviol=0.02|ad2calw=1.0|ad2calb=0.06|ad2calt=0.03|ad2calq=41|ad2clip=5.0|ad2normclip=2.5|ad2accdrop=0.03|ad2calobj=original|ad2normmode=root|ad2uw=3.0|ad2cw=0.2|ad2aw=1.5|ad2plus=fixed|suite=server_generation_ablation|tag=real5_smote_synth5,5b47d44a6faa7fa6d651300f2f2051abedfb652b2551d3321ea1037eb3ba1b8b,adult,non-IID,5.0,FedSA,123,70,smote,real5_smote_synth5,0.05,0.05,0.8310644797131284,0.13098270300591042,0.20717225234555342,metrics == last10_metrics[round70],False
189,4033,fec3198c9fc8374cc55210aea95297c0c2a50abffd7692b1709eef2fb0ad3f80,full|adult|non-IID|GuardFed-AD2+|S-DFA|rounds=70|seed=123|clients=20|malicious=4|epochs=1|batch=256|lr=0.005|opt=adam|root=0.05+0.05|serversamp=stratified_sensitive|serveralpha=None|synth=smote|synth_epochs=50|sensfeat=0|agg=count|fflip=invert|rw=1|foe=state|sdfafoe=fedsa|spdfafoe=fedsa|fedsa_gain=1.75|fedsa_norm=2.0|fg=server_aeod|actfb=0.12|acttemp=0.8|actkeep=1.0|actmetric=aeod_aspd|actdrop=0.005|actrisk=0.1|actviol=0.02|ad2calw=1.0|ad2calb=0.06|ad2calt=0.03|ad2calq=41|ad2clip=5.0|ad2normclip=2.5|ad2accdrop=0.03|ad2calobj=original|ad2normmode=root|ad2uw=3.0|ad2cw=0.2|ad2aw=1.5|ad2plus=fixed|suite=server_generation_ablation|tag=real5_smote_synth5,5b47d44a6faa7fa6d651300f2f2051abedfb652b2551d3321ea1037eb3ba1b8b,adult,non-IID,5.0,S-DFA,123,70,smote,real5_smote_synth5,0.05,0.05,0.8254864200810147,0.13336981500024847,0.21905169263136393,metrics == last10_metrics[round70],False
190,4034,314a8ed77f53d0a97c22c923f47fa086628ba2d2f48b64dfdeaa76192d643e28,full|adult|non-IID|GuardFed-AD2+|Sp-DFA|rounds=70|seed=123|clients=20|malicious=4|epochs=1|batch=256|lr=0.005|opt=adam|root=0.05+0.05|serversamp=stratified_sensitive|serveralpha=None|synth=smote|synth_epochs=50|sensfeat=0|agg=count|fflip=invert|rw=1|foe=state|sdfafoe=fedsa|spdfafoe=fedsa|fedsa_gain=1.75|fedsa_norm=2.0|fg=server_aeod|actfb=0.12|acttemp=0.8|actkeep=1.0|actmetric=aeod_aspd|actdrop=0.005|actrisk=0.1|actviol=0.02|ad2calw=1.0|ad2calb=0.06|ad2calt=0.03|ad2calq=41|ad2clip=5.0|ad2normclip=2.5|ad2accdrop=0.03|ad2calobj=original|ad2normmode=root|ad2uw=3.0|ad2cw=0.2|ad2aw=1.5|ad2plus=fixed|suite=server_generation_ablation|tag=real5_smote_synth5,5b47d44a6faa7fa6d651300f2f2051abedfb652b2551d3321ea1037eb3ba1b8b,adult,non-IID,5.0,Sp-DFA,123,70,smote,real5_smote_synth5,0.05,0.05,0.8387675144431901,0.1370964286999522,0.2161454568711026,metrics == last10_metrics[round70],False
191,4035,8c5c91eaabbe750c79ff5d14063a3b25522b17fd028ce220750eed34dea9f57f,full|compas|IID|GuardFed-AD2+|Benign|rounds=70|seed=123|clients=20|malicious=4|epochs=1|batch=256|lr=0.005|opt=adam|root=0.05+0.05|serversamp=stratified_sensitive|serveralpha=None|synth=smote|synth_epochs=50|sensfeat=0|agg=count|fflip=invert|rw=1|foe=state|sdfafoe=fedsa|spdfafoe=fedsa|fedsa_gain=1.75|fedsa_norm=2.0|fg=server_aeod|actfb=0.12|acttemp=0.8|actkeep=1.0|actmetric=aeod_aspd|actdrop=0.005|actrisk=0.1|actviol=0.02|ad2calw=1.0|ad2calb=0.06|ad2calt=0.03|ad2calq=41|ad2clip=5.0|ad2normclip=2.5|ad2accdrop=0.03|ad2calobj=original|ad2normmode=root|ad2uw=3.0|ad2cw=0.2|ad2aw=1.5|ad2plus=fixed|suite=server_generation_ablation|tag=real5_smote_synth5,5b47d44a6faa7fa6d651300f2f2051abedfb652b2551d3321ea1037eb3ba1b8b,compas,IID,5000.0,Benign,123,70,smote,real5_smote_synth5,0.05,0.05,0.6339092872570194,0.1815143448683822,0.06856750009045842,metrics == last10_metrics[round70],False
192,4036,75748d9d1bc221b50d521da718c967985761d0e357527db870aca4e06daa74b8,full|compas|IID|GuardFed-AD2+|F Flip|rounds=70|seed=123|clients=20|malicious=4|epochs=1|batch=256|lr=0.005|opt=adam|root=0.05+0.05|serversamp=stratified_sensitive|serveralpha=None|synth=smote|synth_epochs=50|sensfeat=0|agg=count|fflip=invert|rw=1|foe=state|sdfafoe=fedsa|spdfafoe=fedsa|fedsa_gain=1.75|fedsa_norm=2.0|fg=server_aeod|actfb=0.12|acttemp=0.8|actkeep=1.0|actmetric=aeod_aspd|actdrop=0.005|actrisk=0.1|actviol=0.02|ad2calw=1.0|ad2calb=0.06|ad2calt=0.03|ad2calq=41|ad2clip=5.0|ad2normclip=2.5|ad2accdrop=0.03|ad2calobj=original|ad2normmode=root|ad2uw=3.0|ad2cw=0.2|ad2aw=1.5|ad2plus=fixed|suite=server_generation_ablation|tag=real5_smote_synth5,5b47d44a6faa7fa6d651300f2f2051abedfb652b2551d3321ea1037eb3ba1b8b,compas,IID,5000.0,F Flip,123,70,smote,real5_smote_synth5,0.05,0.05,0.6382289416846653,0.14324164448388055,0.04935762833135102,metrics == last10_metrics[round70],False
193,4037,42d921c35ea10a3b8bf83165c45282025ce41ec14c0460090b01e2cef103e204,full|compas|IID|GuardFed-AD2+|FedSA|rounds=70|seed=123|clients=20|malicious=4|epochs=1|batch=256|lr=0.005|opt=adam|root=0.05+0.05|serversamp=stratified_sensitive|serveralpha=None|synth=smote|synth_epochs=50|sensfeat=0|agg=count|fflip=invert|rw=1|foe=state|sdfafoe=fedsa|spdfafoe=fedsa|fedsa_gain=1.75|fedsa_norm=2.0|fg=server_aeod|actfb=0.12|acttemp=0.8|actkeep=1.0|actmetric=aeod_aspd|actdrop=0.005|actrisk=0.1|actviol=0.02|ad2calw=1.0|ad2calb=0.06|ad2calt=0.03|ad2calq=41|ad2clip=5.0|ad2normclip=2.5|ad2accdrop=0.03|ad2calobj=original|ad2normmode=root|ad2uw=3.0|ad2cw=0.2|ad2aw=1.5|ad2plus=fixed|suite=server_generation_ablation|tag=real5_smote_synth5,5b47d44a6faa7fa6d651300f2f2051abedfb652b2551d3321ea1037eb3ba1b8b,compas,IID,5000.0,FedSA,123,70,smote,real5_smote_synth5,0.05,0.05,0.6063714902807775,0.041762792073351096,0.002929686360150674,metrics == last10_metrics[round70],False
194,4038,6edd8f4b940ef59e65fdc3915bfdb31c7d54d90827d2f7ad18f2d9d1f41c0afe,full|compas|IID|GuardFed-AD2+|S-DFA|rounds=70|seed=123|clients=20|malicious=4|epochs=1|batch=256|lr=0.005|opt=adam|root=0.05+0.05|serversamp=stratified_sensitive|serveralpha=None|synth=smote|synth_epochs=50|sensfeat=0|agg=count|fflip=invert|rw=1|foe=state|sdfafoe=fedsa|spdfafoe=fedsa|fedsa_gain=1.75|fedsa_norm=2.0|fg=server_aeod|actfb=0.12|acttemp=0.8|actkeep=1.0|actmetric=aeod_aspd|actdrop=0.005|actrisk=0.1|actviol=0.02|ad2calw=1.0|ad2calb=0.06|ad2calt=0.03|ad2calq=41|ad2clip=5.0|ad2normclip=2.5|ad2accdrop=0.03|ad2calobj=original|ad2normmode=root|ad2uw=3.0|ad2cw=0.2|ad2aw=1.5|ad2plus=fixed|suite=server_generation_ablation|tag=real5_smote_synth5,5b47d44a6faa7fa6d651300f2f2051abedfb652b2551d3321ea1037eb3ba1b8b,compas,IID,5000.0,S-DFA,123,70,smote,real5_smote_synth5,0.05,0.05,0.6382289416846653,0.19343389529724936,0.10932398946246674,metrics == last10_metrics[round70],False
195,4039,4b7416b65e2d0933e2cfc41f1a511744d04609a7c381e3146ef476f30707528b,full|compas|IID|GuardFed-AD2+|Sp-DFA|rounds=70|seed=123|clients=20|malicious=4|epochs=1|batch=256|lr=0.005|opt=adam|root=0.05+0.05|serversamp=stratified_sensitive|serveralpha=None|synth=smote|synth_epochs=50|sensfeat=0|agg=count|fflip=invert|rw=1|foe=state|sdfafoe=fedsa|spdfafoe=fedsa|fedsa_gain=1.75|fedsa_norm=2.0|fg=server_aeod|actfb=0.12|acttemp=0.8|actkeep=1.0|actmetric=aeod_aspd|actdrop=0.005|actrisk=0.1|actviol=0.02|ad2calw=1.0|ad2calb=0.06|ad2calt=0.03|ad2calq=41|ad2clip=5.0|ad2normclip=2.5|ad2accdrop=0.03|ad2calobj=original|ad2normmode=root|ad2uw=3.0|ad2cw=0.2|ad2aw=1.5|ad2plus=fixed|suite=server_generation_ablation|tag=real5_smote_synth5,5b47d44a6faa7fa6d651300f2f2051abedfb652b2551d3321ea1037eb3ba1b8b,compas,IID,5000.0,Sp-DFA,123,70,smote,real5_smote_synth5,0.05,0.05,0.6150107991360692,0.07320319432120675,0.0008077063590534728,metrics == last10_metrics[round70],False
196,4040,bcf4c0bed6f22a8ded0ec2d97918ec1af9f1a47da2cad7ebfc4347729dfa560f,full|compas|non-IID|GuardFed-AD2+|Benign|rounds=70|seed=123|clients=20|malicious=4|epochs=1|batch=256|lr=0.005|opt=adam|root=0.05+0.05|serversamp=stratified_sensitive|serveralpha=None|synth=smote|synth_epochs=50|sensfeat=0|agg=count|fflip=invert|rw=1|foe=state|sdfafoe=fedsa|spdfafoe=fedsa|fedsa_gain=1.75|fedsa_norm=2.0|fg=server_aeod|actfb=0.12|acttemp=0.8|actkeep=1.0|actmetric=aeod_aspd|actdrop=0.005|actrisk=0.1|actviol=0.02|ad2calw=1.0|ad2calb=0.06|ad2calt=0.03|ad2calq=41|ad2clip=5.0|ad2normclip=2.5|ad2accdrop=0.03|ad2calobj=original|ad2normmode=root|ad2uw=3.0|ad2cw=0.2|ad2aw=1.5|ad2plus=fixed|suite=server_generation_ablation|tag=real5_smote_synth5,5b47d44a6faa7fa6d651300f2f2051abedfb652b2551d3321ea1037eb3ba1b8b,compas,non-IID,5.0,Benign,123,70,smote,real5_smote_synth5,0.05,0.05,0.6322894168466523,0.10783791777580598,0.030466403734124542,metrics == last10_metrics[round70],False
197,4041,a4b44bebb6a258b4f80931b682a78d87e8393ac54f2e22a3e9ca7e58df3ea7c1,full|compas|non-IID|GuardFed-AD2+|F Flip|rounds=70|seed=123|clients=20|malicious=4|epochs=1|batch=256|lr=0.005|opt=adam|root=0.05+0.05|serversamp=stratified_sensitive|serveralpha=None|synth=smote|synth_epochs=50|sensfeat=0|agg=count|fflip=invert|rw=1|foe=state|sdfafoe=fedsa|spdfafoe=fedsa|fedsa_gain=1.75|fedsa_norm=2.0|fg=server_aeod|actfb=0.12|acttemp=0.8|actkeep=1.0|actmetric=aeod_aspd|actdrop=0.005|actrisk=0.1|actviol=0.02|ad2calw=1.0|ad2calb=0.06|ad2calt=0.03|ad2calq=41|ad2clip=5.0|ad2normclip=2.5|ad2accdrop=0.03|ad2calobj=original|ad2normmode=root|ad2uw=3.0|ad2cw=0.2|ad2aw=1.5|ad2plus=fixed|suite=server_generation_ablation|tag=real5_smote_synth5,5b47d44a6faa7fa6d651300f2f2051abedfb652b2551d3321ea1037eb3ba1b8b,compas,non-IID,5.0,F Flip,123,70,smote,real5_smote_synth5,0.05,0.05,0.6268898488120951,0.13081928423543326,0.03917609282553661,metrics == last10_metrics[round70],False
198,4042,48e29beb288901298963eba7c997b07c0c6e268dfbcdaa486374684dfd18a0df,full|compas|non-IID|GuardFed-AD2+|FedSA|rounds=70|seed=123|clients=20|malicious=4|epochs=1|batch=256|lr=0.005|opt=adam|root=0.05+0.05|serversamp=stratified_sensitive|serveralpha=None|synth=smote|synth_epochs=50|sensfeat=0|agg=count|fflip=invert|rw=1|foe=state|sdfafoe=fedsa|spdfafoe=fedsa|fedsa_gain=1.75|fedsa_norm=2.0|fg=server_aeod|actfb=0.12|acttemp=0.8|actkeep=1.0|actmetric=aeod_aspd|actdrop=0.005|actrisk=0.1|actviol=0.02|ad2calw=1.0|ad2calb=0.06|ad2calt=0.03|ad2calq=41|ad2clip=5.0|ad2normclip=2.5|ad2accdrop=0.03|ad2calobj=original|ad2normmode=root|ad2uw=3.0|ad2cw=0.2|ad2aw=1.5|ad2plus=fixed|suite=server_generation_ablation|tag=real5_smote_synth5,5b47d44a6faa7fa6d651300f2f2051abedfb652b2551d3321ea1037eb3ba1b8b,compas,non-IID,5.0,FedSA,123,70,smote,real5_smote_synth5,0.05,0.05,0.603671706263499,0.03490091688849453,0.001623583158155209,metrics == last10_metrics[round70],False
199,4043,6b608843133bb0c7732a559ffe82fee421f37c6d6875cd788e1ccd35faad9df0,full|compas|non-IID|GuardFed-AD2+|S-DFA|rounds=70|seed=123|clients=20|malicious=4|epochs=1|batch=256|lr=0.005|opt=adam|root=0.05+0.05|serversamp=stratified_sensitive|serveralpha=None|synth=smote|synth_epochs=50|sensfeat=0|agg=count|fflip=invert|rw=1|foe=state|sdfafoe=fedsa|spdfafoe=fedsa|fedsa_gain=1.75|fedsa_norm=2.0|fg=server_aeod|actfb=0.12|acttemp=0.8|actkeep=1.0|actmetric=aeod_aspd|actdrop=0.005|actrisk=0.1|actviol=0.02|ad2calw=1.0|ad2calb=0.06|ad2calt=0.03|ad2calq=41|ad2clip=5.0|ad2normclip=2.5|ad2accdrop=0.03|ad2calobj=original|ad2normmode=root|ad2uw=3.0|ad2cw=0.2|ad2aw=1.5|ad2plus=fixed|suite=server_generation_ablation|tag=real5_smote_synth5,5b47d44a6faa7fa6d651300f2f2051abedfb652b2551d3321ea1037eb3ba1b8b,compas,non-IID,5.0,S-DFA,123,70,smote,real5_smote_synth5,0.05,0.05,0.6290496760259179,0.07530316474415855,0.04948251934351677,metrics == last10_metrics[round70],False
200,4044,509da2bb2d5c95e405bc0345ac87acb357df1562f598accd2a88c9bad16a72c2,full|compas|non-IID|GuardFed-AD2+|Sp-DFA|rounds=70|seed=123|clients=20|malicious=4|epochs=1|batch=256|lr=0.005|opt=adam|root=0.05+0.05|serversamp=stratified_sensitive|serveralpha=None|synth=smote|synth_epochs=50|sensfeat=0|agg=count|fflip=invert|rw=1|foe=state|sdfafoe=fedsa|spdfafoe=fedsa|fedsa_gain=1.75|fedsa_norm=2.0|fg=server_aeod|actfb=0.12|acttemp=0.8|actkeep=1.0|actmetric=aeod_aspd|actdrop=0.005|actrisk=0.1|actviol=0.02|ad2calw=1.0|ad2calb=0.06|ad2calt=0.03|ad2calq=41|ad2clip=5.0|ad2normclip=2.5|ad2accdrop=0.03|ad2calobj=original|ad2normmode=root|ad2uw=3.0|ad2cw=0.2|ad2aw=1.5|ad2plus=fixed|suite=server_generation_ablation|tag=real5_smote_synth5,5b47d44a6faa7fa6d651300f2f2051abedfb652b2551d3321ea1037eb3ba1b8b,compas,non-IID,5.0,Sp-DFA,123,70,smote,real5_smote_synth5,0.05,0.05,0.6301295896328294,0.09656906240757174,0.014893545002200165,metrics == last10_metrics[round70],False
201,4045,504f88dad60696b06a104445515b2babc1419bf0e58dd8d4e54acce2721d8281,full|adult|IID|GuardFed-AD2+|Benign|rounds=70|seed=123|clients=20|malicious=4|epochs=1|batch=256|lr=0.005|opt=adam|root=0.05+0.05|serversamp=stratified_sensitive|serveralpha=None|synth=pca_gaussian|synth_epochs=50|sensfeat=0|agg=count|fflip=invert|rw=1|foe=state|sdfafoe=fedsa|spdfafoe=fedsa|fedsa_gain=1.75|fedsa_norm=2.0|fg=server_aeod|actfb=0.12|acttemp=0.8|actkeep=1.0|actmetric=aeod_aspd|actdrop=0.005|actrisk=0.1|actviol=0.02|ad2calw=1.0|ad2calb=0.06|ad2calt=0.03|ad2calq=41|ad2clip=5.0|ad2normclip=2.5|ad2accdrop=0.03|ad2calobj=original|ad2normmode=root|ad2uw=3.0|ad2cw=0.2|ad2aw=1.5|ad2plus=fixed|suite=server_generation_ablation|tag=real5_pca_gaussian_synth5,da38e885284dbcd0d01938ea3b6b4ccaed9ae3cfead8c26e84e441316d0892b6,adult,IID,5000.0,Benign,123,70,pca_gaussian,real5_pca_gaussian_synth5,0.05,0.05,0.7896938707749519,0.02619939668157731,0.026226677321607283,metrics == last10_metrics[round70],False
202,4046,0a439da3042f4086cbfb3b745d7dd20e846ae0bd1bdb984728e05f792c652a66,full|adult|IID|GuardFed-AD2+|F Flip|rounds=70|seed=123|clients=20|malicious=4|epochs=1|batch=256|lr=0.005|opt=adam|root=0.05+0.05|serversamp=stratified_sensitive|serveralpha=None|synth=pca_gaussian|synth_epochs=50|sensfeat=0|agg=count|fflip=invert|rw=1|foe=state|sdfafoe=fedsa|spdfafoe=fedsa|fedsa_gain=1.75|fedsa_norm=2.0|fg=server_aeod|actfb=0.12|acttemp=0.8|actkeep=1.0|actmetric=aeod_aspd|actdrop=0.005|actrisk=0.1|actviol=0.02|ad2calw=1.0|ad2calb=0.06|ad2calt=0.03|ad2calq=41|ad2clip=5.0|ad2normclip=2.5|ad2accdrop=0.03|ad2calobj=original|ad2normmode=root|ad2uw=3.0|ad2cw=0.2|ad2aw=1.5|ad2plus=fixed|suite=server_generation_ablation|tag=real5_pca_gaussian_synth5,da38e885284dbcd0d01938ea3b6b4ccaed9ae3cfead8c26e84e441316d0892b6,adult,IID,5000.0,F Flip,123,70,pca_gaussian,real5_pca_gaussian_synth5,0.05,0.05,0.7796002390596986,0.038540520069391335,0.014422767709495507,metrics == last10_metrics[round70],False
203,4047,9d85a533ac065550ff3c2a40d055d44bafd0f297901211e351df0b6dba93a19c,full|adult|IID|GuardFed-AD2+|FedSA|rounds=70|seed=123|clients=20|malicious=4|epochs=1|batch=256|lr=0.005|opt=adam|root=0.05+0.05|serversamp=stratified_sensitive|serveralpha=None|synth=pca_gaussian|synth_epochs=50|sensfeat=0|agg=count|fflip=invert|rw=1|foe=state|sdfafoe=fedsa|spdfafoe=fedsa|fedsa_gain=1.75|fedsa_norm=2.0|fg=server_aeod|actfb=0.12|acttemp=0.8|actkeep=1.0|actmetric=aeod_aspd|actdrop=0.005|actrisk=0.1|actviol=0.02|ad2calw=1.0|ad2calb=0.06|ad2calt=0.03|ad2calq=41|ad2clip=5.0|ad2normclip=2.5|ad2accdrop=0.03|ad2calobj=original|ad2normmode=root|ad2uw=3.0|ad2cw=0.2|ad2aw=1.5|ad2plus=fixed|suite=server_generation_ablation|tag=real5_pca_gaussian_synth5,da38e885284dbcd0d01938ea3b6b4ccaed9ae3cfead8c26e84e441316d0892b6,adult,IID,5000.0,FedSA,123,70,pca_gaussian,real5_pca_gaussian_synth5,0.05,0.05,0.7702370675343648,0.004793645335363819,0.012056922323051493,metrics == last10_metrics[round70],False
204,4048,995be317b230cc0c5dbb99bccde0d3d949da8ed9c41fb93b85095e784760969a,full|adult|IID|GuardFed-AD2+|S-DFA|rounds=70|seed=123|clients=20|malicious=4|epochs=1|batch=256|lr=0.005|opt=adam|root=0.05+0.05|serversamp=stratified_sensitive|serveralpha=None|synth=pca_gaussian|synth_epochs=50|sensfeat=0|agg=count|fflip=invert|rw=1|foe=state|sdfafoe=fedsa|spdfafoe=fedsa|fedsa_gain=1.75|fedsa_norm=2.0|fg=server_aeod|actfb=0.12|acttemp=0.8|actkeep=1.0|actmetric=aeod_aspd|actdrop=0.005|actrisk=0.1|actviol=0.02|ad2calw=1.0|ad2calb=0.06|ad2calt=0.03|ad2calq=41|ad2clip=5.0|ad2normclip=2.5|ad2accdrop=0.03|ad2calobj=original|ad2normmode=root|ad2uw=3.0|ad2cw=0.2|ad2aw=1.5|ad2plus=fixed|suite=server_generation_ablation|tag=real5_pca_gaussian_synth5,da38e885284dbcd0d01938ea3b6b4ccaed9ae3cfead8c26e84e441316d0892b6,adult,IID,5000.0,S-DFA,123,70,pca_gaussian,real5_pca_gaussian_synth5,0.05,0.05,0.7701042565907431,0.045904637760467396,0.006224830882508414,metrics == last10_metrics[round70],False
205,4049,67fbab89a1f65194275418525459b5f8f10a7ccba66a922e3b05ed4a3fe1d6ad,full|adult|IID|GuardFed-AD2+|Sp-DFA|rounds=70|seed=123|clients=20|malicious=4|epochs=1|batch=256|lr=0.005|opt=adam|root=0.05+0.05|serversamp=stratified_sensitive|serveralpha=None|synth=pca_gaussian|synth_epochs=50|sensfeat=0|agg=count|fflip=invert|rw=1|foe=state|sdfafoe=fedsa|spdfafoe=fedsa|fedsa_gain=1.75|fedsa_norm=2.0|fg=server_aeod|actfb=0.12|acttemp=0.8|actkeep=1.0|actmetric=aeod_aspd|actdrop=0.005|actrisk=0.1|actviol=0.02|ad2calw=1.0|ad2calb=0.06|ad2calt=0.03|ad2calq=41|ad2clip=5.0|ad2normclip=2.5|ad2accdrop=0.03|ad2calobj=original|ad2normmode=root|ad2uw=3.0|ad2cw=0.2|ad2aw=1.5|ad2plus=fixed|suite=server_generation_ablation|tag=real5_pca_gaussian_synth5,da38e885284dbcd0d01938ea3b6b4ccaed9ae3cfead8c26e84e441316d0892b6,adult,IID,5000.0,Sp-DFA,123,70,pca_gaussian,real5_pca_gaussian_synth5,0.05,0.05,0.8057639949531842,0.048582498739040525,0.038472416298271576,metrics == last10_metrics[round70],False
206,4050,63da367a5c4ec502b223828926a257e6a173d92944acf231986428cd7a81b152,full|adult|non-IID|GuardFed-AD2+|Benign|rounds=70|seed=123|clients=20|malicious=4|epochs=1|batch=256|lr=0.005|opt=adam|root=0.05+0.05|serversamp=stratified_sensitive|serveralpha=None|synth=pca_gaussian|synth_epochs=50|sensfeat=0|agg=count|fflip=invert|rw=1|foe=state|sdfafoe=fedsa|spdfafoe=fedsa|fedsa_gain=1.75|fedsa_norm=2.0|fg=server_aeod|actfb=0.12|acttemp=0.8|actkeep=1.0|actmetric=aeod_aspd|actdrop=0.005|actrisk=0.1|actviol=0.02|ad2calw=1.0|ad2calb=0.06|ad2calt=0.03|ad2calq=41|ad2clip=5.0|ad2normclip=2.5|ad2accdrop=0.03|ad2calobj=original|ad2normmode=root|ad2uw=3.0|ad2cw=0.2|ad2aw=1.5|ad2plus=fixed|suite=server_generation_ablation|tag=real5_pca_gaussian_synth5,da38e885284dbcd0d01938ea3b6b4ccaed9ae3cfead8c26e84e441316d0892b6,adult,non-IID,5.0,Benign,123,70,pca_gaussian,real5_pca_gaussian_synth5,0.05,0.05,0.7674480377183079,0.0251335074780753,0.006918910629819896,metrics == last10_metrics[round70],False
207,4051,604dd13161041038d4509ca148a933080e6fb447d8e02e7c4485b1d4a112bb54,full|adult|non-IID|GuardFed-AD2+|F Flip|rounds=70|seed=123|clients=20|malicious=4|epochs=1|batch=256|lr=0.005|opt=adam|root=0.05+0.05|serversamp=stratified_sensitive|serveralpha=None|synth=pca_gaussian|synth_epochs=50|sensfeat=0|agg=count|fflip=invert|rw=1|foe=state|sdfafoe=fedsa|spdfafoe=fedsa|fedsa_gain=1.75|fedsa_norm=2.0|fg=server_aeod|actfb=0.12|acttemp=0.8|actkeep=1.0|actmetric=aeod_aspd|actdrop=0.005|actrisk=0.1|actviol=0.02|ad2calw=1.0|ad2calb=0.06|ad2calt=0.03|ad2calq=41|ad2clip=5.0|ad2normclip=2.5|ad2accdrop=0.03|ad2calobj=original|ad2normmode=root|ad2uw=3.0|ad2cw=0.2|ad2aw=1.5|ad2plus=fixed|suite=server_generation_ablation|tag=real5_pca_gaussian_synth5,da38e885284dbcd0d01938ea3b6b4ccaed9ae3cfead8c26e84e441316d0892b6,adult,non-IID,5.0,F Flip,123,70,pca_gaussian,real5_pca_gaussian_synth5,0.05,0.05,0.8039046417424796,0.014913309391763413,0.04773261732260794,metrics == last10_metrics[round70],False
208,4052,8681b610dadf29e82fbe862194980f74721d6c00ede262d477f481f3809b1224,full|adult|non-IID|GuardFed-AD2+|FedSA|rounds=70|seed=123|clients=20|malicious=4|epochs=1|batch=256|lr=0.005|opt=adam|root=0.05+0.05|serversamp=stratified_sensitive|serveralpha=None|synth=pca_gaussian|synth_epochs=50|sensfeat=0|agg=count|fflip=invert|rw=1|foe=state|sdfafoe=fedsa|spdfafoe=fedsa|fedsa_gain=1.75|fedsa_norm=2.0|fg=server_aeod|actfb=0.12|acttemp=0.8|actkeep=1.0|actmetric=aeod_aspd|actdrop=0.005|actrisk=0.1|actviol=0.02|ad2calw=1.0|ad2calb=0.06|ad2calt=0.03|ad2calq=41|ad2clip=5.0|ad2normclip=2.5|ad2accdrop=0.03|ad2calobj=original|ad2normmode=root|ad2uw=3.0|ad2cw=0.2|ad2aw=1.5|ad2plus=fixed|suite=server_generation_ablation|tag=real5_pca_gaussian_synth5,da38e885284dbcd0d01938ea3b6b4ccaed9ae3cfead8c26e84e441316d0892b6,adult,non-IID,5.0,FedSA,123,70,pca_gaussian,real5_pca_gaussian_synth5,0.05,0.05,0.7861079752971645,0.04197124384014861,0.01885839429049896,metrics == last10_metrics[round70],False
209,4053,ebd0931fceed9a8595e0753d23c213dff58f66bd9bc61886062ada10b6d995c3,full|adult|non-IID|GuardFed-AD2+|S-DFA|rounds=70|seed=123|clients=20|malicious=4|epochs=1|batch=256|lr=0.005|opt=adam|root=0.05+0.05|serversamp=stratified_sensitive|serveralpha=None|synth=pca_gaussian|synth_epochs=50|sensfeat=0|agg=count|fflip=invert|rw=1|foe=state|sdfafoe=fedsa|spdfafoe=fedsa|fedsa_gain=1.75|fedsa_norm=2.0|fg=server_aeod|actfb=0.12|acttemp=0.8|actkeep=1.0|actmetric=aeod_aspd|actdrop=0.005|actrisk=0.1|actviol=0.02|ad2calw=1.0|ad2calb=0.06|ad2calt=0.03|ad2calq=41|ad2clip=5.0|ad2normclip=2.5|ad2accdrop=0.03|ad2calobj=original|ad2normmode=root|ad2uw=3.0|ad2cw=0.2|ad2aw=1.5|ad2plus=fixed|suite=server_generation_ablation|tag=real5_pca_gaussian_synth5,da38e885284dbcd0d01938ea3b6b4ccaed9ae3cfead8c26e84e441316d0892b6,adult,non-IID,5.0,S-DFA,123,70,pca_gaussian,real5_pca_gaussian_synth5,0.05,0.05,0.7772096420745069,0.04440405312081047,0.01212149954446879,metrics == last10_metrics[round70],False
210,4054,7832b5f78f55faf8070b8fc988932fdf44d9c5c796e808b4e092dfb742a6793b,full|adult|non-IID|GuardFed-AD2+|Sp-DFA|rounds=70|seed=123|clients=20|malicious=4|epochs=1|batch=256|lr=0.005|opt=adam|root=0.05+0.05|serversamp=stratified_sensitive|serveralpha=None|synth=pca_gaussian|synth_epochs=50|sensfeat=0|agg=count|fflip=invert|rw=1|foe=state|sdfafoe=fedsa|spdfafoe=fedsa|fedsa_gain=1.75|fedsa_norm=2.0|fg=server_aeod|actfb=0.12|acttemp=0.8|actkeep=1.0|actmetric=aeod_aspd|actdrop=0.005|actrisk=0.1|actviol=0.02|ad2calw=1.0|ad2calb=0.06|ad2calt=0.03|ad2calq=41|ad2clip=5.0|ad2normclip=2.5|ad2accdrop=0.03|ad2calobj=original|ad2normmode=root|ad2uw=3.0|ad2cw=0.2|ad2aw=1.5|ad2plus=fixed|suite=server_generation_ablation|tag=real5_pca_gaussian_synth5,da38e885284dbcd0d01938ea3b6b4ccaed9ae3cfead8c26e84e441316d0892b6,adult,non-IID,5.0,Sp-DFA,123,70,pca_gaussian,real5_pca_gaussian_synth5,0.05,0.05,0.7702370675343648,0.03438263823000701,0.008431690720728734,metrics == last10_metrics[round70],False
211,4055,8791014d4473286d872a62cae921f6e37fd5cc9188aa0f3b065934db21306105,full|compas|IID|GuardFed-AD2+|Benign|rounds=70|seed=123|clients=20|malicious=4|epochs=1|batch=256|lr=0.005|opt=adam|root=0.05+0.05|serversamp=stratified_sensitive|serveralpha=None|synth=pca_gaussian|synth_epochs=50|sensfeat=0|agg=count|fflip=invert|rw=1|foe=state|sdfafoe=fedsa|spdfafoe=fedsa|fedsa_gain=1.75|fedsa_norm=2.0|fg=server_aeod|actfb=0.12|acttemp=0.8|actkeep=1.0|actmetric=aeod_aspd|actdrop=0.005|actrisk=0.1|actviol=0.02|ad2calw=1.0|ad2calb=0.06|ad2calt=0.03|ad2calq=41|ad2clip=5.0|ad2normclip=2.5|ad2accdrop=0.03|ad2calobj=original|ad2normmode=root|ad2uw=3.0|ad2cw=0.2|ad2aw=1.5|ad2plus=fixed|suite=server_generation_ablation|tag=real5_pca_gaussian_synth5,da38e885284dbcd0d01938ea3b6b4ccaed9ae3cfead8c26e84e441316d0892b6,compas,IID,5000.0,Benign,123,70,pca_gaussian,real5_pca_gaussian_synth5,0.05,0.05,0.6414686825053996,0.11996450754214727,0.020896484026206086,metrics == last10_metrics[round70],False
212,4056,dd8f9181dc000b0dcd7c454d9674ec61e856b6690aeb05dedfece2289c10ac09,full|compas|IID|GuardFed-AD2+|F Flip|rounds=70|seed=123|clients=20|malicious=4|epochs=1|batch=256|lr=0.005|opt=adam|root=0.05+0.05|serversamp=stratified_sensitive|serveralpha=None|synth=pca_gaussian|synth_epochs=50|sensfeat=0|agg=count|fflip=invert|rw=1|foe=state|sdfafoe=fedsa|spdfafoe=fedsa|fedsa_gain=1.75|fedsa_norm=2.0|fg=server_aeod|actfb=0.12|acttemp=0.8|actkeep=1.0|actmetric=aeod_aspd|actdrop=0.005|actrisk=0.1|actviol=0.02|ad2calw=1.0|ad2calb=0.06|ad2calt=0.03|ad2calq=41|ad2clip=5.0|ad2normclip=2.5|ad2accdrop=0.03|ad2calobj=original|ad2normmode=root|ad2uw=3.0|ad2cw=0.2|ad2aw=1.5|ad2plus=fixed|suite=server_generation_ablation|tag=real5_pca_gaussian_synth5,da38e885284dbcd0d01938ea3b6b4ccaed9ae3cfead8c26e84e441316d0892b6,compas,IID,5000.0,F Flip,123,70,pca_gaussian,real5_pca_gaussian_synth5,0.05,0.05,0.6430885529157667,0.10771960958296362,0.017937617523026056,metrics == last10_metrics[round70],False
213,4057,d84945419655ff3612bbffd8e29d200214f17a330590452bd9b3f5bc5dadfbb2,full|compas|IID|GuardFed-AD2+|FedSA|rounds=70|seed=123|clients=20|malicious=4|epochs=1|batch=256|lr=0.005|opt=adam|root=0.05+0.05|serversamp=stratified_sensitive|serveralpha=None|synth=pca_gaussian|synth_epochs=50|sensfeat=0|agg=count|fflip=invert|rw=1|foe=state|sdfafoe=fedsa|spdfafoe=fedsa|fedsa_gain=1.75|fedsa_norm=2.0|fg=server_aeod|actfb=0.12|acttemp=0.8|actkeep=1.0|actmetric=aeod_aspd|actdrop=0.005|actrisk=0.1|actviol=0.02|ad2calw=1.0|ad2calb=0.06|ad2calt=0.03|ad2calq=41|ad2clip=5.0|ad2normclip=2.5|ad2accdrop=0.03|ad2calobj=original|ad2normmode=root|ad2uw=3.0|ad2cw=0.2|ad2aw=1.5|ad2plus=fixed|suite=server_generation_ablation|tag=real5_pca_gaussian_synth5,da38e885284dbcd0d01938ea3b6b4ccaed9ae3cfead8c26e84e441316d0892b6,compas,IID,5000.0,FedSA,123,70,pca_gaussian,real5_pca_gaussian_synth5,0.05,0.05,0.6409287257019438,0.1141674060928719,0.028367767847450903,metrics == last10_metrics[round70],False
214,4058,74ae2cba045dec2637b8ca4ac7682096b06690e2a9dc525c82a92634a917de81,full|compas|IID|GuardFed-AD2+|S-DFA|rounds=70|seed=123|clients=20|malicious=4|epochs=1|batch=256|lr=0.005|opt=adam|root=0.05+0.05|serversamp=stratified_sensitive|serveralpha=None|synth=pca_gaussian|synth_epochs=50|sensfeat=0|agg=count|fflip=invert|rw=1|foe=state|sdfafoe=fedsa|spdfafoe=fedsa|fedsa_gain=1.75|fedsa_norm=2.0|fg=server_aeod|actfb=0.12|acttemp=0.8|actkeep=1.0|actmetric=aeod_aspd|actdrop=0.005|actrisk=0.1|actviol=0.02|ad2calw=1.0|ad2calb=0.06|ad2calt=0.03|ad2calq=41|ad2clip=5.0|ad2normclip=2.5|ad2accdrop=0.03|ad2calobj=original|ad2normmode=root|ad2uw=3.0|ad2cw=0.2|ad2aw=1.5|ad2plus=fixed|suite=server_generation_ablation|tag=real5_pca_gaussian_synth5,da38e885284dbcd0d01938ea3b6b4ccaed9ae3cfead8c26e84e441316d0892b6,compas,IID,5000.0,S-DFA,123,70,pca_gaussian,real5_pca_gaussian_synth5,0.05,0.05,0.6452483801295896,0.15356403430937593,0.039995471241801805,metrics == last10_metrics[round70],False
215,4059,a87faa6df0a5a663677d9862516abd293b4798e16bdbed172a0731675c8a225d,full|compas|IID|GuardFed-AD2+|Sp-DFA|rounds=70|seed=123|clients=20|malicious=4|epochs=1|batch=256|lr=0.005|opt=adam|root=0.05+0.05|serversamp=stratified_sensitive|serveralpha=None|synth=pca_gaussian|synth_epochs=50|sensfeat=0|agg=count|fflip=invert|rw=1|foe=state|sdfafoe=fedsa|spdfafoe=fedsa|fedsa_gain=1.75|fedsa_norm=2.0|fg=server_aeod|actfb=0.12|acttemp=0.8|actkeep=1.0|actmetric=aeod_aspd|actdrop=0.005|actrisk=0.1|actviol=0.02|ad2calw=1.0|ad2calb=0.06|ad2calt=0.03|ad2calq=41|ad2clip=5.0|ad2normclip=2.5|ad2accdrop=0.03|ad2calobj=original|ad2normmode=root|ad2uw=3.0|ad2cw=0.2|ad2aw=1.5|ad2plus=fixed|suite=server_generation_ablation|tag=real5_pca_gaussian_synth5,da38e885284dbcd0d01938ea3b6b4ccaed9ae3cfead8c26e84e441316d0892b6,compas,IID,5000.0,Sp-DFA,123,70,pca_gaussian,real5_pca_gaussian_synth5,0.05,0.05,0.6430885529157667,0.16515823720792666,0.0490203058779313,metrics == last10_metrics[round70],False
216,4060,205efbd56f88cd4ea82672f51e27a017a60381df6d57961cd5d0b3581b3843e1,full|compas|non-IID|GuardFed-AD2+|Benign|rounds=70|seed=123|clients=20|malicious=4|epochs=1|batch=256|lr=0.005|opt=adam|root=0.05+0.05|serversamp=stratified_sensitive|serveralpha=None|synth=pca_gaussian|synth_epochs=50|sensfeat=0|agg=count|fflip=invert|rw=1|foe=state|sdfafoe=fedsa|spdfafoe=fedsa|fedsa_gain=1.75|fedsa_norm=2.0|fg=server_aeod|actfb=0.12|acttemp=0.8|actkeep=1.0|actmetric=aeod_aspd|actdrop=0.005|actrisk=0.1|actviol=0.02|ad2calw=1.0|ad2calb=0.06|ad2calt=0.03|ad2calq=41|ad2clip=5.0|ad2normclip=2.5|ad2accdrop=0.03|ad2calobj=original|ad2normmode=root|ad2uw=3.0|ad2cw=0.2|ad2aw=1.5|ad2plus=fixed|suite=server_generation_ablation|tag=real5_pca_gaussian_synth5,da38e885284dbcd0d01938ea3b6b4ccaed9ae3cfead8c26e84e441316d0892b6,compas,non-IID,5.0,Benign,123,70,pca_gaussian,real5_pca_gaussian_synth5,0.05,0.05,0.6295896328293736,0.12265601892931083,0.029543144008674666,metrics == last10_metrics[round70],False
217,4061,9331d0a5e7d504de178eca0bbccc4879f0b63bdca4b465dc4b938ce2dc2d7b0b,full|compas|non-IID|GuardFed-AD2+|F Flip|rounds=70|seed=123|clients=20|malicious=4|epochs=1|batch=256|lr=0.005|opt=adam|root=0.05+0.05|serversamp=stratified_sensitive|serveralpha=None|synth=pca_gaussian|synth_epochs=50|sensfeat=0|agg=count|fflip=invert|rw=1|foe=state|sdfafoe=fedsa|spdfafoe=fedsa|fedsa_gain=1.75|fedsa_norm=2.0|fg=server_aeod|actfb=0.12|acttemp=0.8|actkeep=1.0|actmetric=aeod_aspd|actdrop=0.005|actrisk=0.1|actviol=0.02|ad2calw=1.0|ad2calb=0.06|ad2calt=0.03|ad2calq=41|ad2clip=5.0|ad2normclip=2.5|ad2accdrop=0.03|ad2calobj=original|ad2normmode=root|ad2uw=3.0|ad2cw=0.2|ad2aw=1.5|ad2plus=fixed|suite=server_generation_ablation|tag=real5_pca_gaussian_synth5,da38e885284dbcd0d01938ea3b6b4ccaed9ae3cfead8c26e84e441316d0892b6,compas,non-IID,5.0,F Flip,123,70,pca_gaussian,real5_pca_gaussian_synth5,0.05,0.05,0.6301295896328294,0.1102040816326531,0.02156762731588205,metrics == last10_metrics[round70],False
218,4062,065bd2fb667ded05fad6f89e29a5474c2f92013e049c86e29892c813236ad889,full|compas|non-IID|GuardFed-AD2+|FedSA|rounds=70|seed=123|clients=20|malicious=4|epochs=1|batch=256|lr=0.005|opt=adam|root=0.05+0.05|serversamp=stratified_sensitive|serveralpha=None|synth=pca_gaussian|synth_epochs=50|sensfeat=0|agg=count|fflip=invert|rw=1|foe=state|sdfafoe=fedsa|spdfafoe=fedsa|fedsa_gain=1.75|fedsa_norm=2.0|fg=server_aeod|actfb=0.12|acttemp=0.8|actkeep=1.0|actmetric=aeod_aspd|actdrop=0.005|actrisk=0.1|actviol=0.02|ad2calw=1.0|ad2calb=0.06|ad2calt=0.03|ad2calq=41|ad2clip=5.0|ad2normclip=2.5|ad2accdrop=0.03|ad2calobj=original|ad2normmode=root|ad2uw=3.0|ad2cw=0.2|ad2aw=1.5|ad2plus=fixed|suite=server_generation_ablation|tag=real5_pca_gaussian_synth5,da38e885284dbcd0d01938ea3b6b4ccaed9ae3cfead8c26e84e441316d0892b6,compas,non-IID,5.0,FedSA,123,70,pca_gaussian,real5_pca_gaussian_synth5,0.05,0.05,0.6420086393088553,0.07024548950014792,0.014487357411231083,metrics == last10_metrics[round70],False
219,4063,96a39c6d6fd8baf1de906e7306718dcc5cc577991c4fadde395824528483d98a,full|compas|non-IID|GuardFed-AD2+|S-DFA|rounds=70|seed=123|clients=20|malicious=4|epochs=1|batch=256|lr=0.005|opt=adam|root=0.05+0.05|serversamp=stratified_sensitive|serveralpha=None|synth=pca_gaussian|synth_epochs=50|sensfeat=0|agg=count|fflip=invert|rw=1|foe=state|sdfafoe=fedsa|spdfafoe=fedsa|fedsa_gain=1.75|fedsa_norm=2.0|fg=server_aeod|actfb=0.12|acttemp=0.8|actkeep=1.0|actmetric=aeod_aspd|actdrop=0.005|actrisk=0.1|actviol=0.02|ad2calw=1.0|ad2calb=0.06|ad2calt=0.03|ad2calq=41|ad2clip=5.0|ad2normclip=2.5|ad2accdrop=0.03|ad2calobj=original|ad2normmode=root|ad2uw=3.0|ad2cw=0.2|ad2aw=1.5|ad2plus=fixed|suite=server_generation_ablation|tag=real5_pca_gaussian_synth5,da38e885284dbcd0d01938ea3b6b4ccaed9ae3cfead8c26e84e441316d0892b6,compas,non-IID,5.0,S-DFA,123,70,pca_gaussian,real5_pca_gaussian_synth5,0.05,0.05,0.6387688984881209,0.12661934338952974,0.033195330710233034,metrics == last10_metrics[round70],False
220,4064,d660997ebce13e8fd5adefd91e67cc78b34ff77660ecad057ce0ab1752171217,full|compas|non-IID|GuardFed-AD2+|Sp-DFA|rounds=70|seed=123|clients=20|malicious=4|epochs=1|batch=256|lr=0.005|opt=adam|root=0.05+0.05|serversamp=stratified_sensitive|serveralpha=None|synth=pca_gaussian|synth_epochs=50|sensfeat=0|agg=count|fflip=invert|rw=1|foe=state|sdfafoe=fedsa|spdfafoe=fedsa|fedsa_gain=1.75|fedsa_norm=2.0|fg=server_aeod|actfb=0.12|acttemp=0.8|actkeep=1.0|actmetric=aeod_aspd|actdrop=0.005|actrisk=0.1|actviol=0.02|ad2calw=1.0|ad2calb=0.06|ad2calt=0.03|ad2calq=41|ad2clip=5.0|ad2normclip=2.5|ad2accdrop=0.03|ad2calobj=original|ad2normmode=root|ad2uw=3.0|ad2cw=0.2|ad2aw=1.5|ad2plus=fixed|suite=server_generation_ablation|tag=real5_pca_gaussian_synth5,da38e885284dbcd0d01938ea3b6b4ccaed9ae3cfead8c26e84e441316d0892b6,compas,non-IID,5.0,Sp-DFA,123,70,pca_gaussian,real5_pca_gaussian_synth5,0.05,0.05,0.6328293736501079,0.14004732327713693,0.04054055631359085,metrics == last10_metrics[round70],False
221,4066,2b4256fd91a7aafe699bd299b8aa5d489f8fb6566697b1d93310997bcab5509e,full|adult|IID|GuardFed-AD2+|Benign|rounds=70|seed=123|clients=20|malicious=4|epochs=1|batch=256|lr=0.005|opt=adam|root=0.01+0.09|serversamp=stratified_sensitive|serveralpha=None|synth=forest_diffusion|synth_epochs=50|sensfeat=0|agg=count|fflip=invert|rw=1|foe=state|sdfafoe=fedsa|spdfafoe=fedsa|fedsa_gain=1.75|fedsa_norm=2.0|fg=server_aeod|actfb=0.12|acttemp=0.8|actkeep=1.0|actmetric=aeod_aspd|actdrop=0.005|actrisk=0.1|actviol=0.02|ad2calw=1.0|ad2calb=0.06|ad2calt=0.03|ad2calq=41|ad2clip=5.0|ad2normclip=2.5|ad2accdrop=0.03|ad2calobj=original|ad2normmode=root|ad2uw=3.0|ad2cw=0.2|ad2aw=1.5|ad2plus=fixed|suite=server_generation_ablation|tag=real1_forest_diffusion_synth9,63c6c9c4ff659472fdde9bbefe4952831f36597882e25f9af4ce150bfc3337b8,adult,IID,5000.0,Benign,123,70,forest_diffusion,real1_forest_diffusion_synth9,0.01,0.09,0.7797330500033203,0.06337985126675734,0.010823214530103518,metrics == last10_metrics[round70],False
222,4067,f59045c6262b8ac1a3ea79e009457c1c1d48fe6248a9c2bf86ca4c2b87b27dc5,full|adult|IID|GuardFed-AD2+|F Flip|rounds=70|seed=123|clients=20|malicious=4|epochs=1|batch=256|lr=0.005|opt=adam|root=0.01+0.09|serversamp=stratified_sensitive|serveralpha=None|synth=forest_diffusion|synth_epochs=50|sensfeat=0|agg=count|fflip=invert|rw=1|foe=state|sdfafoe=fedsa|spdfafoe=fedsa|fedsa_gain=1.75|fedsa_norm=2.0|fg=server_aeod|actfb=0.12|acttemp=0.8|actkeep=1.0|actmetric=aeod_aspd|actdrop=0.005|actrisk=0.1|actviol=0.02|ad2calw=1.0|ad2calb=0.06|ad2calt=0.03|ad2calq=41|ad2clip=5.0|ad2normclip=2.5|ad2accdrop=0.03|ad2calobj=original|ad2normmode=root|ad2uw=3.0|ad2cw=0.2|ad2aw=1.5|ad2plus=fixed|suite=server_generation_ablation|tag=real1_forest_diffusion_synth9,63c6c9c4ff659472fdde9bbefe4952831f36597882e25f9af4ce150bfc3337b8,adult,IID,5000.0,F Flip,123,70,forest_diffusion,real1_forest_diffusion_synth9,0.01,0.09,0.7784713460389137,0.06169819113004249,0.00960838439026324,metrics == last10_metrics[round70],False
223,4068,00fd063d06247997383b7df4cb06daafdb1569a78196ff89ede528ff703742fe,full|adult|IID|GuardFed-AD2+|FedSA|rounds=70|seed=123|clients=20|malicious=4|epochs=1|batch=256|lr=0.005|opt=adam|root=0.01+0.09|serversamp=stratified_sensitive|serveralpha=None|synth=forest_diffusion|synth_epochs=50|sensfeat=0|agg=count|fflip=invert|rw=1|foe=state|sdfafoe=fedsa|spdfafoe=fedsa|fedsa_gain=1.75|fedsa_norm=2.0|fg=server_aeod|actfb=0.12|acttemp=0.8|actkeep=1.0|actmetric=aeod_aspd|actdrop=0.005|actrisk=0.1|actviol=0.02|ad2calw=1.0|ad2calb=0.06|ad2calt=0.03|ad2calq=41|ad2clip=5.0|ad2normclip=2.5|ad2accdrop=0.03|ad2calobj=original|ad2normmode=root|ad2uw=3.0|ad2cw=0.2|ad2aw=1.5|ad2plus=fixed|suite=server_generation_ablation|tag=real1_forest_diffusion_synth9,63c6c9c4ff659472fdde9bbefe4952831f36597882e25f9af4ce150bfc3337b8,adult,IID,5000.0,FedSA,123,70,forest_diffusion,real1_forest_diffusion_synth9,0.01,0.09,0.7626004382761139,0.008521401467225624,0.00556888760550271,metrics == last10_metrics[round70],False
224,4069,da1a3bc37029a34a31a0231c80962ea7e698c6990eecf3d6e1b9eff95e2330b0,full|adult|IID|GuardFed-AD2+|S-DFA|rounds=70|seed=123|clients=20|malicious=4|epochs=1|batch=256|lr=0.005|opt=adam|root=0.01+0.09|serversamp=stratified_sensitive|serveralpha=None|synth=forest_diffusion|synth_epochs=50|sensfeat=0|agg=count|fflip=invert|rw=1|foe=state|sdfafoe=fedsa|spdfafoe=fedsa|fedsa_gain=1.75|fedsa_norm=2.0|fg=server_aeod|actfb=0.12|acttemp=0.8|actkeep=1.0|actmetric=aeod_aspd|actdrop=0.005|actrisk=0.1|actviol=0.02|ad2calw=1.0|ad2calb=0.06|ad2calt=0.03|ad2calq=41|ad2clip=5.0|ad2normclip=2.5|ad2accdrop=0.03|ad2calobj=original|ad2normmode=root|ad2uw=3.0|ad2cw=0.2|ad2aw=1.5|ad2plus=fixed|suite=server_generation_ablation|tag=real1_forest_diffusion_synth9,63c6c9c4ff659472fdde9bbefe4952831f36597882e25f9af4ce150bfc3337b8,adult,IID,5000.0,S-DFA,123,70,forest_diffusion,real1_forest_diffusion_synth9,0.01,0.09,0.7616043561989508,0.011180412315190177,0.004392575100058583,metrics == last10_metrics[round70],False
225,4070,2bdb06667a40ccdc8c3c4daa27a97da4208973da573d0b6bb722532ca2d5d233,full|adult|IID|GuardFed-AD2+|Sp-DFA|rounds=70|seed=123|clients=20|malicious=4|epochs=1|batch=256|lr=0.005|opt=adam|root=0.01+0.09|serversamp=stratified_sensitive|serveralpha=None|synth=forest_diffusion|synth_epochs=50|sensfeat=0|agg=count|fflip=invert|rw=1|foe=state|sdfafoe=fedsa|spdfafoe=fedsa|fedsa_gain=1.75|fedsa_norm=2.0|fg=server_aeod|actfb=0.12|acttemp=0.8|actkeep=1.0|actmetric=aeod_aspd|actdrop=0.005|actrisk=0.1|actviol=0.02|ad2calw=1.0|ad2calb=0.06|ad2calt=0.03|ad2calq=41|ad2clip=5.0|ad2normclip=2.5|ad2accdrop=0.03|ad2calobj=original|ad2normmode=root|ad2uw=3.0|ad2cw=0.2|ad2aw=1.5|ad2plus=fixed|suite=server_generation_ablation|tag=real1_forest_diffusion_synth9,63c6c9c4ff659472fdde9bbefe4952831f36597882e25f9af4ce150bfc3337b8,adult,IID,5000.0,Sp-DFA,123,70,forest_diffusion,real1_forest_diffusion_synth9,0.01,0.09,0.7627332492197357,0.009998566247641595,0.005463906990505282,metrics == last10_metrics[round70],False
226,4071,e583769035335d2cd676b6d679a3d5c2d86758f35b42b0897c426ab8511be778,full|adult|non-IID|GuardFed-AD2+|Benign|rounds=70|seed=123|clients=20|malicious=4|epochs=1|batch=256|lr=0.005|opt=adam|root=0.01+0.09|serversamp=stratified_sensitive|serveralpha=None|synth=forest_diffusion|synth_epochs=50|sensfeat=0|agg=count|fflip=invert|rw=1|foe=state|sdfafoe=fedsa|spdfafoe=fedsa|fedsa_gain=1.75|fedsa_norm=2.0|fg=server_aeod|actfb=0.12|acttemp=0.8|actkeep=1.0|actmetric=aeod_aspd|actdrop=0.005|actrisk=0.1|actviol=0.02|ad2calw=1.0|ad2calb=0.06|ad2calt=0.03|ad2calq=41|ad2clip=5.0|ad2normclip=2.5|ad2accdrop=0.03|ad2calobj=original|ad2normmode=root|ad2uw=3.0|ad2cw=0.2|ad2aw=1.5|ad2plus=fixed|suite=server_generation_ablation|tag=real1_forest_diffusion_synth9,63c6c9c4ff659472fdde9bbefe4952831f36597882e25f9af4ce150bfc3337b8,adult,non-IID,5.0,Benign,123,70,forest_diffusion,real1_forest_diffusion_synth9,0.01,0.09,0.8027093432498837,0.10153023075415946,0.025341554119944473,metrics == last10_metrics[round70],False
227,4072,a0ad29f000ae493f6c86177d9c42e897b18140b07e5feb34d7ed071f0afc4db6,full|adult|non-IID|GuardFed-AD2+|F Flip|rounds=70|seed=123|clients=20|malicious=4|epochs=1|batch=256|lr=0.005|opt=adam|root=0.01+0.09|serversamp=stratified_sensitive|serveralpha=None|synth=forest_diffusion|synth_epochs=50|sensfeat=0|agg=count|fflip=invert|rw=1|foe=state|sdfafoe=fedsa|spdfafoe=fedsa|fedsa_gain=1.75|fedsa_norm=2.0|fg=server_aeod|actfb=0.12|acttemp=0.8|actkeep=1.0|actmetric=aeod_aspd|actdrop=0.005|actrisk=0.1|actviol=0.02|ad2calw=1.0|ad2calb=0.06|ad2calt=0.03|ad2calq=41|ad2clip=5.0|ad2normclip=2.5|ad2accdrop=0.03|ad2calobj=original|ad2normmode=root|ad2uw=3.0|ad2cw=0.2|ad2aw=1.5|ad2plus=fixed|suite=server_generation_ablation|tag=real1_forest_diffusion_synth9,63c6c9c4ff659472fdde9bbefe4952831f36597882e25f9af4ce150bfc3337b8,adult,non-IID,5.0,F Flip,123,70,forest_diffusion,real1_forest_diffusion_synth9,0.01,0.09,0.8053655621223189,0.007993597810185993,0.04809741141836816,metrics == last10_metrics[round70],False
228,4073,68dcff634b2f8af076b8a6798c193f68d1a7e08d76d717319c62a00070e408c5,full|adult|non-IID|GuardFed-AD2+|FedSA|rounds=70|seed=123|clients=20|malicious=4|epochs=1|batch=256|lr=0.005|opt=adam|root=0.01+0.09|serversamp=stratified_sensitive|serveralpha=None|synth=forest_diffusion|synth_epochs=50|sensfeat=0|agg=count|fflip=invert|rw=1|foe=state|sdfafoe=fedsa|spdfafoe=fedsa|fedsa_gain=1.75|fedsa_norm=2.0|fg=server_aeod|actfb=0.12|acttemp=0.8|actkeep=1.0|actmetric=aeod_aspd|actdrop=0.005|actrisk=0.1|actviol=0.02|ad2calw=1.0|ad2calb=0.06|ad2calt=0.03|ad2calq=41|ad2clip=5.0|ad2normclip=2.5|ad2accdrop=0.03|ad2calobj=original|ad2normmode=root|ad2uw=3.0|ad2cw=0.2|ad2aw=1.5|ad2plus=fixed|suite=server_generation_ablation|tag=real1_forest_diffusion_synth9,63c6c9c4ff659472fdde9bbefe4952831f36597882e25f9af4ce150bfc3337b8,adult,non-IID,5.0,FedSA,123,70,forest_diffusion,real1_forest_diffusion_synth9,0.01,0.09,0.7990570423002855,0.04417442425703352,0.03282422650070221,metrics == last10_metrics[round70],False
229,4074,6499520b6b90267cdfe47bbed84f8eb4ca2c2e07f8a4a8ecfbdf14d80883c107,full|adult|non-IID|GuardFed-AD2+|S-DFA|rounds=70|seed=123|clients=20|malicious=4|epochs=1|batch=256|lr=0.005|opt=adam|root=0.01+0.09|serversamp=stratified_sensitive|serveralpha=None|synth=forest_diffusion|synth_epochs=50|sensfeat=0|agg=count|fflip=invert|rw=1|foe=state|sdfafoe=fedsa|spdfafoe=fedsa|fedsa_gain=1.75|fedsa_norm=2.0|fg=server_aeod|actfb=0.12|acttemp=0.8|actkeep=1.0|actmetric=aeod_aspd|actdrop=0.005|actrisk=0.1|actviol=0.02|ad2calw=1.0|ad2calb=0.06|ad2calt=0.03|ad2calq=41|ad2clip=5.0|ad2normclip=2.5|ad2accdrop=0.03|ad2calobj=original|ad2normmode=root|ad2uw=3.0|ad2cw=0.2|ad2aw=1.5|ad2plus=fixed|suite=server_generation_ablation|tag=real1_forest_diffusion_synth9,63c6c9c4ff659472fdde9bbefe4952831f36597882e25f9af4ce150bfc3337b8,adult,non-IID,5.0,S-DFA,123,70,forest_diffusion,real1_forest_diffusion_synth9,0.01,0.09,0.810146756092702,0.07082965136969044,0.0384391948386049,metrics == last10_metrics[round70],False
230,4075,9e01cf2c4782398268b4ee35ed71068d08c310ebacadcaec77d8e6efa4618321,full|adult|non-IID|GuardFed-AD2+|Sp-DFA|rounds=70|seed=123|clients=20|malicious=4|epochs=1|batch=256|lr=0.005|opt=adam|root=0.01+0.09|serversamp=stratified_sensitive|serveralpha=None|synth=forest_diffusion|synth_epochs=50|sensfeat=0|agg=count|fflip=invert|rw=1|foe=state|sdfafoe=fedsa|spdfafoe=fedsa|fedsa_gain=1.75|fedsa_norm=2.0|fg=server_aeod|actfb=0.12|acttemp=0.8|actkeep=1.0|actmetric=aeod_aspd|actdrop=0.005|actrisk=0.1|actviol=0.02|ad2calw=1.0|ad2calb=0.06|ad2calt=0.03|ad2calq=41|ad2clip=5.0|ad2normclip=2.5|ad2accdrop=0.03|ad2calobj=original|ad2normmode=root|ad2uw=3.0|ad2cw=0.2|ad2aw=1.5|ad2plus=fixed|suite=server_generation_ablation|tag=real1_forest_diffusion_synth9,63c6c9c4ff659472fdde9bbefe4952831f36597882e25f9af4ce150bfc3337b8,adult,non-IID,5.0,Sp-DFA,123,70,forest_diffusion,real1_forest_diffusion_synth9,0.01,0.09,0.8056975894813733,0.13466476185144838,0.009946777857447756,metrics == last10_metrics[round70],False
231,4076,3fe3a33ed52d2a31565805f2ca4248f5570eacdf5188afef0e7c8e604118a947,full|compas|IID|GuardFed-AD2+|Benign|rounds=70|seed=123|clients=20|malicious=4|epochs=1|batch=256|lr=0.005|opt=adam|root=0.01+0.09|serversamp=stratified_sensitive|serveralpha=None|synth=forest_diffusion|synth_epochs=50|sensfeat=0|agg=count|fflip=invert|rw=1|foe=state|sdfafoe=fedsa|spdfafoe=fedsa|fedsa_gain=1.75|fedsa_norm=2.0|fg=server_aeod|actfb=0.12|acttemp=0.8|actkeep=1.0|actmetric=aeod_aspd|actdrop=0.005|actrisk=0.1|actviol=0.02|ad2calw=1.0|ad2calb=0.06|ad2calt=0.03|ad2calq=41|ad2clip=5.0|ad2normclip=2.5|ad2accdrop=0.03|ad2calobj=original|ad2normmode=root|ad2uw=3.0|ad2cw=0.2|ad2aw=1.5|ad2plus=fixed|suite=server_generation_ablation|tag=real1_forest_diffusion_synth9,63c6c9c4ff659472fdde9bbefe4952831f36597882e25f9af4ce150bfc3337b8,compas,IID,5000.0,Benign,123,70,forest_diffusion,real1_forest_diffusion_synth9,0.01,0.09,0.6511879049676026,0.09849157054126001,0.16958682084676108,metrics == last10_metrics[round70],False
232,4077,c895dae6fd880858b3eb40af050fdecbf2782dcff5e95496f7f1420e77704a32,full|compas|IID|GuardFed-AD2+|F Flip|rounds=70|seed=123|clients=20|malicious=4|epochs=1|batch=256|lr=0.005|opt=adam|root=0.01+0.09|serversamp=stratified_sensitive|serveralpha=None|synth=forest_diffusion|synth_epochs=50|sensfeat=0|agg=count|fflip=invert|rw=1|foe=state|sdfafoe=fedsa|spdfafoe=fedsa|fedsa_gain=1.75|fedsa_norm=2.0|fg=server_aeod|actfb=0.12|acttemp=0.8|actkeep=1.0|actmetric=aeod_aspd|actdrop=0.005|actrisk=0.1|actviol=0.02|ad2calw=1.0|ad2calb=0.06|ad2calt=0.03|ad2calq=41|ad2clip=5.0|ad2normclip=2.5|ad2accdrop=0.03|ad2calobj=original|ad2normmode=root|ad2uw=3.0|ad2cw=0.2|ad2aw=1.5|ad2plus=fixed|suite=server_generation_ablation|tag=real1_forest_diffusion_synth9,63c6c9c4ff659472fdde9bbefe4952831f36597882e25f9af4ce150bfc3337b8,compas,IID,5000.0,F Flip,123,70,forest_diffusion,real1_forest_diffusion_synth9,0.01,0.09,0.6517278617710583,0.05427388346643003,0.12316121328700302,metrics == last10_metrics[round70],False
233,4078,958e24b61a95ee2a0ba35bf5a3c17fa0d766ae536bd05ed53730ef7e577e9f4d,full|compas|IID|GuardFed-AD2+|FedSA|rounds=70|seed=123|clients=20|malicious=4|epochs=1|batch=256|lr=0.005|opt=adam|root=0.01+0.09|serversamp=stratified_sensitive|serveralpha=None|synth=forest_diffusion|synth_epochs=50|sensfeat=0|agg=count|fflip=invert|rw=1|foe=state|sdfafoe=fedsa|spdfafoe=fedsa|fedsa_gain=1.75|fedsa_norm=2.0|fg=server_aeod|actfb=0.12|acttemp=0.8|actkeep=1.0|actmetric=aeod_aspd|actdrop=0.005|actrisk=0.1|actviol=0.02|ad2calw=1.0|ad2calb=0.06|ad2calt=0.03|ad2calq=41|ad2clip=5.0|ad2normclip=2.5|ad2accdrop=0.03|ad2calobj=original|ad2normmode=root|ad2uw=3.0|ad2cw=0.2|ad2aw=1.5|ad2plus=fixed|suite=server_generation_ablation|tag=real1_forest_diffusion_synth9,63c6c9c4ff659472fdde9bbefe4952831f36597882e25f9af4ce150bfc3337b8,compas,IID,5000.0,FedSA,123,70,forest_diffusion,real1_forest_diffusion_synth9,0.01,0.09,0.6517278617710583,0.0765749778172139,0.1458937119126183,metrics == last10_metrics[round70],False
234,4079,d3eae9526ffc7e5cd64af79a099e7a98dc416d1ece51c9c95dfcbf6781834b73,full|compas|IID|GuardFed-AD2+|S-DFA|rounds=70|seed=123|clients=20|malicious=4|epochs=1|batch=256|lr=0.005|opt=adam|root=0.01+0.09|serversamp=stratified_sensitive|serveralpha=None|synth=forest_diffusion|synth_epochs=50|sensfeat=0|agg=count|fflip=invert|rw=1|foe=state|sdfafoe=fedsa|spdfafoe=fedsa|fedsa_gain=1.75|fedsa_norm=2.0|fg=server_aeod|actfb=0.12|acttemp=0.8|actkeep=1.0|actmetric=aeod_aspd|actdrop=0.005|actrisk=0.1|actviol=0.02|ad2calw=1.0|ad2calb=0.06|ad2calt=0.03|ad2calq=41|ad2clip=5.0|ad2normclip=2.5|ad2accdrop=0.03|ad2calobj=original|ad2normmode=root|ad2uw=3.0|ad2cw=0.2|ad2aw=1.5|ad2plus=fixed|suite=server_generation_ablation|tag=real1_forest_diffusion_synth9,63c6c9c4ff659472fdde9bbefe4952831f36597882e25f9af4ce150bfc3337b8,compas,IID,5000.0,S-DFA,123,70,forest_diffusion,real1_forest_diffusion_synth9,0.01,0.09,0.646328293736501,0.09112688553682347,0.1552266888591381,metrics == last10_metrics[round70],False
235,4080,a06312d267104c4de14f784b30bfaa7932e32e10da4c5fce26c4e946ed44c101,full|compas|IID|GuardFed-AD2+|Sp-DFA|rounds=70|seed=123|clients=20|malicious=4|epochs=1|batch=256|lr=0.005|opt=adam|root=0.01+0.09|serversamp=stratified_sensitive|serveralpha=None|synth=forest_diffusion|synth_epochs=50|sensfeat=0|agg=count|fflip=invert|rw=1|foe=state|sdfafoe=fedsa|spdfafoe=fedsa|fedsa_gain=1.75|fedsa_norm=2.0|fg=server_aeod|actfb=0.12|acttemp=0.8|actkeep=1.0|actmetric=aeod_aspd|actdrop=0.005|actrisk=0.1|actviol=0.02|ad2calw=1.0|ad2calb=0.06|ad2calt=0.03|ad2calq=41|ad2clip=5.0|ad2normclip=2.5|ad2accdrop=0.03|ad2calobj=original|ad2normmode=root|ad2uw=3.0|ad2cw=0.2|ad2aw=1.5|ad2plus=fixed|suite=server_generation_ablation|tag=real1_forest_diffusion_synth9,63c6c9c4ff659472fdde9bbefe4952831f36597882e25f9af4ce150bfc3337b8,compas,IID,5000.0,Sp-DFA,123,70,forest_diffusion,real1_forest_diffusion_synth9,0.01,0.09,0.6479481641468683,0.09124519372966577,0.14236058019461995,metrics == last10_metrics[round70],False
236,4081,24aeeb099776196910e948a9e427cc70c47058536db1f5c2c7b91c41b11791e3,full|compas|non-IID|GuardFed-AD2+|Benign|rounds=70|seed=123|clients=20|malicious=4|epochs=1|batch=256|lr=0.005|opt=adam|root=0.01+0.09|serversamp=stratified_sensitive|serveralpha=None|synth=forest_diffusion|synth_epochs=50|sensfeat=0|agg=count|fflip=invert|rw=1|foe=state|sdfafoe=fedsa|spdfafoe=fedsa|fedsa_gain=1.75|fedsa_norm=2.0|fg=server_aeod|actfb=0.12|acttemp=0.8|actkeep=1.0|actmetric=aeod_aspd|actdrop=0.005|actrisk=0.1|actviol=0.02|ad2calw=1.0|ad2calb=0.06|ad2calt=0.03|ad2calq=41|ad2clip=5.0|ad2normclip=2.5|ad2accdrop=0.03|ad2calobj=original|ad2normmode=root|ad2uw=3.0|ad2cw=0.2|ad2aw=1.5|ad2plus=fixed|suite=server_generation_ablation|tag=real1_forest_diffusion_synth9,63c6c9c4ff659472fdde9bbefe4952831f36597882e25f9af4ce150bfc3337b8,compas,non-IID,5.0,Benign,123,70,forest_diffusion,real1_forest_diffusion_synth9,0.01,0.09,0.652267818574514,0.07468204673173617,0.14742158420163715,metrics == last10_metrics[round70],False
237,4082,ea60cc7da8a76ab9cf8cfe8556804e86e433408cc2b80c93fa951a86b14e5b28,full|compas|non-IID|GuardFed-AD2+|F Flip|rounds=70|seed=123|clients=20|malicious=4|epochs=1|batch=256|lr=0.005|opt=adam|root=0.01+0.09|serversamp=stratified_sensitive|serveralpha=None|synth=forest_diffusion|synth_epochs=50|sensfeat=0|agg=count|fflip=invert|rw=1|foe=state|sdfafoe=fedsa|spdfafoe=fedsa|fedsa_gain=1.75|fedsa_norm=2.0|fg=server_aeod|actfb=0.12|acttemp=0.8|actkeep=1.0|actmetric=aeod_aspd|actdrop=0.005|actrisk=0.1|actviol=0.02|ad2calw=1.0|ad2calb=0.06|ad2calt=0.03|ad2calq=41|ad2clip=5.0|ad2normclip=2.5|ad2accdrop=0.03|ad2calobj=original|ad2normmode=root|ad2uw=3.0|ad2cw=0.2|ad2aw=1.5|ad2plus=fixed|suite=server_generation_ablation|tag=real1_forest_diffusion_synth9,63c6c9c4ff659472fdde9bbefe4952831f36597882e25f9af4ce150bfc3337b8,compas,non-IID,5.0,F Flip,123,70,forest_diffusion,real1_forest_diffusion_synth9,0.01,0.09,0.6760259179265659,0.09461697722567286,0.14381725293464698,metrics == last10_metrics[round70],False
238,4083,5a2b3c39129bf95ef3bcacdd9c63ed7fb479d461a90694cc23fd90c9ead683d5,full|compas|non-IID|GuardFed-AD2+|FedSA|rounds=70|seed=123|clients=20|malicious=4|epochs=1|batch=256|lr=0.005|opt=adam|root=0.01+0.09|serversamp=stratified_sensitive|serveralpha=None|synth=forest_diffusion|synth_epochs=50|sensfeat=0|agg=count|fflip=invert|rw=1|foe=state|sdfafoe=fedsa|spdfafoe=fedsa|fedsa_gain=1.75|fedsa_norm=2.0|fg=server_aeod|actfb=0.12|acttemp=0.8|actkeep=1.0|actmetric=aeod_aspd|actdrop=0.005|actrisk=0.1|actviol=0.02|ad2calw=1.0|ad2calb=0.06|ad2calt=0.03|ad2calq=41|ad2clip=5.0|ad2normclip=2.5|ad2accdrop=0.03|ad2calobj=original|ad2normmode=root|ad2uw=3.0|ad2cw=0.2|ad2aw=1.5|ad2plus=fixed|suite=server_generation_ablation|tag=real1_forest_diffusion_synth9,63c6c9c4ff659472fdde9bbefe4952831f36597882e25f9af4ce150bfc3337b8,compas,non-IID,5.0,FedSA,123,70,forest_diffusion,real1_forest_diffusion_synth9,0.01,0.09,0.6490280777537797,0.045578231292517035,0.10227873572945106,metrics == last10_metrics[round70],False
239,4084,806c5331e6a2ea40dcea950922a9b8d2201905ff2f0280292acc7cde25072835,full|compas|non-IID|GuardFed-AD2+|S-DFA|rounds=70|seed=123|clients=20|malicious=4|epochs=1|batch=256|lr=0.005|opt=adam|root=0.01+0.09|serversamp=stratified_sensitive|serveralpha=None|synth=forest_diffusion|synth_epochs=50|sensfeat=0|agg=count|fflip=invert|rw=1|foe=state|sdfafoe=fedsa|spdfafoe=fedsa|fedsa_gain=1.75|fedsa_norm=2.0|fg=server_aeod|actfb=0.12|acttemp=0.8|actkeep=1.0|actmetric=aeod_aspd|actdrop=0.005|actrisk=0.1|actviol=0.02|ad2calw=1.0|ad2calb=0.06|ad2calt=0.03|ad2calq=41|ad2clip=5.0|ad2normclip=2.5|ad2accdrop=0.03|ad2calobj=original|ad2normmode=root|ad2uw=3.0|ad2cw=0.2|ad2aw=1.5|ad2plus=fixed|suite=server_generation_ablation|tag=real1_forest_diffusion_synth9,63c6c9c4ff659472fdde9bbefe4952831f36597882e25f9af4ce150bfc3337b8,compas,non-IID,5.0,S-DFA,123,70,forest_diffusion,real1_forest_diffusion_synth9,0.01,0.09,0.6468682505399568,0.06418219461697727,0.11673574579193158,metrics == last10_metrics[round70],False
240,4085,9e87e3572e8bb17cdcdf4f2d2229573d6bc35f2b26e6b0a7af904411bf937a70,full|compas|non-IID|GuardFed-AD2+|Sp-DFA|rounds=70|seed=123|clients=20|malicious=4|epochs=1|batch=256|lr=0.005|opt=adam|root=0.01+0.09|serversamp=stratified_sensitive|serveralpha=None|synth=forest_diffusion|synth_epochs=50|sensfeat=0|agg=count|fflip=invert|rw=1|foe=state|sdfafoe=fedsa|spdfafoe=fedsa|fedsa_gain=1.75|fedsa_norm=2.0|fg=server_aeod|actfb=0.12|acttemp=0.8|actkeep=1.0|actmetric=aeod_aspd|actdrop=0.005|actrisk=0.1|actviol=0.02|ad2calw=1.0|ad2calb=0.06|ad2calt=0.03|ad2calq=41|ad2clip=5.0|ad2normclip=2.5|ad2accdrop=0.03|ad2calobj=original|ad2normmode=root|ad2uw=3.0|ad2cw=0.2|ad2aw=1.5|ad2plus=fixed|suite=server_generation_ablation|tag=real1_forest_diffusion_synth9,63c6c9c4ff659472fdde9bbefe4952831f36597882e25f9af4ce150bfc3337b8,compas,non-IID,5.0,Sp-DFA,123,70,forest_diffusion,real1_forest_diffusion_synth9,0.01,0.09,0.642548596112311,0.06601597160603367,0.1026942609661895,metrics == last10_metrics[round70],False
241,4086,55cc322cb7cd904fd2cc2936e1fe3834f4677c92c8493c864f52a2c267f683cd,full|adult|IID|GuardFed-AD2+|Benign|rounds=70|seed=123|clients=20|malicious=4|epochs=1|batch=256|lr=0.005|opt=adam|root=0.05+0.05|serversamp=stratified_sensitive|serveralpha=None|synth=forest_diffusion|synth_epochs=50|sensfeat=0|agg=count|fflip=invert|rw=1|foe=state|sdfafoe=fedsa|spdfafoe=fedsa|fedsa_gain=1.75|fedsa_norm=2.0|fg=server_aeod|actfb=0.12|acttemp=0.8|actkeep=1.0|actmetric=aeod_aspd|actdrop=0.005|actrisk=0.1|actviol=0.02|ad2calw=1.0|ad2calb=0.06|ad2calt=0.03|ad2calq=41|ad2clip=5.0|ad2normclip=2.5|ad2accdrop=0.03|ad2calobj=original|ad2normmode=root|ad2uw=3.0|ad2cw=0.2|ad2aw=1.5|ad2plus=fixed|suite=server_generation_ablation|tag=real5_forest_diffusion_synth5,2b14d81a75c2a164ebfe616e93c78778f4af5f67787d26c8d3a20fa2959a4b27,adult,IID,5000.0,Benign,123,70,forest_diffusion,real5_forest_diffusion_synth5,0.05,0.05,0.8113420545852978,0.023037715684051274,0.05599286444773797,metrics == last10_metrics[round70],False
242,4087,f056882610e760a06bbf3ddeb2e54ab61fe3e950b10e8366ff4017b4b61180c8,full|adult|IID|GuardFed-AD2+|F Flip|rounds=70|seed=123|clients=20|malicious=4|epochs=1|batch=256|lr=0.005|opt=adam|root=0.05+0.05|serversamp=stratified_sensitive|serveralpha=None|synth=forest_diffusion|synth_epochs=50|sensfeat=0|agg=count|fflip=invert|rw=1|foe=state|sdfafoe=fedsa|spdfafoe=fedsa|fedsa_gain=1.75|fedsa_norm=2.0|fg=server_aeod|actfb=0.12|acttemp=0.8|actkeep=1.0|actmetric=aeod_aspd|actdrop=0.005|actrisk=0.1|actviol=0.02|ad2calw=1.0|ad2calb=0.06|ad2calt=0.03|ad2calq=41|ad2clip=5.0|ad2normclip=2.5|ad2accdrop=0.03|ad2calobj=original|ad2normmode=root|ad2uw=3.0|ad2cw=0.2|ad2aw=1.5|ad2plus=fixed|suite=server_generation_ablation|tag=real5_forest_diffusion_synth5,2b14d81a75c2a164ebfe616e93c78778f4af5f67787d26c8d3a20fa2959a4b27,adult,IID,5000.0,F Flip,123,70,forest_diffusion,real5_forest_diffusion_synth5,0.05,0.05,0.7930141443654957,0.010207631332572853,0.03529202325068853,metrics == last10_metrics[round70],False
243,4088,d31ea0a21bef2be55bee3d8d6486a603e9881a61c86913434c1871ccba61e23a,full|adult|IID|GuardFed-AD2+|FedSA|rounds=70|seed=123|clients=20|malicious=4|epochs=1|batch=256|lr=0.005|opt=adam|root=0.05+0.05|serversamp=stratified_sensitive|serveralpha=None|synth=forest_diffusion|synth_epochs=50|sensfeat=0|agg=count|fflip=invert|rw=1|foe=state|sdfafoe=fedsa|spdfafoe=fedsa|fedsa_gain=1.75|fedsa_norm=2.0|fg=server_aeod|actfb=0.12|acttemp=0.8|actkeep=1.0|actmetric=aeod_aspd|actdrop=0.005|actrisk=0.1|actviol=0.02|ad2calw=1.0|ad2calb=0.06|ad2calt=0.03|ad2calq=41|ad2clip=5.0|ad2normclip=2.5|ad2accdrop=0.03|ad2calobj=original|ad2normmode=root|ad2uw=3.0|ad2cw=0.2|ad2aw=1.5|ad2plus=fixed|suite=server_generation_ablation|tag=real5_forest_diffusion_synth5,2b14d81a75c2a164ebfe616e93c78778f4af5f67787d26c8d3a20fa2959a4b27,adult,IID,5000.0,FedSA,123,70,forest_diffusion,real5_forest_diffusion_synth5,0.05,0.05,0.8191779002589813,0.03274096321882547,0.06041111797072732,metrics == last10_metrics[round70],False
244,4089,292d3c743c3cd4453ba4a5c1834859f7c09a0d5849167ab257c1568c8fc705c1,full|adult|IID|GuardFed-AD2+|S-DFA|rounds=70|seed=123|clients=20|malicious=4|epochs=1|batch=256|lr=0.005|opt=adam|root=0.05+0.05|serversamp=stratified_sensitive|serveralpha=None|synth=forest_diffusion|synth_epochs=50|sensfeat=0|agg=count|fflip=invert|rw=1|foe=state|sdfafoe=fedsa|spdfafoe=fedsa|fedsa_gain=1.75|fedsa_norm=2.0|fg=server_aeod|actfb=0.12|acttemp=0.8|actkeep=1.0|actmetric=aeod_aspd|actdrop=0.005|actrisk=0.1|actviol=0.02|ad2calw=1.0|ad2calb=0.06|ad2calt=0.03|ad2calq=41|ad2clip=5.0|ad2normclip=2.5|ad2accdrop=0.03|ad2calobj=original|ad2normmode=root|ad2uw=3.0|ad2cw=0.2|ad2aw=1.5|ad2plus=fixed|suite=server_generation_ablation|tag=real5_forest_diffusion_synth5,2b14d81a75c2a164ebfe616e93c78778f4af5f67787d26c8d3a20fa2959a4b27,adult,IID,5000.0,S-DFA,123,70,forest_diffusion,real5_forest_diffusion_synth5,0.05,0.05,0.8062952387276712,0.03591292610577437,0.06253640869360663,metrics == last10_metrics[round70],False
245,4090,d43b75f70b40fdd47d2534ed8dc443cde34677c167b0b8c010ab2398fe9bcad9,full|adult|IID|GuardFed-AD2+|Sp-DFA|rounds=70|seed=123|clients=20|malicious=4|epochs=1|batch=256|lr=0.005|opt=adam|root=0.05+0.05|serversamp=stratified_sensitive|serveralpha=None|synth=forest_diffusion|synth_epochs=50|sensfeat=0|agg=count|fflip=invert|rw=1|foe=state|sdfafoe=fedsa|spdfafoe=fedsa|fedsa_gain=1.75|fedsa_norm=2.0|fg=server_aeod|actfb=0.12|acttemp=0.8|actkeep=1.0|actmetric=aeod_aspd|actdrop=0.005|actrisk=0.1|actviol=0.02|ad2calw=1.0|ad2calb=0.06|ad2calt=0.03|ad2calq=41|ad2clip=5.0|ad2normclip=2.5|ad2accdrop=0.03|ad2calobj=original|ad2normmode=root|ad2uw=3.0|ad2cw=0.2|ad2aw=1.5|ad2plus=fixed|suite=server_generation_ablation|tag=real5_forest_diffusion_synth5,2b14d81a75c2a164ebfe616e93c78778f4af5f67787d26c8d3a20fa2959a4b27,adult,IID,5000.0,Sp-DFA,123,70,forest_diffusion,real5_forest_diffusion_synth5,0.05,0.05,0.8191114947871705,0.02587780202907375,0.06163878732203299,metrics == last10_metrics[round70],False
246,4091,c7c0e473ee81ecba0144346b3fcdebacea41fc6e5c7339b28adf7cd29ef0a69a,full|adult|non-IID|GuardFed-AD2+|Benign|rounds=70|seed=123|clients=20|malicious=4|epochs=1|batch=256|lr=0.005|opt=adam|root=0.05+0.05|serversamp=stratified_sensitive|serveralpha=None|synth=forest_diffusion|synth_epochs=50|sensfeat=0|agg=count|fflip=invert|rw=1|foe=state|sdfafoe=fedsa|spdfafoe=fedsa|fedsa_gain=1.75|fedsa_norm=2.0|fg=server_aeod|actfb=0.12|acttemp=0.8|actkeep=1.0|actmetric=aeod_aspd|actdrop=0.005|actrisk=0.1|actviol=0.02|ad2calw=1.0|ad2calb=0.06|ad2calt=0.03|ad2calq=41|ad2clip=5.0|ad2normclip=2.5|ad2accdrop=0.03|ad2calobj=original|ad2normmode=root|ad2uw=3.0|ad2cw=0.2|ad2aw=1.5|ad2plus=fixed|suite=server_generation_ablation|tag=real5_forest_diffusion_synth5,2b14d81a75c2a164ebfe616e93c78778f4af5f67787d26c8d3a20fa2959a4b27,adult,non-IID,5.0,Benign,123,70,forest_diffusion,real5_forest_diffusion_synth5,0.05,0.05,0.8141310844013546,0.007165334495567666,0.06693955608185623,metrics == last10_metrics[round70],False
247,4092,bb0b92547202bc29ab8ab5b28d7e5768bfc965ee1640ec8e08e4d60406313c78,full|adult|non-IID|GuardFed-AD2+|F Flip|rounds=70|seed=123|clients=20|malicious=4|epochs=1|batch=256|lr=0.005|opt=adam|root=0.05+0.05|serversamp=stratified_sensitive|serveralpha=None|synth=forest_diffusion|synth_epochs=50|sensfeat=0|agg=count|fflip=invert|rw=1|foe=state|sdfafoe=fedsa|spdfafoe=fedsa|fedsa_gain=1.75|fedsa_norm=2.0|fg=server_aeod|actfb=0.12|acttemp=0.8|actkeep=1.0|actmetric=aeod_aspd|actdrop=0.005|actrisk=0.1|actviol=0.02|ad2calw=1.0|ad2calb=0.06|ad2calt=0.03|ad2calq=41|ad2clip=5.0|ad2normclip=2.5|ad2accdrop=0.03|ad2calobj=original|ad2normmode=root|ad2uw=3.0|ad2cw=0.2|ad2aw=1.5|ad2plus=fixed|suite=server_generation_ablation|tag=real5_forest_diffusion_synth5,2b14d81a75c2a164ebfe616e93c78778f4af5f67787d26c8d3a20fa2959a4b27,adult,non-IID,5.0,F Flip,123,70,forest_diffusion,real5_forest_diffusion_synth5,0.05,0.05,0.8174513579918985,0.006447315884205385,0.0626436562318784,metrics == last10_metrics[round70],False
248,4093,9b8f35af4433413e67b472b1d12956fb893ec8518d3912d9076def7a0da74802,full|adult|non-IID|GuardFed-AD2+|FedSA|rounds=70|seed=123|clients=20|malicious=4|epochs=1|batch=256|lr=0.005|opt=adam|root=0.05+0.05|serversamp=stratified_sensitive|serveralpha=None|synth=forest_diffusion|synth_epochs=50|sensfeat=0|agg=count|fflip=invert|rw=1|foe=state|sdfafoe=fedsa|spdfafoe=fedsa|fedsa_gain=1.75|fedsa_norm=2.0|fg=server_aeod|actfb=0.12|acttemp=0.8|actkeep=1.0|actmetric=aeod_aspd|actdrop=0.005|actrisk=0.1|actviol=0.02|ad2calw=1.0|ad2calb=0.06|ad2calt=0.03|ad2calq=41|ad2clip=5.0|ad2normclip=2.5|ad2accdrop=0.03|ad2calobj=original|ad2normmode=root|ad2uw=3.0|ad2cw=0.2|ad2aw=1.5|ad2plus=fixed|suite=server_generation_ablation|tag=real5_forest_diffusion_synth5,2b14d81a75c2a164ebfe616e93c78778f4af5f67787d26c8d3a20fa2959a4b27,adult,non-IID,5.0,FedSA,123,70,forest_diffusion,real5_forest_diffusion_synth5,0.05,0.05,0.8213692808287403,0.05434549776054737,0.08361827355215926,metrics == last10_metrics[round70],False
249,4094,52f6e8adce6cddc43a7699d12b5c2578e2b509a67891cd9a8a0625bc2804dbf5,full|adult|non-IID|GuardFed-AD2+|S-DFA|rounds=70|seed=123|clients=20|malicious=4|epochs=1|batch=256|lr=0.005|opt=adam|root=0.05+0.05|serversamp=stratified_sensitive|serveralpha=None|synth=forest_diffusion|synth_epochs=50|sensfeat=0|agg=count|fflip=invert|rw=1|foe=state|sdfafoe=fedsa|spdfafoe=fedsa|fedsa_gain=1.75|fedsa_norm=2.0|fg=server_aeod|actfb=0.12|acttemp=0.8|actkeep=1.0|actmetric=aeod_aspd|actdrop=0.005|actrisk=0.1|actviol=0.02|ad2calw=1.0|ad2calb=0.06|ad2calt=0.03|ad2calq=41|ad2clip=5.0|ad2normclip=2.5|ad2accdrop=0.03|ad2calobj=original|ad2normmode=root|ad2uw=3.0|ad2cw=0.2|ad2aw=1.5|ad2plus=fixed|suite=server_generation_ablation|tag=real5_forest_diffusion_synth5,2b14d81a75c2a164ebfe616e93c78778f4af5f67787d26c8d3a20fa2959a4b27,adult,non-IID,5.0,S-DFA,123,70,forest_diffusion,real5_forest_diffusion_synth5,0.05,0.05,0.8288730991433694,0.0012818088813818518,0.09369755608418334,metrics == last10_metrics[round70],False
250,4095,292f9f06845d6748c602b075dc8f730b7d96dbb1353800808e2a5fac12ded8af,full|adult|non-IID|GuardFed-AD2+|Sp-DFA|rounds=70|seed=123|clients=20|malicious=4|epochs=1|batch=256|lr=0.005|opt=adam|root=0.05+0.05|serversamp=stratified_sensitive|serveralpha=None|synth=forest_diffusion|synth_epochs=50|sensfeat=0|agg=count|fflip=invert|rw=1|foe=state|sdfafoe=fedsa|spdfafoe=fedsa|fedsa_gain=1.75|fedsa_norm=2.0|fg=server_aeod|actfb=0.12|acttemp=0.8|actkeep=1.0|actmetric=aeod_aspd|actdrop=0.005|actrisk=0.1|actviol=0.02|ad2calw=1.0|ad2calb=0.06|ad2calt=0.03|ad2calq=41|ad2clip=5.0|ad2normclip=2.5|ad2accdrop=0.03|ad2calobj=original|ad2normmode=root|ad2uw=3.0|ad2cw=0.2|ad2aw=1.5|ad2plus=fixed|suite=server_generation_ablation|tag=real5_forest_diffusion_synth5,2b14d81a75c2a164ebfe616e93c78778f4af5f67787d26c8d3a20fa2959a4b27,adult,non-IID,5.0,Sp-DFA,123,70,forest_diffusion,real5_forest_diffusion_synth5,0.05,0.05,0.8272793678199084,0.009081193224691864,0.0915571592265643,metrics == last10_metrics[round70],False
251,4096,022cefa51183eeafac13f43b7d7d1e6fd211c67db10eb3fd33d6a1bda997bbfd,full|compas|IID|GuardFed-AD2+|Benign|rounds=70|seed=123|clients=20|malicious=4|epochs=1|batch=256|lr=0.005|opt=adam|root=0.05+0.05|serversamp=stratified_sensitive|serveralpha=None|synth=forest_diffusion|synth_epochs=50|sensfeat=0|agg=count|fflip=invert|rw=1|foe=state|sdfafoe=fedsa|spdfafoe=fedsa|fedsa_gain=1.75|fedsa_norm=2.0|fg=server_aeod|actfb=0.12|acttemp=0.8|actkeep=1.0|actmetric=aeod_aspd|actdrop=0.005|actrisk=0.1|actviol=0.02|ad2calw=1.0|ad2calb=0.06|ad2calt=0.03|ad2calq=41|ad2clip=5.0|ad2normclip=2.5|ad2accdrop=0.03|ad2calobj=original|ad2normmode=root|ad2uw=3.0|ad2cw=0.2|ad2aw=1.5|ad2plus=fixed|suite=server_generation_ablation|tag=real5_forest_diffusion_synth5,2b14d81a75c2a164ebfe616e93c78778f4af5f67787d26c8d3a20fa2959a4b27,compas,IID,5000.0,Benign,123,70,forest_diffusion,real5_forest_diffusion_synth5,0.05,0.05,0.6268898488120951,0.10517598343685303,0.01992887048335154,metrics == last10_metrics[round70],False
252,4097,774220074891276ddab7614fb5aae2434191dc37992b9785f5d4ef47139126af,full|compas|IID|GuardFed-AD2+|F Flip|rounds=70|seed=123|clients=20|malicious=4|epochs=1|batch=256|lr=0.005|opt=adam|root=0.05+0.05|serversamp=stratified_sensitive|serveralpha=None|synth=forest_diffusion|synth_epochs=50|sensfeat=0|agg=count|fflip=invert|rw=1|foe=state|sdfafoe=fedsa|spdfafoe=fedsa|fedsa_gain=1.75|fedsa_norm=2.0|fg=server_aeod|actfb=0.12|acttemp=0.8|actkeep=1.0|actmetric=aeod_aspd|actdrop=0.005|actrisk=0.1|actviol=0.02|ad2calw=1.0|ad2calb=0.06|ad2calt=0.03|ad2calq=41|ad2clip=5.0|ad2normclip=2.5|ad2accdrop=0.03|ad2calobj=original|ad2normmode=root|ad2uw=3.0|ad2cw=0.2|ad2aw=1.5|ad2plus=fixed|suite=server_generation_ablation|tag=real5_forest_diffusion_synth5,2b14d81a75c2a164ebfe616e93c78778f4af5f67787d26c8d3a20fa2959a4b27,compas,IID,5000.0,F Flip,123,70,forest_diffusion,real5_forest_diffusion_synth5,0.05,0.05,0.6490280777537797,0.1488908606921029,0.03336924436268818,metrics == last10_metrics[round70],False
253,4098,d14eec63e807b04e16d6afdb8c9f18b955464df0b3d2aa8cd83e8f4f537dfebb,full|compas|IID|GuardFed-AD2+|FedSA|rounds=70|seed=123|clients=20|malicious=4|epochs=1|batch=256|lr=0.005|opt=adam|root=0.05+0.05|serversamp=stratified_sensitive|serveralpha=None|synth=forest_diffusion|synth_epochs=50|sensfeat=0|agg=count|fflip=invert|rw=1|foe=state|sdfafoe=fedsa|spdfafoe=fedsa|fedsa_gain=1.75|fedsa_norm=2.0|fg=server_aeod|actfb=0.12|acttemp=0.8|actkeep=1.0|actmetric=aeod_aspd|actdrop=0.005|actrisk=0.1|actviol=0.02|ad2calw=1.0|ad2calb=0.06|ad2calt=0.03|ad2calq=41|ad2clip=5.0|ad2normclip=2.5|ad2accdrop=0.03|ad2calobj=original|ad2normmode=root|ad2uw=3.0|ad2cw=0.2|ad2aw=1.5|ad2plus=fixed|suite=server_generation_ablation|tag=real5_forest_diffusion_synth5,2b14d81a75c2a164ebfe616e93c78778f4af5f67787d26c8d3a20fa2959a4b27,compas,IID,5000.0,FedSA,123,70,forest_diffusion,real5_forest_diffusion_synth5,0.05,0.05,0.6403887688984882,0.03685300207039338,0.032956053537392005,metrics == last10_metrics[round70],False
254,4099,8f706aa491150db47eeca6832cc2cf90a251187d4fb5960babd2e40524a2b992,full|compas|IID|GuardFed-AD2+|S-DFA|rounds=70|seed=123|clients=20|malicious=4|epochs=1|batch=256|lr=0.005|opt=adam|root=0.05+0.05|serversamp=stratified_sensitive|serveralpha=None|synth=forest_diffusion|synth_epochs=50|sensfeat=0|agg=count|fflip=invert|rw=1|foe=state|sdfafoe=fedsa|spdfafoe=fedsa|fedsa_gain=1.75|fedsa_norm=2.0|fg=server_aeod|actfb=0.12|acttemp=0.8|actkeep=1.0|actmetric=aeod_aspd|actdrop=0.005|actrisk=0.1|actviol=0.02|ad2calw=1.0|ad2calb=0.06|ad2calt=0.03|ad2calq=41|ad2clip=5.0|ad2normclip=2.5|ad2accdrop=0.03|ad2calobj=original|ad2normmode=root|ad2uw=3.0|ad2cw=0.2|ad2aw=1.5|ad2plus=fixed|suite=server_generation_ablation|tag=real5_forest_diffusion_synth5,2b14d81a75c2a164ebfe616e93c78778f4af5f67787d26c8d3a20fa2959a4b27,compas,IID,5000.0,S-DFA,123,70,forest_diffusion,real5_forest_diffusion_synth5,0.05,0.05,0.6457883369330454,0.09653948535936113,0.011474799444876949,metrics == last10_metrics[round70],False
255,4100,ecf922048f64f7bfd5b074795898af9d6e6fa3d9601bbdfc3b9a4ecf9eaf6ee6,full|compas|IID|GuardFed-AD2+|Sp-DFA|rounds=70|seed=123|clients=20|malicious=4|epochs=1|batch=256|lr=0.005|opt=adam|root=0.05+0.05|serversamp=stratified_sensitive|serveralpha=None|synth=forest_diffusion|synth_epochs=50|sensfeat=0|agg=count|fflip=invert|rw=1|foe=state|sdfafoe=fedsa|spdfafoe=fedsa|fedsa_gain=1.75|fedsa_norm=2.0|fg=server_aeod|actfb=0.12|acttemp=0.8|actkeep=1.0|actmetric=aeod_aspd|actdrop=0.005|actrisk=0.1|actviol=0.02|ad2calw=1.0|ad2calb=0.06|ad2calt=0.03|ad2calq=41|ad2clip=5.0|ad2normclip=2.5|ad2accdrop=0.03|ad2calobj=original|ad2normmode=root|ad2uw=3.0|ad2cw=0.2|ad2aw=1.5|ad2plus=fixed|suite=server_generation_ablation|tag=real5_forest_diffusion_synth5,2b14d81a75c2a164ebfe616e93c78778f4af5f67787d26c8d3a20fa2959a4b27,compas,IID,5000.0,Sp-DFA,123,70,forest_diffusion,real5_forest_diffusion_synth5,0.05,0.05,0.6252699784017278,0.0923986986098787,0.014556222548780445,metrics == last10_metrics[round70],False
256,4101,cfcdd263f7cf99992e69241915e02561c8f48916d767baca7f9b30af70f324d5,full|compas|non-IID|GuardFed-AD2+|Benign|rounds=70|seed=123|clients=20|malicious=4|epochs=1|batch=256|lr=0.005|opt=adam|root=0.05+0.05|serversamp=stratified_sensitive|serveralpha=None|synth=forest_diffusion|synth_epochs=50|sensfeat=0|agg=count|fflip=invert|rw=1|foe=state|sdfafoe=fedsa|spdfafoe=fedsa|fedsa_gain=1.75|fedsa_norm=2.0|fg=server_aeod|actfb=0.12|acttemp=0.8|actkeep=1.0|actmetric=aeod_aspd|actdrop=0.005|actrisk=0.1|actviol=0.02|ad2calw=1.0|ad2calb=0.06|ad2calt=0.03|ad2calq=41|ad2clip=5.0|ad2normclip=2.5|ad2accdrop=0.03|ad2calobj=original|ad2normmode=root|ad2uw=3.0|ad2cw=0.2|ad2aw=1.5|ad2plus=fixed|suite=server_generation_ablation|tag=real5_forest_diffusion_synth5,2b14d81a75c2a164ebfe616e93c78778f4af5f67787d26c8d3a20fa2959a4b27,compas,non-IID,5.0,Benign,123,70,forest_diffusion,real5_forest_diffusion_synth5,0.05,0.05,0.6371490280777538,0.13410233658680865,0.031163225549666385,metrics == last10_metrics[round70],False
257,4102,c3e6060915c63aac16d481627e0f7a77f7985a9b496a45bebb76a1d2e818c7a4,full|compas|non-IID|GuardFed-AD2+|F Flip|rounds=70|seed=123|clients=20|malicious=4|epochs=1|batch=256|lr=0.005|opt=adam|root=0.05+0.05|serversamp=stratified_sensitive|serveralpha=None|synth=forest_diffusion|synth_epochs=50|sensfeat=0|agg=count|fflip=invert|rw=1|foe=state|sdfafoe=fedsa|spdfafoe=fedsa|fedsa_gain=1.75|fedsa_norm=2.0|fg=server_aeod|actfb=0.12|acttemp=0.8|actkeep=1.0|actmetric=aeod_aspd|actdrop=0.005|actrisk=0.1|actviol=0.02|ad2calw=1.0|ad2calb=0.06|ad2calt=0.03|ad2calq=41|ad2clip=5.0|ad2normclip=2.5|ad2accdrop=0.03|ad2calobj=original|ad2normmode=root|ad2uw=3.0|ad2cw=0.2|ad2aw=1.5|ad2plus=fixed|suite=server_generation_ablation|tag=real5_forest_diffusion_synth5,2b14d81a75c2a164ebfe616e93c78778f4af5f67787d26c8d3a20fa2959a4b27,compas,non-IID,5.0,F Flip,123,70,forest_diffusion,real5_forest_diffusion_synth5,0.05,0.05,0.6430885529157667,0.1454599230996746,0.04510082906622376,metrics == last10_metrics[round70],False
258,4103,a573c76e9792f1e82f85684002b437a1603864ae2114c706320dbe1d05e3f679,full|compas|non-IID|GuardFed-AD2+|FedSA|rounds=70|seed=123|clients=20|malicious=4|epochs=1|batch=256|lr=0.005|opt=adam|root=0.05+0.05|serversamp=stratified_sensitive|serveralpha=None|synth=forest_diffusion|synth_epochs=50|sensfeat=0|agg=count|fflip=invert|rw=1|foe=state|sdfafoe=fedsa|spdfafoe=fedsa|fedsa_gain=1.75|fedsa_norm=2.0|fg=server_aeod|actfb=0.12|acttemp=0.8|actkeep=1.0|actmetric=aeod_aspd|actdrop=0.005|actrisk=0.1|actviol=0.02|ad2calw=1.0|ad2calb=0.06|ad2calt=0.03|ad2calq=41|ad2clip=5.0|ad2normclip=2.5|ad2accdrop=0.03|ad2calobj=original|ad2normmode=root|ad2uw=3.0|ad2cw=0.2|ad2aw=1.5|ad2plus=fixed|suite=server_generation_ablation|tag=real5_forest_diffusion_synth5,2b14d81a75c2a164ebfe616e93c78778f4af5f67787d26c8d3a20fa2959a4b27,compas,non-IID,5.0,FedSA,123,70,forest_diffusion,real5_forest_diffusion_synth5,0.05,0.05,0.6317494600431965,0.05415557527358772,0.018769835202224222,metrics == last10_metrics[round70],False
259,4104,1e5f4eeec341a87b7cfc4a11f6ad55e89f4a3aeaee1b790c13b915bdd552c415,full|compas|non-IID|GuardFed-AD2+|S-DFA|rounds=70|seed=123|clients=20|malicious=4|epochs=1|batch=256|lr=0.005|opt=adam|root=0.05+0.05|serversamp=stratified_sensitive|serveralpha=None|synth=forest_diffusion|synth_epochs=50|sensfeat=0|agg=count|fflip=invert|rw=1|foe=state|sdfafoe=fedsa|spdfafoe=fedsa|fedsa_gain=1.75|fedsa_norm=2.0|fg=server_aeod|actfb=0.12|acttemp=0.8|actkeep=1.0|actmetric=aeod_aspd|actdrop=0.005|actrisk=0.1|actviol=0.02|ad2calw=1.0|ad2calb=0.06|ad2calt=0.03|ad2calq=41|ad2clip=5.0|ad2normclip=2.5|ad2accdrop=0.03|ad2calobj=original|ad2normmode=root|ad2uw=3.0|ad2cw=0.2|ad2aw=1.5|ad2plus=fixed|suite=server_generation_ablation|tag=real5_forest_diffusion_synth5,2b14d81a75c2a164ebfe616e93c78778f4af5f67787d26c8d3a20fa2959a4b27,compas,non-IID,5.0,S-DFA,123,70,forest_diffusion,real5_forest_diffusion_synth5,0.05,0.05,0.6295896328293736,0.06178645371191954,0.010690437200246983,metrics == last10_metrics[round70],False
260,4105,945b44dacc50e0535dd0033424376f27e50d7ceef1ee62e4313148639a583a1e,full|compas|non-IID|GuardFed-AD2+|Sp-DFA|rounds=70|seed=123|clients=20|malicious=4|epochs=1|batch=256|lr=0.005|opt=adam|root=0.05+0.05|serversamp=stratified_sensitive|serveralpha=None|synth=forest_diffusion|synth_epochs=50|sensfeat=0|agg=count|fflip=invert|rw=1|foe=state|sdfafoe=fedsa|spdfafoe=fedsa|fedsa_gain=1.75|fedsa_norm=2.0|fg=server_aeod|actfb=0.12|acttemp=0.8|actkeep=1.0|actmetric=aeod_aspd|actdrop=0.005|actrisk=0.1|actviol=0.02|ad2calw=1.0|ad2calb=0.06|ad2calt=0.03|ad2calq=41|ad2clip=5.0|ad2normclip=2.5|ad2accdrop=0.03|ad2calobj=original|ad2normmode=root|ad2uw=3.0|ad2cw=0.2|ad2aw=1.5|ad2plus=fixed|suite=server_generation_ablation|tag=real5_forest_diffusion_synth5,2b14d81a75c2a164ebfe616e93c78778f4af5f67787d26c8d3a20fa2959a4b27,compas,non-IID,5.0,Sp-DFA,123,70,forest_diffusion,real5_forest_diffusion_synth5,0.05,0.05,0.6452483801295896,0.12508133688257916,0.02757406795705153,metrics == last10_metrics[round70],False
