raw_line,raw_line_sha256,run_id,dataset,distribution,alpha,attack,seed,tag,synthetic_method,server_ratio,synthetic_ratio,server_sampling,rounds,train_rows,test_rows,root_clean_rows,root_synthetic_rows,recorded_synthetic_method,config_sha256_canonical,ACC,ACC_pct,AEOD,ASPD,fair_avg,score,ACC_attaining_rounds,AEOD_attaining_rounds,ASPD_attaining_rounds,common_attaining_rounds,joint_round,joint_ACC,joint_AEOD,joint_ASPD,terminal_ACC,terminal_AEOD,terminal_ASPD
3845,49036bd1d03427c54b1b712e422609819ba529fdb72d901bd6a99f9ea60f9f41,full|adult|IID|GuardFed-AD2+|Benign|rounds=70|seed=123|clients=20|malicious=4|epochs=1|batch=256|lr=0.005|opt=adam|root=0.1+0.0|serversamp=stratified_sensitive|serveralpha=None|synth=none|synth_epochs=50|sensfeat=0|agg=count|fflip=invert|rw=1|foe=state|sdfafoe=fedsa|spdfafoe=fedsa|fedsa_gain=1.75|fedsa_norm=2.0|fg=server_aeod|actfb=0.12|acttemp=0.8|actkeep=1.0|actmetric=aeod_aspd|actdrop=0.005|actrisk=0.1|actviol=0.02|ad2calw=1.0|ad2calb=0.06|ad2calt=0.03|ad2calq=41|ad2clip=5.0|ad2normclip=2.5|ad2accdrop=0.03|ad2calobj=original|ad2normmode=root|ad2uw=3.0|ad2cw=0.2|ad2aw=1.5|ad2plus=fixed|suite=server_generation_ablation|tag=real10_none,adult,IID,5000.0,Benign,123,real10_none,none,0.1,0.0,stratified_sensitive,70,30162,15059,3016,0,none,97995764c352ae7f6c1691dfbb51895fa93fbc5f446df467e6ba5515e4b2a2ee,0.8364433229298094,83.64433229298093,0.005416270861525241,0.0662541628635518,0.03583521686253852,0.8006081060672708,[67],[65],[61],[],70,0.8256192310246364,0.009128032943173714,0.07515033212030871,0.8256192310246364,0.009128032943173714,0.07515033212030871
3846,0aff9d7b9a82a2211ed1661afc998263b908999f12f8d0a758c5c94aea7479e1,full|adult|IID|GuardFed-AD2+|F Flip|rounds=70|seed=123|clients=20|malicious=4|epochs=1|batch=256|lr=0.005|opt=adam|root=0.1+0.0|serversamp=stratified_sensitive|serveralpha=None|synth=none|synth_epochs=50|sensfeat=0|agg=count|fflip=invert|rw=1|foe=state|sdfafoe=fedsa|spdfafoe=fedsa|fedsa_gain=1.75|fedsa_norm=2.0|fg=server_aeod|actfb=0.12|acttemp=0.8|actkeep=1.0|actmetric=aeod_aspd|actdrop=0.005|actrisk=0.1|actviol=0.02|ad2calw=1.0|ad2calb=0.06|ad2calt=0.03|ad2calq=41|ad2clip=5.0|ad2normclip=2.5|ad2accdrop=0.03|ad2calobj=original|ad2normmode=root|ad2uw=3.0|ad2cw=0.2|ad2aw=1.5|ad2plus=fixed|suite=server_generation_ablation|tag=real10_none,adult,IID,5000.0,F Flip,123,real10_none,none,0.1,0.0,stratified_sensitive,70,30162,15059,3016,0,none,97995764c352ae7f6c1691dfbb51895fa93fbc5f446df467e6ba5515e4b2a2ee,0.8220997410186599,82.209974101866,0.000530088521355776,0.06254547638670405,0.03153778245402991,0.79056195856463,[70],[68],[61],[],66,0.8202403878079554,0.002560761682368462,0.06907164757455861,0.8220997410186599,0.004537740531950718,0.0716342338154417
3847,24681ca888290bc438e936c95eb42a213fedfec15f909c3e6e0fbb2c5eeb9c51,full|adult|IID|GuardFed-AD2+|FedSA|rounds=70|seed=123|clients=20|malicious=4|epochs=1|batch=256|lr=0.005|opt=adam|root=0.1+0.0|serversamp=stratified_sensitive|serveralpha=None|synth=none|synth_epochs=50|sensfeat=0|agg=count|fflip=invert|rw=1|foe=state|sdfafoe=fedsa|spdfafoe=fedsa|fedsa_gain=1.75|fedsa_norm=2.0|fg=server_aeod|actfb=0.12|acttemp=0.8|actkeep=1.0|actmetric=aeod_aspd|actdrop=0.005|actrisk=0.1|actviol=0.02|ad2calw=1.0|ad2calb=0.06|ad2calt=0.03|ad2calq=41|ad2clip=5.0|ad2normclip=2.5|ad2accdrop=0.03|ad2calobj=original|ad2normmode=root|ad2uw=3.0|ad2cw=0.2|ad2aw=1.5|ad2plus=fixed|suite=server_generation_ablation|tag=real10_none,adult,IID,5000.0,FedSA,123,real10_none,none,0.1,0.0,stratified_sensitive,70,30162,15059,3016,0,none,97995764c352ae7f6c1691dfbb51895fa93fbc5f446df467e6ba5515e4b2a2ee,0.8323925891493459,83.2392589149346,0.000530088521355776,0.06251753104049892,0.03152380978092735,0.8008687793684185,[68],[64],[63],[],64,0.8199747659207118,0.000530088521355776,0.07067656906899948,0.8205724151670097,0.020082243691061208,0.06668919145828124
3848,652cedd4b1c8c4a61fc456187846bd36aa9a92d28058e11add245496a9e5c269,full|adult|IID|GuardFed-AD2+|S-DFA|rounds=70|seed=123|clients=20|malicious=4|epochs=1|batch=256|lr=0.005|opt=adam|root=0.1+0.0|serversamp=stratified_sensitive|serveralpha=None|synth=none|synth_epochs=50|sensfeat=0|agg=count|fflip=invert|rw=1|foe=state|sdfafoe=fedsa|spdfafoe=fedsa|fedsa_gain=1.75|fedsa_norm=2.0|fg=server_aeod|actfb=0.12|acttemp=0.8|actkeep=1.0|actmetric=aeod_aspd|actdrop=0.005|actrisk=0.1|actviol=0.02|ad2calw=1.0|ad2calb=0.06|ad2calt=0.03|ad2calq=41|ad2clip=5.0|ad2normclip=2.5|ad2accdrop=0.03|ad2calobj=original|ad2normmode=root|ad2uw=3.0|ad2cw=0.2|ad2aw=1.5|ad2plus=fixed|suite=server_generation_ablation|tag=real10_none,adult,IID,5000.0,S-DFA,123,real10_none,none,0.1,0.0,stratified_sensitive,70,30162,15059,3016,0,none,97995764c352ae7f6c1691dfbb51895fa93fbc5f446df467e6ba5515e4b2a2ee,0.8369081612324856,83.69081612324855,0.0022425943263391646,0.06583650732683645,0.03403955082658781,0.8028686104058977,[64],[68],[70],[],68,0.8193107112026031,0.0022425943263391646,0.0685339052881061,0.8232286340394448,0.035581049563848,0.06583650732683645
3849,9bbc1da9667f4631484873cfb0934c12cdb9e172f5dceac4c05107c471b13a28,full|adult|IID|GuardFed-AD2+|Sp-DFA|rounds=70|seed=123|clients=20|malicious=4|epochs=1|batch=256|lr=0.005|opt=adam|root=0.1+0.0|serversamp=stratified_sensitive|serveralpha=None|synth=none|synth_epochs=50|sensfeat=0|agg=count|fflip=invert|rw=1|foe=state|sdfafoe=fedsa|spdfafoe=fedsa|fedsa_gain=1.75|fedsa_norm=2.0|fg=server_aeod|actfb=0.12|acttemp=0.8|actkeep=1.0|actmetric=aeod_aspd|actdrop=0.005|actrisk=0.1|actviol=0.02|ad2calw=1.0|ad2calb=0.06|ad2calt=0.03|ad2calq=41|ad2clip=5.0|ad2normclip=2.5|ad2accdrop=0.03|ad2calobj=original|ad2normmode=root|ad2uw=3.0|ad2cw=0.2|ad2aw=1.5|ad2plus=fixed|suite=server_generation_ablation|tag=real10_none,adult,IID,5000.0,Sp-DFA,123,real10_none,none,0.1,0.0,stratified_sensitive,70,30162,15059,3016,0,none,97995764c352ae7f6c1691dfbb51895fa93fbc5f446df467e6ba5515e4b2a2ee,0.8367089448170529,83.67089448170529,0.007169333008120948,0.061521348659660545,0.03434534083389075,0.8023636039831622,[70],[70],[61],[],65,0.822630984793147,0.012128059790329437,0.07037446643547259,0.8367089448170529,0.007169333008120948,0.11553354406491602
3850,6f6a59058660ccd52536eec2e3b50ecafd509763376b030ad1c1d572d379aa33,full|adult|non-IID|GuardFed-AD2+|Benign|rounds=70|seed=123|clients=20|malicious=4|epochs=1|batch=256|lr=0.005|opt=adam|root=0.1+0.0|serversamp=stratified_sensitive|serveralpha=None|synth=none|synth_epochs=50|sensfeat=0|agg=count|fflip=invert|rw=1|foe=state|sdfafoe=fedsa|spdfafoe=fedsa|fedsa_gain=1.75|fedsa_norm=2.0|fg=server_aeod|actfb=0.12|acttemp=0.8|actkeep=1.0|actmetric=aeod_aspd|actdrop=0.005|actrisk=0.1|actviol=0.02|ad2calw=1.0|ad2calb=0.06|ad2calt=0.03|ad2calq=41|ad2clip=5.0|ad2normclip=2.5|ad2accdrop=0.03|ad2calobj=original|ad2normmode=root|ad2uw=3.0|ad2cw=0.2|ad2aw=1.5|ad2plus=fixed|suite=server_generation_ablation|tag=real10_none,adult,non-IID,5.0,Benign,123,real10_none,none,0.1,0.0,stratified_sensitive,70,30162,15059,3016,0,none,97995764c352ae7f6c1691dfbb51895fa93fbc5f446df467e6ba5515e4b2a2ee,0.8217677136596055,82.17677136596055,0.014059912569666932,0.03286655577600214,0.023463234172834538,0.798304479486771,[62],[67],[64],[],67,0.8193771166744139,0.014059912569666932,0.06554724390477495,0.8206388206388207,0.039717225192228534,0.061679953043793874
3851,bede3b811a8bec7c30774a660c026c239ab5a8c034e36b45dc4254837633c29f,full|adult|non-IID|GuardFed-AD2+|F Flip|rounds=70|seed=123|clients=20|malicious=4|epochs=1|batch=256|lr=0.005|opt=adam|root=0.1+0.0|serversamp=stratified_sensitive|serveralpha=None|synth=none|synth_epochs=50|sensfeat=0|agg=count|fflip=invert|rw=1|foe=state|sdfafoe=fedsa|spdfafoe=fedsa|fedsa_gain=1.75|fedsa_norm=2.0|fg=server_aeod|actfb=0.12|acttemp=0.8|actkeep=1.0|actmetric=aeod_aspd|actdrop=0.005|actrisk=0.1|actviol=0.02|ad2calw=1.0|ad2calb=0.06|ad2calt=0.03|ad2calq=41|ad2clip=5.0|ad2normclip=2.5|ad2accdrop=0.03|ad2calobj=original|ad2normmode=root|ad2uw=3.0|ad2cw=0.2|ad2aw=1.5|ad2plus=fixed|suite=server_generation_ablation|tag=real10_none,adult,non-IID,5.0,F Flip,123,real10_none,none,0.1,0.0,stratified_sensitive,70,30162,15059,3016,0,none,97995764c352ae7f6c1691dfbb51895fa93fbc5f446df467e6ba5515e4b2a2ee,0.8309316687695066,83.09316687695066,0.020718578403119747,0.047384835182039356,0.03405170679257955,0.7968799619769271,[69],[63],[67],[],63,0.8194435221462248,0.020718578403119747,0.06525156087698072,0.820970847997875,0.05364804292803077,0.06162217659219964
3852,e7f518c75909818401b34174e0a666a3fbd46142711512507b57e5f4eace9f23,full|adult|non-IID|GuardFed-AD2+|FedSA|rounds=70|seed=123|clients=20|malicious=4|epochs=1|batch=256|lr=0.005|opt=adam|root=0.1+0.0|serversamp=stratified_sensitive|serveralpha=None|synth=none|synth_epochs=50|sensfeat=0|agg=count|fflip=invert|rw=1|foe=state|sdfafoe=fedsa|spdfafoe=fedsa|fedsa_gain=1.75|fedsa_norm=2.0|fg=server_aeod|actfb=0.12|acttemp=0.8|actkeep=1.0|actmetric=aeod_aspd|actdrop=0.005|actrisk=0.1|actviol=0.02|ad2calw=1.0|ad2calb=0.06|ad2calt=0.03|ad2calq=41|ad2clip=5.0|ad2normclip=2.5|ad2accdrop=0.03|ad2calobj=original|ad2normmode=root|ad2uw=3.0|ad2cw=0.2|ad2aw=1.5|ad2plus=fixed|suite=server_generation_ablation|tag=real10_none,adult,non-IID,5.0,FedSA,123,real10_none,none,0.1,0.0,stratified_sensitive,70,30162,15059,3016,0,none,97995764c352ae7f6c1691dfbb51895fa93fbc5f446df467e6ba5515e4b2a2ee,0.8261504747991234,82.61504747991233,0.0024242410394761382,0.04839915294907257,0.025411696994274355,0.800738777804849,[63],[62],[70],[],61,0.8205060096951989,0.002719559752343559,0.06958824528462906,0.8197755495052792,0.08421324410176556,0.04839915294907257
3853,cab07eed9ef58ba646b1ebd82bf7fabf4ec1933acb0295f04e012f62a5af6e98,full|adult|non-IID|GuardFed-AD2+|S-DFA|rounds=70|seed=123|clients=20|malicious=4|epochs=1|batch=256|lr=0.005|opt=adam|root=0.1+0.0|serversamp=stratified_sensitive|serveralpha=None|synth=none|synth_epochs=50|sensfeat=0|agg=count|fflip=invert|rw=1|foe=state|sdfafoe=fedsa|spdfafoe=fedsa|fedsa_gain=1.75|fedsa_norm=2.0|fg=server_aeod|actfb=0.12|acttemp=0.8|actkeep=1.0|actmetric=aeod_aspd|actdrop=0.005|actrisk=0.1|actviol=0.02|ad2calw=1.0|ad2calb=0.06|ad2calt=0.03|ad2calq=41|ad2clip=5.0|ad2normclip=2.5|ad2accdrop=0.03|ad2calobj=original|ad2normmode=root|ad2uw=3.0|ad2cw=0.2|ad2aw=1.5|ad2plus=fixed|suite=server_generation_ablation|tag=real10_none,adult,non-IID,5.0,S-DFA,123,real10_none,none,0.1,0.0,stratified_sensitive,70,30162,15059,3016,0,none,97995764c352ae7f6c1691dfbb51895fa93fbc5f446df467e6ba5515e4b2a2ee,0.8289395046151803,82.89395046151803,0.009537594871850519,0.05380829267817083,0.031672943775010676,0.7972665608401697,[66],[61],[70],[],61,0.8163224649711136,0.009537594871850519,0.06482521881125834,0.8189786838435487,0.08566870267117771,0.05380829267817083
3854,893641d456b3be9535f345ca6eb36dc95603d44542dc9f3bf86c2752e3ab6e55,full|adult|non-IID|GuardFed-AD2+|Sp-DFA|rounds=70|seed=123|clients=20|malicious=4|epochs=1|batch=256|lr=0.005|opt=adam|root=0.1+0.0|serversamp=stratified_sensitive|serveralpha=None|synth=none|synth_epochs=50|sensfeat=0|agg=count|fflip=invert|rw=1|foe=state|sdfafoe=fedsa|spdfafoe=fedsa|fedsa_gain=1.75|fedsa_norm=2.0|fg=server_aeod|actfb=0.12|acttemp=0.8|actkeep=1.0|actmetric=aeod_aspd|actdrop=0.005|actrisk=0.1|actviol=0.02|ad2calw=1.0|ad2calb=0.06|ad2calt=0.03|ad2calq=41|ad2clip=5.0|ad2normclip=2.5|ad2accdrop=0.03|ad2calobj=original|ad2normmode=root|ad2uw=3.0|ad2cw=0.2|ad2aw=1.5|ad2plus=fixed|suite=server_generation_ablation|tag=real10_none,adult,non-IID,5.0,Sp-DFA,123,real10_none,none,0.1,0.0,stratified_sensitive,70,30162,15059,3016,0,none,97995764c352ae7f6c1691dfbb51895fa93fbc5f446df467e6ba5515e4b2a2ee,0.8324589946211568,83.24589946211567,0.01665037748814585,0.061367278122075944,0.0390088278051109,0.7934501668160459,[62],[63],[65],[],63,0.8222325519622817,0.01665037748814585,0.06897120080610988,0.8320605617902915,0.04307826060134201,0.08405217871588545
3855,18ce1e6552b1725460901cd760d65582537185fcd5ae52c259f13915fce5a723,full|compas|IID|GuardFed-AD2+|Benign|rounds=70|seed=123|clients=20|malicious=4|epochs=1|batch=256|lr=0.005|opt=adam|root=0.1+0.0|serversamp=stratified_sensitive|serveralpha=None|synth=none|synth_epochs=50|sensfeat=0|agg=count|fflip=invert|rw=1|foe=state|sdfafoe=fedsa|spdfafoe=fedsa|fedsa_gain=1.75|fedsa_norm=2.0|fg=server_aeod|actfb=0.12|acttemp=0.8|actkeep=1.0|actmetric=aeod_aspd|actdrop=0.005|actrisk=0.1|actviol=0.02|ad2calw=1.0|ad2calb=0.06|ad2calt=0.03|ad2calq=41|ad2clip=5.0|ad2normclip=2.5|ad2accdrop=0.03|ad2calobj=original|ad2normmode=root|ad2uw=3.0|ad2cw=0.2|ad2aw=1.5|ad2plus=fixed|suite=server_generation_ablation|tag=real10_none,compas,IID,5000.0,Benign,123,real10_none,none,0.1,0.0,stratified_sensitive,70,4320,1852,432,0,none,97995764c352ae7f6c1691dfbb51895fa93fbc5f446df467e6ba5515e4b2a2ee,0.6484881209503239,64.8488120950324,0.05829636202307009,0.016205484232801493,0.03725092312793579,0.6112371978223882,"[64, 68]",[65],[64],[],65,0.6366090712742981,0.05829636202307009,0.019856503728638675,0.6457883369330454,0.10730553090801542,0.025712374831776463
3856,38102546ef3c9244a301ad613e9a17c5c04b524c0d6c7e08c45eaae712a182d1,full|compas|IID|GuardFed-AD2+|F Flip|rounds=70|seed=123|clients=20|malicious=4|epochs=1|batch=256|lr=0.005|opt=adam|root=0.1+0.0|serversamp=stratified_sensitive|serveralpha=None|synth=none|synth_epochs=50|sensfeat=0|agg=count|fflip=invert|rw=1|foe=state|sdfafoe=fedsa|spdfafoe=fedsa|fedsa_gain=1.75|fedsa_norm=2.0|fg=server_aeod|actfb=0.12|acttemp=0.8|actkeep=1.0|actmetric=aeod_aspd|actdrop=0.005|actrisk=0.1|actviol=0.02|ad2calw=1.0|ad2calb=0.06|ad2calt=0.03|ad2calq=41|ad2clip=5.0|ad2normclip=2.5|ad2accdrop=0.03|ad2calobj=original|ad2normmode=root|ad2uw=3.0|ad2cw=0.2|ad2aw=1.5|ad2plus=fixed|suite=server_generation_ablation|tag=real10_none,compas,IID,5000.0,F Flip,123,real10_none,none,0.1,0.0,stratified_sensitive,70,4320,1852,432,0,none,97995764c352ae7f6c1691dfbb51895fa93fbc5f446df467e6ba5515e4b2a2ee,0.6511879049676026,65.11879049676025,0.09281277728482695,0.006005273435448266,0.04940902536013761,0.601778879607465,"[63, 64]",[67],[67],[],67,0.6447084233261339,0.09281277728482695,0.006005273435448266,0.6506479481641468,0.12502218278615795,0.03089593543951713
3857,06f5f4637b28061e531f25f589aac7f6da066c4a311aae4857b7a926f3d40a01,full|compas|IID|GuardFed-AD2+|FedSA|rounds=70|seed=123|clients=20|malicious=4|epochs=1|batch=256|lr=0.005|opt=adam|root=0.1+0.0|serversamp=stratified_sensitive|serveralpha=None|synth=none|synth_epochs=50|sensfeat=0|agg=count|fflip=invert|rw=1|foe=state|sdfafoe=fedsa|spdfafoe=fedsa|fedsa_gain=1.75|fedsa_norm=2.0|fg=server_aeod|actfb=0.12|acttemp=0.8|actkeep=1.0|actmetric=aeod_aspd|actdrop=0.005|actrisk=0.1|actviol=0.02|ad2calw=1.0|ad2calb=0.06|ad2calt=0.03|ad2calq=41|ad2clip=5.0|ad2normclip=2.5|ad2accdrop=0.03|ad2calobj=original|ad2normmode=root|ad2uw=3.0|ad2cw=0.2|ad2aw=1.5|ad2plus=fixed|suite=server_generation_ablation|tag=real10_none,compas,IID,5000.0,FedSA,123,real10_none,none,0.1,0.0,stratified_sensitive,70,4320,1852,432,0,none,97995764c352ae7f6c1691dfbb51895fa93fbc5f446df467e6ba5515e4b2a2ee,0.6511879049676026,65.11879049676025,0.11171251109139313,0.023802826271933253,0.06775766868166319,0.5834302362859394,[67],[68],[63],[],68,0.6484881209503239,0.11171251109139313,0.024032765799004818,0.6452483801295896,0.12573203194321214,0.04179296805241217
3858,c6f221dde48458df9ae042e6167d886e7c2b62de1b8de91cfae93a622c247a07,full|compas|IID|GuardFed-AD2+|S-DFA|rounds=70|seed=123|clients=20|malicious=4|epochs=1|batch=256|lr=0.005|opt=adam|root=0.1+0.0|serversamp=stratified_sensitive|serveralpha=None|synth=none|synth_epochs=50|sensfeat=0|agg=count|fflip=invert|rw=1|foe=state|sdfafoe=fedsa|spdfafoe=fedsa|fedsa_gain=1.75|fedsa_norm=2.0|fg=server_aeod|actfb=0.12|acttemp=0.8|actkeep=1.0|actmetric=aeod_aspd|actdrop=0.005|actrisk=0.1|actviol=0.02|ad2calw=1.0|ad2calb=0.06|ad2calt=0.03|ad2calq=41|ad2clip=5.0|ad2normclip=2.5|ad2accdrop=0.03|ad2calobj=original|ad2normmode=root|ad2uw=3.0|ad2cw=0.2|ad2aw=1.5|ad2plus=fixed|suite=server_generation_ablation|tag=real10_none,compas,IID,5000.0,S-DFA,123,real10_none,none,0.1,0.0,stratified_sensitive,70,4320,1852,432,0,none,97995764c352ae7f6c1691dfbb51895fa93fbc5f446df467e6ba5515e4b2a2ee,0.6506479481641468,65.06479481641469,0.053268263827270124,0.0034245815859291207,0.028346422706599622,0.6223015254575472,[62],[69],[62],[],62,0.6506479481641468,0.0897959183673469,0.0034245815859291207,0.6268898488120951,0.07778763679384804,0.03302725308638377
3859,79d1163199d00544f1645bc67841d92aac7ed0d44ab86d300efed16de445b8c3,full|compas|IID|GuardFed-AD2+|Sp-DFA|rounds=70|seed=123|clients=20|malicious=4|epochs=1|batch=256|lr=0.005|opt=adam|root=0.1+0.0|serversamp=stratified_sensitive|serveralpha=None|synth=none|synth_epochs=50|sensfeat=0|agg=count|fflip=invert|rw=1|foe=state|sdfafoe=fedsa|spdfafoe=fedsa|fedsa_gain=1.75|fedsa_norm=2.0|fg=server_aeod|actfb=0.12|acttemp=0.8|actkeep=1.0|actmetric=aeod_aspd|actdrop=0.005|actrisk=0.1|actviol=0.02|ad2calw=1.0|ad2calb=0.06|ad2calt=0.03|ad2calq=41|ad2clip=5.0|ad2normclip=2.5|ad2accdrop=0.03|ad2calobj=original|ad2normmode=root|ad2uw=3.0|ad2cw=0.2|ad2aw=1.5|ad2plus=fixed|suite=server_generation_ablation|tag=real10_none,compas,IID,5000.0,Sp-DFA,123,real10_none,none,0.1,0.0,stratified_sensitive,70,4320,1852,432,0,none,97995764c352ae7f6c1691dfbb51895fa93fbc5f446df467e6ba5515e4b2a2ee,0.6457883369330454,64.57883369330453,0.07793552203490095,0.0003536633335161632,0.03914459268420856,0.6066437442488368,[63],[70],[67],[],69,0.6420086393088553,0.0796214137829045,0.003506285986411395,0.6349892008639308,0.07793552203490095,0.0024779777460556818
3860,3c56abf12893bb242d10d7455e8093cc99b85ac64a7953924a5e83da29d58b71,full|compas|non-IID|GuardFed-AD2+|Benign|rounds=70|seed=123|clients=20|malicious=4|epochs=1|batch=256|lr=0.005|opt=adam|root=0.1+0.0|serversamp=stratified_sensitive|serveralpha=None|synth=none|synth_epochs=50|sensfeat=0|agg=count|fflip=invert|rw=1|foe=state|sdfafoe=fedsa|spdfafoe=fedsa|fedsa_gain=1.75|fedsa_norm=2.0|fg=server_aeod|actfb=0.12|acttemp=0.8|actkeep=1.0|actmetric=aeod_aspd|actdrop=0.005|actrisk=0.1|actviol=0.02|ad2calw=1.0|ad2calb=0.06|ad2calt=0.03|ad2calq=41|ad2clip=5.0|ad2normclip=2.5|ad2accdrop=0.03|ad2calobj=original|ad2normmode=root|ad2uw=3.0|ad2cw=0.2|ad2aw=1.5|ad2plus=fixed|suite=server_generation_ablation|tag=real10_none,compas,non-IID,5.0,Benign,123,real10_none,none,0.1,0.0,stratified_sensitive,70,4320,1852,432,0,none,97995764c352ae7f6c1691dfbb51895fa93fbc5f446df467e6ba5515e4b2a2ee,0.6355291576673866,63.55291576673866,0.08766637089618456,0.04599724306008657,0.06683180697813557,0.568697350689251,"[66, 68, 70]",[64],[64],[],64,0.6268898488120951,0.08766637089618456,0.04599724306008657,0.6355291576673866,0.10958296362023068,0.07246013117057892
3861,ad9ff56a1f4bce78f0e6523e12646e172498241181bf18d1662e39dafade6bce,full|compas|non-IID|GuardFed-AD2+|F Flip|rounds=70|seed=123|clients=20|malicious=4|epochs=1|batch=256|lr=0.005|opt=adam|root=0.1+0.0|serversamp=stratified_sensitive|serveralpha=None|synth=none|synth_epochs=50|sensfeat=0|agg=count|fflip=invert|rw=1|foe=state|sdfafoe=fedsa|spdfafoe=fedsa|fedsa_gain=1.75|fedsa_norm=2.0|fg=server_aeod|actfb=0.12|acttemp=0.8|actkeep=1.0|actmetric=aeod_aspd|actdrop=0.005|actrisk=0.1|actviol=0.02|ad2calw=1.0|ad2calb=0.06|ad2calt=0.03|ad2calq=41|ad2clip=5.0|ad2normclip=2.5|ad2accdrop=0.03|ad2calobj=original|ad2normmode=root|ad2uw=3.0|ad2cw=0.2|ad2aw=1.5|ad2plus=fixed|suite=server_generation_ablation|tag=real10_none,compas,non-IID,5.0,F Flip,123,real10_none,none,0.1,0.0,stratified_sensitive,70,4320,1852,432,0,none,97995764c352ae7f6c1691dfbb51895fa93fbc5f446df467e6ba5515e4b2a2ee,0.6468682505399568,64.68682505399568,0.10795622596864834,0.02193412991233118,0.06494517794048976,0.5819230725994671,[63],[67],[67],[],67,0.6441684665226782,0.10795622596864834,0.02193412991233118,0.6430885529157667,0.13383614315291337,0.04774805164184992
3862,595bdd7a87f94baa02141fce8a88a92a98f92cf21157f9fecc2597de95c02022,full|compas|non-IID|GuardFed-AD2+|FedSA|rounds=70|seed=123|clients=20|malicious=4|epochs=1|batch=256|lr=0.005|opt=adam|root=0.1+0.0|serversamp=stratified_sensitive|serveralpha=None|synth=none|synth_epochs=50|sensfeat=0|agg=count|fflip=invert|rw=1|foe=state|sdfafoe=fedsa|spdfafoe=fedsa|fedsa_gain=1.75|fedsa_norm=2.0|fg=server_aeod|actfb=0.12|acttemp=0.8|actkeep=1.0|actmetric=aeod_aspd|actdrop=0.005|actrisk=0.1|actviol=0.02|ad2calw=1.0|ad2calb=0.06|ad2calt=0.03|ad2calq=41|ad2clip=5.0|ad2normclip=2.5|ad2accdrop=0.03|ad2calobj=original|ad2normmode=root|ad2uw=3.0|ad2cw=0.2|ad2aw=1.5|ad2plus=fixed|suite=server_generation_ablation|tag=real10_none,compas,non-IID,5.0,FedSA,123,real10_none,none,0.1,0.0,stratified_sensitive,70,4320,1852,432,0,none,97995764c352ae7f6c1691dfbb51895fa93fbc5f446df467e6ba5515e4b2a2ee,0.6544276457883369,65.44276457883369,0.07876367938479745,0.0012769230589660396,0.04002030122188174,0.6144073445664552,[69],[62],[67],[],69,0.6544276457883369,0.09097900029577055,0.004550935106863496,0.652267818574514,0.1080449571132801,0.011400098278721738
3863,a854765115a1af72d3b8075d0454dfd9a61d4fb179b3363ae9b99fcd690ad3b5,full|compas|non-IID|GuardFed-AD2+|S-DFA|rounds=70|seed=123|clients=20|malicious=4|epochs=1|batch=256|lr=0.005|opt=adam|root=0.1+0.0|serversamp=stratified_sensitive|serveralpha=None|synth=none|synth_epochs=50|sensfeat=0|agg=count|fflip=invert|rw=1|foe=state|sdfafoe=fedsa|spdfafoe=fedsa|fedsa_gain=1.75|fedsa_norm=2.0|fg=server_aeod|actfb=0.12|acttemp=0.8|actkeep=1.0|actmetric=aeod_aspd|actdrop=0.005|actrisk=0.1|actviol=0.02|ad2calw=1.0|ad2calb=0.06|ad2calt=0.03|ad2calq=41|ad2clip=5.0|ad2normclip=2.5|ad2accdrop=0.03|ad2calobj=original|ad2normmode=root|ad2uw=3.0|ad2cw=0.2|ad2aw=1.5|ad2plus=fixed|suite=server_generation_ablation|tag=real10_none,compas,non-IID,5.0,S-DFA,123,real10_none,none,0.1,0.0,stratified_sensitive,70,4320,1852,432,0,none,97995764c352ae7f6c1691dfbb51895fa93fbc5f446df467e6ba5515e4b2a2ee,0.6490280777537797,64.90280777537797,0.10331262939958596,0.006238714579683391,0.05477567198963468,0.594252405764145,[70],[66],[66],[],66,0.642548596112311,0.10331262939958596,0.006238714579683391,0.6490280777537797,0.11771665187814256,0.015156166289464645
3864,6d986069bcc7710315619a0f80f47a38f9c7d3f2ac0f6b8258639ef80b7e7182,full|compas|non-IID|GuardFed-AD2+|Sp-DFA|rounds=70|seed=123|clients=20|malicious=4|epochs=1|batch=256|lr=0.005|opt=adam|root=0.1+0.0|serversamp=stratified_sensitive|serveralpha=None|synth=none|synth_epochs=50|sensfeat=0|agg=count|fflip=invert|rw=1|foe=state|sdfafoe=fedsa|spdfafoe=fedsa|fedsa_gain=1.75|fedsa_norm=2.0|fg=server_aeod|actfb=0.12|acttemp=0.8|actkeep=1.0|actmetric=aeod_aspd|actdrop=0.005|actrisk=0.1|actviol=0.02|ad2calw=1.0|ad2calb=0.06|ad2calt=0.03|ad2calq=41|ad2clip=5.0|ad2normclip=2.5|ad2accdrop=0.03|ad2calobj=original|ad2normmode=root|ad2uw=3.0|ad2cw=0.2|ad2aw=1.5|ad2plus=fixed|suite=server_generation_ablation|tag=real10_none,compas,non-IID,5.0,Sp-DFA,123,real10_none,none,0.1,0.0,stratified_sensitive,70,4320,1852,432,0,none,97995764c352ae7f6c1691dfbb51895fa93fbc5f446df467e6ba5515e4b2a2ee,0.6452483801295896,64.52483801295897,0.09766341319136351,0.024117971816650652,0.06089069250400708,0.5843576876255825,[68],[65],[64],[],68,0.6452483801295896,0.10857734398107066,0.03278680870782158,0.6447084233261339,0.10857734398107066,0.033899155760101884
3865,57cc2a1d0dc53202d5fe327935902ee22cc0773d0340c21635c0ba358d550560,full|adult|IID|GuardFed-AD2+|Benign|rounds=70|seed=123|clients=20|malicious=4|epochs=1|batch=256|lr=0.005|opt=adam|root=0.01+0.09|serversamp=stratified_sensitive|serveralpha=None|synth=gaussian_copula|synth_epochs=50|sensfeat=0|agg=count|fflip=invert|rw=1|foe=state|sdfafoe=fedsa|spdfafoe=fedsa|fedsa_gain=1.75|fedsa_norm=2.0|fg=server_aeod|actfb=0.12|acttemp=0.8|actkeep=1.0|actmetric=aeod_aspd|actdrop=0.005|actrisk=0.1|actviol=0.02|ad2calw=1.0|ad2calb=0.06|ad2calt=0.03|ad2calq=41|ad2clip=5.0|ad2normclip=2.5|ad2accdrop=0.03|ad2calobj=original|ad2normmode=root|ad2uw=3.0|ad2cw=0.2|ad2aw=1.5|ad2plus=fixed|suite=server_generation_ablation|tag=real1_gaussian_copula_synth9,adult,IID,5000.0,Benign,123,real1_gaussian_copula_synth9,gaussian_copula,0.01,0.09,stratified_sensitive,70,30162,15059,302,2715,gaussian_copula,2c490e958777c7db5cc36e641e2be1671af3184d526aeb1cc84d4ad2df8a01b6,0.8070921043894017,80.70921043894018,0.0,0.0,0.0,0.8070921043894017,[69],"[68, 70]","[68, 70]",[],67,0.8005843681519357,0.02501640818187062,0.03980695202375864,0.7542997542997543,0.0,0.0
3866,9c26ef499ede88a833bca36afc18c6f7aa095d762575f2d0702dc4a57643c9ec,full|adult|IID|GuardFed-AD2+|F Flip|rounds=70|seed=123|clients=20|malicious=4|epochs=1|batch=256|lr=0.005|opt=adam|root=0.01+0.09|serversamp=stratified_sensitive|serveralpha=None|synth=gaussian_copula|synth_epochs=50|sensfeat=0|agg=count|fflip=invert|rw=1|foe=state|sdfafoe=fedsa|spdfafoe=fedsa|fedsa_gain=1.75|fedsa_norm=2.0|fg=server_aeod|actfb=0.12|acttemp=0.8|actkeep=1.0|actmetric=aeod_aspd|actdrop=0.005|actrisk=0.1|actviol=0.02|ad2calw=1.0|ad2calb=0.06|ad2calt=0.03|ad2calq=41|ad2clip=5.0|ad2normclip=2.5|ad2accdrop=0.03|ad2calobj=original|ad2normmode=root|ad2uw=3.0|ad2cw=0.2|ad2aw=1.5|ad2plus=fixed|suite=server_generation_ablation|tag=real1_gaussian_copula_synth9,adult,IID,5000.0,F Flip,123,real1_gaussian_copula_synth9,gaussian_copula,0.01,0.09,stratified_sensitive,70,30162,15059,302,2715,gaussian_copula,2c490e958777c7db5cc36e641e2be1671af3184d526aeb1cc84d4ad2df8a01b6,0.8247559598910951,82.47559598910951,0.00020449535629888543,0.00010498061499742674,0.0001547379856481561,0.8246012219054469,[66],"[64, 69]",[61],[],66,0.8247559598910951,0.007962180925838447,0.07997151620936405,0.7548309980742414,0.00043183935575965724,0.0004863854405909825
3867,b8512c9ef18a91350ed637af89e36298738f833f2a60286097e3f34e45d68e08,full|adult|IID|GuardFed-AD2+|FedSA|rounds=70|seed=123|clients=20|malicious=4|epochs=1|batch=256|lr=0.005|opt=adam|root=0.01+0.09|serversamp=stratified_sensitive|serveralpha=None|synth=gaussian_copula|synth_epochs=50|sensfeat=0|agg=count|fflip=invert|rw=1|foe=state|sdfafoe=fedsa|spdfafoe=fedsa|fedsa_gain=1.75|fedsa_norm=2.0|fg=server_aeod|actfb=0.12|acttemp=0.8|actkeep=1.0|actmetric=aeod_aspd|actdrop=0.005|actrisk=0.1|actviol=0.02|ad2calw=1.0|ad2calb=0.06|ad2calt=0.03|ad2calq=41|ad2clip=5.0|ad2normclip=2.5|ad2accdrop=0.03|ad2calobj=original|ad2normmode=root|ad2uw=3.0|ad2cw=0.2|ad2aw=1.5|ad2plus=fixed|suite=server_generation_ablation|tag=real1_gaussian_copula_synth9,adult,IID,5000.0,FedSA,123,real1_gaussian_copula_synth9,gaussian_copula,0.01,0.09,stratified_sensitive,70,30162,15059,302,2715,gaussian_copula,2c490e958777c7db5cc36e641e2be1671af3184d526aeb1cc84d4ad2df8a01b6,0.8131350023241916,81.31350023241916,0.0,0.0,0.0,0.8131350023241916,[67],"[66, 70]","[66, 70]",[],67,0.8131350023241916,0.0641487081091548,0.04609409320440999,0.7542997542997543,0.0,0.0
3868,cd00516dba743b48afed5e7a5a0d1282c9ac0ac440cfb54fbc4369b880d86b19,full|adult|IID|GuardFed-AD2+|S-DFA|rounds=70|seed=123|clients=20|malicious=4|epochs=1|batch=256|lr=0.005|opt=adam|root=0.01+0.09|serversamp=stratified_sensitive|serveralpha=None|synth=gaussian_copula|synth_epochs=50|sensfeat=0|agg=count|fflip=invert|rw=1|foe=state|sdfafoe=fedsa|spdfafoe=fedsa|fedsa_gain=1.75|fedsa_norm=2.0|fg=server_aeod|actfb=0.12|acttemp=0.8|actkeep=1.0|actmetric=aeod_aspd|actdrop=0.005|actrisk=0.1|actviol=0.02|ad2calw=1.0|ad2calb=0.06|ad2calt=0.03|ad2calq=41|ad2clip=5.0|ad2normclip=2.5|ad2accdrop=0.03|ad2calobj=original|ad2normmode=root|ad2uw=3.0|ad2cw=0.2|ad2aw=1.5|ad2plus=fixed|suite=server_generation_ablation|tag=real1_gaussian_copula_synth9,adult,IID,5000.0,S-DFA,123,real1_gaussian_copula_synth9,gaussian_copula,0.01,0.09,stratified_sensitive,70,30162,15059,302,2715,gaussian_copula,2c490e958777c7db5cc36e641e2be1671af3184d526aeb1cc84d4ad2df8a01b6,0.7823892688757553,78.23892688757553,0.0,0.0,0.0,0.7823892688757553,[68],"[64, 67]","[64, 67]",[],70,0.7764127764127764,0.005520232187911811,0.01765148835148497,0.7764127764127764,0.005520232187911811,0.01765148835148497
3869,104d44d02003286cdfec2864aaca21863488625bdae65d548296225fabbf4475,full|adult|IID|GuardFed-AD2+|Sp-DFA|rounds=70|seed=123|clients=20|malicious=4|epochs=1|batch=256|lr=0.005|opt=adam|root=0.01+0.09|serversamp=stratified_sensitive|serveralpha=None|synth=gaussian_copula|synth_epochs=50|sensfeat=0|agg=count|fflip=invert|rw=1|foe=state|sdfafoe=fedsa|spdfafoe=fedsa|fedsa_gain=1.75|fedsa_norm=2.0|fg=server_aeod|actfb=0.12|acttemp=0.8|actkeep=1.0|actmetric=aeod_aspd|actdrop=0.005|actrisk=0.1|actviol=0.02|ad2calw=1.0|ad2calb=0.06|ad2calt=0.03|ad2calq=41|ad2clip=5.0|ad2normclip=2.5|ad2accdrop=0.03|ad2calobj=original|ad2normmode=root|ad2uw=3.0|ad2cw=0.2|ad2aw=1.5|ad2plus=fixed|suite=server_generation_ablation|tag=real1_gaussian_copula_synth9,adult,IID,5000.0,Sp-DFA,123,real1_gaussian_copula_synth9,gaussian_copula,0.01,0.09,stratified_sensitive,70,30162,15059,302,2715,gaussian_copula,2c490e958777c7db5cc36e641e2be1671af3184d526aeb1cc84d4ad2df8a01b6,0.8130021913805697,81.30021913805697,0.001495443694945503,0.000121210180740388,0.0008083269378429455,0.8121938644427268,[62],[66],[63],[],64,0.804767912876021,0.003618653860763793,0.049525974306571234,0.8002523407928813,0.003790589900556973,0.04166450506504886
3870,14f23df7fadcce431217bc17363339143af164b46875fe911d9ebeef350913e2,full|adult|non-IID|GuardFed-AD2+|Benign|rounds=70|seed=123|clients=20|malicious=4|epochs=1|batch=256|lr=0.005|opt=adam|root=0.01+0.09|serversamp=stratified_sensitive|serveralpha=None|synth=gaussian_copula|synth_epochs=50|sensfeat=0|agg=count|fflip=invert|rw=1|foe=state|sdfafoe=fedsa|spdfafoe=fedsa|fedsa_gain=1.75|fedsa_norm=2.0|fg=server_aeod|actfb=0.12|acttemp=0.8|actkeep=1.0|actmetric=aeod_aspd|actdrop=0.005|actrisk=0.1|actviol=0.02|ad2calw=1.0|ad2calb=0.06|ad2calt=0.03|ad2calq=41|ad2clip=5.0|ad2normclip=2.5|ad2accdrop=0.03|ad2calobj=original|ad2normmode=root|ad2uw=3.0|ad2cw=0.2|ad2aw=1.5|ad2plus=fixed|suite=server_generation_ablation|tag=real1_gaussian_copula_synth9,adult,non-IID,5.0,Benign,123,real1_gaussian_copula_synth9,gaussian_copula,0.01,0.09,stratified_sensitive,70,30162,15059,302,2715,gaussian_copula,2c490e958777c7db5cc36e641e2be1671af3184d526aeb1cc84d4ad2df8a01b6,0.8081545919383757,80.81545919383757,0.0003181673560292714,9.856100926473487e-05,0.00020836418264700313,0.8079462277557287,[61],[69],[69],[],63,0.8018460721163424,0.00395966985995494,0.049543347364585336,0.794475064745335,0.05131062673256978,0.02543441772912145
3871,61fecdb60c9fdb99baa4a2b58c7fc28196ddfe1a587533935933489e0742d83f,full|adult|non-IID|GuardFed-AD2+|F Flip|rounds=70|seed=123|clients=20|malicious=4|epochs=1|batch=256|lr=0.005|opt=adam|root=0.01+0.09|serversamp=stratified_sensitive|serveralpha=None|synth=gaussian_copula|synth_epochs=50|sensfeat=0|agg=count|fflip=invert|rw=1|foe=state|sdfafoe=fedsa|spdfafoe=fedsa|fedsa_gain=1.75|fedsa_norm=2.0|fg=server_aeod|actfb=0.12|acttemp=0.8|actkeep=1.0|actmetric=aeod_aspd|actdrop=0.005|actrisk=0.1|actviol=0.02|ad2calw=1.0|ad2calb=0.06|ad2calt=0.03|ad2calq=41|ad2clip=5.0|ad2normclip=2.5|ad2accdrop=0.03|ad2calobj=original|ad2normmode=root|ad2uw=3.0|ad2cw=0.2|ad2aw=1.5|ad2plus=fixed|suite=server_generation_ablation|tag=real1_gaussian_copula_synth9,adult,non-IID,5.0,F Flip,123,real1_gaussian_copula_synth9,gaussian_copula,0.01,0.09,stratified_sensitive,70,30162,15059,302,2715,gaussian_copula,2c490e958777c7db5cc36e641e2be1671af3184d526aeb1cc84d4ad2df8a01b6,0.8202403878079554,82.02403878079554,0.0032724969168612134,0.00030852223925958836,0.0017905095780604008,0.818449878229895,[65],[62],[62],[],68,0.8043694800451557,0.004754802641988604,0.04860456027125081,0.8031741815525599,0.038174370562722076,0.03818730555866839
3872,5f151d7f8db213dc28e3e4ca199a3164d37c980029138ea134c597f57e94f9b2,full|adult|non-IID|GuardFed-AD2+|FedSA|rounds=70|seed=123|clients=20|malicious=4|epochs=1|batch=256|lr=0.005|opt=adam|root=0.01+0.09|serversamp=stratified_sensitive|serveralpha=None|synth=gaussian_copula|synth_epochs=50|sensfeat=0|agg=count|fflip=invert|rw=1|foe=state|sdfafoe=fedsa|spdfafoe=fedsa|fedsa_gain=1.75|fedsa_norm=2.0|fg=server_aeod|actfb=0.12|acttemp=0.8|actkeep=1.0|actmetric=aeod_aspd|actdrop=0.005|actrisk=0.1|actviol=0.02|ad2calw=1.0|ad2calb=0.06|ad2calt=0.03|ad2calq=41|ad2clip=5.0|ad2normclip=2.5|ad2accdrop=0.03|ad2calobj=original|ad2normmode=root|ad2uw=3.0|ad2cw=0.2|ad2aw=1.5|ad2plus=fixed|suite=server_generation_ablation|tag=real1_gaussian_copula_synth9,adult,non-IID,5.0,FedSA,123,real1_gaussian_copula_synth9,gaussian_copula,0.01,0.09,stratified_sensitive,70,30162,15059,302,2715,gaussian_copula,2c490e958777c7db5cc36e641e2be1671af3184d526aeb1cc84d4ad2df8a01b6,0.8189122783717379,81.89122783717379,0.0017953321364452424,0.0002035416242621616,0.000999436880353702,0.8179128414913841,[67],[62],[62],[],70,0.8105451889235673,0.009983143413507367,0.05497327056724318,0.8105451889235673,0.009983143413507367,0.05497327056724318
3873,77f1ef2fce0565d6a29287efbafc55097a0de2ad23b3054dedf9a5b6ae6dab0a,full|adult|non-IID|GuardFed-AD2+|S-DFA|rounds=70|seed=123|clients=20|malicious=4|epochs=1|batch=256|lr=0.005|opt=adam|root=0.01+0.09|serversamp=stratified_sensitive|serveralpha=None|synth=gaussian_copula|synth_epochs=50|sensfeat=0|agg=count|fflip=invert|rw=1|foe=state|sdfafoe=fedsa|spdfafoe=fedsa|fedsa_gain=1.75|fedsa_norm=2.0|fg=server_aeod|actfb=0.12|acttemp=0.8|actkeep=1.0|actmetric=aeod_aspd|actdrop=0.005|actrisk=0.1|actviol=0.02|ad2calw=1.0|ad2calb=0.06|ad2calt=0.03|ad2calq=41|ad2clip=5.0|ad2normclip=2.5|ad2accdrop=0.03|ad2calobj=original|ad2normmode=root|ad2uw=3.0|ad2cw=0.2|ad2aw=1.5|ad2plus=fixed|suite=server_generation_ablation|tag=real1_gaussian_copula_synth9,adult,non-IID,5.0,S-DFA,123,real1_gaussian_copula_synth9,gaussian_copula,0.01,0.09,stratified_sensitive,70,30162,15059,302,2715,gaussian_copula,2c490e958777c7db5cc36e641e2be1671af3184d526aeb1cc84d4ad2df8a01b6,0.8211700644133076,82.11700644133076,0.014130743363468784,0.005338162963216181,0.009734453163342482,0.8114356112499652,[67],[64],[66],[],64,0.8006507736237466,0.014130743363468784,0.04141602620065786,0.8058968058968059,0.019356799270671327,0.04973404977738211
3874,e3842234432deeeea407648aa4d298fac4594e333bc309bb7892bc1d0ab2f990,full|adult|non-IID|GuardFed-AD2+|Sp-DFA|rounds=70|seed=123|clients=20|malicious=4|epochs=1|batch=256|lr=0.005|opt=adam|root=0.01+0.09|serversamp=stratified_sensitive|serveralpha=None|synth=gaussian_copula|synth_epochs=50|sensfeat=0|agg=count|fflip=invert|rw=1|foe=state|sdfafoe=fedsa|spdfafoe=fedsa|fedsa_gain=1.75|fedsa_norm=2.0|fg=server_aeod|actfb=0.12|acttemp=0.8|actkeep=1.0|actmetric=aeod_aspd|actdrop=0.005|actrisk=0.1|actviol=0.02|ad2calw=1.0|ad2calb=0.06|ad2calt=0.03|ad2calq=41|ad2clip=5.0|ad2normclip=2.5|ad2accdrop=0.03|ad2calobj=original|ad2normmode=root|ad2uw=3.0|ad2cw=0.2|ad2aw=1.5|ad2plus=fixed|suite=server_generation_ablation|tag=real1_gaussian_copula_synth9,adult,non-IID,5.0,Sp-DFA,123,real1_gaussian_copula_synth9,gaussian_copula,0.01,0.09,stratified_sensitive,70,30162,15059,302,2715,gaussian_copula,2c490e958777c7db5cc36e641e2be1671af3184d526aeb1cc84d4ad2df8a01b6,0.8203067932797663,82.03067932797663,0.014731091462547363,0.0034911822101169852,0.009111136836332174,0.8111956564434342,[64],[62],[61],[],62,0.8006507736237466,0.014731091462547363,0.0450948815721165,0.8005843681519357,0.11403129464410672,0.016105506862177363
3875,19708c0dffe47bce4024a9a0f226ae8580977a53f6d54a1c9ddd1d4aec150769,full|compas|IID|GuardFed-AD2+|Benign|rounds=70|seed=123|clients=20|malicious=4|epochs=1|batch=256|lr=0.005|opt=adam|root=0.01+0.09|serversamp=stratified_sensitive|serveralpha=None|synth=gaussian_copula|synth_epochs=50|sensfeat=0|agg=count|fflip=invert|rw=1|foe=state|sdfafoe=fedsa|spdfafoe=fedsa|fedsa_gain=1.75|fedsa_norm=2.0|fg=server_aeod|actfb=0.12|acttemp=0.8|actkeep=1.0|actmetric=aeod_aspd|actdrop=0.005|actrisk=0.1|actviol=0.02|ad2calw=1.0|ad2calb=0.06|ad2calt=0.03|ad2calq=41|ad2clip=5.0|ad2normclip=2.5|ad2accdrop=0.03|ad2calobj=original|ad2normmode=root|ad2uw=3.0|ad2cw=0.2|ad2aw=1.5|ad2plus=fixed|suite=server_generation_ablation|tag=real1_gaussian_copula_synth9,compas,IID,5000.0,Benign,123,real1_gaussian_copula_synth9,gaussian_copula,0.01,0.09,stratified_sensitive,70,4320,1852,43,389,gaussian_copula,2c490e958777c7db5cc36e641e2be1671af3184d526aeb1cc84d4ad2df8a01b6,0.6506479481641468,65.06479481641469,0.005116829340431839,0.04137277399278899,0.023244801666610415,0.6274031464975365,[65],[67],[66],[],66,0.6376889848812095,0.015173025732031942,0.04137277399278899,0.6344492440604752,0.0059745637385389405,0.05688260361576988
3876,64eb289a0d91da6966995584c2e9ef59204d76b3eb43e946ca4580987c3d785c,full|compas|IID|GuardFed-AD2+|F Flip|rounds=70|seed=123|clients=20|malicious=4|epochs=1|batch=256|lr=0.005|opt=adam|root=0.01+0.09|serversamp=stratified_sensitive|serveralpha=None|synth=gaussian_copula|synth_epochs=50|sensfeat=0|agg=count|fflip=invert|rw=1|foe=state|sdfafoe=fedsa|spdfafoe=fedsa|fedsa_gain=1.75|fedsa_norm=2.0|fg=server_aeod|actfb=0.12|acttemp=0.8|actkeep=1.0|actmetric=aeod_aspd|actdrop=0.005|actrisk=0.1|actviol=0.02|ad2calw=1.0|ad2calb=0.06|ad2calt=0.03|ad2calq=41|ad2clip=5.0|ad2normclip=2.5|ad2accdrop=0.03|ad2calobj=original|ad2normmode=root|ad2uw=3.0|ad2cw=0.2|ad2aw=1.5|ad2plus=fixed|suite=server_generation_ablation|tag=real1_gaussian_copula_synth9,compas,IID,5000.0,F Flip,123,real1_gaussian_copula_synth9,gaussian_copula,0.01,0.09,stratified_sensitive,70,4320,1852,43,389,gaussian_copula,2c490e958777c7db5cc36e641e2be1671af3184d526aeb1cc84d4ad2df8a01b6,0.6625269978401728,66.25269978401728,0.0032534753031647212,0.05192898253510081,0.027591228919132765,0.63493576892104,[64],[62],[62],[],70,0.6371490280777538,0.004968944099378869,0.05291527136949414,0.6371490280777538,0.004968944099378869,0.05291527136949414
3877,41df5e23e054bd8d4524f956cd2a6f22b2222f719550fd04b28573754f0419a5,full|compas|IID|GuardFed-AD2+|FedSA|rounds=70|seed=123|clients=20|malicious=4|epochs=1|batch=256|lr=0.005|opt=adam|root=0.01+0.09|serversamp=stratified_sensitive|serveralpha=None|synth=gaussian_copula|synth_epochs=50|sensfeat=0|agg=count|fflip=invert|rw=1|foe=state|sdfafoe=fedsa|spdfafoe=fedsa|fedsa_gain=1.75|fedsa_norm=2.0|fg=server_aeod|actfb=0.12|acttemp=0.8|actkeep=1.0|actmetric=aeod_aspd|actdrop=0.005|actrisk=0.1|actviol=0.02|ad2calw=1.0|ad2calb=0.06|ad2calt=0.03|ad2calq=41|ad2clip=5.0|ad2normclip=2.5|ad2accdrop=0.03|ad2calobj=original|ad2normmode=root|ad2uw=3.0|ad2cw=0.2|ad2aw=1.5|ad2plus=fixed|suite=server_generation_ablation|tag=real1_gaussian_copula_synth9,compas,IID,5000.0,FedSA,123,real1_gaussian_copula_synth9,gaussian_copula,0.01,0.09,stratified_sensitive,70,4320,1852,43,389,gaussian_copula,2c490e958777c7db5cc36e641e2be1671af3184d526aeb1cc84d4ad2df8a01b6,0.6625269978401728,66.25269978401728,0.0007690032534752866,0.054364940875194195,0.02756697206433474,0.634960025775838,[65],[64],[68],[],69,0.6533477321814255,0.0036379769299023645,0.07131743676954808,0.6317494600431965,0.028098195800059178,0.07039767866126173
3878,e3423ca6955c225a9888ce82a83976f8774392aab5f8b5fbb1fba44c17333ba2,full|compas|IID|GuardFed-AD2+|S-DFA|rounds=70|seed=123|clients=20|malicious=4|epochs=1|batch=256|lr=0.005|opt=adam|root=0.01+0.09|serversamp=stratified_sensitive|serveralpha=None|synth=gaussian_copula|synth_epochs=50|sensfeat=0|agg=count|fflip=invert|rw=1|foe=state|sdfafoe=fedsa|spdfafoe=fedsa|fedsa_gain=1.75|fedsa_norm=2.0|fg=server_aeod|actfb=0.12|acttemp=0.8|actkeep=1.0|actmetric=aeod_aspd|actdrop=0.005|actrisk=0.1|actviol=0.02|ad2calw=1.0|ad2calb=0.06|ad2calt=0.03|ad2calq=41|ad2clip=5.0|ad2normclip=2.5|ad2accdrop=0.03|ad2calobj=original|ad2normmode=root|ad2uw=3.0|ad2cw=0.2|ad2aw=1.5|ad2plus=fixed|suite=server_generation_ablation|tag=real1_gaussian_copula_synth9,compas,IID,5000.0,S-DFA,123,real1_gaussian_copula_synth9,gaussian_copula,0.01,0.09,stratified_sensitive,70,4320,1852,43,389,gaussian_copula,2c490e958777c7db5cc36e641e2be1671af3184d526aeb1cc84d4ad2df8a01b6,0.6609071274298056,66.09071274298056,0.012747707778763717,0.06149890224301924,0.03712330501089148,0.6237838224189142,[67],[66],[66],[],67,0.6609071274298056,0.020349009168884935,0.1022483883807005,0.6403887688984882,0.05625554569653951,0.09444678534036305
3879,af1c7622d2212df886d73b2b1c35cf7eebc4037da43bf25584efcc0303bb7c9a,full|compas|IID|GuardFed-AD2+|Sp-DFA|rounds=70|seed=123|clients=20|malicious=4|epochs=1|batch=256|lr=0.005|opt=adam|root=0.01+0.09|serversamp=stratified_sensitive|serveralpha=None|synth=gaussian_copula|synth_epochs=50|sensfeat=0|agg=count|fflip=invert|rw=1|foe=state|sdfafoe=fedsa|spdfafoe=fedsa|fedsa_gain=1.75|fedsa_norm=2.0|fg=server_aeod|actfb=0.12|acttemp=0.8|actkeep=1.0|actmetric=aeod_aspd|actdrop=0.005|actrisk=0.1|actviol=0.02|ad2calw=1.0|ad2calb=0.06|ad2calt=0.03|ad2calq=41|ad2clip=5.0|ad2normclip=2.5|ad2accdrop=0.03|ad2calobj=original|ad2normmode=root|ad2uw=3.0|ad2cw=0.2|ad2aw=1.5|ad2plus=fixed|suite=server_generation_ablation|tag=real1_gaussian_copula_synth9,compas,IID,5000.0,Sp-DFA,123,real1_gaussian_copula_synth9,gaussian_copula,0.01,0.09,stratified_sensitive,70,4320,1852,43,389,gaussian_copula,2c490e958777c7db5cc36e641e2be1671af3184d526aeb1cc84d4ad2df8a01b6,0.6636069114470843,66.36069114470843,0.02499260573794737,0.06884412784637706,0.046918366792162214,0.6166885446549221,[66],[64],[64],[],67,0.6625269978401728,0.02679680567879328,0.10508119666599358,0.6576673866090713,0.05211475894705708,0.12760243105607605
3880,6e5514598b0c26b45895da9d26f14f00772a3e1f3f247434ab6ee518f46cc19e,full|compas|non-IID|GuardFed-AD2+|Benign|rounds=70|seed=123|clients=20|malicious=4|epochs=1|batch=256|lr=0.005|opt=adam|root=0.01+0.09|serversamp=stratified_sensitive|serveralpha=None|synth=gaussian_copula|synth_epochs=50|sensfeat=0|agg=count|fflip=invert|rw=1|foe=state|sdfafoe=fedsa|spdfafoe=fedsa|fedsa_gain=1.75|fedsa_norm=2.0|fg=server_aeod|actfb=0.12|acttemp=0.8|actkeep=1.0|actmetric=aeod_aspd|actdrop=0.005|actrisk=0.1|actviol=0.02|ad2calw=1.0|ad2calb=0.06|ad2calt=0.03|ad2calq=41|ad2clip=5.0|ad2normclip=2.5|ad2accdrop=0.03|ad2calobj=original|ad2normmode=root|ad2uw=3.0|ad2cw=0.2|ad2aw=1.5|ad2plus=fixed|suite=server_generation_ablation|tag=real1_gaussian_copula_synth9,compas,non-IID,5.0,Benign,123,real1_gaussian_copula_synth9,gaussian_copula,0.01,0.09,stratified_sensitive,70,4320,1852,43,389,gaussian_copula,2c490e958777c7db5cc36e641e2be1671af3184d526aeb1cc84d4ad2df8a01b6,0.6625269978401728,66.25269978401728,0.005974563738538885,0.08189232060339868,0.043933442170968784,0.6185935556692039,[68],[65],[64],[],65,0.6614470842332614,0.005974563738538885,0.09332743505375568,0.6533477321814255,0.032031943212067426,0.10172548021761385
3881,c97406eb12100de97b14e9a52c8194b68659cfcd8b8ddbfa65cfbd446d5ef449,full|compas|non-IID|GuardFed-AD2+|F Flip|rounds=70|seed=123|clients=20|malicious=4|epochs=1|batch=256|lr=0.005|opt=adam|root=0.01+0.09|serversamp=stratified_sensitive|serveralpha=None|synth=gaussian_copula|synth_epochs=50|sensfeat=0|agg=count|fflip=invert|rw=1|foe=state|sdfafoe=fedsa|spdfafoe=fedsa|fedsa_gain=1.75|fedsa_norm=2.0|fg=server_aeod|actfb=0.12|acttemp=0.8|actkeep=1.0|actmetric=aeod_aspd|actdrop=0.005|actrisk=0.1|actviol=0.02|ad2calw=1.0|ad2calb=0.06|ad2calt=0.03|ad2calq=41|ad2clip=5.0|ad2normclip=2.5|ad2accdrop=0.03|ad2calobj=original|ad2normmode=root|ad2uw=3.0|ad2cw=0.2|ad2aw=1.5|ad2plus=fixed|suite=server_generation_ablation|tag=real1_gaussian_copula_synth9,compas,non-IID,5.0,F Flip,123,real1_gaussian_copula_synth9,gaussian_copula,0.01,0.09,stratified_sensitive,70,4320,1852,43,389,gaussian_copula,2c490e958777c7db5cc36e641e2be1671af3184d526aeb1cc84d4ad2df8a01b6,0.6603671706263499,66.03671706263499,0.029991126885536845,0.0985366741873622,0.06426390053644952,0.5961032700899004,[62],[61],[68],[],61,0.6511879049676026,0.029991126885536845,0.10166245110867039,0.6506479481641468,0.05779355220349014,0.10785447745950674
3882,baadf183622cb32fbd5951ed5abd5f800450bbd369d696179761e9248f9cb275,full|compas|non-IID|GuardFed-AD2+|FedSA|rounds=70|seed=123|clients=20|malicious=4|epochs=1|batch=256|lr=0.005|opt=adam|root=0.01+0.09|serversamp=stratified_sensitive|serveralpha=None|synth=gaussian_copula|synth_epochs=50|sensfeat=0|agg=count|fflip=invert|rw=1|foe=state|sdfafoe=fedsa|spdfafoe=fedsa|fedsa_gain=1.75|fedsa_norm=2.0|fg=server_aeod|actfb=0.12|acttemp=0.8|actkeep=1.0|actmetric=aeod_aspd|actdrop=0.005|actrisk=0.1|actviol=0.02|ad2calw=1.0|ad2calb=0.06|ad2calt=0.03|ad2calq=41|ad2clip=5.0|ad2normclip=2.5|ad2accdrop=0.03|ad2calobj=original|ad2normmode=root|ad2uw=3.0|ad2cw=0.2|ad2aw=1.5|ad2plus=fixed|suite=server_generation_ablation|tag=real1_gaussian_copula_synth9,compas,non-IID,5.0,FedSA,123,real1_gaussian_copula_synth9,gaussian_copula,0.01,0.09,stratified_sensitive,70,4320,1852,43,389,gaussian_copula,2c490e958777c7db5cc36e641e2be1671af3184d526aeb1cc84d4ad2df8a01b6,0.6630669546436285,66.30669546436285,0.010233658680863622,0.05199201164404427,0.031112835162453945,0.6319541194811746,[62],[64],[64],[],62,0.6630669546436285,0.013812481514344777,0.09456584032392296,0.6528077753779697,0.07077787636793847,0.12825489905421317
3883,9dbe42ed588a9560526d7bf3106e2179147cd59a724dd0a39c300b758b668194,full|compas|non-IID|GuardFed-AD2+|S-DFA|rounds=70|seed=123|clients=20|malicious=4|epochs=1|batch=256|lr=0.005|opt=adam|root=0.01+0.09|serversamp=stratified_sensitive|serveralpha=None|synth=gaussian_copula|synth_epochs=50|sensfeat=0|agg=count|fflip=invert|rw=1|foe=state|sdfafoe=fedsa|spdfafoe=fedsa|fedsa_gain=1.75|fedsa_norm=2.0|fg=server_aeod|actfb=0.12|acttemp=0.8|actkeep=1.0|actmetric=aeod_aspd|actdrop=0.005|actrisk=0.1|actviol=0.02|ad2calw=1.0|ad2calb=0.06|ad2calt=0.03|ad2calq=41|ad2clip=5.0|ad2normclip=2.5|ad2accdrop=0.03|ad2calobj=original|ad2normmode=root|ad2uw=3.0|ad2cw=0.2|ad2aw=1.5|ad2plus=fixed|suite=server_generation_ablation|tag=real1_gaussian_copula_synth9,compas,non-IID,5.0,S-DFA,123,real1_gaussian_copula_synth9,gaussian_copula,0.01,0.09,stratified_sensitive,70,4320,1852,43,389,gaussian_copula,2c490e958777c7db5cc36e641e2be1671af3184d526aeb1cc84d4ad2df8a01b6,0.6468682505399568,64.68682505399568,0.0047027506654835904,0.05308218178762225,0.02889246622655292,0.6179757843134038,"[65, 67]",[68],[70],[],70,0.6366090712742981,0.006033717834960095,0.05308218178762225,0.6366090712742981,0.006033717834960095,0.05308218178762225
3884,2d002812d5a706f5e263db60120e79f238dadb8241a555d3fae194646bd6ce72,full|compas|non-IID|GuardFed-AD2+|Sp-DFA|rounds=70|seed=123|clients=20|malicious=4|epochs=1|batch=256|lr=0.005|opt=adam|root=0.01+0.09|serversamp=stratified_sensitive|serveralpha=None|synth=gaussian_copula|synth_epochs=50|sensfeat=0|agg=count|fflip=invert|rw=1|foe=state|sdfafoe=fedsa|spdfafoe=fedsa|fedsa_gain=1.75|fedsa_norm=2.0|fg=server_aeod|actfb=0.12|acttemp=0.8|actkeep=1.0|actmetric=aeod_aspd|actdrop=0.005|actrisk=0.1|actviol=0.02|ad2calw=1.0|ad2calb=0.06|ad2calt=0.03|ad2calq=41|ad2clip=5.0|ad2normclip=2.5|ad2accdrop=0.03|ad2calobj=original|ad2normmode=root|ad2uw=3.0|ad2cw=0.2|ad2aw=1.5|ad2plus=fixed|suite=server_generation_ablation|tag=real1_gaussian_copula_synth9,compas,non-IID,5.0,Sp-DFA,123,real1_gaussian_copula_synth9,gaussian_copula,0.01,0.09,stratified_sensitive,70,4320,1852,43,389,gaussian_copula,2c490e958777c7db5cc36e641e2be1671af3184d526aeb1cc84d4ad2df8a01b6,0.6544276457883369,65.44276457883369,0.023809523809523836,0.09102453816587627,0.057417030987700055,0.5970106148006369,[61],[61],[70],[],61,0.6544276457883369,0.023809523809523836,0.0929901126003359,0.6436285097192225,0.03404318249038746,0.09102453816587627
3885,f7b2d5b02607043f4d7778962b8d7b6d51bcc831fbe80f0e53e6a99852ad1bc4,full|adult|IID|GuardFed-AD2+|Benign|rounds=70|seed=123|clients=20|malicious=4|epochs=1|batch=256|lr=0.005|opt=adam|root=0.01+0.09|serversamp=stratified_sensitive|serveralpha=None|synth=ctgan|synth_epochs=50|sensfeat=0|agg=count|fflip=invert|rw=1|foe=state|sdfafoe=fedsa|spdfafoe=fedsa|fedsa_gain=1.75|fedsa_norm=2.0|fg=server_aeod|actfb=0.12|acttemp=0.8|actkeep=1.0|actmetric=aeod_aspd|actdrop=0.005|actrisk=0.1|actviol=0.02|ad2calw=1.0|ad2calb=0.06|ad2calt=0.03|ad2calq=41|ad2clip=5.0|ad2normclip=2.5|ad2accdrop=0.03|ad2calobj=original|ad2normmode=root|ad2uw=3.0|ad2cw=0.2|ad2aw=1.5|ad2plus=fixed|suite=server_generation_ablation|tag=real1_ctgan_synth9,adult,IID,5000.0,Benign,123,real1_ctgan_synth9,ctgan,0.01,0.09,stratified_sensitive,70,30162,15059,302,2715,ctgan,f689e7d3aebfdbe5b6c8366089c7768432b21deb49500a8c1123cd2aed3df2ea,0.7622684109170595,76.22684109170595,0.00018107549705794618,0.004319692513724615,0.0022503840053912805,0.7600180269116683,[62],[67],[63],[],67,0.7621355999734378,0.00018107549705794618,0.006389473708284047,0.7618035726143835,0.0003415872152702053,0.00619877129548727
3886,dba1ef53e73d50a708ce6ba8ae8504cb88c2dc57608eaa783bde11144c2242bc,full|adult|IID|GuardFed-AD2+|F Flip|rounds=70|seed=123|clients=20|malicious=4|epochs=1|batch=256|lr=0.005|opt=adam|root=0.01+0.09|serversamp=stratified_sensitive|serveralpha=None|synth=ctgan|synth_epochs=50|sensfeat=0|agg=count|fflip=invert|rw=1|foe=state|sdfafoe=fedsa|spdfafoe=fedsa|fedsa_gain=1.75|fedsa_norm=2.0|fg=server_aeod|actfb=0.12|acttemp=0.8|actkeep=1.0|actmetric=aeod_aspd|actdrop=0.005|actrisk=0.1|actviol=0.02|ad2calw=1.0|ad2calb=0.06|ad2calt=0.03|ad2calq=41|ad2clip=5.0|ad2normclip=2.5|ad2accdrop=0.03|ad2calobj=original|ad2normmode=root|ad2uw=3.0|ad2cw=0.2|ad2aw=1.5|ad2plus=fixed|suite=server_generation_ablation|tag=real1_ctgan_synth9,adult,IID,5000.0,F Flip,123,real1_ctgan_synth9,ctgan,0.01,0.09,stratified_sensitive,70,30162,15059,302,2715,ctgan,f689e7d3aebfdbe5b6c8366089c7768432b21deb49500a8c1123cd2aed3df2ea,0.7954047413506873,79.54047413506873,0.000432410571838706,0.005410283221369391,0.0029213468966040484,0.7924833944540832,[62],[67],[69],[],62,0.7954047413506873,0.029198281096574935,0.03493252532965778,0.7616707616707616,0.00393225148816069,0.006605854544011593
3887,c0a9ad0f52bd83dfb6ac69c621a43e21fdffc19d5a4099ad832008935f785837,full|adult|IID|GuardFed-AD2+|FedSA|rounds=70|seed=123|clients=20|malicious=4|epochs=1|batch=256|lr=0.005|opt=adam|root=0.01+0.09|serversamp=stratified_sensitive|serveralpha=None|synth=ctgan|synth_epochs=50|sensfeat=0|agg=count|fflip=invert|rw=1|foe=state|sdfafoe=fedsa|spdfafoe=fedsa|fedsa_gain=1.75|fedsa_norm=2.0|fg=server_aeod|actfb=0.12|acttemp=0.8|actkeep=1.0|actmetric=aeod_aspd|actdrop=0.005|actrisk=0.1|actviol=0.02|ad2calw=1.0|ad2calb=0.06|ad2calt=0.03|ad2calq=41|ad2clip=5.0|ad2normclip=2.5|ad2accdrop=0.03|ad2calobj=original|ad2normmode=root|ad2uw=3.0|ad2cw=0.2|ad2aw=1.5|ad2plus=fixed|suite=server_generation_ablation|tag=real1_ctgan_synth9,adult,IID,5000.0,FedSA,123,real1_ctgan_synth9,ctgan,0.01,0.09,stratified_sensitive,70,30162,15059,302,2715,ctgan,f689e7d3aebfdbe5b6c8366089c7768432b21deb49500a8c1123cd2aed3df2ea,0.7656550899794143,76.56550899794144,0.0004084194965187256,0.004720356156516247,0.0025643878265174864,0.7630907021528969,[67],[68],[66],[],67,0.7656550899794143,0.0013851989916893737,0.009485649553161337,0.760940301480842,0.0037945884131103218,0.004917478175045716
3888,8be80037f9bccc7870fb098c86862a10852ea1fb0ec0558d16ed9d1bd3bc765e,full|adult|IID|GuardFed-AD2+|S-DFA|rounds=70|seed=123|clients=20|malicious=4|epochs=1|batch=256|lr=0.005|opt=adam|root=0.01+0.09|serversamp=stratified_sensitive|serveralpha=None|synth=ctgan|synth_epochs=50|sensfeat=0|agg=count|fflip=invert|rw=1|foe=state|sdfafoe=fedsa|spdfafoe=fedsa|fedsa_gain=1.75|fedsa_norm=2.0|fg=server_aeod|actfb=0.12|acttemp=0.8|actkeep=1.0|actmetric=aeod_aspd|actdrop=0.005|actrisk=0.1|actviol=0.02|ad2calw=1.0|ad2calb=0.06|ad2calt=0.03|ad2calq=41|ad2clip=5.0|ad2normclip=2.5|ad2accdrop=0.03|ad2calobj=original|ad2normmode=root|ad2uw=3.0|ad2cw=0.2|ad2aw=1.5|ad2plus=fixed|suite=server_generation_ablation|tag=real1_ctgan_synth9,adult,IID,5000.0,S-DFA,123,real1_ctgan_synth9,ctgan,0.01,0.09,stratified_sensitive,70,30162,15059,302,2715,ctgan,f689e7d3aebfdbe5b6c8366089c7768432b21deb49500a8c1123cd2aed3df2ea,0.7603426522345441,76.03426522345441,0.00020506657237793352,0.004746034579447014,0.002475550575912474,0.7578671016586317,"[69, 70]","[61, 62]","[61, 62]",[],61,0.7600106248754898,0.00020506657237793352,0.004746034579447014,0.7603426522345441,0.001795903352524289,0.005238839625770687
3889,9b28ede8e4e6234ff7bfd6f2469e7340d34daf4f8d06d47780a97938bbfdbf08,full|adult|IID|GuardFed-AD2+|Sp-DFA|rounds=70|seed=123|clients=20|malicious=4|epochs=1|batch=256|lr=0.005|opt=adam|root=0.01+0.09|serversamp=stratified_sensitive|serveralpha=None|synth=ctgan|synth_epochs=50|sensfeat=0|agg=count|fflip=invert|rw=1|foe=state|sdfafoe=fedsa|spdfafoe=fedsa|fedsa_gain=1.75|fedsa_norm=2.0|fg=server_aeod|actfb=0.12|acttemp=0.8|actkeep=1.0|actmetric=aeod_aspd|actdrop=0.005|actrisk=0.1|actviol=0.02|ad2calw=1.0|ad2calb=0.06|ad2calt=0.03|ad2calq=41|ad2clip=5.0|ad2normclip=2.5|ad2accdrop=0.03|ad2calobj=original|ad2normmode=root|ad2uw=3.0|ad2cw=0.2|ad2aw=1.5|ad2plus=fixed|suite=server_generation_ablation|tag=real1_ctgan_synth9,adult,IID,5000.0,Sp-DFA,123,real1_ctgan_synth9,ctgan,0.01,0.09,stratified_sensitive,70,30162,15059,302,2715,ctgan,f689e7d3aebfdbe5b6c8366089c7768432b21deb49500a8c1123cd2aed3df2ea,0.7602098412909224,76.02098412909224,0.00011310078365133966,0.00445035155165281,0.002281726167652075,0.7579281151232703,"[61, 62]","[64, 65, 66]","[67, 69]",[],64,0.7599442194036788,0.00011310078365133966,0.004647473570182279,0.759877813931868,0.00043126813968060937,0.004548912560917544
3890,67d668f5376482fae2059b5ccd910ddc9d79350635dc3bd2c8d899d7da8beeb9,full|adult|non-IID|GuardFed-AD2+|Benign|rounds=70|seed=123|clients=20|malicious=4|epochs=1|batch=256|lr=0.005|opt=adam|root=0.01+0.09|serversamp=stratified_sensitive|serveralpha=None|synth=ctgan|synth_epochs=50|sensfeat=0|agg=count|fflip=invert|rw=1|foe=state|sdfafoe=fedsa|spdfafoe=fedsa|fedsa_gain=1.75|fedsa_norm=2.0|fg=server_aeod|actfb=0.12|acttemp=0.8|actkeep=1.0|actmetric=aeod_aspd|actdrop=0.005|actrisk=0.1|actviol=0.02|ad2calw=1.0|ad2calb=0.06|ad2calt=0.03|ad2calq=41|ad2clip=5.0|ad2normclip=2.5|ad2accdrop=0.03|ad2calobj=original|ad2normmode=root|ad2uw=3.0|ad2cw=0.2|ad2aw=1.5|ad2plus=fixed|suite=server_generation_ablation|tag=real1_ctgan_synth9,adult,non-IID,5.0,Benign,123,real1_ctgan_synth9,ctgan,0.01,0.09,stratified_sensitive,70,30162,15059,302,2715,ctgan,f689e7d3aebfdbe5b6c8366089c7768432b21deb49500a8c1123cd2aed3df2ea,0.7617371671425726,76.17371671425725,0.0017050799959557918,0.00500961957857776,0.003357349787266776,0.7583798173553058,[61],[64],[62],[],68,0.7613387343117073,0.001885584276934693,0.005508844230634126,0.7616043561989508,0.005727583624605931,0.006809396168273755
3891,5f63a7299c069f9e4a1cfddde1889f4079a7b77a73c2c3d5c9c229009ef0fe7e,full|adult|non-IID|GuardFed-AD2+|F Flip|rounds=70|seed=123|clients=20|malicious=4|epochs=1|batch=256|lr=0.005|opt=adam|root=0.01+0.09|serversamp=stratified_sensitive|serveralpha=None|synth=ctgan|synth_epochs=50|sensfeat=0|agg=count|fflip=invert|rw=1|foe=state|sdfafoe=fedsa|spdfafoe=fedsa|fedsa_gain=1.75|fedsa_norm=2.0|fg=server_aeod|actfb=0.12|acttemp=0.8|actkeep=1.0|actmetric=aeod_aspd|actdrop=0.005|actrisk=0.1|actviol=0.02|ad2calw=1.0|ad2calb=0.06|ad2calt=0.03|ad2calq=41|ad2clip=5.0|ad2normclip=2.5|ad2accdrop=0.03|ad2calobj=original|ad2normmode=root|ad2uw=3.0|ad2cw=0.2|ad2aw=1.5|ad2plus=fixed|suite=server_generation_ablation|tag=real1_ctgan_synth9,adult,non-IID,5.0,F Flip,123,real1_ctgan_synth9,ctgan,0.01,0.09,stratified_sensitive,70,30162,15059,302,2715,ctgan,f689e7d3aebfdbe5b6c8366089c7768432b21deb49500a8c1123cd2aed3df2ea,0.7616043561989508,76.16043561989508,0.0007505779278679757,0.005114600193575187,0.002932589060721581,0.7586717671382293,"[63, 65, 67]",[64],"[68, 70]",[],69,0.7615379507271399,0.0011824172836276334,0.006106629891955227,0.760940301480842,0.0013629215646065382,0.005114600193575187
3892,63bc3d8935bbdd079b22d0605d19d87bbf4e7c8d86707e6de80b772d42e63adc,full|adult|non-IID|GuardFed-AD2+|FedSA|rounds=70|seed=123|clients=20|malicious=4|epochs=1|batch=256|lr=0.005|opt=adam|root=0.01+0.09|serversamp=stratified_sensitive|serveralpha=None|synth=ctgan|synth_epochs=50|sensfeat=0|agg=count|fflip=invert|rw=1|foe=state|sdfafoe=fedsa|spdfafoe=fedsa|fedsa_gain=1.75|fedsa_norm=2.0|fg=server_aeod|actfb=0.12|acttemp=0.8|actkeep=1.0|actmetric=aeod_aspd|actdrop=0.005|actrisk=0.1|actviol=0.02|ad2calw=1.0|ad2calb=0.06|ad2calt=0.03|ad2calq=41|ad2clip=5.0|ad2normclip=2.5|ad2accdrop=0.03|ad2calobj=original|ad2normmode=root|ad2uw=3.0|ad2cw=0.2|ad2aw=1.5|ad2plus=fixed|suite=server_generation_ablation|tag=real1_ctgan_synth9,adult,non-IID,5.0,FedSA,123,real1_ctgan_synth9,ctgan,0.01,0.09,stratified_sensitive,70,30162,15059,302,2715,ctgan,f689e7d3aebfdbe5b6c8366089c7768432b21deb49500a8c1123cd2aed3df2ea,0.7618035726143835,76.18035726143835,0.004023074844729191,0.005928766690623833,0.004975920767676512,0.756827651846707,[67],"[64, 66, 68]","[64, 66, 68]",[],64,0.7608074905372203,0.004023074844729191,0.005928766690623833,0.7610067069526529,0.0049775769128170035,0.006224449718418037
3893,a1794cbc28693b9c50de5bcea5aea0395859c2eb9bb8d574b2db3701d06704cb,full|adult|non-IID|GuardFed-AD2+|S-DFA|rounds=70|seed=123|clients=20|malicious=4|epochs=1|batch=256|lr=0.005|opt=adam|root=0.01+0.09|serversamp=stratified_sensitive|serveralpha=None|synth=ctgan|synth_epochs=50|sensfeat=0|agg=count|fflip=invert|rw=1|foe=state|sdfafoe=fedsa|spdfafoe=fedsa|fedsa_gain=1.75|fedsa_norm=2.0|fg=server_aeod|actfb=0.12|acttemp=0.8|actkeep=1.0|actmetric=aeod_aspd|actdrop=0.005|actrisk=0.1|actviol=0.02|ad2calw=1.0|ad2calb=0.06|ad2calt=0.03|ad2calq=41|ad2clip=5.0|ad2normclip=2.5|ad2accdrop=0.03|ad2calobj=original|ad2normmode=root|ad2uw=3.0|ad2cw=0.2|ad2aw=1.5|ad2plus=fixed|suite=server_generation_ablation|tag=real1_ctgan_synth9,adult,non-IID,5.0,S-DFA,123,real1_ctgan_synth9,ctgan,0.01,0.09,stratified_sensitive,70,30162,15059,302,2715,ctgan,f689e7d3aebfdbe5b6c8366089c7768432b21deb49500a8c1123cd2aed3df2ea,0.7619363835580052,76.19363835580052,0.0009779219273287482,0.0045168145322540855,0.002747368229791417,0.7591890153282138,[64],[64],[65],[],64,0.7619363835580052,0.0009779219273287482,0.00639589331401674,0.7617371671425726,0.004250418844189963,0.006704415553276328
3894,36761fda0048a1177479ac055ee8513e2cba9df19f89d2c4cb6a9328b447cc80,full|adult|non-IID|GuardFed-AD2+|Sp-DFA|rounds=70|seed=123|clients=20|malicious=4|epochs=1|batch=256|lr=0.005|opt=adam|root=0.01+0.09|serversamp=stratified_sensitive|serveralpha=None|synth=ctgan|synth_epochs=50|sensfeat=0|agg=count|fflip=invert|rw=1|foe=state|sdfafoe=fedsa|spdfafoe=fedsa|fedsa_gain=1.75|fedsa_norm=2.0|fg=server_aeod|actfb=0.12|acttemp=0.8|actkeep=1.0|actmetric=aeod_aspd|actdrop=0.005|actrisk=0.1|actviol=0.02|ad2calw=1.0|ad2calb=0.06|ad2calt=0.03|ad2calq=41|ad2clip=5.0|ad2normclip=2.5|ad2accdrop=0.03|ad2calobj=original|ad2normmode=root|ad2uw=3.0|ad2cw=0.2|ad2aw=1.5|ad2plus=fixed|suite=server_generation_ablation|tag=real1_ctgan_synth9,adult,non-IID,5.0,Sp-DFA,123,real1_ctgan_synth9,ctgan,0.01,0.09,stratified_sensitive,70,30162,15059,302,2715,ctgan,f689e7d3aebfdbe5b6c8366089c7768432b21deb49500a8c1123cd2aed3df2ea,0.7613387343117073,76.13387343117073,0.003068572776641375,0.0056330836628296285,0.004350828219735502,0.7569879060919718,"[62, 64, 66, 68, 70]",[61],[61],[],61,0.7606082741217877,0.003068572776641375,0.0056330836628296285,0.7613387343117073,0.006568413692963362,0.0067172547647417116
3895,3dd0fa0641380ed32645b674c8dcfe4dff7c28b0a7c29bdd678d8683f868d275,full|compas|IID|GuardFed-AD2+|Benign|rounds=70|seed=123|clients=20|malicious=4|epochs=1|batch=256|lr=0.005|opt=adam|root=0.01+0.09|serversamp=stratified_sensitive|serveralpha=None|synth=ctgan|synth_epochs=50|sensfeat=0|agg=count|fflip=invert|rw=1|foe=state|sdfafoe=fedsa|spdfafoe=fedsa|fedsa_gain=1.75|fedsa_norm=2.0|fg=server_aeod|actfb=0.12|acttemp=0.8|actkeep=1.0|actmetric=aeod_aspd|actdrop=0.005|actrisk=0.1|actviol=0.02|ad2calw=1.0|ad2calb=0.06|ad2calt=0.03|ad2calq=41|ad2clip=5.0|ad2normclip=2.5|ad2accdrop=0.03|ad2calobj=original|ad2normmode=root|ad2uw=3.0|ad2cw=0.2|ad2aw=1.5|ad2plus=fixed|suite=server_generation_ablation|tag=real1_ctgan_synth9,compas,IID,5000.0,Benign,123,real1_ctgan_synth9,ctgan,0.01,0.09,stratified_sensitive,70,4320,1852,43,389,ctgan,f689e7d3aebfdbe5b6c8366089c7768432b21deb49500a8c1123cd2aed3df2ea,0.6646868250539957,66.46868250539957,0.264773735581189,0.3524611116233847,0.30861742360228683,0.35606940145170884,[70],[68],[68],[],68,0.6474082073434125,0.264773735581189,0.3524611116233847,0.6646868250539957,0.37648624667258207,0.40332093371788863
3896,f727eef2cea8a916e96874f74eeecddd79f56a742f5400deacabad1d00e37b89,full|compas|IID|GuardFed-AD2+|F Flip|rounds=70|seed=123|clients=20|malicious=4|epochs=1|batch=256|lr=0.005|opt=adam|root=0.01+0.09|serversamp=stratified_sensitive|serveralpha=None|synth=ctgan|synth_epochs=50|sensfeat=0|agg=count|fflip=invert|rw=1|foe=state|sdfafoe=fedsa|spdfafoe=fedsa|fedsa_gain=1.75|fedsa_norm=2.0|fg=server_aeod|actfb=0.12|acttemp=0.8|actkeep=1.0|actmetric=aeod_aspd|actdrop=0.005|actrisk=0.1|actviol=0.02|ad2calw=1.0|ad2calb=0.06|ad2calt=0.03|ad2calq=41|ad2clip=5.0|ad2normclip=2.5|ad2accdrop=0.03|ad2calobj=original|ad2normmode=root|ad2uw=3.0|ad2cw=0.2|ad2aw=1.5|ad2plus=fixed|suite=server_generation_ablation|tag=real1_ctgan_synth9,compas,IID,5000.0,F Flip,123,real1_ctgan_synth9,ctgan,0.01,0.09,stratified_sensitive,70,4320,1852,43,389,ctgan,f689e7d3aebfdbe5b6c8366089c7768432b21deb49500a8c1123cd2aed3df2ea,0.6765658747300216,67.65658747300216,0.289145223306714,0.3775408609542841,0.33334304213049903,0.3432228325995226,[69],[66],[66],[],62,0.656047516198704,0.2910677314404022,0.3802289357301513,0.6733261339092873,0.38819875776397517,0.413814113151257
3897,bae161ad8ba4d583c5fad61ecb83110cc5138a82ae5170f4d16e6b3889f3c8a7,full|compas|IID|GuardFed-AD2+|FedSA|rounds=70|seed=123|clients=20|malicious=4|epochs=1|batch=256|lr=0.005|opt=adam|root=0.01+0.09|serversamp=stratified_sensitive|serveralpha=None|synth=ctgan|synth_epochs=50|sensfeat=0|agg=count|fflip=invert|rw=1|foe=state|sdfafoe=fedsa|spdfafoe=fedsa|fedsa_gain=1.75|fedsa_norm=2.0|fg=server_aeod|actfb=0.12|acttemp=0.8|actkeep=1.0|actmetric=aeod_aspd|actdrop=0.005|actrisk=0.1|actviol=0.02|ad2calw=1.0|ad2calb=0.06|ad2calt=0.03|ad2calq=41|ad2clip=5.0|ad2normclip=2.5|ad2accdrop=0.03|ad2calobj=original|ad2normmode=root|ad2uw=3.0|ad2cw=0.2|ad2aw=1.5|ad2plus=fixed|suite=server_generation_ablation|tag=real1_ctgan_synth9,compas,IID,5000.0,FedSA,123,real1_ctgan_synth9,ctgan,0.01,0.09,stratified_sensitive,70,4320,1852,43,389,ctgan,f689e7d3aebfdbe5b6c8366089c7768432b21deb49500a8c1123cd2aed3df2ea,0.658207343412527,65.8207343412527,0.04300502809819584,0.09665864018199077,0.06983183414009331,0.5883755092724336,[70],[68],[68],[],68,0.5728941684665226,0.04300502809819584,0.09665864018199077,0.658207343412527,0.2675244010647737,0.32686195574656235
3898,352386637aab66d253d6299ea5dccf27f2f69b32f1a2ce781fbd14290a81dd0a,full|compas|IID|GuardFed-AD2+|S-DFA|rounds=70|seed=123|clients=20|malicious=4|epochs=1|batch=256|lr=0.005|opt=adam|root=0.01+0.09|serversamp=stratified_sensitive|serveralpha=None|synth=ctgan|synth_epochs=50|sensfeat=0|agg=count|fflip=invert|rw=1|foe=state|sdfafoe=fedsa|spdfafoe=fedsa|fedsa_gain=1.75|fedsa_norm=2.0|fg=server_aeod|actfb=0.12|acttemp=0.8|actkeep=1.0|actmetric=aeod_aspd|actdrop=0.005|actrisk=0.1|actviol=0.02|ad2calw=1.0|ad2calb=0.06|ad2calt=0.03|ad2calq=41|ad2clip=5.0|ad2normclip=2.5|ad2accdrop=0.03|ad2calobj=original|ad2normmode=root|ad2uw=3.0|ad2cw=0.2|ad2aw=1.5|ad2plus=fixed|suite=server_generation_ablation|tag=real1_ctgan_synth9,compas,IID,5000.0,S-DFA,123,real1_ctgan_synth9,ctgan,0.01,0.09,stratified_sensitive,70,4320,1852,43,389,ctgan,f689e7d3aebfdbe5b6c8366089c7768432b21deb49500a8c1123cd2aed3df2ea,0.6641468682505399,66.41468682505399,0.027003845016267403,0.05898707553104943,0.042995460273658415,0.6211514079768815,[62],[68],[68],[],68,0.572354211663067,0.027003845016267403,0.05898707553104943,0.6376889848812095,0.1437740313516711,0.2272292753870162
3899,0fba66dc0f20c27ac680efc4c5a636041c9a7c193c9507a337fa1a5c1c9b248c,full|compas|IID|GuardFed-AD2+|Sp-DFA|rounds=70|seed=123|clients=20|malicious=4|epochs=1|batch=256|lr=0.005|opt=adam|root=0.01+0.09|serversamp=stratified_sensitive|serveralpha=None|synth=ctgan|synth_epochs=50|sensfeat=0|agg=count|fflip=invert|rw=1|foe=state|sdfafoe=fedsa|spdfafoe=fedsa|fedsa_gain=1.75|fedsa_norm=2.0|fg=server_aeod|actfb=0.12|acttemp=0.8|actkeep=1.0|actmetric=aeod_aspd|actdrop=0.005|actrisk=0.1|actviol=0.02|ad2calw=1.0|ad2calb=0.06|ad2calt=0.03|ad2calq=41|ad2clip=5.0|ad2normclip=2.5|ad2accdrop=0.03|ad2calobj=original|ad2normmode=root|ad2uw=3.0|ad2cw=0.2|ad2aw=1.5|ad2plus=fixed|suite=server_generation_ablation|tag=real1_ctgan_synth9,compas,IID,5000.0,Sp-DFA,123,real1_ctgan_synth9,ctgan,0.01,0.09,stratified_sensitive,70,4320,1852,43,389,ctgan,f689e7d3aebfdbe5b6c8366089c7768432b21deb49500a8c1123cd2aed3df2ea,0.661987041036717,66.1987041036717,0.1472049689440994,0.21218282643534203,0.17969389768972072,0.4822931433469963,[66],[62],[62],[],62,0.6490280777537797,0.1472049689440994,0.21218282643534203,0.646328293736501,0.16867790594498677,0.2328131875571201
3900,14b26f7367960a65dceb30377ec6aad2d4211797749b54bfe6007460cd33b3ff,full|compas|non-IID|GuardFed-AD2+|Benign|rounds=70|seed=123|clients=20|malicious=4|epochs=1|batch=256|lr=0.005|opt=adam|root=0.01+0.09|serversamp=stratified_sensitive|serveralpha=None|synth=ctgan|synth_epochs=50|sensfeat=0|agg=count|fflip=invert|rw=1|foe=state|sdfafoe=fedsa|spdfafoe=fedsa|fedsa_gain=1.75|fedsa_norm=2.0|fg=server_aeod|actfb=0.12|acttemp=0.8|actkeep=1.0|actmetric=aeod_aspd|actdrop=0.005|actrisk=0.1|actviol=0.02|ad2calw=1.0|ad2calb=0.06|ad2calt=0.03|ad2calq=41|ad2clip=5.0|ad2normclip=2.5|ad2accdrop=0.03|ad2calobj=original|ad2normmode=root|ad2uw=3.0|ad2cw=0.2|ad2aw=1.5|ad2plus=fixed|suite=server_generation_ablation|tag=real1_ctgan_synth9,compas,non-IID,5.0,Benign,123,real1_ctgan_synth9,ctgan,0.01,0.09,stratified_sensitive,70,4320,1852,43,389,ctgan,f689e7d3aebfdbe5b6c8366089c7768432b21deb49500a8c1123cd2aed3df2ea,0.6744060475161987,67.44060475161987,0.24865424430641825,0.32780389076355093,0.28822906753498456,0.38617697998121414,[66],[70],[70],[],70,0.6663066954643628,0.24865424430641825,0.32780389076355093,0.6663066954643628,0.24865424430641825,0.32780389076355093
3901,915188af753e2d080d1226b0a7592c61be802747f182e662d63291a641d507ff,full|compas|non-IID|GuardFed-AD2+|F Flip|rounds=70|seed=123|clients=20|malicious=4|epochs=1|batch=256|lr=0.005|opt=adam|root=0.01+0.09|serversamp=stratified_sensitive|serveralpha=None|synth=ctgan|synth_epochs=50|sensfeat=0|agg=count|fflip=invert|rw=1|foe=state|sdfafoe=fedsa|spdfafoe=fedsa|fedsa_gain=1.75|fedsa_norm=2.0|fg=server_aeod|actfb=0.12|acttemp=0.8|actkeep=1.0|actmetric=aeod_aspd|actdrop=0.005|actrisk=0.1|actviol=0.02|ad2calw=1.0|ad2calb=0.06|ad2calt=0.03|ad2calq=41|ad2clip=5.0|ad2normclip=2.5|ad2accdrop=0.03|ad2calobj=original|ad2normmode=root|ad2uw=3.0|ad2cw=0.2|ad2aw=1.5|ad2plus=fixed|suite=server_generation_ablation|tag=real1_ctgan_synth9,compas,non-IID,5.0,F Flip,123,real1_ctgan_synth9,ctgan,0.01,0.09,stratified_sensitive,70,4320,1852,43,389,ctgan,f689e7d3aebfdbe5b6c8366089c7768432b21deb49500a8c1123cd2aed3df2ea,0.6792656587473002,67.92656587473002,0.27406092871931376,0.33043243804763833,0.30224668338347604,0.3770189753638241,[62],[65],[65],[],65,0.6781857451403888,0.27406092871931376,0.33043243804763833,0.6727861771058316,0.33152913339248735,0.38640228678944893
3902,5c0b1a9d932e95256005f24bb12f86b007baa92603f50088dab827dabbeb2d6d,full|compas|non-IID|GuardFed-AD2+|FedSA|rounds=70|seed=123|clients=20|malicious=4|epochs=1|batch=256|lr=0.005|opt=adam|root=0.01+0.09|serversamp=stratified_sensitive|serveralpha=None|synth=ctgan|synth_epochs=50|sensfeat=0|agg=count|fflip=invert|rw=1|foe=state|sdfafoe=fedsa|spdfafoe=fedsa|fedsa_gain=1.75|fedsa_norm=2.0|fg=server_aeod|actfb=0.12|acttemp=0.8|actkeep=1.0|actmetric=aeod_aspd|actdrop=0.005|actrisk=0.1|actviol=0.02|ad2calw=1.0|ad2calb=0.06|ad2calt=0.03|ad2calq=41|ad2clip=5.0|ad2normclip=2.5|ad2accdrop=0.03|ad2calobj=original|ad2normmode=root|ad2uw=3.0|ad2cw=0.2|ad2aw=1.5|ad2plus=fixed|suite=server_generation_ablation|tag=real1_ctgan_synth9,compas,non-IID,5.0,FedSA,123,real1_ctgan_synth9,ctgan,0.01,0.09,stratified_sensitive,70,4320,1852,43,389,ctgan,f689e7d3aebfdbe5b6c8366089c7768432b21deb49500a8c1123cd2aed3df2ea,0.6695464362850972,66.95464362850973,0.18778467908902696,0.2771588345217433,0.23247175680538512,0.4370746794797121,[69],[65],[65],[],65,0.6360691144708424,0.18778467908902696,0.2771588345217433,0.6625269978401728,0.382608695652174,0.4159757781468742
3903,59d14dd76fae9ffcf37da7943635bc8c063a54dde2aa6058cd835abdf1a47242,full|compas|non-IID|GuardFed-AD2+|S-DFA|rounds=70|seed=123|clients=20|malicious=4|epochs=1|batch=256|lr=0.005|opt=adam|root=0.01+0.09|serversamp=stratified_sensitive|serveralpha=None|synth=ctgan|synth_epochs=50|sensfeat=0|agg=count|fflip=invert|rw=1|foe=state|sdfafoe=fedsa|spdfafoe=fedsa|fedsa_gain=1.75|fedsa_norm=2.0|fg=server_aeod|actfb=0.12|acttemp=0.8|actkeep=1.0|actmetric=aeod_aspd|actdrop=0.005|actrisk=0.1|actviol=0.02|ad2calw=1.0|ad2calb=0.06|ad2calt=0.03|ad2calq=41|ad2clip=5.0|ad2normclip=2.5|ad2accdrop=0.03|ad2calobj=original|ad2normmode=root|ad2uw=3.0|ad2cw=0.2|ad2aw=1.5|ad2plus=fixed|suite=server_generation_ablation|tag=real1_ctgan_synth9,compas,non-IID,5.0,S-DFA,123,real1_ctgan_synth9,ctgan,0.01,0.09,stratified_sensitive,70,4320,1852,43,389,ctgan,f689e7d3aebfdbe5b6c8366089c7768432b21deb49500a8c1123cd2aed3df2ea,0.6684665226781857,66.84665226781857,0.32034900916888487,0.39469294902695895,0.3575209790979219,0.31094554358026383,[63],[68],[68],[],68,0.6636069114470843,0.32034900916888487,0.39469294902695895,0.6630669546436285,0.3835847382431234,0.4355976735255565
3904,41dd5ed8a06dcf1b4cbacc7656f7c845b8a7616cb88693aa5646f2d12da810c0,full|compas|non-IID|GuardFed-AD2+|Sp-DFA|rounds=70|seed=123|clients=20|malicious=4|epochs=1|batch=256|lr=0.005|opt=adam|root=0.01+0.09|serversamp=stratified_sensitive|serveralpha=None|synth=ctgan|synth_epochs=50|sensfeat=0|agg=count|fflip=invert|rw=1|foe=state|sdfafoe=fedsa|spdfafoe=fedsa|fedsa_gain=1.75|fedsa_norm=2.0|fg=server_aeod|actfb=0.12|acttemp=0.8|actkeep=1.0|actmetric=aeod_aspd|actdrop=0.005|actrisk=0.1|actviol=0.02|ad2calw=1.0|ad2calb=0.06|ad2calt=0.03|ad2calq=41|ad2clip=5.0|ad2normclip=2.5|ad2accdrop=0.03|ad2calobj=original|ad2normmode=root|ad2uw=3.0|ad2cw=0.2|ad2aw=1.5|ad2plus=fixed|suite=server_generation_ablation|tag=real1_ctgan_synth9,compas,non-IID,5.0,Sp-DFA,123,real1_ctgan_synth9,ctgan,0.01,0.09,stratified_sensitive,70,4320,1852,43,389,ctgan,f689e7d3aebfdbe5b6c8366089c7768432b21deb49500a8c1123cd2aed3df2ea,0.6744060475161987,67.44060475161987,0.24060928719313812,0.32721445187435727,0.2839118695337477,0.390494177982451,[69],[63],[63],[],63,0.6517278617710583,0.24060928719313812,0.32721445187435727,0.6700863930885529,0.3856255545696539,0.41757018116199995
3905,dd0dd20099b3b0c555e64fa27129c2379e1eb59f25da55fc8a7d354be84f8a9f,full|adult|IID|GuardFed-AD2+|Benign|rounds=70|seed=123|clients=20|malicious=4|epochs=1|batch=256|lr=0.005|opt=adam|root=0.01+0.09|serversamp=stratified_sensitive|serveralpha=None|synth=tvae|synth_epochs=50|sensfeat=0|agg=count|fflip=invert|rw=1|foe=state|sdfafoe=fedsa|spdfafoe=fedsa|fedsa_gain=1.75|fedsa_norm=2.0|fg=server_aeod|actfb=0.12|acttemp=0.8|actkeep=1.0|actmetric=aeod_aspd|actdrop=0.005|actrisk=0.1|actviol=0.02|ad2calw=1.0|ad2calb=0.06|ad2calt=0.03|ad2calq=41|ad2clip=5.0|ad2normclip=2.5|ad2accdrop=0.03|ad2calobj=original|ad2normmode=root|ad2uw=3.0|ad2cw=0.2|ad2aw=1.5|ad2plus=fixed|suite=server_generation_ablation|tag=real1_tvae_synth9,adult,IID,5000.0,Benign,123,real1_tvae_synth9,tvae,0.01,0.09,stratified_sensitive,70,30162,15059,302,2715,tvae,df116e64382331c2cc03ea3f43c8c8d2c34ad28ce2acaaef3a9caf0e107e107b,0.7633308984660336,76.33308984660336,0.0047959301996800055,0.007375083800931397,0.006085507000305701,0.7572453914657279,[68],[65],[65],[],65,0.7626668437479248,0.0047959301996800055,0.007375083800931397,0.7630652765787901,0.008500266472300871,0.008373533105044129
3906,f95541c0e6d749218e343d820d3621c5393abecec6cf63e0d19f7940d79c1ee7,full|adult|IID|GuardFed-AD2+|F Flip|rounds=70|seed=123|clients=20|malicious=4|epochs=1|batch=256|lr=0.005|opt=adam|root=0.01+0.09|serversamp=stratified_sensitive|serveralpha=None|synth=tvae|synth_epochs=50|sensfeat=0|agg=count|fflip=invert|rw=1|foe=state|sdfafoe=fedsa|spdfafoe=fedsa|fedsa_gain=1.75|fedsa_norm=2.0|fg=server_aeod|actfb=0.12|acttemp=0.8|actkeep=1.0|actmetric=aeod_aspd|actdrop=0.005|actrisk=0.1|actviol=0.02|ad2calw=1.0|ad2calb=0.06|ad2calt=0.03|ad2calq=41|ad2clip=5.0|ad2normclip=2.5|ad2accdrop=0.03|ad2calobj=original|ad2normmode=root|ad2uw=3.0|ad2cw=0.2|ad2aw=1.5|ad2plus=fixed|suite=server_generation_ablation|tag=real1_tvae_synth9,adult,IID,5000.0,F Flip,123,real1_tvae_synth9,tvae,0.01,0.09,stratified_sensitive,70,30162,15059,302,2715,tvae,df116e64382331c2cc03ea3f43c8c8d2c34ad28ce2acaaef3a9caf0e107e107b,0.7635965203532771,76.35965203532771,0.0033187654192640345,0.00727010318593397,0.005294434302599002,0.7583020860506781,[69],[70],[70],[],70,0.7627996546915465,0.0033187654192640345,0.00727010318593397,0.7627996546915465,0.0033187654192640345,0.00727010318593397
3907,5425fd72872da2f33659836a991f91f76fa26e6318d93852247f8a5e91db68e5,full|adult|IID|GuardFed-AD2+|FedSA|rounds=70|seed=123|clients=20|malicious=4|epochs=1|batch=256|lr=0.005|opt=adam|root=0.01+0.09|serversamp=stratified_sensitive|serveralpha=None|synth=tvae|synth_epochs=50|sensfeat=0|agg=count|fflip=invert|rw=1|foe=state|sdfafoe=fedsa|spdfafoe=fedsa|fedsa_gain=1.75|fedsa_norm=2.0|fg=server_aeod|actfb=0.12|acttemp=0.8|actkeep=1.0|actmetric=aeod_aspd|actdrop=0.005|actrisk=0.1|actviol=0.02|ad2calw=1.0|ad2calb=0.06|ad2calt=0.03|ad2calq=41|ad2clip=5.0|ad2normclip=2.5|ad2accdrop=0.03|ad2calobj=original|ad2normmode=root|ad2uw=3.0|ad2cw=0.2|ad2aw=1.5|ad2plus=fixed|suite=server_generation_ablation|tag=real1_tvae_synth9,adult,IID,5000.0,FedSA,123,real1_tvae_synth9,tvae,0.01,0.09,stratified_sensitive,70,30162,15059,302,2715,tvae,df116e64382331c2cc03ea3f43c8c8d2c34ad28ce2acaaef3a9caf0e107e107b,0.7617371671425726,76.17371671425725,0.005727583624605931,0.006809396168273755,0.006268489896439843,0.7554686772461328,[62],[70],[70],[],70,0.7616043561989508,0.005727583624605931,0.006809396168273755,0.7616043561989508,0.005727583624605931,0.006809396168273755
3908,8e8a57857acb1c95bb0631680f1b581e3a8a49ef8651a861c7b1cd9c1e38e055,full|adult|IID|GuardFed-AD2+|S-DFA|rounds=70|seed=123|clients=20|malicious=4|epochs=1|batch=256|lr=0.005|opt=adam|root=0.01+0.09|serversamp=stratified_sensitive|serveralpha=None|synth=tvae|synth_epochs=50|sensfeat=0|agg=count|fflip=invert|rw=1|foe=state|sdfafoe=fedsa|spdfafoe=fedsa|fedsa_gain=1.75|fedsa_norm=2.0|fg=server_aeod|actfb=0.12|acttemp=0.8|actkeep=1.0|actmetric=aeod_aspd|actdrop=0.005|actrisk=0.1|actviol=0.02|ad2calw=1.0|ad2calb=0.06|ad2calt=0.03|ad2calq=41|ad2clip=5.0|ad2normclip=2.5|ad2accdrop=0.03|ad2calobj=original|ad2normmode=root|ad2uw=3.0|ad2cw=0.2|ad2aw=1.5|ad2plus=fixed|suite=server_generation_ablation|tag=real1_tvae_synth9,adult,IID,5000.0,S-DFA,123,real1_tvae_synth9,tvae,0.01,0.09,stratified_sensitive,70,30162,15059,302,2715,tvae,df116e64382331c2cc03ea3f43c8c8d2c34ad28ce2acaaef3a9caf0e107e107b,0.7617371671425726,76.17371671425725,0.006045750980635204,0.00690795717753849,0.006476854079086847,0.7552603130634857,"[62, 66, 67, 70]",[64],[64],[],64,0.7616707616707616,0.006045750980635204,0.00690795717753849,0.7617371671425726,0.008477417829138988,0.00730862082033012
3909,ffd75a83cb81f88229f7043dce405caddde147655ac25123d6d294f275e747d3,full|adult|IID|GuardFed-AD2+|Sp-DFA|rounds=70|seed=123|clients=20|malicious=4|epochs=1|batch=256|lr=0.005|opt=adam|root=0.01+0.09|serversamp=stratified_sensitive|serveralpha=None|synth=tvae|synth_epochs=50|sensfeat=0|agg=count|fflip=invert|rw=1|foe=state|sdfafoe=fedsa|spdfafoe=fedsa|fedsa_gain=1.75|fedsa_norm=2.0|fg=server_aeod|actfb=0.12|acttemp=0.8|actkeep=1.0|actmetric=aeod_aspd|actdrop=0.005|actrisk=0.1|actviol=0.02|ad2calw=1.0|ad2calb=0.06|ad2calt=0.03|ad2calq=41|ad2clip=5.0|ad2normclip=2.5|ad2accdrop=0.03|ad2calobj=original|ad2normmode=root|ad2uw=3.0|ad2cw=0.2|ad2aw=1.5|ad2plus=fixed|suite=server_generation_ablation|tag=real1_tvae_synth9,adult,IID,5000.0,Sp-DFA,123,real1_tvae_synth9,tvae,0.01,0.09,stratified_sensitive,70,30162,15059,302,2715,tvae,df116e64382331c2cc03ea3f43c8c8d2c34ad28ce2acaaef3a9caf0e107e107b,0.7618035726143835,76.18035726143835,0.004023074844729191,0.005928766690623833,0.004975920767676512,0.756827651846707,[69],[65],[65],[],65,0.7608074905372203,0.004023074844729191,0.005928766690623833,0.7617371671425726,0.008477417829138988,0.00730862082033012
3910,ffdb30897910da280a3bcff81c2096d730bbff9fb12f58b43ab148c6237ab85e,full|adult|non-IID|GuardFed-AD2+|Benign|rounds=70|seed=123|clients=20|malicious=4|epochs=1|batch=256|lr=0.005|opt=adam|root=0.01+0.09|serversamp=stratified_sensitive|serveralpha=None|synth=tvae|synth_epochs=50|sensfeat=0|agg=count|fflip=invert|rw=1|foe=state|sdfafoe=fedsa|spdfafoe=fedsa|fedsa_gain=1.75|fedsa_norm=2.0|fg=server_aeod|actfb=0.12|acttemp=0.8|actkeep=1.0|actmetric=aeod_aspd|actdrop=0.005|actrisk=0.1|actviol=0.02|ad2calw=1.0|ad2calb=0.06|ad2calt=0.03|ad2calq=41|ad2clip=5.0|ad2normclip=2.5|ad2accdrop=0.03|ad2calobj=original|ad2normmode=root|ad2uw=3.0|ad2cw=0.2|ad2aw=1.5|ad2plus=fixed|suite=server_generation_ablation|tag=real1_tvae_synth9,adult,non-IID,5.0,Benign,123,real1_tvae_synth9,tvae,0.01,0.09,stratified_sensitive,70,30162,15059,302,2715,tvae,df116e64382331c2cc03ea3f43c8c8d2c34ad28ce2acaaef3a9caf0e107e107b,0.7624676273324922,76.24676273324921,0.0008642499275983602,0.005108180587842494,0.002986215257720427,0.7594814120747717,[61],[67],[69],[],67,0.7614051397835182,0.0008642499275983602,0.00580452725842833,0.7621355999734378,0.008272922472840106,0.007597884242391634
3911,b9f9f44ad74415d3a01489d7f1365872a310e8e8059a61f20b9fc6c101163add,full|adult|non-IID|GuardFed-AD2+|F Flip|rounds=70|seed=123|clients=20|malicious=4|epochs=1|batch=256|lr=0.005|opt=adam|root=0.01+0.09|serversamp=stratified_sensitive|serveralpha=None|synth=tvae|synth_epochs=50|sensfeat=0|agg=count|fflip=invert|rw=1|foe=state|sdfafoe=fedsa|spdfafoe=fedsa|fedsa_gain=1.75|fedsa_norm=2.0|fg=server_aeod|actfb=0.12|acttemp=0.8|actkeep=1.0|actmetric=aeod_aspd|actdrop=0.005|actrisk=0.1|actviol=0.02|ad2calw=1.0|ad2calb=0.06|ad2calt=0.03|ad2calq=41|ad2clip=5.0|ad2normclip=2.5|ad2accdrop=0.03|ad2calobj=original|ad2normmode=root|ad2uw=3.0|ad2cw=0.2|ad2aw=1.5|ad2plus=fixed|suite=server_generation_ablation|tag=real1_tvae_synth9,adult,non-IID,5.0,F Flip,123,real1_tvae_synth9,tvae,0.01,0.09,stratified_sensitive,70,30162,15059,302,2715,tvae,df116e64382331c2cc03ea3f43c8c8d2c34ad28ce2acaaef3a9caf0e107e107b,0.7621355999734378,76.21355999734378,0.007204748405021905,0.00691437678327118,0.007059562594146543,0.7550760373792913,[61],[69],[69],[],70,0.7619363835580052,0.00731842040475229,0.00730220121459743,0.7619363835580052,0.00731842040475229,0.00730220121459743
3912,553d6ab801a9a7a97c33ee1d1a6c30b2b24d3979e98efa31e666e9b6a9b4fe8e,full|adult|non-IID|GuardFed-AD2+|FedSA|rounds=70|seed=123|clients=20|malicious=4|epochs=1|batch=256|lr=0.005|opt=adam|root=0.01+0.09|serversamp=stratified_sensitive|serveralpha=None|synth=tvae|synth_epochs=50|sensfeat=0|agg=count|fflip=invert|rw=1|foe=state|sdfafoe=fedsa|spdfafoe=fedsa|fedsa_gain=1.75|fedsa_norm=2.0|fg=server_aeod|actfb=0.12|acttemp=0.8|actkeep=1.0|actmetric=aeod_aspd|actdrop=0.005|actrisk=0.1|actviol=0.02|ad2calw=1.0|ad2calb=0.06|ad2calt=0.03|ad2calq=41|ad2clip=5.0|ad2normclip=2.5|ad2accdrop=0.03|ad2calobj=original|ad2normmode=root|ad2uw=3.0|ad2cw=0.2|ad2aw=1.5|ad2plus=fixed|suite=server_generation_ablation|tag=real1_tvae_synth9,adult,non-IID,5.0,FedSA,123,real1_tvae_synth9,tvae,0.01,0.09,stratified_sensitive,70,30162,15059,302,2715,tvae,df116e64382331c2cc03ea3f43c8c8d2c34ad28ce2acaaef3a9caf0e107e107b,0.7622684109170595,76.22684109170595,0.0006597545712994785,0.006093790680489843,0.003376772625894661,0.7588916382911649,[69],[63],[63],[],63,0.7618035726143835,0.0006597545712994785,0.006093790680489843,0.7620691945016269,0.01006825460928535,0.007801425866653795
3913,77815aeecac333815d0712ecad28234c089ab3d05049066c3ae7193d501f2b75,full|adult|non-IID|GuardFed-AD2+|S-DFA|rounds=70|seed=123|clients=20|malicious=4|epochs=1|batch=256|lr=0.005|opt=adam|root=0.01+0.09|serversamp=stratified_sensitive|serveralpha=None|synth=tvae|synth_epochs=50|sensfeat=0|agg=count|fflip=invert|rw=1|foe=state|sdfafoe=fedsa|spdfafoe=fedsa|fedsa_gain=1.75|fedsa_norm=2.0|fg=server_aeod|actfb=0.12|acttemp=0.8|actkeep=1.0|actmetric=aeod_aspd|actdrop=0.005|actrisk=0.1|actviol=0.02|ad2calw=1.0|ad2calb=0.06|ad2calt=0.03|ad2calq=41|ad2clip=5.0|ad2normclip=2.5|ad2accdrop=0.03|ad2calobj=original|ad2normmode=root|ad2uw=3.0|ad2cw=0.2|ad2aw=1.5|ad2plus=fixed|suite=server_generation_ablation|tag=real1_tvae_synth9,adult,non-IID,5.0,S-DFA,123,real1_tvae_synth9,tvae,0.01,0.09,stratified_sensitive,70,30162,15059,302,2715,tvae,df116e64382331c2cc03ea3f43c8c8d2c34ad28ce2acaaef3a9caf0e107e107b,0.7619363835580052,76.19363835580052,0.007204748405021905,0.00691437678327118,0.007059562594146543,0.7548768209638587,[61],"[62, 63, 69]","[62, 63, 69]",[],62,0.761471545255329,0.007204748405021905,0.00691437678327118,0.7615379507271399,0.007522915761051175,0.007012937792535916
3914,373079772bfaeef437a1d21af00821f013b8df44148c39984ce47b46a9a3bdab,full|adult|non-IID|GuardFed-AD2+|Sp-DFA|rounds=70|seed=123|clients=20|malicious=4|epochs=1|batch=256|lr=0.005|opt=adam|root=0.01+0.09|serversamp=stratified_sensitive|serveralpha=None|synth=tvae|synth_epochs=50|sensfeat=0|agg=count|fflip=invert|rw=1|foe=state|sdfafoe=fedsa|spdfafoe=fedsa|fedsa_gain=1.75|fedsa_norm=2.0|fg=server_aeod|actfb=0.12|acttemp=0.8|actkeep=1.0|actmetric=aeod_aspd|actdrop=0.005|actrisk=0.1|actviol=0.02|ad2calw=1.0|ad2calb=0.06|ad2calt=0.03|ad2calq=41|ad2clip=5.0|ad2normclip=2.5|ad2accdrop=0.03|ad2calobj=original|ad2normmode=root|ad2uw=3.0|ad2cw=0.2|ad2aw=1.5|ad2plus=fixed|suite=server_generation_ablation|tag=real1_tvae_synth9,adult,non-IID,5.0,Sp-DFA,123,real1_tvae_synth9,tvae,0.01,0.09,stratified_sensitive,70,30162,15059,302,2715,tvae,df116e64382331c2cc03ea3f43c8c8d2c34ad28ce2acaaef3a9caf0e107e107b,0.761471545255329,76.1471545255329,0.0059320789809048195,0.006520132746212241,0.00622610586355853,0.7552454393917705,"[67, 69]","[61, 62, 63]","[61, 62, 63]",[],61,0.7612059233680856,0.0059320789809048195,0.006520132746212241,0.7614051397835182,0.006886581048992632,0.006815815774006447
3915,33c8874a058b87191a1e2a9deeb92311f8f10fb75bfa0a7de975cc75216e9d12,full|compas|IID|GuardFed-AD2+|Benign|rounds=70|seed=123|clients=20|malicious=4|epochs=1|batch=256|lr=0.005|opt=adam|root=0.01+0.09|serversamp=stratified_sensitive|serveralpha=None|synth=tvae|synth_epochs=50|sensfeat=0|agg=count|fflip=invert|rw=1|foe=state|sdfafoe=fedsa|spdfafoe=fedsa|fedsa_gain=1.75|fedsa_norm=2.0|fg=server_aeod|actfb=0.12|acttemp=0.8|actkeep=1.0|actmetric=aeod_aspd|actdrop=0.005|actrisk=0.1|actviol=0.02|ad2calw=1.0|ad2calb=0.06|ad2calt=0.03|ad2calq=41|ad2clip=5.0|ad2normclip=2.5|ad2accdrop=0.03|ad2calobj=original|ad2normmode=root|ad2uw=3.0|ad2cw=0.2|ad2aw=1.5|ad2plus=fixed|suite=server_generation_ablation|tag=real1_tvae_synth9,compas,IID,5000.0,Benign,123,real1_tvae_synth9,tvae,0.01,0.09,stratified_sensitive,70,4320,1852,43,389,tvae,df116e64382331c2cc03ea3f43c8c8d2c34ad28ce2acaaef3a9caf0e107e107b,0.6641468682505399,66.41468682505399,0.059745637385388906,0.028442469013606114,0.04409405319949751,0.6200528150510424,[65],[61],[67],[],61,0.6630669546436285,0.059745637385388906,0.13154758639364944,0.6576673866090713,0.077136941733215,0.13593394549382726
3916,cec70442a1007bb012605e1737fb16a99afecaa8df18b9c02b072382408b7de1,full|compas|IID|GuardFed-AD2+|F Flip|rounds=70|seed=123|clients=20|malicious=4|epochs=1|batch=256|lr=0.005|opt=adam|root=0.01+0.09|serversamp=stratified_sensitive|serveralpha=None|synth=tvae|synth_epochs=50|sensfeat=0|agg=count|fflip=invert|rw=1|foe=state|sdfafoe=fedsa|spdfafoe=fedsa|fedsa_gain=1.75|fedsa_norm=2.0|fg=server_aeod|actfb=0.12|acttemp=0.8|actkeep=1.0|actmetric=aeod_aspd|actdrop=0.005|actrisk=0.1|actviol=0.02|ad2calw=1.0|ad2calb=0.06|ad2calt=0.03|ad2calq=41|ad2clip=5.0|ad2normclip=2.5|ad2accdrop=0.03|ad2calobj=original|ad2normmode=root|ad2uw=3.0|ad2cw=0.2|ad2aw=1.5|ad2plus=fixed|suite=server_generation_ablation|tag=real1_tvae_synth9,compas,IID,5000.0,F Flip,123,real1_tvae_synth9,tvae,0.01,0.09,stratified_sensitive,70,4320,1852,43,389,tvae,df116e64382331c2cc03ea3f43c8c8d2c34ad28ce2acaaef3a9caf0e107e107b,0.5799136069114471,57.99136069114471,0.0032830523513753262,0.0003594993621220746,0.0018212758567487004,0.5780923310546984,[62],[70],[63],[],64,0.5788336933045356,0.010263235729074241,0.004887090354562078,0.57829373650108,0.0032830523513753262,0.014520039171424005
3917,f9244846eefdde3a063957062a226fd26e0650b8e7ada9d3e9e47bb1e8ad2379,full|compas|IID|GuardFed-AD2+|FedSA|rounds=70|seed=123|clients=20|malicious=4|epochs=1|batch=256|lr=0.005|opt=adam|root=0.01+0.09|serversamp=stratified_sensitive|serveralpha=None|synth=tvae|synth_epochs=50|sensfeat=0|agg=count|fflip=invert|rw=1|foe=state|sdfafoe=fedsa|spdfafoe=fedsa|fedsa_gain=1.75|fedsa_norm=2.0|fg=server_aeod|actfb=0.12|acttemp=0.8|actkeep=1.0|actmetric=aeod_aspd|actdrop=0.005|actrisk=0.1|actviol=0.02|ad2calw=1.0|ad2calb=0.06|ad2calt=0.03|ad2calq=41|ad2clip=5.0|ad2normclip=2.5|ad2accdrop=0.03|ad2calobj=original|ad2normmode=root|ad2uw=3.0|ad2cw=0.2|ad2aw=1.5|ad2plus=fixed|suite=server_generation_ablation|tag=real1_tvae_synth9,compas,IID,5000.0,FedSA,123,real1_tvae_synth9,tvae,0.01,0.09,stratified_sensitive,70,4320,1852,43,389,tvae,df116e64382331c2cc03ea3f43c8c8d2c34ad28ce2acaaef3a9caf0e107e107b,0.6657667386609071,66.5766738660907,0.08864241348713399,0.041138165642832715,0.06489028956498336,0.6008764490959237,[63],[61],[61],[],61,0.5788336933045356,0.08864241348713399,0.041138165642832715,0.5739740820734341,0.09831410825199646,0.04823127481041661
3918,b92a2147438a255a0a56b2962263bce107a9f028f2cc01e0e55b6d0e27aa04af,full|compas|IID|GuardFed-AD2+|S-DFA|rounds=70|seed=123|clients=20|malicious=4|epochs=1|batch=256|lr=0.005|opt=adam|root=0.01+0.09|serversamp=stratified_sensitive|serveralpha=None|synth=tvae|synth_epochs=50|sensfeat=0|agg=count|fflip=invert|rw=1|foe=state|sdfafoe=fedsa|spdfafoe=fedsa|fedsa_gain=1.75|fedsa_norm=2.0|fg=server_aeod|actfb=0.12|acttemp=0.8|actkeep=1.0|actmetric=aeod_aspd|actdrop=0.005|actrisk=0.1|actviol=0.02|ad2calw=1.0|ad2calb=0.06|ad2calt=0.03|ad2calq=41|ad2clip=5.0|ad2normclip=2.5|ad2accdrop=0.03|ad2calobj=original|ad2normmode=root|ad2uw=3.0|ad2cw=0.2|ad2aw=1.5|ad2plus=fixed|suite=server_generation_ablation|tag=real1_tvae_synth9,compas,IID,5000.0,S-DFA,123,real1_tvae_synth9,tvae,0.01,0.09,stratified_sensitive,70,4320,1852,43,389,tvae,df116e64382331c2cc03ea3f43c8c8d2c34ad28ce2acaaef3a9caf0e107e107b,0.5750539956803455,57.505399568034555,0.020970127181307308,0.022873730517877503,0.021921928849592404,0.5531320668307531,[66],[62],[62],[],62,0.5680345572354212,0.020970127181307308,0.022873730517877503,0.5712742980561555,0.041378290446613425,0.035402516728976
3919,13ea27f3253dcc7428baac9e60176eeeda146d96abecb70a1d515ef94a35226b,full|compas|IID|GuardFed-AD2+|Sp-DFA|rounds=70|seed=123|clients=20|malicious=4|epochs=1|batch=256|lr=0.005|opt=adam|root=0.01+0.09|serversamp=stratified_sensitive|serveralpha=None|synth=tvae|synth_epochs=50|sensfeat=0|agg=count|fflip=invert|rw=1|foe=state|sdfafoe=fedsa|spdfafoe=fedsa|fedsa_gain=1.75|fedsa_norm=2.0|fg=server_aeod|actfb=0.12|acttemp=0.8|actkeep=1.0|actmetric=aeod_aspd|actdrop=0.005|actrisk=0.1|actviol=0.02|ad2calw=1.0|ad2calb=0.06|ad2calt=0.03|ad2calq=41|ad2clip=5.0|ad2normclip=2.5|ad2accdrop=0.03|ad2calobj=original|ad2normmode=root|ad2uw=3.0|ad2cw=0.2|ad2aw=1.5|ad2plus=fixed|suite=server_generation_ablation|tag=real1_tvae_synth9,compas,IID,5000.0,Sp-DFA,123,real1_tvae_synth9,tvae,0.01,0.09,stratified_sensitive,70,4320,1852,43,389,tvae,df116e64382331c2cc03ea3f43c8c8d2c34ad28ce2acaaef3a9caf0e107e107b,0.5755939524838013,57.55939524838013,0.0013309671694764769,0.010133680071246237,0.005732323620361357,0.5698616288634399,[64],[67],[69],[],67,0.572354211663067,0.0013309671694764769,0.015569357114760832,0.5718142548596112,0.02398698609878734,0.03397502413197828
3920,dabfb22dff17e4a79abaa475455b433fa40cba7136e76e7f737739c57aeb171f,full|compas|non-IID|GuardFed-AD2+|Benign|rounds=70|seed=123|clients=20|malicious=4|epochs=1|batch=256|lr=0.005|opt=adam|root=0.01+0.09|serversamp=stratified_sensitive|serveralpha=None|synth=tvae|synth_epochs=50|sensfeat=0|agg=count|fflip=invert|rw=1|foe=state|sdfafoe=fedsa|spdfafoe=fedsa|fedsa_gain=1.75|fedsa_norm=2.0|fg=server_aeod|actfb=0.12|acttemp=0.8|actkeep=1.0|actmetric=aeod_aspd|actdrop=0.005|actrisk=0.1|actviol=0.02|ad2calw=1.0|ad2calb=0.06|ad2calt=0.03|ad2calq=41|ad2clip=5.0|ad2normclip=2.5|ad2accdrop=0.03|ad2calobj=original|ad2normmode=root|ad2uw=3.0|ad2cw=0.2|ad2aw=1.5|ad2plus=fixed|suite=server_generation_ablation|tag=real1_tvae_synth9,compas,non-IID,5.0,Benign,123,real1_tvae_synth9,tvae,0.01,0.09,stratified_sensitive,70,4320,1852,43,389,tvae,df116e64382331c2cc03ea3f43c8c8d2c34ad28ce2acaaef3a9caf0e107e107b,0.5745140388768899,57.45140388768899,0.14770777876367938,0.08065624974467374,0.11418201425417657,0.46033202462271333,[69],"[64, 66, 68]",[70],[],64,0.5728941684665226,0.14770777876367938,0.08071927885361724,0.5728941684665226,0.14974859509021,0.08065624974467374
3921,198368d76d44995806fd8d1ff457110f8867fd94b45604c9ba8bae1e2eba0e74,full|compas|non-IID|GuardFed-AD2+|F Flip|rounds=70|seed=123|clients=20|malicious=4|epochs=1|batch=256|lr=0.005|opt=adam|root=0.01+0.09|serversamp=stratified_sensitive|serveralpha=None|synth=tvae|synth_epochs=50|sensfeat=0|agg=count|fflip=invert|rw=1|foe=state|sdfafoe=fedsa|spdfafoe=fedsa|fedsa_gain=1.75|fedsa_norm=2.0|fg=server_aeod|actfb=0.12|acttemp=0.8|actkeep=1.0|actmetric=aeod_aspd|actdrop=0.005|actrisk=0.1|actviol=0.02|ad2calw=1.0|ad2calb=0.06|ad2calt=0.03|ad2calq=41|ad2clip=5.0|ad2normclip=2.5|ad2accdrop=0.03|ad2calobj=original|ad2normmode=root|ad2uw=3.0|ad2cw=0.2|ad2aw=1.5|ad2plus=fixed|suite=server_generation_ablation|tag=real1_tvae_synth9,compas,non-IID,5.0,F Flip,123,real1_tvae_synth9,tvae,0.01,0.09,stratified_sensitive,70,4320,1852,43,389,tvae,df116e64382331c2cc03ea3f43c8c8d2c34ad28ce2acaaef3a9caf0e107e107b,0.593952483801296,59.395248380129594,0.2308784383318545,0.12185744449644995,0.17636794141415224,0.4175845423871437,[63],[62],[63],[],63,0.593952483801296,0.23291925465838512,0.12185744449644995,0.5874730021598272,0.2451641526175688,0.13482743447015277
3922,7f288d92f1b49836c6c3c989d201d31e5538f16b1ffa9e18c8c41fbb1a291349,full|compas|non-IID|GuardFed-AD2+|FedSA|rounds=70|seed=123|clients=20|malicious=4|epochs=1|batch=256|lr=0.005|opt=adam|root=0.01+0.09|serversamp=stratified_sensitive|serveralpha=None|synth=tvae|synth_epochs=50|sensfeat=0|agg=count|fflip=invert|rw=1|foe=state|sdfafoe=fedsa|spdfafoe=fedsa|fedsa_gain=1.75|fedsa_norm=2.0|fg=server_aeod|actfb=0.12|acttemp=0.8|actkeep=1.0|actmetric=aeod_aspd|actdrop=0.005|actrisk=0.1|actviol=0.02|ad2calw=1.0|ad2calb=0.06|ad2calt=0.03|ad2calq=41|ad2clip=5.0|ad2normclip=2.5|ad2accdrop=0.03|ad2calobj=original|ad2normmode=root|ad2uw=3.0|ad2cw=0.2|ad2aw=1.5|ad2plus=fixed|suite=server_generation_ablation|tag=real1_tvae_synth9,compas,non-IID,5.0,FedSA,123,real1_tvae_synth9,tvae,0.01,0.09,stratified_sensitive,70,4320,1852,43,389,tvae,df116e64382331c2cc03ea3f43c8c8d2c34ad28ce2acaaef3a9caf0e107e107b,0.5955723542116631,59.55723542116631,0.24859509020999707,0.13161645153119883,0.19010577087059793,0.40546658334106517,"[62, 63]",[63],[63],[63],63,0.5955723542116631,0.24859509020999707,0.13161645153119883,0.5890928725701944,0.2771665187814256,0.1527288686158224
3923,cb646a501033891df8dd605ff6b64f6234ef4204edd3a595d4000761180350e5,full|compas|non-IID|GuardFed-AD2+|S-DFA|rounds=70|seed=123|clients=20|malicious=4|epochs=1|batch=256|lr=0.005|opt=adam|root=0.01+0.09|serversamp=stratified_sensitive|serveralpha=None|synth=tvae|synth_epochs=50|sensfeat=0|agg=count|fflip=invert|rw=1|foe=state|sdfafoe=fedsa|spdfafoe=fedsa|fedsa_gain=1.75|fedsa_norm=2.0|fg=server_aeod|actfb=0.12|acttemp=0.8|actkeep=1.0|actmetric=aeod_aspd|actdrop=0.005|actrisk=0.1|actviol=0.02|ad2calw=1.0|ad2calb=0.06|ad2calt=0.03|ad2calq=41|ad2clip=5.0|ad2normclip=2.5|ad2accdrop=0.03|ad2calobj=original|ad2normmode=root|ad2uw=3.0|ad2cw=0.2|ad2aw=1.5|ad2plus=fixed|suite=server_generation_ablation|tag=real1_tvae_synth9,compas,non-IID,5.0,S-DFA,123,real1_tvae_synth9,tvae,0.01,0.09,stratified_sensitive,70,4320,1852,43,389,tvae,df116e64382331c2cc03ea3f43c8c8d2c34ad28ce2acaaef3a9caf0e107e107b,0.5950323974082073,59.50323974082073,0.21487725524992607,0.10907654184957752,0.16197689854975178,0.43305549885845557,[61],[61],[61],[61],61,0.5950323974082073,0.21487725524992607,0.10907654184957752,0.5907127429805615,0.2819875776397515,0.1547866523022549
3924,82e0fd9ce41df7600781695ce61da897e07dec370e9e3582c594f5d077f90e67,full|compas|non-IID|GuardFed-AD2+|Sp-DFA|rounds=70|seed=123|clients=20|malicious=4|epochs=1|batch=256|lr=0.005|opt=adam|root=0.01+0.09|serversamp=stratified_sensitive|serveralpha=None|synth=tvae|synth_epochs=50|sensfeat=0|agg=count|fflip=invert|rw=1|foe=state|sdfafoe=fedsa|spdfafoe=fedsa|fedsa_gain=1.75|fedsa_norm=2.0|fg=server_aeod|actfb=0.12|acttemp=0.8|actkeep=1.0|actmetric=aeod_aspd|actdrop=0.005|actrisk=0.1|actviol=0.02|ad2calw=1.0|ad2calb=0.06|ad2calt=0.03|ad2calq=41|ad2clip=5.0|ad2normclip=2.5|ad2accdrop=0.03|ad2calobj=original|ad2normmode=root|ad2uw=3.0|ad2cw=0.2|ad2aw=1.5|ad2plus=fixed|suite=server_generation_ablation|tag=real1_tvae_synth9,compas,non-IID,5.0,Sp-DFA,123,real1_tvae_synth9,tvae,0.01,0.09,stratified_sensitive,70,4320,1852,43,389,tvae,df116e64382331c2cc03ea3f43c8c8d2c34ad28ce2acaaef3a9caf0e107e107b,0.5971922246220303,59.71922246220303,0.25900621118012424,0.1385426502806546,0.19877443073038942,0.39841779389164084,[61],[64],[64],[],64,0.5955723542116631,0.25900621118012424,0.1385426502806546,0.5912526997840173,0.33664596273291925,0.1879457996351315
3925,046cb6c3112681f5a6cc31a7d4046e07f69adbadd8995a3141f99029e9c344d0,full|adult|IID|GuardFed-AD2+|Benign|rounds=70|seed=123|clients=20|malicious=4|epochs=1|batch=256|lr=0.005|opt=adam|root=0.01+0.09|serversamp=stratified_sensitive|serveralpha=None|synth=smote|synth_epochs=50|sensfeat=0|agg=count|fflip=invert|rw=1|foe=state|sdfafoe=fedsa|spdfafoe=fedsa|fedsa_gain=1.75|fedsa_norm=2.0|fg=server_aeod|actfb=0.12|acttemp=0.8|actkeep=1.0|actmetric=aeod_aspd|actdrop=0.005|actrisk=0.1|actviol=0.02|ad2calw=1.0|ad2calb=0.06|ad2calt=0.03|ad2calq=41|ad2clip=5.0|ad2normclip=2.5|ad2accdrop=0.03|ad2calobj=original|ad2normmode=root|ad2uw=3.0|ad2cw=0.2|ad2aw=1.5|ad2plus=fixed|suite=server_generation_ablation|tag=real1_smote_synth9,adult,IID,5000.0,Benign,123,real1_smote_synth9,smote,0.01,0.09,stratified_sensitive,70,30162,15059,302,2715,smote,b962d707bbed3e8f13b85a5e7e5ecd1cc19f82fc84157d5bbb1630c09b572d20,0.8126037585497045,81.26037585497045,0.23049768343319144,0.20519649831371,0.21784709087345072,0.5947566676762537,[65],[67],[67],[],67,0.8103459725081347,0.23049768343319144,0.20519649831371,0.7954711468224982,0.24817967716009642,0.26240493516820107
3926,3a25716fbfa2f9d53a4384c3d53a403260685f53b4354bb19a973bce2c515809,full|adult|IID|GuardFed-AD2+|F Flip|rounds=70|seed=123|clients=20|malicious=4|epochs=1|batch=256|lr=0.005|opt=adam|root=0.01+0.09|serversamp=stratified_sensitive|serveralpha=None|synth=smote|synth_epochs=50|sensfeat=0|agg=count|fflip=invert|rw=1|foe=state|sdfafoe=fedsa|spdfafoe=fedsa|fedsa_gain=1.75|fedsa_norm=2.0|fg=server_aeod|actfb=0.12|acttemp=0.8|actkeep=1.0|actmetric=aeod_aspd|actdrop=0.005|actrisk=0.1|actviol=0.02|ad2calw=1.0|ad2calb=0.06|ad2calt=0.03|ad2calq=41|ad2clip=5.0|ad2normclip=2.5|ad2accdrop=0.03|ad2calobj=original|ad2normmode=root|ad2uw=3.0|ad2cw=0.2|ad2aw=1.5|ad2plus=fixed|suite=server_generation_ablation|tag=real1_smote_synth9,adult,IID,5000.0,F Flip,123,real1_smote_synth9,smote,0.01,0.09,stratified_sensitive,70,30162,15059,302,2715,smote,b962d707bbed3e8f13b85a5e7e5ecd1cc19f82fc84157d5bbb1630c09b572d20,0.8077561591075104,80.77561591075104,0.04871901938193279,0.10612729701016094,0.07742315819604687,0.7303330009114636,[70],[68],[68],[],68,0.7319875157712995,0.04871901938193279,0.10612729701016094,0.8077561591075104,0.28083667161530196,0.24778354084508247
3927,c090d4a2f6dd3d04c7e998858d1611e3dbc220d00b69b028538ecba52d334746,full|adult|IID|GuardFed-AD2+|FedSA|rounds=70|seed=123|clients=20|malicious=4|epochs=1|batch=256|lr=0.005|opt=adam|root=0.01+0.09|serversamp=stratified_sensitive|serveralpha=None|synth=smote|synth_epochs=50|sensfeat=0|agg=count|fflip=invert|rw=1|foe=state|sdfafoe=fedsa|spdfafoe=fedsa|fedsa_gain=1.75|fedsa_norm=2.0|fg=server_aeod|actfb=0.12|acttemp=0.8|actkeep=1.0|actmetric=aeod_aspd|actdrop=0.005|actrisk=0.1|actviol=0.02|ad2calw=1.0|ad2calb=0.06|ad2calt=0.03|ad2calq=41|ad2clip=5.0|ad2normclip=2.5|ad2accdrop=0.03|ad2calobj=original|ad2normmode=root|ad2uw=3.0|ad2cw=0.2|ad2aw=1.5|ad2plus=fixed|suite=server_generation_ablation|tag=real1_smote_synth9,adult,IID,5000.0,FedSA,123,real1_smote_synth9,smote,0.01,0.09,stratified_sensitive,70,30162,15059,302,2715,smote,b962d707bbed3e8f13b85a5e7e5ecd1cc19f82fc84157d5bbb1630c09b572d20,0.784779865860947,78.4779865860947,0.06420468728490136,0.04017152544557179,0.052188106365236575,0.7325917594957103,[64],[68],[68],[],68,0.6681054518892356,0.06420468728490136,0.04017152544557179,0.7714987714987716,0.2620442338307292,0.2910794081556838
3928,b565dd0660a734645bbd9149fdb990bce587791af80644d1885699a9e8fa2eec,full|adult|IID|GuardFed-AD2+|S-DFA|rounds=70|seed=123|clients=20|malicious=4|epochs=1|batch=256|lr=0.005|opt=adam|root=0.01+0.09|serversamp=stratified_sensitive|serveralpha=None|synth=smote|synth_epochs=50|sensfeat=0|agg=count|fflip=invert|rw=1|foe=state|sdfafoe=fedsa|spdfafoe=fedsa|fedsa_gain=1.75|fedsa_norm=2.0|fg=server_aeod|actfb=0.12|acttemp=0.8|actkeep=1.0|actmetric=aeod_aspd|actdrop=0.005|actrisk=0.1|actviol=0.02|ad2calw=1.0|ad2calb=0.06|ad2calt=0.03|ad2calq=41|ad2clip=5.0|ad2normclip=2.5|ad2accdrop=0.03|ad2calobj=original|ad2normmode=root|ad2uw=3.0|ad2cw=0.2|ad2aw=1.5|ad2plus=fixed|suite=server_generation_ablation|tag=real1_smote_synth9,adult,IID,5000.0,S-DFA,123,real1_smote_synth9,smote,0.01,0.09,stratified_sensitive,70,30162,15059,302,2715,smote,b962d707bbed3e8f13b85a5e7e5ecd1cc19f82fc84157d5bbb1630c09b572d20,0.8066272660867255,80.66272660867256,0.0028720744454492353,0.0499871427333935,0.026429608589421366,0.7801976574973042,[66],[68],[63],[],68,0.765854306394847,0.0028720744454492353,0.08470138140687183,0.7767448037718307,0.07975947233343483,0.16181685514829708
3929,a4bd5efcf6394fbdd17b6eeb9881ab96292f450d01d42818e5ca0e886a5bdcad,full|adult|IID|GuardFed-AD2+|Sp-DFA|rounds=70|seed=123|clients=20|malicious=4|epochs=1|batch=256|lr=0.005|opt=adam|root=0.01+0.09|serversamp=stratified_sensitive|serveralpha=None|synth=smote|synth_epochs=50|sensfeat=0|agg=count|fflip=invert|rw=1|foe=state|sdfafoe=fedsa|spdfafoe=fedsa|fedsa_gain=1.75|fedsa_norm=2.0|fg=server_aeod|actfb=0.12|acttemp=0.8|actkeep=1.0|actmetric=aeod_aspd|actdrop=0.005|actrisk=0.1|actviol=0.02|ad2calw=1.0|ad2calb=0.06|ad2calt=0.03|ad2calq=41|ad2clip=5.0|ad2normclip=2.5|ad2accdrop=0.03|ad2calobj=original|ad2normmode=root|ad2uw=3.0|ad2cw=0.2|ad2aw=1.5|ad2plus=fixed|suite=server_generation_ablation|tag=real1_smote_synth9,adult,IID,5000.0,Sp-DFA,123,real1_smote_synth9,smote,0.01,0.09,stratified_sensitive,70,30162,15059,302,2715,smote,b962d707bbed3e8f13b85a5e7e5ecd1cc19f82fc84157d5bbb1630c09b572d20,0.8248223653629059,82.48223653629059,0.04077340372238669,0.11078044791916303,0.07577692582077486,0.749045439542131,[69],[66],[66],[],66,0.7305265953914603,0.04077340372238669,0.11078044791916303,0.8083538083538083,0.24431825646573763,0.26799611084235697
3930,739e3d6f6352bd40e0817f4ca06788a2a107f373eb762663ff56e72ea9c08781,full|adult|non-IID|GuardFed-AD2+|Benign|rounds=70|seed=123|clients=20|malicious=4|epochs=1|batch=256|lr=0.005|opt=adam|root=0.01+0.09|serversamp=stratified_sensitive|serveralpha=None|synth=smote|synth_epochs=50|sensfeat=0|agg=count|fflip=invert|rw=1|foe=state|sdfafoe=fedsa|spdfafoe=fedsa|fedsa_gain=1.75|fedsa_norm=2.0|fg=server_aeod|actfb=0.12|acttemp=0.8|actkeep=1.0|actmetric=aeod_aspd|actdrop=0.005|actrisk=0.1|actviol=0.02|ad2calw=1.0|ad2calb=0.06|ad2calt=0.03|ad2calq=41|ad2clip=5.0|ad2normclip=2.5|ad2accdrop=0.03|ad2calobj=original|ad2normmode=root|ad2uw=3.0|ad2cw=0.2|ad2aw=1.5|ad2plus=fixed|suite=server_generation_ablation|tag=real1_smote_synth9,adult,non-IID,5.0,Benign,123,real1_smote_synth9,smote,0.01,0.09,stratified_sensitive,70,30162,15059,302,2715,smote,b962d707bbed3e8f13b85a5e7e5ecd1cc19f82fc84157d5bbb1630c09b572d20,0.8082209974101866,80.82209974101866,0.25806571384016574,0.24046623349574536,0.24926597366795555,0.558955023742231,[70],[65],[70],[],70,0.8082209974101866,0.28867661230022434,0.24046623349574536,0.8082209974101866,0.28867661230022434,0.24046623349574536
3931,69846b182903367b56e591da059c4b4f561bf5f5ee1fb8e02ff69665a950f163,full|adult|non-IID|GuardFed-AD2+|F Flip|rounds=70|seed=123|clients=20|malicious=4|epochs=1|batch=256|lr=0.005|opt=adam|root=0.01+0.09|serversamp=stratified_sensitive|serveralpha=None|synth=smote|synth_epochs=50|sensfeat=0|agg=count|fflip=invert|rw=1|foe=state|sdfafoe=fedsa|spdfafoe=fedsa|fedsa_gain=1.75|fedsa_norm=2.0|fg=server_aeod|actfb=0.12|acttemp=0.8|actkeep=1.0|actmetric=aeod_aspd|actdrop=0.005|actrisk=0.1|actviol=0.02|ad2calw=1.0|ad2calb=0.06|ad2calt=0.03|ad2calq=41|ad2clip=5.0|ad2normclip=2.5|ad2accdrop=0.03|ad2calobj=original|ad2normmode=root|ad2uw=3.0|ad2cw=0.2|ad2aw=1.5|ad2plus=fixed|suite=server_generation_ablation|tag=real1_smote_synth9,adult,non-IID,5.0,F Flip,123,real1_smote_synth9,smote,0.01,0.09,stratified_sensitive,70,30162,15059,302,2715,smote,b962d707bbed3e8f13b85a5e7e5ecd1cc19f82fc84157d5bbb1630c09b572d20,0.8084866192974302,80.84866192974302,0.21891227891795684,0.1932884305985853,0.20610035475827107,0.6023862645391591,[64],[65],[65],[],64,0.8084866192974302,0.2941540032822076,0.22866535313508868,0.7954711468224982,0.2742008544250111,0.224145148248557
3932,3bbd4def223d9f5c920030f38e7f8d48e46e05bf5511753e0e3b126ec5cd2de4,full|adult|non-IID|GuardFed-AD2+|FedSA|rounds=70|seed=123|clients=20|malicious=4|epochs=1|batch=256|lr=0.005|opt=adam|root=0.01+0.09|serversamp=stratified_sensitive|serveralpha=None|synth=smote|synth_epochs=50|sensfeat=0|agg=count|fflip=invert|rw=1|foe=state|sdfafoe=fedsa|spdfafoe=fedsa|fedsa_gain=1.75|fedsa_norm=2.0|fg=server_aeod|actfb=0.12|acttemp=0.8|actkeep=1.0|actmetric=aeod_aspd|actdrop=0.005|actrisk=0.1|actviol=0.02|ad2calw=1.0|ad2calb=0.06|ad2calt=0.03|ad2calq=41|ad2clip=5.0|ad2normclip=2.5|ad2accdrop=0.03|ad2calobj=original|ad2normmode=root|ad2uw=3.0|ad2cw=0.2|ad2aw=1.5|ad2plus=fixed|suite=server_generation_ablation|tag=real1_smote_synth9,adult,non-IID,5.0,FedSA,123,real1_smote_synth9,smote,0.01,0.09,stratified_sensitive,70,30162,15059,302,2715,smote,b962d707bbed3e8f13b85a5e7e5ecd1cc19f82fc84157d5bbb1630c09b572d20,0.8104123779799456,81.04123779799455,0.27329090721108895,0.22969513813968412,0.25149302267538653,0.558919355304559,[69],[69],[69],[69],69,0.8104123779799456,0.27329090721108895,0.22969513813968412,0.7931469553091175,0.34871827680103,0.29469328508036685
3933,bdd41efc02e3bb2841ffd517a86ee16156b91a689f961dd0afa2a8b8a20bc394,full|adult|non-IID|GuardFed-AD2+|S-DFA|rounds=70|seed=123|clients=20|malicious=4|epochs=1|batch=256|lr=0.005|opt=adam|root=0.01+0.09|serversamp=stratified_sensitive|serveralpha=None|synth=smote|synth_epochs=50|sensfeat=0|agg=count|fflip=invert|rw=1|foe=state|sdfafoe=fedsa|spdfafoe=fedsa|fedsa_gain=1.75|fedsa_norm=2.0|fg=server_aeod|actfb=0.12|acttemp=0.8|actkeep=1.0|actmetric=aeod_aspd|actdrop=0.005|actrisk=0.1|actviol=0.02|ad2calw=1.0|ad2calb=0.06|ad2calt=0.03|ad2calq=41|ad2clip=5.0|ad2normclip=2.5|ad2accdrop=0.03|ad2calobj=original|ad2normmode=root|ad2uw=3.0|ad2cw=0.2|ad2aw=1.5|ad2plus=fixed|suite=server_generation_ablation|tag=real1_smote_synth9,adult,non-IID,5.0,S-DFA,123,real1_smote_synth9,smote,0.01,0.09,stratified_sensitive,70,30162,15059,302,2715,smote,b962d707bbed3e8f13b85a5e7e5ecd1cc19f82fc84157d5bbb1630c09b572d20,0.8024437213626403,80.24437213626403,0.2584518559096016,0.2652118475910169,0.26183185175030926,0.540611869612331,[67],[66],[69],[],70,0.7946078756889567,0.2616106808267325,0.2699918659583114,0.7946078756889567,0.2616106808267325,0.2699918659583114
3934,68d65bb0873f3a4e65331fe433525bd4eec9a436ac977e6608b70a2ee8d1bb71,full|adult|non-IID|GuardFed-AD2+|Sp-DFA|rounds=70|seed=123|clients=20|malicious=4|epochs=1|batch=256|lr=0.005|opt=adam|root=0.01+0.09|serversamp=stratified_sensitive|serveralpha=None|synth=smote|synth_epochs=50|sensfeat=0|agg=count|fflip=invert|rw=1|foe=state|sdfafoe=fedsa|spdfafoe=fedsa|fedsa_gain=1.75|fedsa_norm=2.0|fg=server_aeod|actfb=0.12|acttemp=0.8|actkeep=1.0|actmetric=aeod_aspd|actdrop=0.005|actrisk=0.1|actviol=0.02|ad2calw=1.0|ad2calb=0.06|ad2calt=0.03|ad2calq=41|ad2clip=5.0|ad2normclip=2.5|ad2accdrop=0.03|ad2calobj=original|ad2normmode=root|ad2uw=3.0|ad2cw=0.2|ad2aw=1.5|ad2plus=fixed|suite=server_generation_ablation|tag=real1_smote_synth9,adult,non-IID,5.0,Sp-DFA,123,real1_smote_synth9,smote,0.01,0.09,stratified_sensitive,70,30162,15059,302,2715,smote,b962d707bbed3e8f13b85a5e7e5ecd1cc19f82fc84157d5bbb1630c09b572d20,0.8048343183478318,80.48343183478318,0.09732950770884663,0.13122749401582406,0.11427850086233535,0.6905558174854964,[70],[63],[63],[],63,0.73278438143303,0.09732950770884663,0.13122749401582406,0.8048343183478318,0.32365160160420325,0.2572876868872612
3935,5752e1377b77bcdad1dbf219839ad16692ed8c92e63bacca07fbc85c045609b1,full|compas|IID|GuardFed-AD2+|Benign|rounds=70|seed=123|clients=20|malicious=4|epochs=1|batch=256|lr=0.005|opt=adam|root=0.01+0.09|serversamp=stratified_sensitive|serveralpha=None|synth=smote|synth_epochs=50|sensfeat=0|agg=count|fflip=invert|rw=1|foe=state|sdfafoe=fedsa|spdfafoe=fedsa|fedsa_gain=1.75|fedsa_norm=2.0|fg=server_aeod|actfb=0.12|acttemp=0.8|actkeep=1.0|actmetric=aeod_aspd|actdrop=0.005|actrisk=0.1|actviol=0.02|ad2calw=1.0|ad2calb=0.06|ad2calt=0.03|ad2calq=41|ad2clip=5.0|ad2normclip=2.5|ad2accdrop=0.03|ad2calobj=original|ad2normmode=root|ad2uw=3.0|ad2cw=0.2|ad2aw=1.5|ad2plus=fixed|suite=server_generation_ablation|tag=real1_smote_synth9,compas,IID,5000.0,Benign,123,real1_smote_synth9,smote,0.01,0.09,stratified_sensitive,70,4320,1852,43,389,smote,b962d707bbed3e8f13b85a5e7e5ecd1cc19f82fc84157d5bbb1630c09b572d20,0.646328293736501,64.6328293736501,0.049186631174208795,0.003319533071023284,0.02625308212261604,0.620075211613885,[62],[70],[65],[],70,0.6355291576673866,0.049186631174208795,0.008525270587466327,0.6355291576673866,0.049186631174208795,0.008525270587466327
3936,b7a3d105b062bb5c925cd9aae77069c3ae3d8ff8b4bf6304b22d761e00dc3b20,full|compas|IID|GuardFed-AD2+|F Flip|rounds=70|seed=123|clients=20|malicious=4|epochs=1|batch=256|lr=0.005|opt=adam|root=0.01+0.09|serversamp=stratified_sensitive|serveralpha=None|synth=smote|synth_epochs=50|sensfeat=0|agg=count|fflip=invert|rw=1|foe=state|sdfafoe=fedsa|spdfafoe=fedsa|fedsa_gain=1.75|fedsa_norm=2.0|fg=server_aeod|actfb=0.12|acttemp=0.8|actkeep=1.0|actmetric=aeod_aspd|actdrop=0.005|actrisk=0.1|actviol=0.02|ad2calw=1.0|ad2calb=0.06|ad2calt=0.03|ad2calq=41|ad2clip=5.0|ad2normclip=2.5|ad2accdrop=0.03|ad2calobj=original|ad2normmode=root|ad2uw=3.0|ad2cw=0.2|ad2aw=1.5|ad2plus=fixed|suite=server_generation_ablation|tag=real1_smote_synth9,compas,IID,5000.0,F Flip,123,real1_smote_synth9,smote,0.01,0.09,stratified_sensitive,70,4320,1852,43,389,smote,b962d707bbed3e8f13b85a5e7e5ecd1cc19f82fc84157d5bbb1630c09b572d20,0.6549676025917927,65.49676025917927,0.012067435669920135,0.017977302517546034,0.015022369093733084,0.6399452334980595,[63],[61],[64],[],63,0.6549676025917927,0.012304052055604864,0.06508105660130703,0.6501079913606912,0.020644779650990763,0.06463635122153916
3937,85d5769a164f08144a96bbe04413beaff958e57a5c12935bb824f4503bbba6e2,full|compas|IID|GuardFed-AD2+|FedSA|rounds=70|seed=123|clients=20|malicious=4|epochs=1|batch=256|lr=0.005|opt=adam|root=0.01+0.09|serversamp=stratified_sensitive|serveralpha=None|synth=smote|synth_epochs=50|sensfeat=0|agg=count|fflip=invert|rw=1|foe=state|sdfafoe=fedsa|spdfafoe=fedsa|fedsa_gain=1.75|fedsa_norm=2.0|fg=server_aeod|actfb=0.12|acttemp=0.8|actkeep=1.0|actmetric=aeod_aspd|actdrop=0.005|actrisk=0.1|actviol=0.02|ad2calw=1.0|ad2calb=0.06|ad2calt=0.03|ad2calq=41|ad2clip=5.0|ad2normclip=2.5|ad2accdrop=0.03|ad2calobj=original|ad2normmode=root|ad2uw=3.0|ad2cw=0.2|ad2aw=1.5|ad2plus=fixed|suite=server_generation_ablation|tag=real1_smote_synth9,compas,IID,5000.0,FedSA,123,real1_smote_synth9,smote,0.01,0.09,stratified_sensitive,70,4320,1852,43,389,smote,b962d707bbed3e8f13b85a5e7e5ecd1cc19f82fc84157d5bbb1630c09b572d20,0.6468682505399568,64.68682505399568,0.061194912747707775,0.004466896294938905,0.03283090452132334,0.6140373460186335,[69],[70],[61],[],70,0.6441684665226782,0.061194912747707775,0.022396343377916683,0.6441684665226782,0.061194912747707775,0.022396343377916683
3938,408e814a8ad654bad3ef2d1e5721d0ae19ebc7304553646b9b8aff469e77e5ed,full|compas|IID|GuardFed-AD2+|S-DFA|rounds=70|seed=123|clients=20|malicious=4|epochs=1|batch=256|lr=0.005|opt=adam|root=0.01+0.09|serversamp=stratified_sensitive|serveralpha=None|synth=smote|synth_epochs=50|sensfeat=0|agg=count|fflip=invert|rw=1|foe=state|sdfafoe=fedsa|spdfafoe=fedsa|fedsa_gain=1.75|fedsa_norm=2.0|fg=server_aeod|actfb=0.12|acttemp=0.8|actkeep=1.0|actmetric=aeod_aspd|actdrop=0.005|actrisk=0.1|actviol=0.02|ad2calw=1.0|ad2calb=0.06|ad2calt=0.03|ad2calq=41|ad2clip=5.0|ad2normclip=2.5|ad2accdrop=0.03|ad2calobj=original|ad2normmode=root|ad2uw=3.0|ad2cw=0.2|ad2aw=1.5|ad2plus=fixed|suite=server_generation_ablation|tag=real1_smote_synth9,compas,IID,5000.0,S-DFA,123,real1_smote_synth9,smote,0.01,0.09,stratified_sensitive,70,4320,1852,43,389,smote,b962d707bbed3e8f13b85a5e7e5ecd1cc19f82fc84157d5bbb1630c09b572d20,0.6452483801295896,64.52483801295897,0.05637385388938182,0.007785262160241002,0.03207955802481141,0.6131688221047782,[61],[67],[61],[],69,0.6420086393088553,0.058414670215912456,0.016919814134160938,0.6430885529157667,0.12377994676131321,0.028960708353808096
3939,5f0597728658599b50cb87660ae24d39dbb4040463cb262460f01577864be34c,full|compas|IID|GuardFed-AD2+|Sp-DFA|rounds=70|seed=123|clients=20|malicious=4|epochs=1|batch=256|lr=0.005|opt=adam|root=0.01+0.09|serversamp=stratified_sensitive|serveralpha=None|synth=smote|synth_epochs=50|sensfeat=0|agg=count|fflip=invert|rw=1|foe=state|sdfafoe=fedsa|spdfafoe=fedsa|fedsa_gain=1.75|fedsa_norm=2.0|fg=server_aeod|actfb=0.12|acttemp=0.8|actkeep=1.0|actmetric=aeod_aspd|actdrop=0.005|actrisk=0.1|actviol=0.02|ad2calw=1.0|ad2calb=0.06|ad2calt=0.03|ad2calq=41|ad2clip=5.0|ad2normclip=2.5|ad2accdrop=0.03|ad2calobj=original|ad2normmode=root|ad2uw=3.0|ad2cw=0.2|ad2aw=1.5|ad2plus=fixed|suite=server_generation_ablation|tag=real1_smote_synth9,compas,IID,5000.0,Sp-DFA,123,real1_smote_synth9,smote,0.01,0.09,stratified_sensitive,70,4320,1852,43,389,smote,b962d707bbed3e8f13b85a5e7e5ecd1cc19f82fc84157d5bbb1630c09b572d20,0.652267818574514,65.2267818574514,0.038213546288080436,0.004070046349739176,0.021141796318909806,0.6311260222556042,[62],[63],[70],[],61,0.6457883369330454,0.04466134279798878,0.023823835974914387,0.6479481641468683,0.08598047914818097,0.004070046349739176
3940,32e864e1f23344c38f4519fc540e15b8699d2232007e6bf2063a1cd09414d4ae,full|compas|non-IID|GuardFed-AD2+|Benign|rounds=70|seed=123|clients=20|malicious=4|epochs=1|batch=256|lr=0.005|opt=adam|root=0.01+0.09|serversamp=stratified_sensitive|serveralpha=None|synth=smote|synth_epochs=50|sensfeat=0|agg=count|fflip=invert|rw=1|foe=state|sdfafoe=fedsa|spdfafoe=fedsa|fedsa_gain=1.75|fedsa_norm=2.0|fg=server_aeod|actfb=0.12|acttemp=0.8|actkeep=1.0|actmetric=aeod_aspd|actdrop=0.005|actrisk=0.1|actviol=0.02|ad2calw=1.0|ad2calb=0.06|ad2calt=0.03|ad2calq=41|ad2clip=5.0|ad2normclip=2.5|ad2accdrop=0.03|ad2calobj=original|ad2normmode=root|ad2uw=3.0|ad2cw=0.2|ad2aw=1.5|ad2plus=fixed|suite=server_generation_ablation|tag=real1_smote_synth9,compas,non-IID,5.0,Benign,123,real1_smote_synth9,smote,0.01,0.09,stratified_sensitive,70,4320,1852,43,389,smote,b962d707bbed3e8f13b85a5e7e5ecd1cc19f82fc84157d5bbb1630c09b572d20,0.6490280777537797,64.90280777537797,0.00706891452233066,0.011896160710221315,0.009482537616275988,0.6395455401375036,"[64, 67]",[61],[65],[],61,0.6479481641468683,0.00706891452233066,0.07914471833575143,0.6479481641468683,0.025643300798580293,0.06814730603083524
3941,9c7e33681ca8b30123377c4c60acc062a7caa8c5e9d9df703fff8f58cd668bb5,full|compas|non-IID|GuardFed-AD2+|F Flip|rounds=70|seed=123|clients=20|malicious=4|epochs=1|batch=256|lr=0.005|opt=adam|root=0.01+0.09|serversamp=stratified_sensitive|serveralpha=None|synth=smote|synth_epochs=50|sensfeat=0|agg=count|fflip=invert|rw=1|foe=state|sdfafoe=fedsa|spdfafoe=fedsa|fedsa_gain=1.75|fedsa_norm=2.0|fg=server_aeod|actfb=0.12|acttemp=0.8|actkeep=1.0|actmetric=aeod_aspd|actdrop=0.005|actrisk=0.1|actviol=0.02|ad2calw=1.0|ad2calb=0.06|ad2calt=0.03|ad2calq=41|ad2clip=5.0|ad2normclip=2.5|ad2accdrop=0.03|ad2calobj=original|ad2normmode=root|ad2uw=3.0|ad2cw=0.2|ad2aw=1.5|ad2plus=fixed|suite=server_generation_ablation|tag=real1_smote_synth9,compas,non-IID,5.0,F Flip,123,real1_smote_synth9,smote,0.01,0.09,stratified_sensitive,70,4320,1852,43,389,smote,b962d707bbed3e8f13b85a5e7e5ecd1cc19f82fc84157d5bbb1630c09b572d20,0.6641468682505399,66.41468682505399,0.052854185152321875,0.012463422690712656,0.032658803921517265,0.6314880643290226,[68],[66],[67],[],66,0.6636069114470843,0.052854185152321875,0.04234855797569176,0.6630669546436285,0.07648624667258208,0.033471958466151586
3942,41b6fd78f0587a1d0cd398a37ab97fe527dfdc361dc3bf3a42910a9ce6441d18,full|compas|non-IID|GuardFed-AD2+|FedSA|rounds=70|seed=123|clients=20|malicious=4|epochs=1|batch=256|lr=0.005|opt=adam|root=0.01+0.09|serversamp=stratified_sensitive|serveralpha=None|synth=smote|synth_epochs=50|sensfeat=0|agg=count|fflip=invert|rw=1|foe=state|sdfafoe=fedsa|spdfafoe=fedsa|fedsa_gain=1.75|fedsa_norm=2.0|fg=server_aeod|actfb=0.12|acttemp=0.8|actkeep=1.0|actmetric=aeod_aspd|actdrop=0.005|actrisk=0.1|actviol=0.02|ad2calw=1.0|ad2calb=0.06|ad2calt=0.03|ad2calq=41|ad2clip=5.0|ad2normclip=2.5|ad2accdrop=0.03|ad2calobj=original|ad2normmode=root|ad2uw=3.0|ad2cw=0.2|ad2aw=1.5|ad2plus=fixed|suite=server_generation_ablation|tag=real1_smote_synth9,compas,non-IID,5.0,FedSA,123,real1_smote_synth9,smote,0.01,0.09,stratified_sensitive,70,4320,1852,43,389,smote,b962d707bbed3e8f13b85a5e7e5ecd1cc19f82fc84157d5bbb1630c09b572d20,0.6684665226781857,66.84665226781857,0.0007394262052646816,0.03571532786225107,0.018227377033757874,0.6502391456444279,[69],[64],[63],[],61,0.661987041036717,0.0018633540372671176,0.07708343303215537,0.6673866090712743,0.03170659568175105,0.11611245793682384
3943,e1058661cc2dab516f7959712431335413586b157aeac350489758db57a9065c,full|compas|non-IID|GuardFed-AD2+|S-DFA|rounds=70|seed=123|clients=20|malicious=4|epochs=1|batch=256|lr=0.005|opt=adam|root=0.01+0.09|serversamp=stratified_sensitive|serveralpha=None|synth=smote|synth_epochs=50|sensfeat=0|agg=count|fflip=invert|rw=1|foe=state|sdfafoe=fedsa|spdfafoe=fedsa|fedsa_gain=1.75|fedsa_norm=2.0|fg=server_aeod|actfb=0.12|acttemp=0.8|actkeep=1.0|actmetric=aeod_aspd|actdrop=0.005|actrisk=0.1|actviol=0.02|ad2calw=1.0|ad2calb=0.06|ad2calt=0.03|ad2calq=41|ad2clip=5.0|ad2normclip=2.5|ad2accdrop=0.03|ad2calobj=original|ad2normmode=root|ad2uw=3.0|ad2cw=0.2|ad2aw=1.5|ad2plus=fixed|suite=server_generation_ablation|tag=real1_smote_synth9,compas,non-IID,5.0,S-DFA,123,real1_smote_synth9,smote,0.01,0.09,stratified_sensitive,70,4320,1852,43,389,smote,b962d707bbed3e8f13b85a5e7e5ecd1cc19f82fc84157d5bbb1630c09b572d20,0.6727861771058316,67.27861771058315,0.0020112392783200317,0.05664566085437128,0.029328450066345657,0.6434577270394859,[70],[63],[62],[],66,0.6668466522678186,0.007335107956225939,0.08442165540118607,0.6727861771058316,0.06190476190476191,0.137747783184534
3944,194e22de6d675271df8a17613746c24577e8e77b0fafe5e9bf66ddce1089e8cb,full|compas|non-IID|GuardFed-AD2+|Sp-DFA|rounds=70|seed=123|clients=20|malicious=4|epochs=1|batch=256|lr=0.005|opt=adam|root=0.01+0.09|serversamp=stratified_sensitive|serveralpha=None|synth=smote|synth_epochs=50|sensfeat=0|agg=count|fflip=invert|rw=1|foe=state|sdfafoe=fedsa|spdfafoe=fedsa|fedsa_gain=1.75|fedsa_norm=2.0|fg=server_aeod|actfb=0.12|acttemp=0.8|actkeep=1.0|actmetric=aeod_aspd|actdrop=0.005|actrisk=0.1|actviol=0.02|ad2calw=1.0|ad2calb=0.06|ad2calt=0.03|ad2calq=41|ad2clip=5.0|ad2normclip=2.5|ad2accdrop=0.03|ad2calobj=original|ad2normmode=root|ad2uw=3.0|ad2cw=0.2|ad2aw=1.5|ad2plus=fixed|suite=server_generation_ablation|tag=real1_smote_synth9,compas,non-IID,5.0,Sp-DFA,123,real1_smote_synth9,smote,0.01,0.09,stratified_sensitive,70,4320,1852,43,389,smote,b962d707bbed3e8f13b85a5e7e5ecd1cc19f82fc84157d5bbb1630c09b572d20,0.6603671706263499,66.03671706263499,0.02857142857142858,0.003695373313241823,0.016133400942335202,0.6442337696840147,[69],[69],[64],[],69,0.6603671706263499,0.02857142857142858,0.027676782060514937,0.6490280777537797,0.09281277728482695,0.016561481977760084
3945,8a6ce8f0321a1c12c206dc354402713783ade6a8321694d393c6e7282b2a2ef1,full|adult|IID|GuardFed-AD2+|Benign|rounds=70|seed=123|clients=20|malicious=4|epochs=1|batch=256|lr=0.005|opt=adam|root=0.01+0.09|serversamp=stratified_sensitive|serveralpha=None|synth=pca_gaussian|synth_epochs=50|sensfeat=0|agg=count|fflip=invert|rw=1|foe=state|sdfafoe=fedsa|spdfafoe=fedsa|fedsa_gain=1.75|fedsa_norm=2.0|fg=server_aeod|actfb=0.12|acttemp=0.8|actkeep=1.0|actmetric=aeod_aspd|actdrop=0.005|actrisk=0.1|actviol=0.02|ad2calw=1.0|ad2calb=0.06|ad2calt=0.03|ad2calq=41|ad2clip=5.0|ad2normclip=2.5|ad2accdrop=0.03|ad2calobj=original|ad2normmode=root|ad2uw=3.0|ad2cw=0.2|ad2aw=1.5|ad2plus=fixed|suite=server_generation_ablation|tag=real1_pca_gaussian_synth9,adult,IID,5000.0,Benign,123,real1_pca_gaussian_synth9,pca_gaussian,0.01,0.09,stratified_sensitive,70,30162,15059,302,2715,pca_gaussian,9b54e0c97fd0933eeb45cdb78d2c2f126f26f6a5c3cb62898f8d98980f9bd46c,0.8273457732917192,82.73457732917193,0.008159250473109718,0.007210059811065386,0.007684655142087552,0.8196611181496316,[63],[62],[62],[],69,0.8200411713925227,0.04957984201305682,0.0663296935372505,0.8021116940035858,0.1596891670584257,0.017567291210047138
3946,1131d263b5d3aff154d19036515cf530b55a733d6d325217f83c58f1db59665c,full|adult|IID|GuardFed-AD2+|F Flip|rounds=70|seed=123|clients=20|malicious=4|epochs=1|batch=256|lr=0.005|opt=adam|root=0.01+0.09|serversamp=stratified_sensitive|serveralpha=None|synth=pca_gaussian|synth_epochs=50|sensfeat=0|agg=count|fflip=invert|rw=1|foe=state|sdfafoe=fedsa|spdfafoe=fedsa|fedsa_gain=1.75|fedsa_norm=2.0|fg=server_aeod|actfb=0.12|acttemp=0.8|actkeep=1.0|actmetric=aeod_aspd|actdrop=0.005|actrisk=0.1|actviol=0.02|ad2calw=1.0|ad2calb=0.06|ad2calt=0.03|ad2calq=41|ad2clip=5.0|ad2normclip=2.5|ad2accdrop=0.03|ad2calobj=original|ad2normmode=root|ad2uw=3.0|ad2cw=0.2|ad2aw=1.5|ad2plus=fixed|suite=server_generation_ablation|tag=real1_pca_gaussian_synth9,adult,IID,5000.0,F Flip,123,real1_pca_gaussian_synth9,pca_gaussian,0.01,0.09,stratified_sensitive,70,30162,15059,302,2715,pca_gaussian,9b54e0c97fd0933eeb45cdb78d2c2f126f26f6a5c3cb62898f8d98980f9bd46c,0.8114084600571088,81.14084600571087,0.0025687587074751037,0.006888698360340413,0.004728728533907758,0.806679731523201,[65],[70],[70],[],67,0.8094162959027824,0.010038551373174887,0.05783984520083716,0.7622684109170595,0.0025687587074751037,0.006888698360340413
3947,b2cf748ecce76355286bd99eceeed32ae27b3f81b7f764f3274600efe8ffaad4,full|adult|IID|GuardFed-AD2+|FedSA|rounds=70|seed=123|clients=20|malicious=4|epochs=1|batch=256|lr=0.005|opt=adam|root=0.01+0.09|serversamp=stratified_sensitive|serveralpha=None|synth=pca_gaussian|synth_epochs=50|sensfeat=0|agg=count|fflip=invert|rw=1|foe=state|sdfafoe=fedsa|spdfafoe=fedsa|fedsa_gain=1.75|fedsa_norm=2.0|fg=server_aeod|actfb=0.12|acttemp=0.8|actkeep=1.0|actmetric=aeod_aspd|actdrop=0.005|actrisk=0.1|actviol=0.02|ad2calw=1.0|ad2calb=0.06|ad2calt=0.03|ad2calq=41|ad2clip=5.0|ad2normclip=2.5|ad2accdrop=0.03|ad2calobj=original|ad2normmode=root|ad2uw=3.0|ad2cw=0.2|ad2aw=1.5|ad2plus=fixed|suite=server_generation_ablation|tag=real1_pca_gaussian_synth9,adult,IID,5000.0,FedSA,123,real1_pca_gaussian_synth9,pca_gaussian,0.01,0.09,stratified_sensitive,70,30162,15059,302,2715,pca_gaussian,9b54e0c97fd0933eeb45cdb78d2c2f126f26f6a5c3cb62898f8d98980f9bd46c,0.8203731987515771,82.0373198751577,0.005409416268576661,0.0067108351590090196,0.00606012571379284,0.8143130730377842,[69],[63],[63],[],63,0.7615379507271399,0.005409416268576661,0.0067108351590090196,0.8145295172322199,0.1783907814864299,0.02683920801484567
3948,ff5e2af8113aa4aa8c1b1982ca6bc40a7f78a07ef4ff3be0d8cf033db38b52e6,full|adult|IID|GuardFed-AD2+|S-DFA|rounds=70|seed=123|clients=20|malicious=4|epochs=1|batch=256|lr=0.005|opt=adam|root=0.01+0.09|serversamp=stratified_sensitive|serveralpha=None|synth=pca_gaussian|synth_epochs=50|sensfeat=0|agg=count|fflip=invert|rw=1|foe=state|sdfafoe=fedsa|spdfafoe=fedsa|fedsa_gain=1.75|fedsa_norm=2.0|fg=server_aeod|actfb=0.12|acttemp=0.8|actkeep=1.0|actmetric=aeod_aspd|actdrop=0.005|actrisk=0.1|actviol=0.02|ad2calw=1.0|ad2calb=0.06|ad2calt=0.03|ad2calq=41|ad2clip=5.0|ad2normclip=2.5|ad2accdrop=0.03|ad2calobj=original|ad2normmode=root|ad2uw=3.0|ad2cw=0.2|ad2aw=1.5|ad2plus=fixed|suite=server_generation_ablation|tag=real1_pca_gaussian_synth9,adult,IID,5000.0,S-DFA,123,real1_pca_gaussian_synth9,pca_gaussian,0.01,0.09,stratified_sensitive,70,30162,15059,302,2715,pca_gaussian,9b54e0c97fd0933eeb45cdb78d2c2f126f26f6a5c3cb62898f8d98980f9bd46c,0.8219005246032273,82.19005246032273,0.0040493507843653576,0.013558769022946837,0.008804059903656097,0.8130964646995712,[65],[67],[70],[],63,0.816654492330168,0.010924507511777037,0.0610515739489029,0.8023109104190185,0.18161929476520447,0.013558769022946837
3949,0b3ee9b200c42e31d351a5156ac09703f9f1adf477e35d5a539ec62802b08e5e,full|adult|IID|GuardFed-AD2+|Sp-DFA|rounds=70|seed=123|clients=20|malicious=4|epochs=1|batch=256|lr=0.005|opt=adam|root=0.01+0.09|serversamp=stratified_sensitive|serveralpha=None|synth=pca_gaussian|synth_epochs=50|sensfeat=0|agg=count|fflip=invert|rw=1|foe=state|sdfafoe=fedsa|spdfafoe=fedsa|fedsa_gain=1.75|fedsa_norm=2.0|fg=server_aeod|actfb=0.12|acttemp=0.8|actkeep=1.0|actmetric=aeod_aspd|actdrop=0.005|actrisk=0.1|actviol=0.02|ad2calw=1.0|ad2calb=0.06|ad2calt=0.03|ad2calq=41|ad2clip=5.0|ad2normclip=2.5|ad2accdrop=0.03|ad2calobj=original|ad2normmode=root|ad2uw=3.0|ad2cw=0.2|ad2aw=1.5|ad2plus=fixed|suite=server_generation_ablation|tag=real1_pca_gaussian_synth9,adult,IID,5000.0,Sp-DFA,123,real1_pca_gaussian_synth9,pca_gaussian,0.01,0.09,stratified_sensitive,70,30162,15059,302,2715,pca_gaussian,9b54e0c97fd0933eeb45cdb78d2c2f126f26f6a5c3cb62898f8d98980f9bd46c,0.8228302012085796,82.28302012085797,0.002250591351445834,0.00679013735107568,0.004520364351260757,0.8183098368573188,[69],[62],[62],[],69,0.8228302012085796,0.01110501179275597,0.07705962317155085,0.7637293312968989,0.009568440540119079,0.009057040564164582
3950,003b1fa2f90ad576339aa1b3c2bedc09a1e503a53b149bf548b6af3c6de7f793,full|adult|non-IID|GuardFed-AD2+|Benign|rounds=70|seed=123|clients=20|malicious=4|epochs=1|batch=256|lr=0.005|opt=adam|root=0.01+0.09|serversamp=stratified_sensitive|serveralpha=None|synth=pca_gaussian|synth_epochs=50|sensfeat=0|agg=count|fflip=invert|rw=1|foe=state|sdfafoe=fedsa|spdfafoe=fedsa|fedsa_gain=1.75|fedsa_norm=2.0|fg=server_aeod|actfb=0.12|acttemp=0.8|actkeep=1.0|actmetric=aeod_aspd|actdrop=0.005|actrisk=0.1|actviol=0.02|ad2calw=1.0|ad2calb=0.06|ad2calt=0.03|ad2calq=41|ad2clip=5.0|ad2normclip=2.5|ad2accdrop=0.03|ad2calobj=original|ad2normmode=root|ad2uw=3.0|ad2cw=0.2|ad2aw=1.5|ad2plus=fixed|suite=server_generation_ablation|tag=real1_pca_gaussian_synth9,adult,non-IID,5.0,Benign,123,real1_pca_gaussian_synth9,pca_gaussian,0.01,0.09,stratified_sensitive,70,30162,15059,302,2715,pca_gaussian,9b54e0c97fd0933eeb45cdb78d2c2f126f26f6a5c3cb62898f8d98980f9bd46c,0.8185802510126834,81.85802510126834,0.011984113338409541,0.006440028103429002,0.009212070720919271,0.8093681802917642,[62],[62],[70],[],62,0.8185802510126834,0.011984113338409541,0.07621751132829707,0.792814927950063,0.1329613955037297,0.006440028103429002
3951,2fdf1f9433456e01e79cf48be9c3764f12a37ba19761fa88e2cd2842f62265bb,full|adult|non-IID|GuardFed-AD2+|F Flip|rounds=70|seed=123|clients=20|malicious=4|epochs=1|batch=256|lr=0.005|opt=adam|root=0.01+0.09|serversamp=stratified_sensitive|serveralpha=None|synth=pca_gaussian|synth_epochs=50|sensfeat=0|agg=count|fflip=invert|rw=1|foe=state|sdfafoe=fedsa|spdfafoe=fedsa|fedsa_gain=1.75|fedsa_norm=2.0|fg=server_aeod|actfb=0.12|acttemp=0.8|actkeep=1.0|actmetric=aeod_aspd|actdrop=0.005|actrisk=0.1|actviol=0.02|ad2calw=1.0|ad2calb=0.06|ad2calt=0.03|ad2calq=41|ad2clip=5.0|ad2normclip=2.5|ad2accdrop=0.03|ad2calobj=original|ad2normmode=root|ad2uw=3.0|ad2cw=0.2|ad2aw=1.5|ad2plus=fixed|suite=server_generation_ablation|tag=real1_pca_gaussian_synth9,adult,non-IID,5.0,F Flip,123,real1_pca_gaussian_synth9,pca_gaussian,0.01,0.09,stratified_sensitive,70,30162,15059,302,2715,pca_gaussian,9b54e0c97fd0933eeb45cdb78d2c2f126f26f6a5c3cb62898f8d98980f9bd46c,0.8216349027159838,82.16349027159838,9.02521404894524e-05,0.005712385854896288,0.00290131899769287,0.818733583718291,[67],[64],[64],[],62,0.7844478385018926,0.018586799996115733,0.022511190074936457,0.8167208978019789,0.05314880007494355,0.05584748043916041
3952,5089593918e45b0ff5370a3b170ea264ffc4b487260ff7f323a244e69224023e,full|adult|non-IID|GuardFed-AD2+|FedSA|rounds=70|seed=123|clients=20|malicious=4|epochs=1|batch=256|lr=0.005|opt=adam|root=0.01+0.09|serversamp=stratified_sensitive|serveralpha=None|synth=pca_gaussian|synth_epochs=50|sensfeat=0|agg=count|fflip=invert|rw=1|foe=state|sdfafoe=fedsa|spdfafoe=fedsa|fedsa_gain=1.75|fedsa_norm=2.0|fg=server_aeod|actfb=0.12|acttemp=0.8|actkeep=1.0|actmetric=aeod_aspd|actdrop=0.005|actrisk=0.1|actviol=0.02|ad2calw=1.0|ad2calb=0.06|ad2calt=0.03|ad2calq=41|ad2clip=5.0|ad2normclip=2.5|ad2accdrop=0.03|ad2calobj=original|ad2normmode=root|ad2uw=3.0|ad2cw=0.2|ad2aw=1.5|ad2plus=fixed|suite=server_generation_ablation|tag=real1_pca_gaussian_synth9,adult,non-IID,5.0,FedSA,123,real1_pca_gaussian_synth9,pca_gaussian,0.01,0.09,stratified_sensitive,70,30162,15059,302,2715,pca_gaussian,9b54e0c97fd0933eeb45cdb78d2c2f126f26f6a5c3cb62898f8d98980f9bd46c,0.816123248555681,81.61232485556809,0.001885584276934693,0.005508844230634126,0.0036972142537844096,0.8124260343018965,[63],[67],[67],[],65,0.8043694800451557,0.01940249655699508,0.04562658541692671,0.8043030745733448,0.08685283360304252,0.03153689493861833
3953,5ac31722d25bc57dafcab8986577033d09511f599ea27fdc6050b499d7bb6b6c,full|adult|non-IID|GuardFed-AD2+|S-DFA|rounds=70|seed=123|clients=20|malicious=4|epochs=1|batch=256|lr=0.005|opt=adam|root=0.01+0.09|serversamp=stratified_sensitive|serveralpha=None|synth=pca_gaussian|synth_epochs=50|sensfeat=0|agg=count|fflip=invert|rw=1|foe=state|sdfafoe=fedsa|spdfafoe=fedsa|fedsa_gain=1.75|fedsa_norm=2.0|fg=server_aeod|actfb=0.12|acttemp=0.8|actkeep=1.0|actmetric=aeod_aspd|actdrop=0.005|actrisk=0.1|actviol=0.02|ad2calw=1.0|ad2calb=0.06|ad2calt=0.03|ad2calq=41|ad2clip=5.0|ad2normclip=2.5|ad2accdrop=0.03|ad2calobj=original|ad2normmode=root|ad2uw=3.0|ad2cw=0.2|ad2aw=1.5|ad2plus=fixed|suite=server_generation_ablation|tag=real1_pca_gaussian_synth9,adult,non-IID,5.0,S-DFA,123,real1_pca_gaussian_synth9,pca_gaussian,0.01,0.09,stratified_sensitive,70,30162,15059,302,2715,pca_gaussian,9b54e0c97fd0933eeb45cdb78d2c2f126f26f6a5c3cb62898f8d98980f9bd46c,0.813931867985922,81.3931867985922,0.010971347230258888,0.027525724664153303,0.019248535947206095,0.7946833320387159,[67],[65],[69],[],65,0.8050999402350754,0.010971347230258888,0.046037821347909375,0.8011156119264228,0.035220041001890134,0.036828977169434535
3954,256f33bc70f1f993beef3de59f4b8c1ce94b088a5123052686b848e10ca7b195,full|adult|non-IID|GuardFed-AD2+|Sp-DFA|rounds=70|seed=123|clients=20|malicious=4|epochs=1|batch=256|lr=0.005|opt=adam|root=0.01+0.09|serversamp=stratified_sensitive|serveralpha=None|synth=pca_gaussian|synth_epochs=50|sensfeat=0|agg=count|fflip=invert|rw=1|foe=state|sdfafoe=fedsa|spdfafoe=fedsa|fedsa_gain=1.75|fedsa_norm=2.0|fg=server_aeod|actfb=0.12|acttemp=0.8|actkeep=1.0|actmetric=aeod_aspd|actdrop=0.005|actrisk=0.1|actviol=0.02|ad2calw=1.0|ad2calb=0.06|ad2calt=0.03|ad2calq=41|ad2clip=5.0|ad2normclip=2.5|ad2accdrop=0.03|ad2calobj=original|ad2normmode=root|ad2uw=3.0|ad2cw=0.2|ad2aw=1.5|ad2plus=fixed|suite=server_generation_ablation|tag=real1_pca_gaussian_synth9,adult,non-IID,5.0,Sp-DFA,123,real1_pca_gaussian_synth9,pca_gaussian,0.01,0.09,stratified_sensitive,70,30162,15059,302,2715,pca_gaussian,9b54e0c97fd0933eeb45cdb78d2c2f126f26f6a5c3cb62898f8d98980f9bd46c,0.8135334351550568,81.35334351550568,0.0007505779278679757,0.005620244451364245,0.0031854111896161105,0.8103480239654407,[61],[62],[62],[],63,0.8043694800451557,0.007721698956559608,0.04560921235891262,0.8076233481638887,0.0570816227791833,0.042534943418598134
3955,82dd85bf930259e8a1263ede6b39545603224ed44ada8d696ba902988710fb51,full|compas|IID|GuardFed-AD2+|Benign|rounds=70|seed=123|clients=20|malicious=4|epochs=1|batch=256|lr=0.005|opt=adam|root=0.01+0.09|serversamp=stratified_sensitive|serveralpha=None|synth=pca_gaussian|synth_epochs=50|sensfeat=0|agg=count|fflip=invert|rw=1|foe=state|sdfafoe=fedsa|spdfafoe=fedsa|fedsa_gain=1.75|fedsa_norm=2.0|fg=server_aeod|actfb=0.12|acttemp=0.8|actkeep=1.0|actmetric=aeod_aspd|actdrop=0.005|actrisk=0.1|actviol=0.02|ad2calw=1.0|ad2calb=0.06|ad2calt=0.03|ad2calq=41|ad2clip=5.0|ad2normclip=2.5|ad2accdrop=0.03|ad2calobj=original|ad2normmode=root|ad2uw=3.0|ad2cw=0.2|ad2aw=1.5|ad2plus=fixed|suite=server_generation_ablation|tag=real1_pca_gaussian_synth9,compas,IID,5000.0,Benign,123,real1_pca_gaussian_synth9,pca_gaussian,0.01,0.09,stratified_sensitive,70,4320,1852,43,389,pca_gaussian,9b54e0c97fd0933eeb45cdb78d2c2f126f26f6a5c3cb62898f8d98980f9bd46c,0.6603671706263499,66.03671706263499,0.00242531795326828,0.04016821768853579,0.021296767820902035,0.6390704028054478,[68],[70],[62],[],70,0.6598272138228942,0.00242531795326828,0.08623432588617175,0.6598272138228942,0.00242531795326828,0.08623432588617175
3956,1179f3ee0a9fa5c2bcd2bcfa5f8dfd88f07ffe032fc61b4d12f8094fe6ac6658,full|compas|IID|GuardFed-AD2+|F Flip|rounds=70|seed=123|clients=20|malicious=4|epochs=1|batch=256|lr=0.005|opt=adam|root=0.01+0.09|serversamp=stratified_sensitive|serveralpha=None|synth=pca_gaussian|synth_epochs=50|sensfeat=0|agg=count|fflip=invert|rw=1|foe=state|sdfafoe=fedsa|spdfafoe=fedsa|fedsa_gain=1.75|fedsa_norm=2.0|fg=server_aeod|actfb=0.12|acttemp=0.8|actkeep=1.0|actmetric=aeod_aspd|actdrop=0.005|actrisk=0.1|actviol=0.02|ad2calw=1.0|ad2calb=0.06|ad2calt=0.03|ad2calq=41|ad2clip=5.0|ad2normclip=2.5|ad2accdrop=0.03|ad2calobj=original|ad2normmode=root|ad2uw=3.0|ad2cw=0.2|ad2aw=1.5|ad2plus=fixed|suite=server_generation_ablation|tag=real1_pca_gaussian_synth9,compas,IID,5000.0,F Flip,123,real1_pca_gaussian_synth9,pca_gaussian,0.01,0.09,stratified_sensitive,70,4320,1852,43,389,pca_gaussian,9b54e0c97fd0933eeb45cdb78d2c2f126f26f6a5c3cb62898f8d98980f9bd46c,0.6506479481641468,65.06479481641469,0.07512570245489497,0.0006699760839548041,0.03789783926942489,0.6127501088947219,[70],[66],[70],[],68,0.6452483801295896,0.0783496007098492,0.004806553159800997,0.6506479481641468,0.09585921325051755,0.0006699760839548041
3957,4817f46da7ce7b7f35e59566cf0a37b62a7fb63236421c65e37f757326477ad7,full|compas|IID|GuardFed-AD2+|FedSA|rounds=70|seed=123|clients=20|malicious=4|epochs=1|batch=256|lr=0.005|opt=adam|root=0.01+0.09|serversamp=stratified_sensitive|serveralpha=None|synth=pca_gaussian|synth_epochs=50|sensfeat=0|agg=count|fflip=invert|rw=1|foe=state|sdfafoe=fedsa|spdfafoe=fedsa|fedsa_gain=1.75|fedsa_norm=2.0|fg=server_aeod|actfb=0.12|acttemp=0.8|actkeep=1.0|actmetric=aeod_aspd|actdrop=0.005|actrisk=0.1|actviol=0.02|ad2calw=1.0|ad2calb=0.06|ad2calt=0.03|ad2calq=41|ad2clip=5.0|ad2normclip=2.5|ad2accdrop=0.03|ad2calobj=original|ad2normmode=root|ad2uw=3.0|ad2cw=0.2|ad2aw=1.5|ad2plus=fixed|suite=server_generation_ablation|tag=real1_pca_gaussian_synth9,compas,IID,5000.0,FedSA,123,real1_pca_gaussian_synth9,pca_gaussian,0.01,0.09,stratified_sensitive,70,4320,1852,43,389,pca_gaussian,9b54e0c97fd0933eeb45cdb78d2c2f126f26f6a5c3cb62898f8d98980f9bd46c,0.6646868250539957,66.46868250539957,0.005826678497485971,0.017457895971622894,0.011642287234554433,0.6530445378194413,[62],[63],[65],[],62,0.6646868250539957,0.02159124519372968,0.05380584933475108,0.6603671706263499,0.03643892339544519,0.04996807692352584
3958,8baf4f1bdb31d3a034126668426d4a86b2a8d152827bc861c648a0d9e2fa176b,full|compas|IID|GuardFed-AD2+|S-DFA|rounds=70|seed=123|clients=20|malicious=4|epochs=1|batch=256|lr=0.005|opt=adam|root=0.01+0.09|serversamp=stratified_sensitive|serveralpha=None|synth=pca_gaussian|synth_epochs=50|sensfeat=0|agg=count|fflip=invert|rw=1|foe=state|sdfafoe=fedsa|spdfafoe=fedsa|fedsa_gain=1.75|fedsa_norm=2.0|fg=server_aeod|actfb=0.12|acttemp=0.8|actkeep=1.0|actmetric=aeod_aspd|actdrop=0.005|actrisk=0.1|actviol=0.02|ad2calw=1.0|ad2calb=0.06|ad2calt=0.03|ad2calq=41|ad2clip=5.0|ad2normclip=2.5|ad2accdrop=0.03|ad2calobj=original|ad2normmode=root|ad2uw=3.0|ad2cw=0.2|ad2aw=1.5|ad2plus=fixed|suite=server_generation_ablation|tag=real1_pca_gaussian_synth9,compas,IID,5000.0,S-DFA,123,real1_pca_gaussian_synth9,pca_gaussian,0.01,0.09,stratified_sensitive,70,4320,1852,43,389,pca_gaussian,9b54e0c97fd0933eeb45cdb78d2c2f126f26f6a5c3cb62898f8d98980f9bd46c,0.6630669546436285,66.30669546436285,0.007394262052647149,0.01930791703968615,0.01335108954616665,0.6497158650974619,[62],[62],[69],[],62,0.6630669546436285,0.007394262052647149,0.07703907921475067,0.6544276457883369,0.06435965690624079,0.03149938079736492
3959,6878093836eafa42199d787a95a690404bf3de8ced2cfbdc341f70a9875b3d1e,full|compas|IID|GuardFed-AD2+|Sp-DFA|rounds=70|seed=123|clients=20|malicious=4|epochs=1|batch=256|lr=0.005|opt=adam|root=0.01+0.09|serversamp=stratified_sensitive|serveralpha=None|synth=pca_gaussian|synth_epochs=50|sensfeat=0|agg=count|fflip=invert|rw=1|foe=state|sdfafoe=fedsa|spdfafoe=fedsa|fedsa_gain=1.75|fedsa_norm=2.0|fg=server_aeod|actfb=0.12|acttemp=0.8|actkeep=1.0|actmetric=aeod_aspd|actdrop=0.005|actrisk=0.1|actviol=0.02|ad2calw=1.0|ad2calb=0.06|ad2calt=0.03|ad2calq=41|ad2clip=5.0|ad2normclip=2.5|ad2accdrop=0.03|ad2calobj=original|ad2normmode=root|ad2uw=3.0|ad2cw=0.2|ad2aw=1.5|ad2plus=fixed|suite=server_generation_ablation|tag=real1_pca_gaussian_synth9,compas,IID,5000.0,Sp-DFA,123,real1_pca_gaussian_synth9,pca_gaussian,0.01,0.09,stratified_sensitive,70,4320,1852,43,389,pca_gaussian,9b54e0c97fd0933eeb45cdb78d2c2f126f26f6a5c3cb62898f8d98980f9bd46c,0.6555075593952484,65.55075593952483,0.003401360544217691,0.04730568067352442,0.025353520608871055,0.6301540387863773,"[66, 67, 70]",[66],[63],[],66,0.6555075593952484,0.003401360544217691,0.07794716526582524,0.6555075593952484,0.03750369713102636,0.10445440719372229
3960,6a96f15988cb8a9fd14f7e4f2fef3cb3a21a8ba2cd4264b6a7db0befba5f6e05,full|compas|non-IID|GuardFed-AD2+|Benign|rounds=70|seed=123|clients=20|malicious=4|epochs=1|batch=256|lr=0.005|opt=adam|root=0.01+0.09|serversamp=stratified_sensitive|serveralpha=None|synth=pca_gaussian|synth_epochs=50|sensfeat=0|agg=count|fflip=invert|rw=1|foe=state|sdfafoe=fedsa|spdfafoe=fedsa|fedsa_gain=1.75|fedsa_norm=2.0|fg=server_aeod|actfb=0.12|acttemp=0.8|actkeep=1.0|actmetric=aeod_aspd|actdrop=0.005|actrisk=0.1|actviol=0.02|ad2calw=1.0|ad2calb=0.06|ad2calt=0.03|ad2calq=41|ad2clip=5.0|ad2normclip=2.5|ad2accdrop=0.03|ad2calobj=original|ad2normmode=root|ad2uw=3.0|ad2cw=0.2|ad2aw=1.5|ad2plus=fixed|suite=server_generation_ablation|tag=real1_pca_gaussian_synth9,compas,non-IID,5.0,Benign,123,real1_pca_gaussian_synth9,pca_gaussian,0.01,0.09,stratified_sensitive,70,4320,1852,43,389,pca_gaussian,9b54e0c97fd0933eeb45cdb78d2c2f126f26f6a5c3cb62898f8d98980f9bd46c,0.6614470842332614,66.14470842332614,0.013782904466134283,0.017858247533986127,0.015820576000060205,0.6456265082332011,[67],[62],[69],[],67,0.6614470842332614,0.014196983141082531,0.05506643151362073,0.6555075593952484,0.06696243714877254,0.02327524928596192
3961,01e6e587167a29aa6f2e7f0b25fd7dd0d3ff07685d4c1ba7b2e77d7af20314b2,full|compas|non-IID|GuardFed-AD2+|F Flip|rounds=70|seed=123|clients=20|malicious=4|epochs=1|batch=256|lr=0.005|opt=adam|root=0.01+0.09|serversamp=stratified_sensitive|serveralpha=None|synth=pca_gaussian|synth_epochs=50|sensfeat=0|agg=count|fflip=invert|rw=1|foe=state|sdfafoe=fedsa|spdfafoe=fedsa|fedsa_gain=1.75|fedsa_norm=2.0|fg=server_aeod|actfb=0.12|acttemp=0.8|actkeep=1.0|actmetric=aeod_aspd|actdrop=0.005|actrisk=0.1|actviol=0.02|ad2calw=1.0|ad2calb=0.06|ad2calt=0.03|ad2calq=41|ad2clip=5.0|ad2normclip=2.5|ad2accdrop=0.03|ad2calobj=original|ad2normmode=root|ad2uw=3.0|ad2cw=0.2|ad2aw=1.5|ad2plus=fixed|suite=server_generation_ablation|tag=real1_pca_gaussian_synth9,compas,non-IID,5.0,F Flip,123,real1_pca_gaussian_synth9,pca_gaussian,0.01,0.09,stratified_sensitive,70,4320,1852,43,389,pca_gaussian,9b54e0c97fd0933eeb45cdb78d2c2f126f26f6a5c3cb62898f8d98980f9bd46c,0.6587473002159827,65.87473002159827,0.0039041703637976988,0.052133243536306495,0.028018706950052097,0.6307285932659306,"[61, 63, 69]",[62],[66],[],61,0.6587473002159827,0.014256137237503685,0.05530337427501936,0.6538876889848813,0.013280094646554275,0.061640134135281466
3962,15ffd34f97b75f8155b749c60b86b7a59d6315891d612e65b86901562024abce,full|compas|non-IID|GuardFed-AD2+|FedSA|rounds=70|seed=123|clients=20|malicious=4|epochs=1|batch=256|lr=0.005|opt=adam|root=0.01+0.09|serversamp=stratified_sensitive|serveralpha=None|synth=pca_gaussian|synth_epochs=50|sensfeat=0|agg=count|fflip=invert|rw=1|foe=state|sdfafoe=fedsa|spdfafoe=fedsa|fedsa_gain=1.75|fedsa_norm=2.0|fg=server_aeod|actfb=0.12|acttemp=0.8|actkeep=1.0|actmetric=aeod_aspd|actdrop=0.005|actrisk=0.1|actviol=0.02|ad2calw=1.0|ad2calb=0.06|ad2calt=0.03|ad2calq=41|ad2clip=5.0|ad2normclip=2.5|ad2accdrop=0.03|ad2calobj=original|ad2normmode=root|ad2uw=3.0|ad2cw=0.2|ad2aw=1.5|ad2plus=fixed|suite=server_generation_ablation|tag=real1_pca_gaussian_synth9,compas,non-IID,5.0,FedSA,123,real1_pca_gaussian_synth9,pca_gaussian,0.01,0.09,stratified_sensitive,70,4320,1852,43,389,pca_gaussian,9b54e0c97fd0933eeb45cdb78d2c2f126f26f6a5c3cb62898f8d98980f9bd46c,0.6636069114470843,66.36069114470843,0.0031647441585329616,0.05259312259044968,0.02787893337449132,0.635727978072593,[68],[61],[62],[],65,0.656047516198704,0.020349009168884935,0.05351638231589956,0.6565874730021598,0.0183081928423543,0.05888903025047065
3963,62471ca3025a6d39db28a6cd3cf11413a7c7fe1c18c0d1bcb0caf2d2c991300a,full|compas|non-IID|GuardFed-AD2+|S-DFA|rounds=70|seed=123|clients=20|malicious=4|epochs=1|batch=256|lr=0.005|opt=adam|root=0.01+0.09|serversamp=stratified_sensitive|serveralpha=None|synth=pca_gaussian|synth_epochs=50|sensfeat=0|agg=count|fflip=invert|rw=1|foe=state|sdfafoe=fedsa|spdfafoe=fedsa|fedsa_gain=1.75|fedsa_norm=2.0|fg=server_aeod|actfb=0.12|acttemp=0.8|actkeep=1.0|actmetric=aeod_aspd|actdrop=0.005|actrisk=0.1|actviol=0.02|ad2calw=1.0|ad2calb=0.06|ad2calt=0.03|ad2calq=41|ad2clip=5.0|ad2normclip=2.5|ad2accdrop=0.03|ad2calobj=original|ad2normmode=root|ad2uw=3.0|ad2cw=0.2|ad2aw=1.5|ad2plus=fixed|suite=server_generation_ablation|tag=real1_pca_gaussian_synth9,compas,non-IID,5.0,S-DFA,123,real1_pca_gaussian_synth9,pca_gaussian,0.01,0.09,stratified_sensitive,70,4320,1852,43,389,pca_gaussian,9b54e0c97fd0933eeb45cdb78d2c2f126f26f6a5c3cb62898f8d98980f9bd46c,0.6603671706263499,66.03671706263499,0.0009168884945282563,0.0473908866911702,0.024153887592849227,0.6362132830335007,"[62, 63]",[65],[70],[],65,0.6587473002159827,0.0009168884945282563,0.07668658308695564,0.6528077753779697,0.03401360544217685,0.0473908866911702
3964,a27a4e06de8b4485fe92e034f7b65e4fb4339aaa8b378bfadb776fdf20601f26,full|compas|non-IID|GuardFed-AD2+|Sp-DFA|rounds=70|seed=123|clients=20|malicious=4|epochs=1|batch=256|lr=0.005|opt=adam|root=0.01+0.09|serversamp=stratified_sensitive|serveralpha=None|synth=pca_gaussian|synth_epochs=50|sensfeat=0|agg=count|fflip=invert|rw=1|foe=state|sdfafoe=fedsa|spdfafoe=fedsa|fedsa_gain=1.75|fedsa_norm=2.0|fg=server_aeod|actfb=0.12|acttemp=0.8|actkeep=1.0|actmetric=aeod_aspd|actdrop=0.005|actrisk=0.1|actviol=0.02|ad2calw=1.0|ad2calb=0.06|ad2calt=0.03|ad2calq=41|ad2clip=5.0|ad2normclip=2.5|ad2accdrop=0.03|ad2calobj=original|ad2normmode=root|ad2uw=3.0|ad2cw=0.2|ad2aw=1.5|ad2plus=fixed|suite=server_generation_ablation|tag=real1_pca_gaussian_synth9,compas,non-IID,5.0,Sp-DFA,123,real1_pca_gaussian_synth9,pca_gaussian,0.01,0.09,stratified_sensitive,70,4320,1852,43,389,pca_gaussian,9b54e0c97fd0933eeb45cdb78d2c2f126f26f6a5c3cb62898f8d98980f9bd46c,0.6636069114470843,66.36069114470843,0.0042590949423246816,0.03305643322941315,0.018657764085868916,0.6449491473612153,[65],[70],[68],[],63,0.6592872570194385,0.014404022478556655,0.04986069399717774,0.6630669546436285,0.0042590949423246816,0.07695737481426834
3965,c13893f1d4f14f1816119199d9ad73f0b4971484b3f1e1d975792aae006cbfac,full|adult|IID|GuardFed-AD2+|Benign|rounds=70|seed=123|clients=20|malicious=4|epochs=1|batch=256|lr=0.005|opt=adam|root=0.05+0.05|serversamp=stratified_sensitive|serveralpha=None|synth=gaussian_copula|synth_epochs=50|sensfeat=0|agg=count|fflip=invert|rw=1|foe=state|sdfafoe=fedsa|spdfafoe=fedsa|fedsa_gain=1.75|fedsa_norm=2.0|fg=server_aeod|actfb=0.12|acttemp=0.8|actkeep=1.0|actmetric=aeod_aspd|actdrop=0.005|actrisk=0.1|actviol=0.02|ad2calw=1.0|ad2calb=0.06|ad2calt=0.03|ad2calq=41|ad2clip=5.0|ad2normclip=2.5|ad2accdrop=0.03|ad2calobj=original|ad2normmode=root|ad2uw=3.0|ad2cw=0.2|ad2aw=1.5|ad2plus=fixed|suite=server_generation_ablation|tag=real5_gaussian_copula_synth5,adult,IID,5000.0,Benign,123,real5_gaussian_copula_synth5,gaussian_copula,0.05,0.05,stratified_sensitive,70,30162,15059,1508,1508,gaussian_copula,06fb8eac9f10d6720bb02117ddbf6088be57a27aed57a587244da41c356cbef4,0.8235606613984993,82.35606613984993,0.008380882311780025,0.043916683307488394,0.02614878280963421,0.7974118785888651,[64],[68],[68],[],65,0.8213692808287403,0.009696392941825671,0.06761060549360168,0.8072249153330234,0.03177617926131479,0.056273060176702056
3966,55ae3e91167b0c741350db3fe21f9f6f2db61d26b1c1cecba8247402569768ed,full|adult|IID|GuardFed-AD2+|F Flip|rounds=70|seed=123|clients=20|malicious=4|epochs=1|batch=256|lr=0.005|opt=adam|root=0.05+0.05|serversamp=stratified_sensitive|serveralpha=None|synth=gaussian_copula|synth_epochs=50|sensfeat=0|agg=count|fflip=invert|rw=1|foe=state|sdfafoe=fedsa|spdfafoe=fedsa|fedsa_gain=1.75|fedsa_norm=2.0|fg=server_aeod|actfb=0.12|acttemp=0.8|actkeep=1.0|actmetric=aeod_aspd|actdrop=0.005|actrisk=0.1|actviol=0.02|ad2calw=1.0|ad2calb=0.06|ad2calt=0.03|ad2calq=41|ad2clip=5.0|ad2normclip=2.5|ad2accdrop=0.03|ad2calobj=original|ad2normmode=root|ad2uw=3.0|ad2cw=0.2|ad2aw=1.5|ad2plus=fixed|suite=server_generation_ablation|tag=real5_gaussian_copula_synth5,adult,IID,5000.0,F Flip,123,real5_gaussian_copula_synth5,gaussian_copula,0.05,0.05,stratified_sensitive,70,30162,15059,1508,1508,gaussian_copula,06fb8eac9f10d6720bb02117ddbf6088be57a27aed57a587244da41c356cbef4,0.8217677136596055,82.17677136596055,0.0365149878530901,0.04197567539167319,0.03924533162238164,0.7825223820372239,[67],[65],[64],[],65,0.8056975894813733,0.0365149878530901,0.04332758417517434,0.819908360448901,0.10337240260908659,0.04881151231105846
3967,71ab42b1f156b96259f93b79225c465ab1302edebc1b577271187020267c834f,full|adult|IID|GuardFed-AD2+|FedSA|rounds=70|seed=123|clients=20|malicious=4|epochs=1|batch=256|lr=0.005|opt=adam|root=0.05+0.05|serversamp=stratified_sensitive|serveralpha=None|synth=gaussian_copula|synth_epochs=50|sensfeat=0|agg=count|fflip=invert|rw=1|foe=state|sdfafoe=fedsa|spdfafoe=fedsa|fedsa_gain=1.75|fedsa_norm=2.0|fg=server_aeod|actfb=0.12|acttemp=0.8|actkeep=1.0|actmetric=aeod_aspd|actdrop=0.005|actrisk=0.1|actviol=0.02|ad2calw=1.0|ad2calb=0.06|ad2calt=0.03|ad2calq=41|ad2clip=5.0|ad2normclip=2.5|ad2accdrop=0.03|ad2calobj=original|ad2normmode=root|ad2uw=3.0|ad2cw=0.2|ad2aw=1.5|ad2plus=fixed|suite=server_generation_ablation|tag=real5_gaussian_copula_synth5,adult,IID,5000.0,FedSA,123,real5_gaussian_copula_synth5,gaussian_copula,0.05,0.05,stratified_sensitive,70,30162,15059,1508,1508,gaussian_copula,06fb8eac9f10d6720bb02117ddbf6088be57a27aed57a587244da41c356cbef4,0.8215684972441729,82.15684972441728,0.008605941446924614,0.03294357098352653,0.020774756215225572,0.8007937410289473,[61],[69],[64],[],69,0.8168537087456006,0.008605941446924614,0.06431088802446222,0.8170529251610332,0.011443742927630951,0.08866378273903634
3968,73699614d38b845f6662485a7e7669f83b757412c1d6e3d260a7a6d8d44f8766,full|adult|IID|GuardFed-AD2+|S-DFA|rounds=70|seed=123|clients=20|malicious=4|epochs=1|batch=256|lr=0.005|opt=adam|root=0.05+0.05|serversamp=stratified_sensitive|serveralpha=None|synth=gaussian_copula|synth_epochs=50|sensfeat=0|agg=count|fflip=invert|rw=1|foe=state|sdfafoe=fedsa|spdfafoe=fedsa|fedsa_gain=1.75|fedsa_norm=2.0|fg=server_aeod|actfb=0.12|acttemp=0.8|actkeep=1.0|actmetric=aeod_aspd|actdrop=0.005|actrisk=0.1|actviol=0.02|ad2calw=1.0|ad2calb=0.06|ad2calt=0.03|ad2calq=41|ad2clip=5.0|ad2normclip=2.5|ad2accdrop=0.03|ad2calobj=original|ad2normmode=root|ad2uw=3.0|ad2cw=0.2|ad2aw=1.5|ad2plus=fixed|suite=server_generation_ablation|tag=real5_gaussian_copula_synth5,adult,IID,5000.0,S-DFA,123,real5_gaussian_copula_synth5,gaussian_copula,0.05,0.05,stratified_sensitive,70,30162,15059,1508,1508,gaussian_copula,06fb8eac9f10d6720bb02117ddbf6088be57a27aed57a587244da41c356cbef4,0.8187130619563052,81.87130619563052,0.005198066319329231,0.04128424373172644,0.023241155025527836,0.7954719069307774,[70],[61],[67],[],61,0.8040374526861014,0.005198066319329231,0.050493087910201274,0.8187130619563052,0.06769310387964245,0.053550746120682405
3969,6b23cd3868d55317fdcd991466b194f0f5695ac6d0e58b6df2cd44d69113f602,full|adult|IID|GuardFed-AD2+|Sp-DFA|rounds=70|seed=123|clients=20|malicious=4|epochs=1|batch=256|lr=0.005|opt=adam|root=0.05+0.05|serversamp=stratified_sensitive|serveralpha=None|synth=gaussian_copula|synth_epochs=50|sensfeat=0|agg=count|fflip=invert|rw=1|foe=state|sdfafoe=fedsa|spdfafoe=fedsa|fedsa_gain=1.75|fedsa_norm=2.0|fg=server_aeod|actfb=0.12|acttemp=0.8|actkeep=1.0|actmetric=aeod_aspd|actdrop=0.005|actrisk=0.1|actviol=0.02|ad2calw=1.0|ad2calb=0.06|ad2calt=0.03|ad2calq=41|ad2clip=5.0|ad2normclip=2.5|ad2accdrop=0.03|ad2calobj=original|ad2normmode=root|ad2uw=3.0|ad2cw=0.2|ad2aw=1.5|ad2plus=fixed|suite=server_generation_ablation|tag=real5_gaussian_copula_synth5,adult,IID,5000.0,Sp-DFA,123,real5_gaussian_copula_synth5,gaussian_copula,0.05,0.05,stratified_sensitive,70,30162,15059,1508,1508,gaussian_copula,06fb8eac9f10d6720bb02117ddbf6088be57a27aed57a587244da41c356cbef4,0.8250879872501494,82.50879872501494,0.01278838557770795,0.04503636285360943,0.02891237421565869,0.7961756130344907,[64],[67],[68],[],67,0.8076233481638887,0.01278838557770795,0.052856285209280554,0.8160568430838702,0.07119294479596444,0.04807438108280212
3970,06936881d818baf6756b8bf1d5dd9d6753669c6e65137f110c607480ecf81ce3,full|adult|non-IID|GuardFed-AD2+|Benign|rounds=70|seed=123|clients=20|malicious=4|epochs=1|batch=256|lr=0.005|opt=adam|root=0.05+0.05|serversamp=stratified_sensitive|serveralpha=None|synth=gaussian_copula|synth_epochs=50|sensfeat=0|agg=count|fflip=invert|rw=1|foe=state|sdfafoe=fedsa|spdfafoe=fedsa|fedsa_gain=1.75|fedsa_norm=2.0|fg=server_aeod|actfb=0.12|acttemp=0.8|actkeep=1.0|actmetric=aeod_aspd|actdrop=0.005|actrisk=0.1|actviol=0.02|ad2calw=1.0|ad2calb=0.06|ad2calt=0.03|ad2calq=41|ad2clip=5.0|ad2normclip=2.5|ad2accdrop=0.03|ad2calobj=original|ad2normmode=root|ad2uw=3.0|ad2cw=0.2|ad2aw=1.5|ad2plus=fixed|suite=server_generation_ablation|tag=real5_gaussian_copula_synth5,adult,non-IID,5.0,Benign,123,real5_gaussian_copula_synth5,gaussian_copula,0.05,0.05,stratified_sensitive,70,30162,15059,1508,1508,gaussian_copula,06fb8eac9f10d6720bb02117ddbf6088be57a27aed57a587244da41c356cbef4,0.8343183478318613,83.43183478318613,0.014576291905125605,0.040434949954559214,0.02750562092984241,0.8068127269020189,[65],[69],[61],[],67,0.818248223653629,0.019096895954704873,0.0716470730269071,0.8179826017663856,0.05691996862881299,0.05748979613699422
3971,b5c912c1fddc4eb00d1e2e876bec4b7159a4a30d6694398bc26934d28c966606,full|adult|non-IID|GuardFed-AD2+|F Flip|rounds=70|seed=123|clients=20|malicious=4|epochs=1|batch=256|lr=0.005|opt=adam|root=0.05+0.05|serversamp=stratified_sensitive|serveralpha=None|synth=gaussian_copula|synth_epochs=50|sensfeat=0|agg=count|fflip=invert|rw=1|foe=state|sdfafoe=fedsa|spdfafoe=fedsa|fedsa_gain=1.75|fedsa_norm=2.0|fg=server_aeod|actfb=0.12|acttemp=0.8|actkeep=1.0|actmetric=aeod_aspd|actdrop=0.005|actrisk=0.1|actviol=0.02|ad2calw=1.0|ad2calb=0.06|ad2calt=0.03|ad2calq=41|ad2clip=5.0|ad2normclip=2.5|ad2accdrop=0.03|ad2calobj=original|ad2normmode=root|ad2uw=3.0|ad2cw=0.2|ad2aw=1.5|ad2plus=fixed|suite=server_generation_ablation|tag=real5_gaussian_copula_synth5,adult,non-IID,5.0,F Flip,123,real5_gaussian_copula_synth5,gaussian_copula,0.05,0.05,stratified_sensitive,70,30162,15059,1508,1508,gaussian_copula,06fb8eac9f10d6720bb02117ddbf6088be57a27aed57a587244da41c356cbef4,0.8327246165084002,83.27246165084003,0.0037865913880036906,0.04357417728038137,0.02368038433419253,0.8090442321742077,[66],[64],[63],[],64,0.825353609137393,0.0037865913880036906,0.08349214836077976,0.8071585098612125,0.004789646822810495,0.0520500429130582
3972,4493b92f2dc021245a1ffd2f808fe0699ad4aeff8a03f5fcefe1bd0e79b86175,full|adult|non-IID|GuardFed-AD2+|FedSA|rounds=70|seed=123|clients=20|malicious=4|epochs=1|batch=256|lr=0.005|opt=adam|root=0.05+0.05|serversamp=stratified_sensitive|serveralpha=None|synth=gaussian_copula|synth_epochs=50|sensfeat=0|agg=count|fflip=invert|rw=1|foe=state|sdfafoe=fedsa|spdfafoe=fedsa|fedsa_gain=1.75|fedsa_norm=2.0|fg=server_aeod|actfb=0.12|acttemp=0.8|actkeep=1.0|actmetric=aeod_aspd|actdrop=0.005|actrisk=0.1|actviol=0.02|ad2calw=1.0|ad2calb=0.06|ad2calt=0.03|ad2calq=41|ad2clip=5.0|ad2normclip=2.5|ad2accdrop=0.03|ad2calobj=original|ad2normmode=root|ad2uw=3.0|ad2cw=0.2|ad2aw=1.5|ad2plus=fixed|suite=server_generation_ablation|tag=real5_gaussian_copula_synth5,adult,non-IID,5.0,FedSA,123,real5_gaussian_copula_synth5,gaussian_copula,0.05,0.05,stratified_sensitive,70,30162,15059,1508,1508,gaussian_copula,06fb8eac9f10d6720bb02117ddbf6088be57a27aed57a587244da41c356cbef4,0.8192443057307922,81.92443057307922,0.008834999094622514,0.04879752960732195,0.02881626435097223,0.7904280413798199,[63],[66],[66],[],66,0.8058968058968059,0.008834999094622514,0.04879752960732195,0.8114748655289196,0.02687800138348534,0.05905920918722615
3973,2430d6edab1b841ba34347a8b1d1659be332dff9e568cec94b3f5eaefcead7e5,full|adult|non-IID|GuardFed-AD2+|S-DFA|rounds=70|seed=123|clients=20|malicious=4|epochs=1|batch=256|lr=0.005|opt=adam|root=0.05+0.05|serversamp=stratified_sensitive|serveralpha=None|synth=gaussian_copula|synth_epochs=50|sensfeat=0|agg=count|fflip=invert|rw=1|foe=state|sdfafoe=fedsa|spdfafoe=fedsa|fedsa_gain=1.75|fedsa_norm=2.0|fg=server_aeod|actfb=0.12|acttemp=0.8|actkeep=1.0|actmetric=aeod_aspd|actdrop=0.005|actrisk=0.1|actviol=0.02|ad2calw=1.0|ad2calb=0.06|ad2calt=0.03|ad2calq=41|ad2clip=5.0|ad2normclip=2.5|ad2accdrop=0.03|ad2calobj=original|ad2normmode=root|ad2uw=3.0|ad2cw=0.2|ad2aw=1.5|ad2plus=fixed|suite=server_generation_ablation|tag=real5_gaussian_copula_synth5,adult,non-IID,5.0,S-DFA,123,real5_gaussian_copula_synth5,gaussian_copula,0.05,0.05,stratified_sensitive,70,30162,15059,1508,1508,gaussian_copula,06fb8eac9f10d6720bb02117ddbf6088be57a27aed57a587244da41c356cbef4,0.8284746663125041,82.84746663125041,0.006186841352159855,0.050911124611007004,0.02854898298158343,0.7999256833309206,[68],[67],[70],[],67,0.8069592934457799,0.006186841352159855,0.05239708278671393,0.817783385350953,0.07678343656159908,0.050911124611007004
3974,23d56a5a844e647f5db8425bdce0d6f749c0a7a82481309fed508fc6f834350e,full|adult|non-IID|GuardFed-AD2+|Sp-DFA|rounds=70|seed=123|clients=20|malicious=4|epochs=1|batch=256|lr=0.005|opt=adam|root=0.05+0.05|serversamp=stratified_sensitive|serveralpha=None|synth=gaussian_copula|synth_epochs=50|sensfeat=0|agg=count|fflip=invert|rw=1|foe=state|sdfafoe=fedsa|spdfafoe=fedsa|fedsa_gain=1.75|fedsa_norm=2.0|fg=server_aeod|actfb=0.12|acttemp=0.8|actkeep=1.0|actmetric=aeod_aspd|actdrop=0.005|actrisk=0.1|actviol=0.02|ad2calw=1.0|ad2calb=0.06|ad2calt=0.03|ad2calq=41|ad2clip=5.0|ad2normclip=2.5|ad2accdrop=0.03|ad2calobj=original|ad2normmode=root|ad2uw=3.0|ad2cw=0.2|ad2aw=1.5|ad2plus=fixed|suite=server_generation_ablation|tag=real5_gaussian_copula_synth5,adult,non-IID,5.0,Sp-DFA,123,real5_gaussian_copula_synth5,gaussian_copula,0.05,0.05,stratified_sensitive,70,30162,15059,1508,1508,gaussian_copula,06fb8eac9f10d6720bb02117ddbf6088be57a27aed57a587244da41c356cbef4,0.8309980742413174,83.09980742413174,0.011651094364325043,0.058481063507193516,0.035066078935759276,0.7959319953055581,"[62, 64]",[66],[69],[],66,0.8207052261106316,0.011651094364325043,0.06647696330501204,0.8185802510126834,0.06955641072949431,0.058637400968052464
3975,caa3efbc7d0b15566374f20a79d5e6d8b0ce732aabf6c7fe1681231a0178ae75,full|compas|IID|GuardFed-AD2+|Benign|rounds=70|seed=123|clients=20|malicious=4|epochs=1|batch=256|lr=0.005|opt=adam|root=0.05+0.05|serversamp=stratified_sensitive|serveralpha=None|synth=gaussian_copula|synth_epochs=50|sensfeat=0|agg=count|fflip=invert|rw=1|foe=state|sdfafoe=fedsa|spdfafoe=fedsa|fedsa_gain=1.75|fedsa_norm=2.0|fg=server_aeod|actfb=0.12|acttemp=0.8|actkeep=1.0|actmetric=aeod_aspd|actdrop=0.005|actrisk=0.1|actviol=0.02|ad2calw=1.0|ad2calb=0.06|ad2calt=0.03|ad2calq=41|ad2clip=5.0|ad2normclip=2.5|ad2accdrop=0.03|ad2calobj=original|ad2normmode=root|ad2uw=3.0|ad2cw=0.2|ad2aw=1.5|ad2plus=fixed|suite=server_generation_ablation|tag=real5_gaussian_copula_synth5,compas,IID,5000.0,Benign,123,real5_gaussian_copula_synth5,gaussian_copula,0.05,0.05,stratified_sensitive,70,4320,1852,216,216,gaussian_copula,06fb8eac9f10d6720bb02117ddbf6088be57a27aed57a587244da41c356cbef4,0.6517278617710583,65.17278617710583,0.09772256728778472,0.019104823244201596,0.05841369526599316,0.5933141665050652,[67],[64],[70],[],67,0.6517278617710583,0.10662525879917184,0.023491182344379358,0.6441684665226782,0.11307305530908018,0.019104823244201596
3976,bb0e38596337584b61dbf5d99c9bcd739b2ab4d8c07675fe77d7c6bf7ecc81d6,full|compas|IID|GuardFed-AD2+|F Flip|rounds=70|seed=123|clients=20|malicious=4|epochs=1|batch=256|lr=0.005|opt=adam|root=0.05+0.05|serversamp=stratified_sensitive|serveralpha=None|synth=gaussian_copula|synth_epochs=50|sensfeat=0|agg=count|fflip=invert|rw=1|foe=state|sdfafoe=fedsa|spdfafoe=fedsa|fedsa_gain=1.75|fedsa_norm=2.0|fg=server_aeod|actfb=0.12|acttemp=0.8|actkeep=1.0|actmetric=aeod_aspd|actdrop=0.005|actrisk=0.1|actviol=0.02|ad2calw=1.0|ad2calb=0.06|ad2calt=0.03|ad2calq=41|ad2clip=5.0|ad2normclip=2.5|ad2accdrop=0.03|ad2calobj=original|ad2normmode=root|ad2uw=3.0|ad2cw=0.2|ad2aw=1.5|ad2plus=fixed|suite=server_generation_ablation|tag=real5_gaussian_copula_synth5,compas,IID,5000.0,F Flip,123,real5_gaussian_copula_synth5,gaussian_copula,0.05,0.05,stratified_sensitive,70,4320,1852,216,216,gaussian_copula,06fb8eac9f10d6720bb02117ddbf6088be57a27aed57a587244da41c356cbef4,0.6398488120950324,63.98488120950324,0.12274475007394259,0.01877100240794538,0.07075787624094398,0.5690909358540884,[68],[62],[68],[],68,0.6398488120950324,0.1262644188110026,0.01877100240794538,0.6339092872570194,0.14155575273587695,0.06130748050474644
3977,c658ad3ee37dd9b6d81f17381d04d789216d4eadfdb3f77190ab48e65c9ec09e,full|compas|IID|GuardFed-AD2+|FedSA|rounds=70|seed=123|clients=20|malicious=4|epochs=1|batch=256|lr=0.005|opt=adam|root=0.05+0.05|serversamp=stratified_sensitive|serveralpha=None|synth=gaussian_copula|synth_epochs=50|sensfeat=0|agg=count|fflip=invert|rw=1|foe=state|sdfafoe=fedsa|spdfafoe=fedsa|fedsa_gain=1.75|fedsa_norm=2.0|fg=server_aeod|actfb=0.12|acttemp=0.8|actkeep=1.0|actmetric=aeod_aspd|actdrop=0.005|actrisk=0.1|actviol=0.02|ad2calw=1.0|ad2calb=0.06|ad2calt=0.03|ad2calq=41|ad2clip=5.0|ad2normclip=2.5|ad2accdrop=0.03|ad2calobj=original|ad2normmode=root|ad2uw=3.0|ad2cw=0.2|ad2aw=1.5|ad2plus=fixed|suite=server_generation_ablation|tag=real5_gaussian_copula_synth5,compas,IID,5000.0,FedSA,123,real5_gaussian_copula_synth5,gaussian_copula,0.05,0.05,stratified_sensitive,70,4320,1852,216,216,gaussian_copula,06fb8eac9f10d6720bb02117ddbf6088be57a27aed57a587244da41c356cbef4,0.6555075593952484,65.55075593952483,0.07018633540372665,0.0015815637521928716,0.03588394957795976,0.6196236098172887,[62],[68],[66],[],68,0.6468682505399568,0.07018633540372665,0.002634383312693278,0.6376889848812095,0.09254658385093162,0.019023118843719322
3978,50ca7321a9c840d2ce165043804beb5514c8e5f439b875bef46dc8ecc3ba8af4,full|compas|IID|GuardFed-AD2+|S-DFA|rounds=70|seed=123|clients=20|malicious=4|epochs=1|batch=256|lr=0.005|opt=adam|root=0.05+0.05|serversamp=stratified_sensitive|serveralpha=None|synth=gaussian_copula|synth_epochs=50|sensfeat=0|agg=count|fflip=invert|rw=1|foe=state|sdfafoe=fedsa|spdfafoe=fedsa|fedsa_gain=1.75|fedsa_norm=2.0|fg=server_aeod|actfb=0.12|acttemp=0.8|actkeep=1.0|actmetric=aeod_aspd|actdrop=0.005|actrisk=0.1|actviol=0.02|ad2calw=1.0|ad2calb=0.06|ad2calt=0.03|ad2calq=41|ad2clip=5.0|ad2normclip=2.5|ad2accdrop=0.03|ad2calobj=original|ad2normmode=root|ad2uw=3.0|ad2cw=0.2|ad2aw=1.5|ad2plus=fixed|suite=server_generation_ablation|tag=real5_gaussian_copula_synth5,compas,IID,5000.0,S-DFA,123,real5_gaussian_copula_synth5,gaussian_copula,0.05,0.05,stratified_sensitive,70,4320,1852,216,216,gaussian_copula,06fb8eac9f10d6720bb02117ddbf6088be57a27aed57a587244da41c356cbef4,0.6490280777537797,64.90280777537797,0.07675244010647742,0.002423119077160474,0.039587779591818945,0.6094402981619608,[70],[62],[62],[],62,0.6420086393088553,0.07675244010647742,0.002423119077160474,0.6490280777537797,0.14401064773735583,0.05538974749838632
3979,925bd5f34b715e7d0752f8347534fa1795284e7472924eee9213d065a789264a,full|compas|IID|GuardFed-AD2+|Sp-DFA|rounds=70|seed=123|clients=20|malicious=4|epochs=1|batch=256|lr=0.005|opt=adam|root=0.05+0.05|serversamp=stratified_sensitive|serveralpha=None|synth=gaussian_copula|synth_epochs=50|sensfeat=0|agg=count|fflip=invert|rw=1|foe=state|sdfafoe=fedsa|spdfafoe=fedsa|fedsa_gain=1.75|fedsa_norm=2.0|fg=server_aeod|actfb=0.12|acttemp=0.8|actkeep=1.0|actmetric=aeod_aspd|actdrop=0.005|actrisk=0.1|actviol=0.02|ad2calw=1.0|ad2calb=0.06|ad2calt=0.03|ad2calq=41|ad2clip=5.0|ad2normclip=2.5|ad2accdrop=0.03|ad2calobj=original|ad2normmode=root|ad2uw=3.0|ad2cw=0.2|ad2aw=1.5|ad2plus=fixed|suite=server_generation_ablation|tag=real5_gaussian_copula_synth5,compas,IID,5000.0,Sp-DFA,123,real5_gaussian_copula_synth5,gaussian_copula,0.05,0.05,stratified_sensitive,70,4320,1852,216,216,gaussian_copula,06fb8eac9f10d6720bb02117ddbf6088be57a27aed57a587244da41c356cbef4,0.6474082073434125,64.74082073434126,0.09650990831115058,0.0021079735324430193,0.0493089409217968,0.5980992664216157,[69],[69],[69],[69],69,0.6474082073434125,0.09650990831115058,0.0021079735324430193,0.6355291576673866,0.11972789115646254,0.02634616753837482
3980,d4b54d2d6dfad0944d7905fdcf5d4c5f45d68d68991cc33e965ab1e048451366,full|compas|non-IID|GuardFed-AD2+|Benign|rounds=70|seed=123|clients=20|malicious=4|epochs=1|batch=256|lr=0.005|opt=adam|root=0.05+0.05|serversamp=stratified_sensitive|serveralpha=None|synth=gaussian_copula|synth_epochs=50|sensfeat=0|agg=count|fflip=invert|rw=1|foe=state|sdfafoe=fedsa|spdfafoe=fedsa|fedsa_gain=1.75|fedsa_norm=2.0|fg=server_aeod|actfb=0.12|acttemp=0.8|actkeep=1.0|actmetric=aeod_aspd|actdrop=0.005|actrisk=0.1|actviol=0.02|ad2calw=1.0|ad2calb=0.06|ad2calt=0.03|ad2calq=41|ad2clip=5.0|ad2normclip=2.5|ad2accdrop=0.03|ad2calobj=original|ad2normmode=root|ad2uw=3.0|ad2cw=0.2|ad2aw=1.5|ad2plus=fixed|suite=server_generation_ablation|tag=real5_gaussian_copula_synth5,compas,non-IID,5.0,Benign,123,real5_gaussian_copula_synth5,gaussian_copula,0.05,0.05,stratified_sensitive,70,4320,1852,216,216,gaussian_copula,06fb8eac9f10d6720bb02117ddbf6088be57a27aed57a587244da41c356cbef4,0.6506479481641468,65.06479481641469,0.05578231292517,0.0008100407704958457,0.02829617684783292,0.6223517713163139,[70],[65],[67],[],65,0.6457883369330454,0.05578231292517,0.0022748839505711826,0.6506479481641468,0.0810411120970127,0.0017741526961868592
3981,aa9378864d76ab639cc1aa252d0d3dd5ed0cab1cf0ed348f5547045c894e110b,full|compas|non-IID|GuardFed-AD2+|F Flip|rounds=70|seed=123|clients=20|malicious=4|epochs=1|batch=256|lr=0.005|opt=adam|root=0.05+0.05|serversamp=stratified_sensitive|serveralpha=None|synth=gaussian_copula|synth_epochs=50|sensfeat=0|agg=count|fflip=invert|rw=1|foe=state|sdfafoe=fedsa|spdfafoe=fedsa|fedsa_gain=1.75|fedsa_norm=2.0|fg=server_aeod|actfb=0.12|acttemp=0.8|actkeep=1.0|actmetric=aeod_aspd|actdrop=0.005|actrisk=0.1|actviol=0.02|ad2calw=1.0|ad2calb=0.06|ad2calt=0.03|ad2calq=41|ad2clip=5.0|ad2normclip=2.5|ad2accdrop=0.03|ad2calobj=original|ad2normmode=root|ad2uw=3.0|ad2cw=0.2|ad2aw=1.5|ad2plus=fixed|suite=server_generation_ablation|tag=real5_gaussian_copula_synth5,compas,non-IID,5.0,F Flip,123,real5_gaussian_copula_synth5,gaussian_copula,0.05,0.05,stratified_sensitive,70,4320,1852,216,216,gaussian_copula,06fb8eac9f10d6720bb02117ddbf6088be57a27aed57a587244da41c356cbef4,0.6538876889848813,65.38876889848812,0.1045844424726412,0.010647250588563473,0.05761584653060234,0.5962718424542789,[63],[61],[61],[],61,0.6506479481641468,0.1045844424726412,0.010647250588563473,0.6468682505399568,0.12564330079858033,0.02365809276250752
3982,6636f23e8cf80b77f472ba32fdad22e547ae9931d842d050be307a1c1f83d851,full|compas|non-IID|GuardFed-AD2+|FedSA|rounds=70|seed=123|clients=20|malicious=4|epochs=1|batch=256|lr=0.005|opt=adam|root=0.05+0.05|serversamp=stratified_sensitive|serveralpha=None|synth=gaussian_copula|synth_epochs=50|sensfeat=0|agg=count|fflip=invert|rw=1|foe=state|sdfafoe=fedsa|spdfafoe=fedsa|fedsa_gain=1.75|fedsa_norm=2.0|fg=server_aeod|actfb=0.12|acttemp=0.8|actkeep=1.0|actmetric=aeod_aspd|actdrop=0.005|actrisk=0.1|actviol=0.02|ad2calw=1.0|ad2calb=0.06|ad2calt=0.03|ad2calq=41|ad2clip=5.0|ad2normclip=2.5|ad2accdrop=0.03|ad2calobj=original|ad2normmode=root|ad2uw=3.0|ad2cw=0.2|ad2aw=1.5|ad2plus=fixed|suite=server_generation_ablation|tag=real5_gaussian_copula_synth5,compas,non-IID,5.0,FedSA,123,real5_gaussian_copula_synth5,gaussian_copula,0.05,0.05,stratified_sensitive,70,4320,1852,216,216,gaussian_copula,06fb8eac9f10d6720bb02117ddbf6088be57a27aed57a587244da41c356cbef4,0.6544276457883369,65.44276457883369,0.06258503401360538,0.0002649556987068258,0.0314249948561561,0.6230026509321808,[66],[65],[66],[],65,0.652267818574514,0.06258503401360538,0.006371776031897425,0.6393088552915767,0.22753623188405797,0.10518274356373586
3983,a1039a6c50103201ea9dd9766a420a6f42f0d0f0a84f3fbbe60af3064611cc06,full|compas|non-IID|GuardFed-AD2+|S-DFA|rounds=70|seed=123|clients=20|malicious=4|epochs=1|batch=256|lr=0.005|opt=adam|root=0.05+0.05|serversamp=stratified_sensitive|serveralpha=None|synth=gaussian_copula|synth_epochs=50|sensfeat=0|agg=count|fflip=invert|rw=1|foe=state|sdfafoe=fedsa|spdfafoe=fedsa|fedsa_gain=1.75|fedsa_norm=2.0|fg=server_aeod|actfb=0.12|acttemp=0.8|actkeep=1.0|actmetric=aeod_aspd|actdrop=0.005|actrisk=0.1|actviol=0.02|ad2calw=1.0|ad2calb=0.06|ad2calt=0.03|ad2calq=41|ad2clip=5.0|ad2normclip=2.5|ad2accdrop=0.03|ad2calobj=original|ad2normmode=root|ad2uw=3.0|ad2cw=0.2|ad2aw=1.5|ad2plus=fixed|suite=server_generation_ablation|tag=real5_gaussian_copula_synth5,compas,non-IID,5.0,S-DFA,123,real5_gaussian_copula_synth5,gaussian_copula,0.05,0.05,stratified_sensitive,70,4320,1852,216,216,gaussian_copula,06fb8eac9f10d6720bb02117ddbf6088be57a27aed57a587244da41c356cbef4,0.6517278617710583,65.17278617710583,0.09458740017746226,0.018203740427454096,0.056395570302458176,0.5953322914686001,[63],[65],[65],[],65,0.6506479481641468,0.09458740017746226,0.018203740427454096,0.6452483801295896,0.17293700088731145,0.06772594476549082
3984,4e2122d78cc45de36818450829c14dc1c818ce89cd3b7fc7835e1edf7b61d9d2,full|compas|non-IID|GuardFed-AD2+|Sp-DFA|rounds=70|seed=123|clients=20|malicious=4|epochs=1|batch=256|lr=0.005|opt=adam|root=0.05+0.05|serversamp=stratified_sensitive|serveralpha=None|synth=gaussian_copula|synth_epochs=50|sensfeat=0|agg=count|fflip=invert|rw=1|foe=state|sdfafoe=fedsa|spdfafoe=fedsa|fedsa_gain=1.75|fedsa_norm=2.0|fg=server_aeod|actfb=0.12|acttemp=0.8|actkeep=1.0|actmetric=aeod_aspd|actdrop=0.005|actrisk=0.1|actviol=0.02|ad2calw=1.0|ad2calb=0.06|ad2calt=0.03|ad2calq=41|ad2clip=5.0|ad2normclip=2.5|ad2accdrop=0.03|ad2calobj=original|ad2normmode=root|ad2uw=3.0|ad2cw=0.2|ad2aw=1.5|ad2plus=fixed|suite=server_generation_ablation|tag=real5_gaussian_copula_synth5,compas,non-IID,5.0,Sp-DFA,123,real5_gaussian_copula_synth5,gaussian_copula,0.05,0.05,stratified_sensitive,70,4320,1852,216,216,gaussian_copula,06fb8eac9f10d6720bb02117ddbf6088be57a27aed57a587244da41c356cbef4,0.656047516198704,65.6047516198704,0.03635019225081337,0.000683982552608875,0.018517087401711124,0.637530428796993,[64],[68],[63],[],68,0.6506479481641468,0.03635019225081337,0.010439487970194228,0.6403887688984882,0.07956225968648323,0.008318675174818213
3985,25643e5be5b4e4f7dfe525bf4aa964f75d6325d8435ca4884e8b599303800df1,full|adult|IID|GuardFed-AD2+|Benign|rounds=70|seed=123|clients=20|malicious=4|epochs=1|batch=256|lr=0.005|opt=adam|root=0.05+0.05|serversamp=stratified_sensitive|serveralpha=None|synth=ctgan|synth_epochs=50|sensfeat=0|agg=count|fflip=invert|rw=1|foe=state|sdfafoe=fedsa|spdfafoe=fedsa|fedsa_gain=1.75|fedsa_norm=2.0|fg=server_aeod|actfb=0.12|acttemp=0.8|actkeep=1.0|actmetric=aeod_aspd|actdrop=0.005|actrisk=0.1|actviol=0.02|ad2calw=1.0|ad2calb=0.06|ad2calt=0.03|ad2calq=41|ad2clip=5.0|ad2normclip=2.5|ad2accdrop=0.03|ad2calobj=original|ad2normmode=root|ad2uw=3.0|ad2cw=0.2|ad2aw=1.5|ad2plus=fixed|suite=server_generation_ablation|tag=real5_ctgan_synth5,adult,IID,5000.0,Benign,123,real5_ctgan_synth5,ctgan,0.05,0.05,stratified_sensitive,70,30162,15059,1508,1508,ctgan,fa7c8426cf2a5b688172c47e976707e294bd5c5b31024546b9a93f1799651691,0.8225645793213361,82.25645793213361,0.010749144175509567,0.00015633746085896177,0.0054527408181842645,0.8171118385031518,[66],[63],[63],[],70,0.8163224649711136,0.07103414672598934,0.05160293743504413,0.8163224649711136,0.07103414672598934,0.05160293743504413
3986,659c14a10ed6eb1628383e685f292c4ffb9ad2584ebeb9a74135a29b31cfb970,full|adult|IID|GuardFed-AD2+|F Flip|rounds=70|seed=123|clients=20|malicious=4|epochs=1|batch=256|lr=0.005|opt=adam|root=0.05+0.05|serversamp=stratified_sensitive|serveralpha=None|synth=ctgan|synth_epochs=50|sensfeat=0|agg=count|fflip=invert|rw=1|foe=state|sdfafoe=fedsa|spdfafoe=fedsa|fedsa_gain=1.75|fedsa_norm=2.0|fg=server_aeod|actfb=0.12|acttemp=0.8|actkeep=1.0|actmetric=aeod_aspd|actdrop=0.005|actrisk=0.1|actviol=0.02|ad2calw=1.0|ad2calb=0.06|ad2calt=0.03|ad2calq=41|ad2clip=5.0|ad2normclip=2.5|ad2accdrop=0.03|ad2calobj=original|ad2normmode=root|ad2uw=3.0|ad2cw=0.2|ad2aw=1.5|ad2plus=fixed|suite=server_generation_ablation|tag=real5_ctgan_synth5,adult,IID,5000.0,F Flip,123,real5_ctgan_synth5,ctgan,0.05,0.05,stratified_sensitive,70,30162,15059,1508,1508,ctgan,fa7c8426cf2a5b688172c47e976707e294bd5c5b31024546b9a93f1799651691,0.8205724151670097,82.05724151670097,0.04162851419272032,0.014120324034414072,0.027874419113567195,0.7926979960534426,[67],[65],[66],[],65,0.8029085596653164,0.04162851419272032,0.03463080386022127,0.8013812338136662,0.05587749928455185,0.031697766246026014
3987,d4a35c4b8c11ca12ac8b1fbc4c11a6d0b82db34fb968a9fcf736ea5cbd8cdd13,full|adult|IID|GuardFed-AD2+|FedSA|rounds=70|seed=123|clients=20|malicious=4|epochs=1|batch=256|lr=0.005|opt=adam|root=0.05+0.05|serversamp=stratified_sensitive|serveralpha=None|synth=ctgan|synth_epochs=50|sensfeat=0|agg=count|fflip=invert|rw=1|foe=state|sdfafoe=fedsa|spdfafoe=fedsa|fedsa_gain=1.75|fedsa_norm=2.0|fg=server_aeod|actfb=0.12|acttemp=0.8|actkeep=1.0|actmetric=aeod_aspd|actdrop=0.005|actrisk=0.1|actviol=0.02|ad2calw=1.0|ad2calb=0.06|ad2calt=0.03|ad2calq=41|ad2clip=5.0|ad2normclip=2.5|ad2accdrop=0.03|ad2calobj=original|ad2normmode=root|ad2uw=3.0|ad2cw=0.2|ad2aw=1.5|ad2plus=fixed|suite=server_generation_ablation|tag=real5_ctgan_synth5,adult,IID,5000.0,FedSA,123,real5_ctgan_synth5,ctgan,0.05,0.05,stratified_sensitive,70,30162,15059,1508,1508,ctgan,fa7c8426cf2a5b688172c47e976707e294bd5c5b31024546b9a93f1799651691,0.8273457732917192,82.73457732917193,0.020126798545226865,0.010908936327902869,0.015517867436564867,0.8118279058551543,[69],[61],[65],[],61,0.8228302012085796,0.020126798545226865,0.07580438963813044,0.8108108108108109,0.18602508438289528,0.03307990736027458
3988,59719313d3f4e5245b69cfb5bb47e6d44e65f99c2666d1a9ac79201c5aea0580,full|adult|IID|GuardFed-AD2+|S-DFA|rounds=70|seed=123|clients=20|malicious=4|epochs=1|batch=256|lr=0.005|opt=adam|root=0.05+0.05|serversamp=stratified_sensitive|serveralpha=None|synth=ctgan|synth_epochs=50|sensfeat=0|agg=count|fflip=invert|rw=1|foe=state|sdfafoe=fedsa|spdfafoe=fedsa|fedsa_gain=1.75|fedsa_norm=2.0|fg=server_aeod|actfb=0.12|acttemp=0.8|actkeep=1.0|actmetric=aeod_aspd|actdrop=0.005|actrisk=0.1|actviol=0.02|ad2calw=1.0|ad2calb=0.06|ad2calt=0.03|ad2calq=41|ad2clip=5.0|ad2normclip=2.5|ad2accdrop=0.03|ad2calobj=original|ad2normmode=root|ad2uw=3.0|ad2cw=0.2|ad2aw=1.5|ad2plus=fixed|suite=server_generation_ablation|tag=real5_ctgan_synth5,adult,IID,5000.0,S-DFA,123,real5_ctgan_synth5,ctgan,0.05,0.05,stratified_sensitive,70,30162,15059,1508,1508,ctgan,fa7c8426cf2a5b688172c47e976707e294bd5c5b31024546b9a93f1799651691,0.8195763330898466,81.95763330898465,0.026400464741401897,0.02856535975129483,0.027482912246348364,0.7920934208434982,[67],[63],[64],[],63,0.8121389202470284,0.026400464741401897,0.04910719533885266,0.8023773158908294,0.06335414654320021,0.030221618030329342
3989,066cd2fa793237a4ed1f9c87387f748830847fba3ed0afe0c2eda73237622929,full|adult|IID|GuardFed-AD2+|Sp-DFA|rounds=70|seed=123|clients=20|malicious=4|epochs=1|batch=256|lr=0.005|opt=adam|root=0.05+0.05|serversamp=stratified_sensitive|serveralpha=None|synth=ctgan|synth_epochs=50|sensfeat=0|agg=count|fflip=invert|rw=1|foe=state|sdfafoe=fedsa|spdfafoe=fedsa|fedsa_gain=1.75|fedsa_norm=2.0|fg=server_aeod|actfb=0.12|acttemp=0.8|actkeep=1.0|actmetric=aeod_aspd|actdrop=0.005|actrisk=0.1|actviol=0.02|ad2calw=1.0|ad2calb=0.06|ad2calt=0.03|ad2calq=41|ad2clip=5.0|ad2normclip=2.5|ad2accdrop=0.03|ad2calobj=original|ad2normmode=root|ad2uw=3.0|ad2cw=0.2|ad2aw=1.5|ad2plus=fixed|suite=server_generation_ablation|tag=real5_ctgan_synth5,adult,IID,5000.0,Sp-DFA,123,real5_ctgan_synth5,ctgan,0.05,0.05,stratified_sensitive,70,30162,15059,1508,1508,ctgan,fa7c8426cf2a5b688172c47e976707e294bd5c5b31024546b9a93f1799651691,0.8273457732917192,82.73457732917193,0.02539912295483221,0.010452763156791365,0.017925943055811785,0.8094198302359075,[63],[70],[69],[],62,0.802045288531775,0.02597033903387938,0.03544081767481158,0.8119397038315957,0.02539912295483221,0.05859360722019476
3990,23736a203d17b24d4c8acc563a04454e767ee9dc17a2a4f7264113f27dcf7368,full|adult|non-IID|GuardFed-AD2+|Benign|rounds=70|seed=123|clients=20|malicious=4|epochs=1|batch=256|lr=0.005|opt=adam|root=0.05+0.05|serversamp=stratified_sensitive|serveralpha=None|synth=ctgan|synth_epochs=50|sensfeat=0|agg=count|fflip=invert|rw=1|foe=state|sdfafoe=fedsa|spdfafoe=fedsa|fedsa_gain=1.75|fedsa_norm=2.0|fg=server_aeod|actfb=0.12|acttemp=0.8|actkeep=1.0|actmetric=aeod_aspd|actdrop=0.005|actrisk=0.1|actviol=0.02|ad2calw=1.0|ad2calb=0.06|ad2calt=0.03|ad2calq=41|ad2clip=5.0|ad2normclip=2.5|ad2accdrop=0.03|ad2calobj=original|ad2normmode=root|ad2uw=3.0|ad2cw=0.2|ad2aw=1.5|ad2plus=fixed|suite=server_generation_ablation|tag=real5_ctgan_synth5,adult,non-IID,5.0,Benign,123,real5_ctgan_synth5,ctgan,0.05,0.05,stratified_sensitive,70,30162,15059,1508,1508,ctgan,fa7c8426cf2a5b688172c47e976707e294bd5c5b31024546b9a93f1799651691,0.8127365694933263,81.27365694933263,0.007583464665430195,0.00921265581937862,0.008398060242404408,0.8043385092509219,[70],[70],[63],[],70,0.8127365694933263,0.007583464665430195,0.05604913630423859,0.8127365694933263,0.007583464665430195,0.05604913630423859
3991,e55e17b7d19da2ce90dc6a412f1d7a611ced84aed491a37975494f23eefd2980,full|adult|non-IID|GuardFed-AD2+|F Flip|rounds=70|seed=123|clients=20|malicious=4|epochs=1|batch=256|lr=0.005|opt=adam|root=0.05+0.05|serversamp=stratified_sensitive|serveralpha=None|synth=ctgan|synth_epochs=50|sensfeat=0|agg=count|fflip=invert|rw=1|foe=state|sdfafoe=fedsa|spdfafoe=fedsa|fedsa_gain=1.75|fedsa_norm=2.0|fg=server_aeod|actfb=0.12|acttemp=0.8|actkeep=1.0|actmetric=aeod_aspd|actdrop=0.005|actrisk=0.1|actviol=0.02|ad2calw=1.0|ad2calb=0.06|ad2calt=0.03|ad2calq=41|ad2clip=5.0|ad2normclip=2.5|ad2accdrop=0.03|ad2calobj=original|ad2normmode=root|ad2uw=3.0|ad2cw=0.2|ad2aw=1.5|ad2plus=fixed|suite=server_generation_ablation|tag=real5_ctgan_synth5,adult,non-IID,5.0,F Flip,123,real5_ctgan_synth5,ctgan,0.05,0.05,stratified_sensitive,70,30162,15059,1508,1508,ctgan,fa7c8426cf2a5b688172c47e976707e294bd5c5b31024546b9a93f1799651691,0.8279434225380171,82.79434225380172,0.027009381081666284,0.012856745013541154,0.01993306304760372,0.8080103594904134,[65],[65],[66],[],65,0.8279434225380171,0.027009381081666284,0.09308053166693207,0.8037718307988578,0.05458141000119382,0.04033715127347524
3992,a1475825296e4f3b5208593e148b5f31ba7bf2db5b423937d91c471299af3682,full|adult|non-IID|GuardFed-AD2+|FedSA|rounds=70|seed=123|clients=20|malicious=4|epochs=1|batch=256|lr=0.005|opt=adam|root=0.05+0.05|serversamp=stratified_sensitive|serveralpha=None|synth=ctgan|synth_epochs=50|sensfeat=0|agg=count|fflip=invert|rw=1|foe=state|sdfafoe=fedsa|spdfafoe=fedsa|fedsa_gain=1.75|fedsa_norm=2.0|fg=server_aeod|actfb=0.12|acttemp=0.8|actkeep=1.0|actmetric=aeod_aspd|actdrop=0.005|actrisk=0.1|actviol=0.02|ad2calw=1.0|ad2calb=0.06|ad2calt=0.03|ad2calq=41|ad2clip=5.0|ad2normclip=2.5|ad2accdrop=0.03|ad2calobj=original|ad2normmode=root|ad2uw=3.0|ad2cw=0.2|ad2aw=1.5|ad2plus=fixed|suite=server_generation_ablation|tag=real5_ctgan_synth5,adult,non-IID,5.0,FedSA,123,real5_ctgan_synth5,ctgan,0.05,0.05,stratified_sensitive,70,30162,15059,1508,1508,ctgan,fa7c8426cf2a5b688172c47e976707e294bd5c5b31024546b9a93f1799651691,0.8249551763065277,82.49551763065277,0.04144858112782046,0.007147789635458271,0.024298185381639366,0.8006569909248883,[68],[63],[64],[],65,0.8027093432498837,0.04410587832754784,0.038022281568802385,0.823162228567634,0.09100557449771546,0.06426069473213974
3993,74bdb9697730a7341e22bb031b30b6498a5f2f847e5064f2e58b17b60827845e,full|adult|non-IID|GuardFed-AD2+|S-DFA|rounds=70|seed=123|clients=20|malicious=4|epochs=1|batch=256|lr=0.005|opt=adam|root=0.05+0.05|serversamp=stratified_sensitive|serveralpha=None|synth=ctgan|synth_epochs=50|sensfeat=0|agg=count|fflip=invert|rw=1|foe=state|sdfafoe=fedsa|spdfafoe=fedsa|fedsa_gain=1.75|fedsa_norm=2.0|fg=server_aeod|actfb=0.12|acttemp=0.8|actkeep=1.0|actmetric=aeod_aspd|actdrop=0.005|actrisk=0.1|actviol=0.02|ad2calw=1.0|ad2calb=0.06|ad2calt=0.03|ad2calq=41|ad2clip=5.0|ad2normclip=2.5|ad2accdrop=0.03|ad2calobj=original|ad2normmode=root|ad2uw=3.0|ad2cw=0.2|ad2aw=1.5|ad2plus=fixed|suite=server_generation_ablation|tag=real5_ctgan_synth5,adult,non-IID,5.0,S-DFA,123,real5_ctgan_synth5,ctgan,0.05,0.05,stratified_sensitive,70,30162,15059,1508,1508,ctgan,fa7c8426cf2a5b688172c47e976707e294bd5c5b31024546b9a93f1799651691,0.8224317683777144,82.24317683777144,0.022944607463166566,0.010799803030447103,0.016872205246806833,0.8055595631309075,[70],[62],[65],[],62,0.8174513579918985,0.022944607463166566,0.06361568484614752,0.8224317683777144,0.0661902343756694,0.06378827193401736
3994,5ea159e79ab3758ff2bbb962b3459dc59805ef919fc0ddab06ddb3a524c78c06,full|adult|non-IID|GuardFed-AD2+|Sp-DFA|rounds=70|seed=123|clients=20|malicious=4|epochs=1|batch=256|lr=0.005|opt=adam|root=0.05+0.05|serversamp=stratified_sensitive|serveralpha=None|synth=ctgan|synth_epochs=50|sensfeat=0|agg=count|fflip=invert|rw=1|foe=state|sdfafoe=fedsa|spdfafoe=fedsa|fedsa_gain=1.75|fedsa_norm=2.0|fg=server_aeod|actfb=0.12|acttemp=0.8|actkeep=1.0|actmetric=aeod_aspd|actdrop=0.005|actrisk=0.1|actviol=0.02|ad2calw=1.0|ad2calb=0.06|ad2calt=0.03|ad2calq=41|ad2clip=5.0|ad2normclip=2.5|ad2accdrop=0.03|ad2calobj=original|ad2normmode=root|ad2uw=3.0|ad2cw=0.2|ad2aw=1.5|ad2plus=fixed|suite=server_generation_ablation|tag=real5_ctgan_synth5,adult,non-IID,5.0,Sp-DFA,123,real5_ctgan_synth5,ctgan,0.05,0.05,stratified_sensitive,70,30162,15059,1508,1508,ctgan,fa7c8426cf2a5b688172c47e976707e294bd5c5b31024546b9a93f1799651691,0.8228966066803904,82.28966066803905,0.009149739154177494,0.010163499734729856,0.009656619444453675,0.8132399872359367,[65],[63],[62],[],63,0.8208380370542533,0.009149739154177494,0.06633045586543125,0.7845142439737034,0.06244762662575236,0.013874453134851961
3995,0c30631870a7b30892b4c433b0086bc01d695d698b7152fb00cadcfab03b5320,full|compas|IID|GuardFed-AD2+|Benign|rounds=70|seed=123|clients=20|malicious=4|epochs=1|batch=256|lr=0.005|opt=adam|root=0.05+0.05|serversamp=stratified_sensitive|serveralpha=None|synth=ctgan|synth_epochs=50|sensfeat=0|agg=count|fflip=invert|rw=1|foe=state|sdfafoe=fedsa|spdfafoe=fedsa|fedsa_gain=1.75|fedsa_norm=2.0|fg=server_aeod|actfb=0.12|acttemp=0.8|actkeep=1.0|actmetric=aeod_aspd|actdrop=0.005|actrisk=0.1|actviol=0.02|ad2calw=1.0|ad2calb=0.06|ad2calt=0.03|ad2calq=41|ad2clip=5.0|ad2normclip=2.5|ad2accdrop=0.03|ad2calobj=original|ad2normmode=root|ad2uw=3.0|ad2cw=0.2|ad2aw=1.5|ad2plus=fixed|suite=server_generation_ablation|tag=real5_ctgan_synth5,compas,IID,5000.0,Benign,123,real5_ctgan_synth5,ctgan,0.05,0.05,stratified_sensitive,70,4320,1852,216,216,ctgan,fa7c8426cf2a5b688172c47e976707e294bd5c5b31024546b9a93f1799651691,0.6555075593952484,65.55075593952483,0.07485950902099969,0.12519215124184854,0.10002583013142412,0.5554817292638243,[69],[65],[64],[],65,0.6511879049676026,0.07485950902099969,0.1334384596619539,0.6474082073434125,0.09364093463472345,0.14821411688631533
3996,cafe03d20b0f68c2205b36daebc7ca1faae911ca58f2bda23f07d560255d8a5e,full|compas|IID|GuardFed-AD2+|F Flip|rounds=70|seed=123|clients=20|malicious=4|epochs=1|batch=256|lr=0.005|opt=adam|root=0.05+0.05|serversamp=stratified_sensitive|serveralpha=None|synth=ctgan|synth_epochs=50|sensfeat=0|agg=count|fflip=invert|rw=1|foe=state|sdfafoe=fedsa|spdfafoe=fedsa|fedsa_gain=1.75|fedsa_norm=2.0|fg=server_aeod|actfb=0.12|acttemp=0.8|actkeep=1.0|actmetric=aeod_aspd|actdrop=0.005|actrisk=0.1|actviol=0.02|ad2calw=1.0|ad2calb=0.06|ad2calt=0.03|ad2calq=41|ad2clip=5.0|ad2normclip=2.5|ad2accdrop=0.03|ad2calobj=original|ad2normmode=root|ad2uw=3.0|ad2cw=0.2|ad2aw=1.5|ad2plus=fixed|suite=server_generation_ablation|tag=real5_ctgan_synth5,compas,IID,5000.0,F Flip,123,real5_ctgan_synth5,ctgan,0.05,0.05,stratified_sensitive,70,4320,1852,216,216,ctgan,fa7c8426cf2a5b688172c47e976707e294bd5c5b31024546b9a93f1799651691,0.6571274298056156,65.71274298056156,0.054037267080745355,0.12063538010637911,0.08733632359356223,0.5697911062120533,[69],[67],[67],[],67,0.6506479481641468,0.054037267080745355,0.12063538010637911,0.656047516198704,0.11975746820467315,0.16800292268312583
3997,fce21b665ca5d41d8e4fcf285ff84887ba45cc412a8487e5224221ecadb7c4f1,full|compas|IID|GuardFed-AD2+|FedSA|rounds=70|seed=123|clients=20|malicious=4|epochs=1|batch=256|lr=0.005|opt=adam|root=0.05+0.05|serversamp=stratified_sensitive|serveralpha=None|synth=ctgan|synth_epochs=50|sensfeat=0|agg=count|fflip=invert|rw=1|foe=state|sdfafoe=fedsa|spdfafoe=fedsa|fedsa_gain=1.75|fedsa_norm=2.0|fg=server_aeod|actfb=0.12|acttemp=0.8|actkeep=1.0|actmetric=aeod_aspd|actdrop=0.005|actrisk=0.1|actviol=0.02|ad2calw=1.0|ad2calb=0.06|ad2calt=0.03|ad2calq=41|ad2clip=5.0|ad2normclip=2.5|ad2accdrop=0.03|ad2calobj=original|ad2normmode=root|ad2uw=3.0|ad2cw=0.2|ad2aw=1.5|ad2plus=fixed|suite=server_generation_ablation|tag=real5_ctgan_synth5,compas,IID,5000.0,FedSA,123,real5_ctgan_synth5,ctgan,0.05,0.05,stratified_sensitive,70,4320,1852,216,216,ctgan,fa7c8426cf2a5b688172c47e976707e294bd5c5b31024546b9a93f1799651691,0.6571274298056156,65.71274298056156,0.06146110618160311,0.12397242126322006,0.09271676372241158,0.564410666083204,[62],[61],[67],[],67,0.6511879049676026,0.06187518485655136,0.12397242126322006,0.6565874730021598,0.1110913930789707,0.1660268433971756
3998,d21179b39f50f63353e637b3d66cd3c94e776eb828abcd0f2e936ba333a5bef1,full|compas|IID|GuardFed-AD2+|S-DFA|rounds=70|seed=123|clients=20|malicious=4|epochs=1|batch=256|lr=0.005|opt=adam|root=0.05+0.05|serversamp=stratified_sensitive|serveralpha=None|synth=ctgan|synth_epochs=50|sensfeat=0|agg=count|fflip=invert|rw=1|foe=state|sdfafoe=fedsa|spdfafoe=fedsa|fedsa_gain=1.75|fedsa_norm=2.0|fg=server_aeod|actfb=0.12|acttemp=0.8|actkeep=1.0|actmetric=aeod_aspd|actdrop=0.005|actrisk=0.1|actviol=0.02|ad2calw=1.0|ad2calb=0.06|ad2calt=0.03|ad2calq=41|ad2clip=5.0|ad2normclip=2.5|ad2accdrop=0.03|ad2calobj=original|ad2normmode=root|ad2uw=3.0|ad2cw=0.2|ad2aw=1.5|ad2plus=fixed|suite=server_generation_ablation|tag=real5_ctgan_synth5,compas,IID,5000.0,S-DFA,123,real5_ctgan_synth5,ctgan,0.05,0.05,stratified_sensitive,70,4320,1852,216,216,ctgan,fa7c8426cf2a5b688172c47e976707e294bd5c5b31024546b9a93f1799651691,0.646328293736501,64.6328293736501,0.07128068618751848,0.11459509049929556,0.09293788834340702,0.553390405393094,"[62, 67]",[69],[69],[],67,0.646328293736501,0.07506654835847382,0.12202202050313568,0.6420086393088553,0.10715764566696245,0.1469978885248504
3999,2b83293b823794a569e19689b61b6bc1b0961e41f37b3b8b50b4884778dffb88,full|compas|IID|GuardFed-AD2+|Sp-DFA|rounds=70|seed=123|clients=20|malicious=4|epochs=1|batch=256|lr=0.005|opt=adam|root=0.05+0.05|serversamp=stratified_sensitive|serveralpha=None|synth=ctgan|synth_epochs=50|sensfeat=0|agg=count|fflip=invert|rw=1|foe=state|sdfafoe=fedsa|spdfafoe=fedsa|fedsa_gain=1.75|fedsa_norm=2.0|fg=server_aeod|actfb=0.12|acttemp=0.8|actkeep=1.0|actmetric=aeod_aspd|actdrop=0.005|actrisk=0.1|actviol=0.02|ad2calw=1.0|ad2calb=0.06|ad2calt=0.03|ad2calq=41|ad2clip=5.0|ad2normclip=2.5|ad2accdrop=0.03|ad2calobj=original|ad2normmode=root|ad2uw=3.0|ad2cw=0.2|ad2aw=1.5|ad2plus=fixed|suite=server_generation_ablation|tag=real5_ctgan_synth5,compas,IID,5000.0,Sp-DFA,123,real5_ctgan_synth5,ctgan,0.05,0.05,stratified_sensitive,70,4320,1852,216,216,ctgan,fa7c8426cf2a5b688172c47e976707e294bd5c5b31024546b9a93f1799651691,0.6501079913606912,65.01079913606912,0.029665779355220356,0.10128427645500948,0.06547502790511492,0.5846329634555762,[68],[65],[64],[],65,0.6441684665226782,0.029665779355220356,0.10264873994306367,0.6430885529157667,0.07595385980479152,0.13202964235649495
4000,85c716baa1ee69412c484ac6e2c32bd751dae935e5784bd5d0a5da1aa2ab1905,full|compas|non-IID|GuardFed-AD2+|Benign|rounds=70|seed=123|clients=20|malicious=4|epochs=1|batch=256|lr=0.005|opt=adam|root=0.05+0.05|serversamp=stratified_sensitive|serveralpha=None|synth=ctgan|synth_epochs=50|sensfeat=0|agg=count|fflip=invert|rw=1|foe=state|sdfafoe=fedsa|spdfafoe=fedsa|fedsa_gain=1.75|fedsa_norm=2.0|fg=server_aeod|actfb=0.12|acttemp=0.8|actkeep=1.0|actmetric=aeod_aspd|actdrop=0.005|actrisk=0.1|actviol=0.02|ad2calw=1.0|ad2calb=0.06|ad2calt=0.03|ad2calq=41|ad2clip=5.0|ad2normclip=2.5|ad2accdrop=0.03|ad2calobj=original|ad2normmode=root|ad2uw=3.0|ad2cw=0.2|ad2aw=1.5|ad2plus=fixed|suite=server_generation_ablation|tag=real5_ctgan_synth5,compas,non-IID,5.0,Benign,123,real5_ctgan_synth5,ctgan,0.05,0.05,stratified_sensitive,70,4320,1852,216,216,ctgan,fa7c8426cf2a5b688172c47e976707e294bd5c5b31024546b9a93f1799651691,0.6592872570194385,65.92872570194385,0.02478556640047322,0.04077166304638359,0.032778614723428405,0.6265086422960101,"[63, 70]",[64],[64],[],64,0.6004319654427646,0.02478556640047322,0.04077166304638359,0.6592872570194385,0.06631174208813961,0.1286704242909517
4001,ee1ef5cf51e8fa0fbef455ce6518ccb5787c0cd654043ed513b62d4e0701bc83,full|compas|non-IID|GuardFed-AD2+|F Flip|rounds=70|seed=123|clients=20|malicious=4|epochs=1|batch=256|lr=0.005|opt=adam|root=0.05+0.05|serversamp=stratified_sensitive|serveralpha=None|synth=ctgan|synth_epochs=50|sensfeat=0|agg=count|fflip=invert|rw=1|foe=state|sdfafoe=fedsa|spdfafoe=fedsa|fedsa_gain=1.75|fedsa_norm=2.0|fg=server_aeod|actfb=0.12|acttemp=0.8|actkeep=1.0|actmetric=aeod_aspd|actdrop=0.005|actrisk=0.1|actviol=0.02|ad2calw=1.0|ad2calb=0.06|ad2calt=0.03|ad2calq=41|ad2clip=5.0|ad2normclip=2.5|ad2accdrop=0.03|ad2calobj=original|ad2normmode=root|ad2uw=3.0|ad2cw=0.2|ad2aw=1.5|ad2plus=fixed|suite=server_generation_ablation|tag=real5_ctgan_synth5,compas,non-IID,5.0,F Flip,123,real5_ctgan_synth5,ctgan,0.05,0.05,stratified_sensitive,70,4320,1852,216,216,ctgan,fa7c8426cf2a5b688172c47e976707e294bd5c5b31024546b9a93f1799651691,0.6360691144708424,63.60691144708424,0.02055604850635906,0.06895151077272521,0.044753779639542135,0.5913153348313003,[66],[70],[70],[],69,0.6258099352051836,0.02647145814847679,0.07054591378785102,0.6193304535637149,0.02055604850635906,0.06895151077272521
4002,0a69f5101ba9bf7de454ff7c2ef5af638cf3e5bbb33c36146120c6010a670863,full|compas|non-IID|GuardFed-AD2+|FedSA|rounds=70|seed=123|clients=20|malicious=4|epochs=1|batch=256|lr=0.005|opt=adam|root=0.05+0.05|serversamp=stratified_sensitive|serveralpha=None|synth=ctgan|synth_epochs=50|sensfeat=0|agg=count|fflip=invert|rw=1|foe=state|sdfafoe=fedsa|spdfafoe=fedsa|fedsa_gain=1.75|fedsa_norm=2.0|fg=server_aeod|actfb=0.12|acttemp=0.8|actkeep=1.0|actmetric=aeod_aspd|actdrop=0.005|actrisk=0.1|actviol=0.02|ad2calw=1.0|ad2calb=0.06|ad2calt=0.03|ad2calq=41|ad2clip=5.0|ad2normclip=2.5|ad2accdrop=0.03|ad2calobj=original|ad2normmode=root|ad2uw=3.0|ad2cw=0.2|ad2aw=1.5|ad2plus=fixed|suite=server_generation_ablation|tag=real5_ctgan_synth5,compas,non-IID,5.0,FedSA,123,real5_ctgan_synth5,ctgan,0.05,0.05,stratified_sensitive,70,4320,1852,216,216,ctgan,fa7c8426cf2a5b688172c47e976707e294bd5c5b31024546b9a93f1799651691,0.6139308855291576,61.39308855291576,0.023602484472049684,0.03965931599410327,0.03163090023307648,0.5822999852960812,[66],[62],[62],[],64,0.6031317494600432,0.029517894114167414,0.045577049000463374,0.6052915766738661,0.058089322685595995,0.07076067964054732
4003,909a13c8462c7beb904d1050fbb44dfd5dfd792d8dc06e05ee2d0b20d37f7e43,full|compas|non-IID|GuardFed-AD2+|S-DFA|rounds=70|seed=123|clients=20|malicious=4|epochs=1|batch=256|lr=0.005|opt=adam|root=0.05+0.05|serversamp=stratified_sensitive|serveralpha=None|synth=ctgan|synth_epochs=50|sensfeat=0|agg=count|fflip=invert|rw=1|foe=state|sdfafoe=fedsa|spdfafoe=fedsa|fedsa_gain=1.75|fedsa_norm=2.0|fg=server_aeod|actfb=0.12|acttemp=0.8|actkeep=1.0|actmetric=aeod_aspd|actdrop=0.005|actrisk=0.1|actviol=0.02|ad2calw=1.0|ad2calb=0.06|ad2calt=0.03|ad2calq=41|ad2clip=5.0|ad2normclip=2.5|ad2accdrop=0.03|ad2calobj=original|ad2normmode=root|ad2uw=3.0|ad2cw=0.2|ad2aw=1.5|ad2plus=fixed|suite=server_generation_ablation|tag=real5_ctgan_synth5,compas,non-IID,5.0,S-DFA,123,real5_ctgan_synth5,ctgan,0.05,0.05,stratified_sensitive,70,4320,1852,216,216,ctgan,fa7c8426cf2a5b688172c47e976707e294bd5c5b31024546b9a93f1799651691,0.6052915766738661,60.52915766738661,0.006359065365276528,0.01680426076776459,0.011581663066520559,0.5937099136073456,[65],[64],[62],[],61,0.6015118790496761,0.006861875184856564,0.024883658769741815,0.5901727861771058,0.034427684117125115,0.039073378722073136
4004,cbba7095ce8c9040938ec60dc8be04d1ee6dd38870fa08ff4a6f048c3eb56488,full|compas|non-IID|GuardFed-AD2+|Sp-DFA|rounds=70|seed=123|clients=20|malicious=4|epochs=1|batch=256|lr=0.005|opt=adam|root=0.05+0.05|serversamp=stratified_sensitive|serveralpha=None|synth=ctgan|synth_epochs=50|sensfeat=0|agg=count|fflip=invert|rw=1|foe=state|sdfafoe=fedsa|spdfafoe=fedsa|fedsa_gain=1.75|fedsa_norm=2.0|fg=server_aeod|actfb=0.12|acttemp=0.8|actkeep=1.0|actmetric=aeod_aspd|actdrop=0.005|actrisk=0.1|actviol=0.02|ad2calw=1.0|ad2calb=0.06|ad2calt=0.03|ad2calq=41|ad2clip=5.0|ad2normclip=2.5|ad2accdrop=0.03|ad2calobj=original|ad2normmode=root|ad2uw=3.0|ad2cw=0.2|ad2aw=1.5|ad2plus=fixed|suite=server_generation_ablation|tag=real5_ctgan_synth5,compas,non-IID,5.0,Sp-DFA,123,real5_ctgan_synth5,ctgan,0.05,0.05,stratified_sensitive,70,4320,1852,216,216,ctgan,fa7c8426cf2a5b688172c47e976707e294bd5c5b31024546b9a93f1799651691,0.66792656587473,66.792656587473,0.0640638864241348,0.12284139891940093,0.09345264267176787,0.5744739232029621,[67],[65],[69],[],65,0.6636069114470843,0.0640638864241348,0.14336087549766735,0.6387688984881209,0.09642117716651882,0.1380360829976644
4005,4f253278cc1fc8c1341a8cc97267c069967f17d1fe0ec1fbc758da4b06b04cbc,full|adult|IID|GuardFed-AD2+|Benign|rounds=70|seed=123|clients=20|malicious=4|epochs=1|batch=256|lr=0.005|opt=adam|root=0.05+0.05|serversamp=stratified_sensitive|serveralpha=None|synth=tvae|synth_epochs=50|sensfeat=0|agg=count|fflip=invert|rw=1|foe=state|sdfafoe=fedsa|spdfafoe=fedsa|fedsa_gain=1.75|fedsa_norm=2.0|fg=server_aeod|actfb=0.12|acttemp=0.8|actkeep=1.0|actmetric=aeod_aspd|actdrop=0.005|actrisk=0.1|actviol=0.02|ad2calw=1.0|ad2calb=0.06|ad2calt=0.03|ad2calq=41|ad2clip=5.0|ad2normclip=2.5|ad2accdrop=0.03|ad2calobj=original|ad2normmode=root|ad2uw=3.0|ad2cw=0.2|ad2aw=1.5|ad2plus=fixed|suite=server_generation_ablation|tag=real5_tvae_synth5,adult,IID,5000.0,Benign,123,real5_tvae_synth5,tvae,0.05,0.05,stratified_sensitive,70,30162,15059,1508,1508,tvae,c418efe4118f91d1fd14466cac776c28a7a1761c793b71a9e4bcb15b8940ffb5,0.8329902383956438,83.29902383956438,0.01080797943165146,0.09122749241092266,0.05101773592128706,0.7819725024743567,[62],[64],[68],[],64,0.8299355866923435,0.01080797943165146,0.09692023828453047,0.8319941563184806,0.034147297205439575,0.09250009900235716
4006,3941d7191b769fa6da67dc70a91bea2ce1df9743615a2aaa26ac101e91415c1d,full|adult|IID|GuardFed-AD2+|F Flip|rounds=70|seed=123|clients=20|malicious=4|epochs=1|batch=256|lr=0.005|opt=adam|root=0.05+0.05|serversamp=stratified_sensitive|serveralpha=None|synth=tvae|synth_epochs=50|sensfeat=0|agg=count|fflip=invert|rw=1|foe=state|sdfafoe=fedsa|spdfafoe=fedsa|fedsa_gain=1.75|fedsa_norm=2.0|fg=server_aeod|actfb=0.12|acttemp=0.8|actkeep=1.0|actmetric=aeod_aspd|actdrop=0.005|actrisk=0.1|actviol=0.02|ad2calw=1.0|ad2calb=0.06|ad2calt=0.03|ad2calq=41|ad2clip=5.0|ad2normclip=2.5|ad2accdrop=0.03|ad2calobj=original|ad2normmode=root|ad2uw=3.0|ad2cw=0.2|ad2aw=1.5|ad2plus=fixed|suite=server_generation_ablation|tag=real5_tvae_synth5,adult,IID,5000.0,F Flip,123,real5_tvae_synth5,tvae,0.05,0.05,stratified_sensitive,70,30162,15059,1508,1508,tvae,c418efe4118f91d1fd14466cac776c28a7a1761c793b71a9e4bcb15b8940ffb5,0.8360448900989441,83.60448900989441,0.007964465790154585,0.12052994326793802,0.06424720452904631,0.7717976855698978,[64],[61],[63],[],61,0.8305996414104522,0.007964465790154585,0.12287614867309356,0.8311308851849393,0.0997126211906314,0.1804592096446231
4007,3bf23d004082f021f077c09beb8ff57db631db92120b791a9a5697e8b89215b8,full|adult|IID|GuardFed-AD2+|FedSA|rounds=70|seed=123|clients=20|malicious=4|epochs=1|batch=256|lr=0.005|opt=adam|root=0.05+0.05|serversamp=stratified_sensitive|serveralpha=None|synth=tvae|synth_epochs=50|sensfeat=0|agg=count|fflip=invert|rw=1|foe=state|sdfafoe=fedsa|spdfafoe=fedsa|fedsa_gain=1.75|fedsa_norm=2.0|fg=server_aeod|actfb=0.12|acttemp=0.8|actkeep=1.0|actmetric=aeod_aspd|actdrop=0.005|actrisk=0.1|actviol=0.02|ad2calw=1.0|ad2calb=0.06|ad2calt=0.03|ad2calq=41|ad2clip=5.0|ad2normclip=2.5|ad2accdrop=0.03|ad2calobj=original|ad2normmode=root|ad2uw=3.0|ad2cw=0.2|ad2aw=1.5|ad2plus=fixed|suite=server_generation_ablation|tag=real5_tvae_synth5,adult,IID,5000.0,FedSA,123,real5_tvae_synth5,tvae,0.05,0.05,stratified_sensitive,70,30162,15059,1508,1508,tvae,c418efe4118f91d1fd14466cac776c28a7a1761c793b71a9e4bcb15b8940ffb5,0.8330566438674547,83.30566438674548,0.0037334682926522533,0.05643054112983215,0.030082004711242203,0.8029746391562125,[61],[66],[66],[],66,0.8009163955109901,0.0037334682926522533,0.05643054112983215,0.8121389202470284,0.03237538492823533,0.156359728866347
4008,5e46f0d8321704ad3da1f4ce7a5b1428073ed541f60a6fc2f6b57a343227ba45,full|adult|IID|GuardFed-AD2+|S-DFA|rounds=70|seed=123|clients=20|malicious=4|epochs=1|batch=256|lr=0.005|opt=adam|root=0.05+0.05|serversamp=stratified_sensitive|serveralpha=None|synth=tvae|synth_epochs=50|sensfeat=0|agg=count|fflip=invert|rw=1|foe=state|sdfafoe=fedsa|spdfafoe=fedsa|fedsa_gain=1.75|fedsa_norm=2.0|fg=server_aeod|actfb=0.12|acttemp=0.8|actkeep=1.0|actmetric=aeod_aspd|actdrop=0.005|actrisk=0.1|actviol=0.02|ad2calw=1.0|ad2calb=0.06|ad2calt=0.03|ad2calq=41|ad2clip=5.0|ad2normclip=2.5|ad2accdrop=0.03|ad2calobj=original|ad2normmode=root|ad2uw=3.0|ad2cw=0.2|ad2aw=1.5|ad2plus=fixed|suite=server_generation_ablation|tag=real5_tvae_synth5,adult,IID,5000.0,S-DFA,123,real5_tvae_synth5,tvae,0.05,0.05,stratified_sensitive,70,30162,15059,1508,1508,tvae,c418efe4118f91d1fd14466cac776c28a7a1761c793b71a9e4bcb15b8940ffb5,0.834517564247294,83.4517564247294,0.0016702358151338137,0.10046428193560261,0.05106725887536821,0.7834503053719257,[70],[70],[69],[],70,0.834517564247294,0.0016702358151338137,0.12832117801049117,0.834517564247294,0.0016702358151338137,0.12832117801049117
4009,6276e59aa51ab11ccc5513255740b3d4780ba6350faf756d1be3501cd4e818d3,full|adult|IID|GuardFed-AD2+|Sp-DFA|rounds=70|seed=123|clients=20|malicious=4|epochs=1|batch=256|lr=0.005|opt=adam|root=0.05+0.05|serversamp=stratified_sensitive|serveralpha=None|synth=tvae|synth_epochs=50|sensfeat=0|agg=count|fflip=invert|rw=1|foe=state|sdfafoe=fedsa|spdfafoe=fedsa|fedsa_gain=1.75|fedsa_norm=2.0|fg=server_aeod|actfb=0.12|acttemp=0.8|actkeep=1.0|actmetric=aeod_aspd|actdrop=0.005|actrisk=0.1|actviol=0.02|ad2calw=1.0|ad2calb=0.06|ad2calt=0.03|ad2calq=41|ad2clip=5.0|ad2normclip=2.5|ad2accdrop=0.03|ad2calobj=original|ad2normmode=root|ad2uw=3.0|ad2cw=0.2|ad2aw=1.5|ad2plus=fixed|suite=server_generation_ablation|tag=real5_tvae_synth5,adult,IID,5000.0,Sp-DFA,123,real5_tvae_synth5,tvae,0.05,0.05,stratified_sensitive,70,30162,15059,1508,1508,tvae,c418efe4118f91d1fd14466cac776c28a7a1761c793b71a9e4bcb15b8940ffb5,0.8418885716183013,84.18885716183013,0.0029440476714091,0.10888690496323393,0.055915476317321515,0.7859730953009798,[61],[62],[62],[],62,0.8374394050069726,0.0029440476714091,0.10888690496323393,0.8311972906567501,0.14280230611355427,0.25328446087489037
4010,b7b2a0633e087b6642b333494db0823cf2c0df8f5aa0573d054e786167adabd6,full|adult|non-IID|GuardFed-AD2+|Benign|rounds=70|seed=123|clients=20|malicious=4|epochs=1|batch=256|lr=0.005|opt=adam|root=0.05+0.05|serversamp=stratified_sensitive|serveralpha=None|synth=tvae|synth_epochs=50|sensfeat=0|agg=count|fflip=invert|rw=1|foe=state|sdfafoe=fedsa|spdfafoe=fedsa|fedsa_gain=1.75|fedsa_norm=2.0|fg=server_aeod|actfb=0.12|acttemp=0.8|actkeep=1.0|actmetric=aeod_aspd|actdrop=0.005|actrisk=0.1|actviol=0.02|ad2calw=1.0|ad2calb=0.06|ad2calt=0.03|ad2calq=41|ad2clip=5.0|ad2normclip=2.5|ad2accdrop=0.03|ad2calobj=original|ad2normmode=root|ad2uw=3.0|ad2cw=0.2|ad2aw=1.5|ad2plus=fixed|suite=server_generation_ablation|tag=real5_tvae_synth5,adult,non-IID,5.0,Benign,123,real5_tvae_synth5,tvae,0.05,0.05,stratified_sensitive,70,30162,15059,1508,1508,tvae,c418efe4118f91d1fd14466cac776c28a7a1761c793b71a9e4bcb15b8940ffb5,0.8357128627398898,83.57128627398897,0.00535286587675099,0.112267810383624,0.058810338130187496,0.7769025246097022,[64],[66],[68],[],66,0.8343847533036722,0.00535286587675099,0.13186786974892803,0.8311972906567501,0.025260888663702796,0.13916365135779274
4011,1f345a6489f4b53f577df6d3154b231ef0bbc7a2dfcc0332e11cf4621fac1d40,full|adult|non-IID|GuardFed-AD2+|F Flip|rounds=70|seed=123|clients=20|malicious=4|epochs=1|batch=256|lr=0.005|opt=adam|root=0.05+0.05|serversamp=stratified_sensitive|serveralpha=None|synth=tvae|synth_epochs=50|sensfeat=0|agg=count|fflip=invert|rw=1|foe=state|sdfafoe=fedsa|spdfafoe=fedsa|fedsa_gain=1.75|fedsa_norm=2.0|fg=server_aeod|actfb=0.12|acttemp=0.8|actkeep=1.0|actmetric=aeod_aspd|actdrop=0.005|actrisk=0.1|actviol=0.02|ad2calw=1.0|ad2calb=0.06|ad2calt=0.03|ad2calq=41|ad2clip=5.0|ad2normclip=2.5|ad2accdrop=0.03|ad2calobj=original|ad2normmode=root|ad2uw=3.0|ad2cw=0.2|ad2aw=1.5|ad2plus=fixed|suite=server_generation_ablation|tag=real5_tvae_synth5,adult,non-IID,5.0,F Flip,123,real5_tvae_synth5,tvae,0.05,0.05,stratified_sensitive,70,30162,15059,1508,1508,tvae,c418efe4118f91d1fd14466cac776c28a7a1761c793b71a9e4bcb15b8940ffb5,0.8387675144431901,83.87675144431901,0.01452888097056465,0.0729967148871339,0.043762797928849274,0.7950047165143408,[70],[66],[66],[],66,0.8198419549770901,0.01452888097056465,0.0729967148871339,0.8387675144431901,0.08925765329583113,0.1882183262972448
4012,92766cf44ef0a556a309f03401792a61af80a9472173dc08a8ea621fdf8fbbef,full|adult|non-IID|GuardFed-AD2+|FedSA|rounds=70|seed=123|clients=20|malicious=4|epochs=1|batch=256|lr=0.005|opt=adam|root=0.05+0.05|serversamp=stratified_sensitive|serveralpha=None|synth=tvae|synth_epochs=50|sensfeat=0|agg=count|fflip=invert|rw=1|foe=state|sdfafoe=fedsa|spdfafoe=fedsa|fedsa_gain=1.75|fedsa_norm=2.0|fg=server_aeod|actfb=0.12|acttemp=0.8|actkeep=1.0|actmetric=aeod_aspd|actdrop=0.005|actrisk=0.1|actviol=0.02|ad2calw=1.0|ad2calb=0.06|ad2calt=0.03|ad2calq=41|ad2clip=5.0|ad2normclip=2.5|ad2accdrop=0.03|ad2calobj=original|ad2normmode=root|ad2uw=3.0|ad2cw=0.2|ad2aw=1.5|ad2plus=fixed|suite=server_generation_ablation|tag=real5_tvae_synth5,adult,non-IID,5.0,FedSA,123,real5_tvae_synth5,tvae,0.05,0.05,stratified_sensitive,70,30162,15059,1508,1508,tvae,c418efe4118f91d1fd14466cac776c28a7a1761c793b71a9e4bcb15b8940ffb5,0.8350488080217809,83.50488080217809,0.018304048036987375,0.10556566175362204,0.06193485489530471,0.7731139531264762,[61],[66],[66],[],66,0.8323261836775351,0.018304048036987375,0.10556566175362204,0.8329902383956438,0.04148685260511664,0.1439327162728058
4013,84a49e454a51b607e3306b01d78b09e92a45f34f3bb167d8c0b55690afc3d118,full|adult|non-IID|GuardFed-AD2+|S-DFA|rounds=70|seed=123|clients=20|malicious=4|epochs=1|batch=256|lr=0.005|opt=adam|root=0.05+0.05|serversamp=stratified_sensitive|serveralpha=None|synth=tvae|synth_epochs=50|sensfeat=0|agg=count|fflip=invert|rw=1|foe=state|sdfafoe=fedsa|spdfafoe=fedsa|fedsa_gain=1.75|fedsa_norm=2.0|fg=server_aeod|actfb=0.12|acttemp=0.8|actkeep=1.0|actmetric=aeod_aspd|actdrop=0.005|actrisk=0.1|actviol=0.02|ad2calw=1.0|ad2calb=0.06|ad2calt=0.03|ad2calq=41|ad2clip=5.0|ad2normclip=2.5|ad2accdrop=0.03|ad2calobj=original|ad2normmode=root|ad2uw=3.0|ad2cw=0.2|ad2aw=1.5|ad2plus=fixed|suite=server_generation_ablation|tag=real5_tvae_synth5,adult,non-IID,5.0,S-DFA,123,real5_tvae_synth5,tvae,0.05,0.05,stratified_sensitive,70,30162,15059,1508,1508,tvae,c418efe4118f91d1fd14466cac776c28a7a1761c793b71a9e4bcb15b8940ffb5,0.8378378378378378,83.78378378378379,0.0021694786682211475,0.09494524658086784,0.04855736262454449,0.7892804752132934,[61],[68],[66],[],70,0.8346503751909158,0.022852070458360907,0.10230484308296912,0.8346503751909158,0.022852070458360907,0.10230484308296912
4014,d70c8f5ed5d1310c7558542a36520eb582a5033052582a111bfe1c9bae42c990,full|adult|non-IID|GuardFed-AD2+|Sp-DFA|rounds=70|seed=123|clients=20|malicious=4|epochs=1|batch=256|lr=0.005|opt=adam|root=0.05+0.05|serversamp=stratified_sensitive|serveralpha=None|synth=tvae|synth_epochs=50|sensfeat=0|agg=count|fflip=invert|rw=1|foe=state|sdfafoe=fedsa|spdfafoe=fedsa|fedsa_gain=1.75|fedsa_norm=2.0|fg=server_aeod|actfb=0.12|acttemp=0.8|actkeep=1.0|actmetric=aeod_aspd|actdrop=0.005|actrisk=0.1|actviol=0.02|ad2calw=1.0|ad2calb=0.06|ad2calt=0.03|ad2calq=41|ad2clip=5.0|ad2normclip=2.5|ad2accdrop=0.03|ad2calobj=original|ad2normmode=root|ad2uw=3.0|ad2cw=0.2|ad2aw=1.5|ad2plus=fixed|suite=server_generation_ablation|tag=real5_tvae_synth5,adult,non-IID,5.0,Sp-DFA,123,real5_tvae_synth5,tvae,0.05,0.05,stratified_sensitive,70,30162,15059,1508,1508,tvae,c418efe4118f91d1fd14466cac776c28a7a1761c793b71a9e4bcb15b8940ffb5,0.8365097284016203,83.65097284016203,0.019306532255715214,0.1356924902930546,0.07749951127438491,0.7590102171272354,[67],[64],[62],[],62,0.8353144299090245,0.021556552391082007,0.1356924902930546,0.8173849525200877,0.11487212471246411,0.236242855129279
4015,4d5b80dd387f799c4ae0b471122ef05e010729846187fd912b9e98d55ff88d82,full|compas|IID|GuardFed-AD2+|Benign|rounds=70|seed=123|clients=20|malicious=4|epochs=1|batch=256|lr=0.005|opt=adam|root=0.05+0.05|serversamp=stratified_sensitive|serveralpha=None|synth=tvae|synth_epochs=50|sensfeat=0|agg=count|fflip=invert|rw=1|foe=state|sdfafoe=fedsa|spdfafoe=fedsa|fedsa_gain=1.75|fedsa_norm=2.0|fg=server_aeod|actfb=0.12|acttemp=0.8|actkeep=1.0|actmetric=aeod_aspd|actdrop=0.005|actrisk=0.1|actviol=0.02|ad2calw=1.0|ad2calb=0.06|ad2calt=0.03|ad2calq=41|ad2clip=5.0|ad2normclip=2.5|ad2accdrop=0.03|ad2calobj=original|ad2normmode=root|ad2uw=3.0|ad2cw=0.2|ad2aw=1.5|ad2plus=fixed|suite=server_generation_ablation|tag=real5_tvae_synth5,compas,IID,5000.0,Benign,123,real5_tvae_synth5,tvae,0.05,0.05,stratified_sensitive,70,4320,1852,216,216,tvae,c418efe4118f91d1fd14466cac776c28a7a1761c793b71a9e4bcb15b8940ffb5,0.6231101511879049,62.31101511879049,0.04004732327713695,3.384896591410169e-05,0.020040586121525525,0.6030695650663794,[69],[62],[62],[],62,0.6079913606911447,0.04004732327713695,3.384896591410169e-05,0.6123110151187905,0.07054125998225375,0.014971747785518935
4016,7fa7b100ade4dd143edb250b263b7a4e415367c1a906e94fe8f7ae2847b8ec85,full|compas|IID|GuardFed-AD2+|F Flip|rounds=70|seed=123|clients=20|malicious=4|epochs=1|batch=256|lr=0.005|opt=adam|root=0.05+0.05|serversamp=stratified_sensitive|serveralpha=None|synth=tvae|synth_epochs=50|sensfeat=0|agg=count|fflip=invert|rw=1|foe=state|sdfafoe=fedsa|spdfafoe=fedsa|fedsa_gain=1.75|fedsa_norm=2.0|fg=server_aeod|actfb=0.12|acttemp=0.8|actkeep=1.0|actmetric=aeod_aspd|actdrop=0.005|actrisk=0.1|actviol=0.02|ad2calw=1.0|ad2calb=0.06|ad2calt=0.03|ad2calq=41|ad2clip=5.0|ad2normclip=2.5|ad2accdrop=0.03|ad2calobj=original|ad2normmode=root|ad2uw=3.0|ad2cw=0.2|ad2aw=1.5|ad2plus=fixed|suite=server_generation_ablation|tag=real5_tvae_synth5,compas,IID,5000.0,F Flip,123,real5_tvae_synth5,tvae,0.05,0.05,stratified_sensitive,70,4320,1852,216,216,tvae,c418efe4118f91d1fd14466cac776c28a7a1761c793b71a9e4bcb15b8940ffb5,0.6047516198704104,60.475161987041034,0.06980183377698906,0.01767849785292508,0.04374016581495707,0.5610114540554533,[70],[63],[63],[],70,0.6047516198704104,0.07323277136941733,0.01904296134097931,0.6047516198704104,0.07323277136941733,0.01904296134097931
4017,4e685089f4224d46848c08bc1b05127dfc97b098651c2b637868704cd92ad393,full|compas|IID|GuardFed-AD2+|FedSA|rounds=70|seed=123|clients=20|malicious=4|epochs=1|batch=256|lr=0.005|opt=adam|root=0.05+0.05|serversamp=stratified_sensitive|serveralpha=None|synth=tvae|synth_epochs=50|sensfeat=0|agg=count|fflip=invert|rw=1|foe=state|sdfafoe=fedsa|spdfafoe=fedsa|fedsa_gain=1.75|fedsa_norm=2.0|fg=server_aeod|actfb=0.12|acttemp=0.8|actkeep=1.0|actmetric=aeod_aspd|actdrop=0.005|actrisk=0.1|actviol=0.02|ad2calw=1.0|ad2calb=0.06|ad2calt=0.03|ad2calq=41|ad2clip=5.0|ad2normclip=2.5|ad2accdrop=0.03|ad2calobj=original|ad2normmode=root|ad2uw=3.0|ad2cw=0.2|ad2aw=1.5|ad2plus=fixed|suite=server_generation_ablation|tag=real5_tvae_synth5,compas,IID,5000.0,FedSA,123,real5_tvae_synth5,tvae,0.05,0.05,stratified_sensitive,70,4320,1852,216,216,tvae,c418efe4118f91d1fd14466cac776c28a7a1761c793b71a9e4bcb15b8940ffb5,0.5815334773218143,58.15334773218142,0.025613723750369716,0.007600843656295264,0.01660728370333249,0.5649261936184817,"[68, 69]",[61],[61],[],61,0.576133909287257,0.025613723750369716,0.007600843656295264,0.5793736501079914,0.04418811002661935,0.011924173647529547
4018,e765626b99f66e8d071be984d27c721ea5a3482547528deb7176a0aadf001d26,full|compas|IID|GuardFed-AD2+|S-DFA|rounds=70|seed=123|clients=20|malicious=4|epochs=1|batch=256|lr=0.005|opt=adam|root=0.05+0.05|serversamp=stratified_sensitive|serveralpha=None|synth=tvae|synth_epochs=50|sensfeat=0|agg=count|fflip=invert|rw=1|foe=state|sdfafoe=fedsa|spdfafoe=fedsa|fedsa_gain=1.75|fedsa_norm=2.0|fg=server_aeod|actfb=0.12|acttemp=0.8|actkeep=1.0|actmetric=aeod_aspd|actdrop=0.005|actrisk=0.1|actviol=0.02|ad2calw=1.0|ad2calb=0.06|ad2calt=0.03|ad2calq=41|ad2clip=5.0|ad2normclip=2.5|ad2accdrop=0.03|ad2calobj=original|ad2normmode=root|ad2uw=3.0|ad2cw=0.2|ad2aw=1.5|ad2plus=fixed|suite=server_generation_ablation|tag=real5_tvae_synth5,compas,IID,5000.0,S-DFA,123,real5_tvae_synth5,tvae,0.05,0.05,stratified_sensitive,70,4320,1852,216,216,tvae,c418efe4118f91d1fd14466cac776c28a7a1761c793b71a9e4bcb15b8940ffb5,0.6133909287257019,61.33909287257019,0.05927240461401953,0.012747053680958326,0.03600972914748893,0.577381199578213,[68],[63],[63],[],63,0.603671706263499,0.05927240461401953,0.012747053680958326,0.6112311015118791,0.09254658385093167,0.03085975206216071
4019,f2c573967fa44299d0aeabddc75c29fdd841c61d32340dc894e06fe94b523bcd,full|compas|IID|GuardFed-AD2+|Sp-DFA|rounds=70|seed=123|clients=20|malicious=4|epochs=1|batch=256|lr=0.005|opt=adam|root=0.05+0.05|serversamp=stratified_sensitive|serveralpha=None|synth=tvae|synth_epochs=50|sensfeat=0|agg=count|fflip=invert|rw=1|foe=state|sdfafoe=fedsa|spdfafoe=fedsa|fedsa_gain=1.75|fedsa_norm=2.0|fg=server_aeod|actfb=0.12|acttemp=0.8|actkeep=1.0|actmetric=aeod_aspd|actdrop=0.005|actrisk=0.1|actviol=0.02|ad2calw=1.0|ad2calb=0.06|ad2calt=0.03|ad2calq=41|ad2clip=5.0|ad2normclip=2.5|ad2accdrop=0.03|ad2calobj=original|ad2normmode=root|ad2uw=3.0|ad2cw=0.2|ad2aw=1.5|ad2plus=fixed|suite=server_generation_ablation|tag=real5_tvae_synth5,compas,IID,5000.0,Sp-DFA,123,real5_tvae_synth5,tvae,0.05,0.05,stratified_sensitive,70,4320,1852,216,216,tvae,c418efe4118f91d1fd14466cac776c28a7a1761c793b71a9e4bcb15b8940ffb5,0.6096112311015118,60.961123110151185,0.11091393078970718,0.04233922032992238,0.07662657555981478,0.532984655541697,[69],"[61, 69]",[61],[],69,0.6096112311015118,0.11091393078970718,0.044437856216596044,0.6085313174946004,0.12691511387163562,0.0507967929855605
4020,318c61c0ad42508086788f276c0e451a0afd3ca6c5f380db16cd242d07bac09d,full|compas|non-IID|GuardFed-AD2+|Benign|rounds=70|seed=123|clients=20|malicious=4|epochs=1|batch=256|lr=0.005|opt=adam|root=0.05+0.05|serversamp=stratified_sensitive|serveralpha=None|synth=tvae|synth_epochs=50|sensfeat=0|agg=count|fflip=invert|rw=1|foe=state|sdfafoe=fedsa|spdfafoe=fedsa|fedsa_gain=1.75|fedsa_norm=2.0|fg=server_aeod|actfb=0.12|acttemp=0.8|actkeep=1.0|actmetric=aeod_aspd|actdrop=0.005|actrisk=0.1|actviol=0.02|ad2calw=1.0|ad2calb=0.06|ad2calt=0.03|ad2calq=41|ad2clip=5.0|ad2normclip=2.5|ad2accdrop=0.03|ad2calobj=original|ad2normmode=root|ad2uw=3.0|ad2cw=0.2|ad2aw=1.5|ad2plus=fixed|suite=server_generation_ablation|tag=real5_tvae_synth5,compas,non-IID,5.0,Benign,123,real5_tvae_synth5,tvae,0.05,0.05,stratified_sensitive,70,4320,1852,216,216,tvae,c418efe4118f91d1fd14466cac776c28a7a1761c793b71a9e4bcb15b8940ffb5,0.6112311015118791,61.12311015118791,0.028719313812481523,0.004768035371002177,0.01674367459174185,0.5944874269201372,[68],[67],[67],[],67,0.5831533477321814,0.028719313812481523,0.004768035371002177,0.6101511879049676,0.11895888790298731,0.04630655257619812
4021,087d8241850c0aa6e0e12f5aea14d2e515b99efa073395a158086b9b81a541df,full|compas|non-IID|GuardFed-AD2+|F Flip|rounds=70|seed=123|clients=20|malicious=4|epochs=1|batch=256|lr=0.005|opt=adam|root=0.05+0.05|serversamp=stratified_sensitive|serveralpha=None|synth=tvae|synth_epochs=50|sensfeat=0|agg=count|fflip=invert|rw=1|foe=state|sdfafoe=fedsa|spdfafoe=fedsa|fedsa_gain=1.75|fedsa_norm=2.0|fg=server_aeod|actfb=0.12|acttemp=0.8|actkeep=1.0|actmetric=aeod_aspd|actdrop=0.005|actrisk=0.1|actviol=0.02|ad2calw=1.0|ad2calb=0.06|ad2calt=0.03|ad2calq=41|ad2clip=5.0|ad2normclip=2.5|ad2accdrop=0.03|ad2calobj=original|ad2normmode=root|ad2uw=3.0|ad2cw=0.2|ad2aw=1.5|ad2plus=fixed|suite=server_generation_ablation|tag=real5_tvae_synth5,compas,non-IID,5.0,F Flip,123,real5_tvae_synth5,tvae,0.05,0.05,stratified_sensitive,70,4320,1852,216,216,tvae,c418efe4118f91d1fd14466cac776c28a7a1761c793b71a9e4bcb15b8940ffb5,0.6047516198704104,60.475161987041034,0.0302868973676427,0.001979580903113759,0.01613323913537823,0.5886183807350321,[64],[62],[69],[],62,0.603671706263499,0.0302868973676427,0.009499887364647908,0.6015118790496761,0.062496302868973674,0.012620995463071355
4022,bd9ded8033d9ae28f177417906b976b4368fc30ed656d307cef622d0e6030974,full|compas|non-IID|GuardFed-AD2+|FedSA|rounds=70|seed=123|clients=20|malicious=4|epochs=1|batch=256|lr=0.005|opt=adam|root=0.05+0.05|serversamp=stratified_sensitive|serveralpha=None|synth=tvae|synth_epochs=50|sensfeat=0|agg=count|fflip=invert|rw=1|foe=state|sdfafoe=fedsa|spdfafoe=fedsa|fedsa_gain=1.75|fedsa_norm=2.0|fg=server_aeod|actfb=0.12|acttemp=0.8|actkeep=1.0|actmetric=aeod_aspd|actdrop=0.005|actrisk=0.1|actviol=0.02|ad2calw=1.0|ad2calb=0.06|ad2calt=0.03|ad2calq=41|ad2clip=5.0|ad2normclip=2.5|ad2accdrop=0.03|ad2calobj=original|ad2normmode=root|ad2uw=3.0|ad2cw=0.2|ad2aw=1.5|ad2plus=fixed|suite=server_generation_ablation|tag=real5_tvae_synth5,compas,non-IID,5.0,FedSA,123,real5_tvae_synth5,tvae,0.05,0.05,stratified_sensitive,70,4320,1852,216,216,tvae,c418efe4118f91d1fd14466cac776c28a7a1761c793b71a9e4bcb15b8940ffb5,0.6042116630669546,60.42116630669546,0.019698314108251985,0.008108578145006637,0.013903446126629311,0.5903082169403253,[62],[65],[61],[],61,0.6025917926565875,0.046820467317361725,0.008108578145006637,0.6004319654427646,0.06228926353149955,0.01625100525592736
4023,edad52d7e9d8db18b3a0416e09ef09ffa373701836960581eb4004b3a84f7b34,full|compas|non-IID|GuardFed-AD2+|S-DFA|rounds=70|seed=123|clients=20|malicious=4|epochs=1|batch=256|lr=0.005|opt=adam|root=0.05+0.05|serversamp=stratified_sensitive|serveralpha=None|synth=tvae|synth_epochs=50|sensfeat=0|agg=count|fflip=invert|rw=1|foe=state|sdfafoe=fedsa|spdfafoe=fedsa|fedsa_gain=1.75|fedsa_norm=2.0|fg=server_aeod|actfb=0.12|acttemp=0.8|actkeep=1.0|actmetric=aeod_aspd|actdrop=0.005|actrisk=0.1|actviol=0.02|ad2calw=1.0|ad2calb=0.06|ad2calt=0.03|ad2calq=41|ad2clip=5.0|ad2normclip=2.5|ad2accdrop=0.03|ad2calobj=original|ad2normmode=root|ad2uw=3.0|ad2cw=0.2|ad2aw=1.5|ad2plus=fixed|suite=server_generation_ablation|tag=real5_tvae_synth5,compas,non-IID,5.0,S-DFA,123,real5_tvae_synth5,tvae,0.05,0.05,stratified_sensitive,70,4320,1852,216,216,tvae,c418efe4118f91d1fd14466cac776c28a7a1761c793b71a9e4bcb15b8940ffb5,0.5842332613390929,58.42332613390929,0.0011239278320023666,0.0015909013979622938,0.0013574146149823302,0.5828758467241106,"[64, 66, 67]",[68],[64],[],68,0.5831533477321814,0.0011239278320023666,0.008264983711644164,0.5831533477321814,0.03161786453711919,0.0069927294755628006
4024,f6ef08616ac2d5612d5949534d92b9e639395b0921c452869cba7e35985f4ac4,full|compas|non-IID|GuardFed-AD2+|Sp-DFA|rounds=70|seed=123|clients=20|malicious=4|epochs=1|batch=256|lr=0.005|opt=adam|root=0.05+0.05|serversamp=stratified_sensitive|serveralpha=None|synth=tvae|synth_epochs=50|sensfeat=0|agg=count|fflip=invert|rw=1|foe=state|sdfafoe=fedsa|spdfafoe=fedsa|fedsa_gain=1.75|fedsa_norm=2.0|fg=server_aeod|actfb=0.12|acttemp=0.8|actkeep=1.0|actmetric=aeod_aspd|actdrop=0.005|actrisk=0.1|actviol=0.02|ad2calw=1.0|ad2calb=0.06|ad2calt=0.03|ad2calq=41|ad2clip=5.0|ad2normclip=2.5|ad2accdrop=0.03|ad2calobj=original|ad2normmode=root|ad2uw=3.0|ad2cw=0.2|ad2aw=1.5|ad2plus=fixed|suite=server_generation_ablation|tag=real5_tvae_synth5,compas,non-IID,5.0,Sp-DFA,123,real5_tvae_synth5,tvae,0.05,0.05,stratified_sensitive,70,4320,1852,216,216,tvae,c418efe4118f91d1fd14466cac776c28a7a1761c793b71a9e4bcb15b8940ffb5,0.6295896328293736,62.95896328293736,0.01955042886719907,0.0011461960181944064,0.010348312442696739,0.6192413203866769,[66],[69],[64],[],62,0.6274298056155507,0.05448092280390415,0.018832864311167707,0.597732181425486,0.026855959775214433,0.01073829263481517
4025,dde4c5816dc30b997464329279b75c09fcc789b46e4ccd07a0f87fde688ea823,full|adult|IID|GuardFed-AD2+|Benign|rounds=70|seed=123|clients=20|malicious=4|epochs=1|batch=256|lr=0.005|opt=adam|root=0.05+0.05|serversamp=stratified_sensitive|serveralpha=None|synth=smote|synth_epochs=50|sensfeat=0|agg=count|fflip=invert|rw=1|foe=state|sdfafoe=fedsa|spdfafoe=fedsa|fedsa_gain=1.75|fedsa_norm=2.0|fg=server_aeod|actfb=0.12|acttemp=0.8|actkeep=1.0|actmetric=aeod_aspd|actdrop=0.005|actrisk=0.1|actviol=0.02|ad2calw=1.0|ad2calb=0.06|ad2calt=0.03|ad2calq=41|ad2clip=5.0|ad2normclip=2.5|ad2accdrop=0.03|ad2calobj=original|ad2normmode=root|ad2uw=3.0|ad2cw=0.2|ad2aw=1.5|ad2plus=fixed|suite=server_generation_ablation|tag=real5_smote_synth5,adult,IID,5000.0,Benign,123,real5_smote_synth5,smote,0.05,0.05,stratified_sensitive,70,30162,15059,1508,1508,smote,5b47d44a6faa7fa6d651300f2f2051abedfb652b2551d3321ea1037eb3ba1b8b,0.8091506740155389,80.91506740155388,0.0168086043420419,0.1416930161390092,0.07925081024052555,0.7298998637750134,[61],[70],[63],[],68,0.8023773158908294,0.01753576241066901,0.15320011929232355,0.802576532306262,0.0168086043420419,0.15839590743714935
4026,61c0b68eef59552ad7a61ea46ef6c1ddc133975f8c3f29a71a850d1a5151a6c3,full|adult|IID|GuardFed-AD2+|F Flip|rounds=70|seed=123|clients=20|malicious=4|epochs=1|batch=256|lr=0.005|opt=adam|root=0.05+0.05|serversamp=stratified_sensitive|serveralpha=None|synth=smote|synth_epochs=50|sensfeat=0|agg=count|fflip=invert|rw=1|foe=state|sdfafoe=fedsa|spdfafoe=fedsa|fedsa_gain=1.75|fedsa_norm=2.0|fg=server_aeod|actfb=0.12|acttemp=0.8|actkeep=1.0|actmetric=aeod_aspd|actdrop=0.005|actrisk=0.1|actviol=0.02|ad2calw=1.0|ad2calb=0.06|ad2calt=0.03|ad2calq=41|ad2clip=5.0|ad2normclip=2.5|ad2accdrop=0.03|ad2calobj=original|ad2normmode=root|ad2uw=3.0|ad2cw=0.2|ad2aw=1.5|ad2plus=fixed|suite=server_generation_ablation|tag=real5_smote_synth5,adult,IID,5000.0,F Flip,123,real5_smote_synth5,smote,0.05,0.05,stratified_sensitive,70,30162,15059,1508,1508,smote,5b47d44a6faa7fa6d651300f2f2051abedfb652b2551d3321ea1037eb3ba1b8b,0.8368417557606747,83.68417557606746,0.13030295587184426,0.19094782228717794,0.1606253890795111,0.6762163666811636,"[69, 70]",[67],[63],[],63,0.8358456736835115,0.13739060498066147,0.19094782228717794,0.8368417557606747,0.15359486271107153,0.21391253744586114
4027,8b2f9c74ffcd0eb9248e2b4750bc55023bacf064d5f3b5fdd9e3c14ed99f3284,full|adult|IID|GuardFed-AD2+|FedSA|rounds=70|seed=123|clients=20|malicious=4|epochs=1|batch=256|lr=0.005|opt=adam|root=0.05+0.05|serversamp=stratified_sensitive|serveralpha=None|synth=smote|synth_epochs=50|sensfeat=0|agg=count|fflip=invert|rw=1|foe=state|sdfafoe=fedsa|spdfafoe=fedsa|fedsa_gain=1.75|fedsa_norm=2.0|fg=server_aeod|actfb=0.12|acttemp=0.8|actkeep=1.0|actmetric=aeod_aspd|actdrop=0.005|actrisk=0.1|actviol=0.02|ad2calw=1.0|ad2calb=0.06|ad2calt=0.03|ad2calq=41|ad2clip=5.0|ad2normclip=2.5|ad2accdrop=0.03|ad2calobj=original|ad2normmode=root|ad2uw=3.0|ad2cw=0.2|ad2aw=1.5|ad2plus=fixed|suite=server_generation_ablation|tag=real5_smote_synth5,adult,IID,5000.0,FedSA,123,real5_smote_synth5,smote,0.05,0.05,stratified_sensitive,70,30162,15059,1508,1508,smote,5b47d44a6faa7fa6d651300f2f2051abedfb652b2551d3321ea1037eb3ba1b8b,0.8267481240454213,82.67481240454214,0.07621393413078903,0.17749407400176434,0.12685400406627667,0.6998941199791446,[62],[61],[61],[],61,0.8220997410186599,0.07621393413078903,0.17749407400176434,0.8217677136596055,0.10716699102219684,0.2042124128774242
4028,caf39edb577dae819561fc0b17800bc5652ac551391e6ef2219f3614e5e7cf10,full|adult|IID|GuardFed-AD2+|S-DFA|rounds=70|seed=123|clients=20|malicious=4|epochs=1|batch=256|lr=0.005|opt=adam|root=0.05+0.05|serversamp=stratified_sensitive|serveralpha=None|synth=smote|synth_epochs=50|sensfeat=0|agg=count|fflip=invert|rw=1|foe=state|sdfafoe=fedsa|spdfafoe=fedsa|fedsa_gain=1.75|fedsa_norm=2.0|fg=server_aeod|actfb=0.12|acttemp=0.8|actkeep=1.0|actmetric=aeod_aspd|actdrop=0.005|actrisk=0.1|actviol=0.02|ad2calw=1.0|ad2calb=0.06|ad2calt=0.03|ad2calq=41|ad2clip=5.0|ad2normclip=2.5|ad2accdrop=0.03|ad2calobj=original|ad2normmode=root|ad2uw=3.0|ad2cw=0.2|ad2aw=1.5|ad2plus=fixed|suite=server_generation_ablation|tag=real5_smote_synth5,adult,IID,5000.0,S-DFA,123,real5_smote_synth5,smote,0.05,0.05,stratified_sensitive,70,30162,15059,1508,1508,smote,5b47d44a6faa7fa6d651300f2f2051abedfb652b2551d3321ea1037eb3ba1b8b,0.7851118932200013,78.51118932200013,0.001197268901682924,0.016138387280289518,0.008667828090986221,0.7764440651290151,[69],[63],[69],[],69,0.7851118932200013,0.010190494850201404,0.016138387280289518,0.7578192443057308,0.004877614098983685,0.036275466726401084
4029,589fa19863be316c006403ef46136fcb465008aeaeb7dc5e245b202606f60066,full|adult|IID|GuardFed-AD2+|Sp-DFA|rounds=70|seed=123|clients=20|malicious=4|epochs=1|batch=256|lr=0.005|opt=adam|root=0.05+0.05|serversamp=stratified_sensitive|serveralpha=None|synth=smote|synth_epochs=50|sensfeat=0|agg=count|fflip=invert|rw=1|foe=state|sdfafoe=fedsa|spdfafoe=fedsa|fedsa_gain=1.75|fedsa_norm=2.0|fg=server_aeod|actfb=0.12|acttemp=0.8|actkeep=1.0|actmetric=aeod_aspd|actdrop=0.005|actrisk=0.1|actviol=0.02|ad2calw=1.0|ad2calb=0.06|ad2calt=0.03|ad2calq=41|ad2clip=5.0|ad2normclip=2.5|ad2accdrop=0.03|ad2calobj=original|ad2normmode=root|ad2uw=3.0|ad2cw=0.2|ad2aw=1.5|ad2plus=fixed|suite=server_generation_ablation|tag=real5_smote_synth5,adult,IID,5000.0,Sp-DFA,123,real5_smote_synth5,smote,0.05,0.05,stratified_sensitive,70,30162,15059,1508,1508,smote,5b47d44a6faa7fa6d651300f2f2051abedfb652b2551d3321ea1037eb3ba1b8b,0.8387011089713793,83.87011089713793,0.09550789963276518,0.1566500956581438,0.1260789976454545,0.7126221113259248,[66],[63],[64],[],64,0.8331894548110764,0.10152737467376416,0.1566500956581438,0.8382362706687031,0.1139604638503049,0.18708695103192952
4030,2bd992f39af73b578a82bd41118119704fe26ba4c2813e53100897b554dede7e,full|adult|non-IID|GuardFed-AD2+|Benign|rounds=70|seed=123|clients=20|malicious=4|epochs=1|batch=256|lr=0.005|opt=adam|root=0.05+0.05|serversamp=stratified_sensitive|serveralpha=None|synth=smote|synth_epochs=50|sensfeat=0|agg=count|fflip=invert|rw=1|foe=state|sdfafoe=fedsa|spdfafoe=fedsa|fedsa_gain=1.75|fedsa_norm=2.0|fg=server_aeod|actfb=0.12|acttemp=0.8|actkeep=1.0|actmetric=aeod_aspd|actdrop=0.005|actrisk=0.1|actviol=0.02|ad2calw=1.0|ad2calb=0.06|ad2calt=0.03|ad2calq=41|ad2clip=5.0|ad2normclip=2.5|ad2accdrop=0.03|ad2calobj=original|ad2normmode=root|ad2uw=3.0|ad2cw=0.2|ad2aw=1.5|ad2plus=fixed|suite=server_generation_ablation|tag=real5_smote_synth5,adult,non-IID,5.0,Benign,123,real5_smote_synth5,smote,0.05,0.05,stratified_sensitive,70,30162,15059,1508,1508,smote,5b47d44a6faa7fa6d651300f2f2051abedfb652b2551d3321ea1037eb3ba1b8b,0.8270801514044758,82.70801514044757,0.08975860979715544,0.17784185614233294,0.1338002329697442,0.6932799184347316,[62],[63],[64],[],63,0.8218341191314165,0.08975860979715544,0.18255278350292928,0.8151271664785178,0.10764395644820124,0.20308330453538326
4031,c95210d1012c50c75a88216f422a8d7a50c0cce9a76bde8ad65e5c6152f4a11c,full|adult|non-IID|GuardFed-AD2+|F Flip|rounds=70|seed=123|clients=20|malicious=4|epochs=1|batch=256|lr=0.005|opt=adam|root=0.05+0.05|serversamp=stratified_sensitive|serveralpha=None|synth=smote|synth_epochs=50|sensfeat=0|agg=count|fflip=invert|rw=1|foe=state|sdfafoe=fedsa|spdfafoe=fedsa|fedsa_gain=1.75|fedsa_norm=2.0|fg=server_aeod|actfb=0.12|acttemp=0.8|actkeep=1.0|actmetric=aeod_aspd|actdrop=0.005|actrisk=0.1|actviol=0.02|ad2calw=1.0|ad2calb=0.06|ad2calt=0.03|ad2calq=41|ad2clip=5.0|ad2normclip=2.5|ad2accdrop=0.03|ad2calobj=original|ad2normmode=root|ad2uw=3.0|ad2cw=0.2|ad2aw=1.5|ad2plus=fixed|suite=server_generation_ablation|tag=real5_smote_synth5,adult,non-IID,5.0,F Flip,123,real5_smote_synth5,smote,0.05,0.05,stratified_sensitive,70,30162,15059,1508,1508,smote,5b47d44a6faa7fa6d651300f2f2051abedfb652b2551d3321ea1037eb3ba1b8b,0.8392987582176772,83.92987582176772,0.10346379718173415,0.20375963006059025,0.15361171362116222,0.685687044596515,[67],[66],[68],[],68,0.8341855368882396,0.11896146062236279,0.20375963006059025,0.8335214821701308,0.11296197814413045,0.21976049734932473
4032,12d74d0e83d1c267fe90969a774ed2684dbec53ad57e1c7fd298418a424008d6,full|adult|non-IID|GuardFed-AD2+|FedSA|rounds=70|seed=123|clients=20|malicious=4|epochs=1|batch=256|lr=0.005|opt=adam|root=0.05+0.05|serversamp=stratified_sensitive|serveralpha=None|synth=smote|synth_epochs=50|sensfeat=0|agg=count|fflip=invert|rw=1|foe=state|sdfafoe=fedsa|spdfafoe=fedsa|fedsa_gain=1.75|fedsa_norm=2.0|fg=server_aeod|actfb=0.12|acttemp=0.8|actkeep=1.0|actmetric=aeod_aspd|actdrop=0.005|actrisk=0.1|actviol=0.02|ad2calw=1.0|ad2calb=0.06|ad2calt=0.03|ad2calq=41|ad2clip=5.0|ad2normclip=2.5|ad2accdrop=0.03|ad2calobj=original|ad2normmode=root|ad2uw=3.0|ad2cw=0.2|ad2aw=1.5|ad2plus=fixed|suite=server_generation_ablation|tag=real5_smote_synth5,adult,non-IID,5.0,FedSA,123,real5_smote_synth5,smote,0.05,0.05,stratified_sensitive,70,30162,15059,1508,1508,smote,5b47d44a6faa7fa6d651300f2f2051abedfb652b2551d3321ea1037eb3ba1b8b,0.8325254000929677,83.25254000929677,0.07696279841041997,0.16729847623837102,0.1221306373243955,0.7103947627685723,[62],[63],[63],[],63,0.829072315558802,0.07696279841041997,0.16729847623837102,0.8310644797131284,0.13098270300591042,0.20717225234555342
4033,fec3198c9fc8374cc55210aea95297c0c2a50abffd7692b1709eef2fb0ad3f80,full|adult|non-IID|GuardFed-AD2+|S-DFA|rounds=70|seed=123|clients=20|malicious=4|epochs=1|batch=256|lr=0.005|opt=adam|root=0.05+0.05|serversamp=stratified_sensitive|serveralpha=None|synth=smote|synth_epochs=50|sensfeat=0|agg=count|fflip=invert|rw=1|foe=state|sdfafoe=fedsa|spdfafoe=fedsa|fedsa_gain=1.75|fedsa_norm=2.0|fg=server_aeod|actfb=0.12|acttemp=0.8|actkeep=1.0|actmetric=aeod_aspd|actdrop=0.005|actrisk=0.1|actviol=0.02|ad2calw=1.0|ad2calb=0.06|ad2calt=0.03|ad2calq=41|ad2clip=5.0|ad2normclip=2.5|ad2accdrop=0.03|ad2calobj=original|ad2normmode=root|ad2uw=3.0|ad2cw=0.2|ad2aw=1.5|ad2plus=fixed|suite=server_generation_ablation|tag=real5_smote_synth5,adult,non-IID,5.0,S-DFA,123,real5_smote_synth5,smote,0.05,0.05,stratified_sensitive,70,30162,15059,1508,1508,smote,5b47d44a6faa7fa6d651300f2f2051abedfb652b2551d3321ea1037eb3ba1b8b,0.8336542931137526,83.36542931137527,0.08734922037573456,0.1745632832495755,0.13095625181265502,0.7026980413010976,[67],[64],[62],[],62,0.8322597782057242,0.10950554964981596,0.1745632832495755,0.8254864200810147,0.13336981500024847,0.21905169263136393
4034,314a8ed77f53d0a97c22c923f47fa086628ba2d2f48b64dfdeaa76192d643e28,full|adult|non-IID|GuardFed-AD2+|Sp-DFA|rounds=70|seed=123|clients=20|malicious=4|epochs=1|batch=256|lr=0.005|opt=adam|root=0.05+0.05|serversamp=stratified_sensitive|serveralpha=None|synth=smote|synth_epochs=50|sensfeat=0|agg=count|fflip=invert|rw=1|foe=state|sdfafoe=fedsa|spdfafoe=fedsa|fedsa_gain=1.75|fedsa_norm=2.0|fg=server_aeod|actfb=0.12|acttemp=0.8|actkeep=1.0|actmetric=aeod_aspd|actdrop=0.005|actrisk=0.1|actviol=0.02|ad2calw=1.0|ad2calb=0.06|ad2calt=0.03|ad2calq=41|ad2clip=5.0|ad2normclip=2.5|ad2accdrop=0.03|ad2calobj=original|ad2normmode=root|ad2uw=3.0|ad2cw=0.2|ad2aw=1.5|ad2plus=fixed|suite=server_generation_ablation|tag=real5_smote_synth5,adult,non-IID,5.0,Sp-DFA,123,real5_smote_synth5,smote,0.05,0.05,stratified_sensitive,70,30162,15059,1508,1508,smote,5b47d44a6faa7fa6d651300f2f2051abedfb652b2551d3321ea1037eb3ba1b8b,0.8412245169001926,84.12245169001926,0.1027337830327118,0.18224235544321782,0.1424880692379648,0.6987364476622278,[69],[69],[69],[69],69,0.8412245169001926,0.1027337830327118,0.18224235544321782,0.8387675144431901,0.1370964286999522,0.2161454568711026
4035,8c5c91eaabbe750c79ff5d14063a3b25522b17fd028ce220750eed34dea9f57f,full|compas|IID|GuardFed-AD2+|Benign|rounds=70|seed=123|clients=20|malicious=4|epochs=1|batch=256|lr=0.005|opt=adam|root=0.05+0.05|serversamp=stratified_sensitive|serveralpha=None|synth=smote|synth_epochs=50|sensfeat=0|agg=count|fflip=invert|rw=1|foe=state|sdfafoe=fedsa|spdfafoe=fedsa|fedsa_gain=1.75|fedsa_norm=2.0|fg=server_aeod|actfb=0.12|acttemp=0.8|actkeep=1.0|actmetric=aeod_aspd|actdrop=0.005|actrisk=0.1|actviol=0.02|ad2calw=1.0|ad2calb=0.06|ad2calt=0.03|ad2calq=41|ad2clip=5.0|ad2normclip=2.5|ad2accdrop=0.03|ad2calobj=original|ad2normmode=root|ad2uw=3.0|ad2cw=0.2|ad2aw=1.5|ad2plus=fixed|suite=server_generation_ablation|tag=real5_smote_synth5,compas,IID,5000.0,Benign,123,real5_smote_synth5,smote,0.05,0.05,stratified_sensitive,70,4320,1852,216,216,smote,5b47d44a6faa7fa6d651300f2f2051abedfb652b2551d3321ea1037eb3ba1b8b,0.6409287257019438,64.09287257019439,0.012126589766341317,0.014850358390516682,0.013488474078429,0.6274402516235148,[62],[69],[63],[],69,0.6052915766738661,0.012126589766341317,0.024483307207378596,0.6339092872570194,0.1815143448683822,0.06856750009045842
4036,75748d9d1bc221b50d521da718c967985761d0e357527db870aca4e06daa74b8,full|compas|IID|GuardFed-AD2+|F Flip|rounds=70|seed=123|clients=20|malicious=4|epochs=1|batch=256|lr=0.005|opt=adam|root=0.05+0.05|serversamp=stratified_sensitive|serveralpha=None|synth=smote|synth_epochs=50|sensfeat=0|agg=count|fflip=invert|rw=1|foe=state|sdfafoe=fedsa|spdfafoe=fedsa|fedsa_gain=1.75|fedsa_norm=2.0|fg=server_aeod|actfb=0.12|acttemp=0.8|actkeep=1.0|actmetric=aeod_aspd|actdrop=0.005|actrisk=0.1|actviol=0.02|ad2calw=1.0|ad2calb=0.06|ad2calt=0.03|ad2calq=41|ad2clip=5.0|ad2normclip=2.5|ad2accdrop=0.03|ad2calobj=original|ad2normmode=root|ad2uw=3.0|ad2cw=0.2|ad2aw=1.5|ad2plus=fixed|suite=server_generation_ablation|tag=real5_smote_synth5,compas,IID,5000.0,F Flip,123,real5_smote_synth5,smote,0.05,0.05,stratified_sensitive,70,4320,1852,216,216,smote,5b47d44a6faa7fa6d651300f2f2051abedfb652b2551d3321ea1037eb3ba1b8b,0.6398488120950324,63.98488120950324,0.023868677905944935,0.009580424559409023,0.01672455123267698,0.6231242608623554,"[61, 63]",[66],[67],[],66,0.6382289416846653,0.023868677905944935,0.01692098133988218,0.6382289416846653,0.14324164448388055,0.04935762833135102
4037,42d921c35ea10a3b8bf83165c45282025ce41ec14c0460090b01e2cef103e204,full|compas|IID|GuardFed-AD2+|FedSA|rounds=70|seed=123|clients=20|malicious=4|epochs=1|batch=256|lr=0.005|opt=adam|root=0.05+0.05|serversamp=stratified_sensitive|serveralpha=None|synth=smote|synth_epochs=50|sensfeat=0|agg=count|fflip=invert|rw=1|foe=state|sdfafoe=fedsa|spdfafoe=fedsa|fedsa_gain=1.75|fedsa_norm=2.0|fg=server_aeod|actfb=0.12|acttemp=0.8|actkeep=1.0|actmetric=aeod_aspd|actdrop=0.005|actrisk=0.1|actviol=0.02|ad2calw=1.0|ad2calb=0.06|ad2calt=0.03|ad2calq=41|ad2clip=5.0|ad2normclip=2.5|ad2accdrop=0.03|ad2calobj=original|ad2normmode=root|ad2uw=3.0|ad2cw=0.2|ad2aw=1.5|ad2plus=fixed|suite=server_generation_ablation|tag=real5_smote_synth5,compas,IID,5000.0,FedSA,123,real5_smote_synth5,smote,0.05,0.05,stratified_sensitive,70,4320,1852,216,216,smote,5b47d44a6faa7fa6d651300f2f2051abedfb652b2551d3321ea1037eb3ba1b8b,0.6187904967602592,61.87904967602592,0.03099674652469686,0.002929686360150674,0.016963216442423767,0.6018272803178355,[62],[64],[70],[],64,0.6177105831533477,0.03099674652469686,0.019192363673289775,0.6063714902807775,0.041762792073351096,0.002929686360150674
4038,6edd8f4b940ef59e65fdc3915bfdb31c7d54d90827d2f7ad18f2d9d1f41c0afe,full|compas|IID|GuardFed-AD2+|S-DFA|rounds=70|seed=123|clients=20|malicious=4|epochs=1|batch=256|lr=0.005|opt=adam|root=0.05+0.05|serversamp=stratified_sensitive|serveralpha=None|synth=smote|synth_epochs=50|sensfeat=0|agg=count|fflip=invert|rw=1|foe=state|sdfafoe=fedsa|spdfafoe=fedsa|fedsa_gain=1.75|fedsa_norm=2.0|fg=server_aeod|actfb=0.12|acttemp=0.8|actkeep=1.0|actmetric=aeod_aspd|actdrop=0.005|actrisk=0.1|actviol=0.02|ad2calw=1.0|ad2calb=0.06|ad2calt=0.03|ad2calq=41|ad2clip=5.0|ad2normclip=2.5|ad2accdrop=0.03|ad2calobj=original|ad2normmode=root|ad2uw=3.0|ad2cw=0.2|ad2aw=1.5|ad2plus=fixed|suite=server_generation_ablation|tag=real5_smote_synth5,compas,IID,5000.0,S-DFA,123,real5_smote_synth5,smote,0.05,0.05,stratified_sensitive,70,4320,1852,216,216,smote,5b47d44a6faa7fa6d651300f2f2051abedfb652b2551d3321ea1037eb3ba1b8b,0.6447084233261339,64.47084233261339,0.022626441881100273,0.007104781224795659,0.014865611552947966,0.6298428117731859,"[64, 66]",[65],[69],[],65,0.6187904967602592,0.022626441881100273,0.019759625653781115,0.6382289416846653,0.19343389529724936,0.10932398946246674
4039,4b7416b65e2d0933e2cfc41f1a511744d04609a7c381e3146ef476f30707528b,full|compas|IID|GuardFed-AD2+|Sp-DFA|rounds=70|seed=123|clients=20|malicious=4|epochs=1|batch=256|lr=0.005|opt=adam|root=0.05+0.05|serversamp=stratified_sensitive|serveralpha=None|synth=smote|synth_epochs=50|sensfeat=0|agg=count|fflip=invert|rw=1|foe=state|sdfafoe=fedsa|spdfafoe=fedsa|fedsa_gain=1.75|fedsa_norm=2.0|fg=server_aeod|actfb=0.12|acttemp=0.8|actkeep=1.0|actmetric=aeod_aspd|actdrop=0.005|actrisk=0.1|actviol=0.02|ad2calw=1.0|ad2calb=0.06|ad2calt=0.03|ad2calq=41|ad2clip=5.0|ad2normclip=2.5|ad2accdrop=0.03|ad2calobj=original|ad2normmode=root|ad2uw=3.0|ad2cw=0.2|ad2aw=1.5|ad2plus=fixed|suite=server_generation_ablation|tag=real5_smote_synth5,compas,IID,5000.0,Sp-DFA,123,real5_smote_synth5,smote,0.05,0.05,stratified_sensitive,70,4320,1852,216,216,smote,5b47d44a6faa7fa6d651300f2f2051abedfb652b2551d3321ea1037eb3ba1b8b,0.6366090712742981,63.66090712742981,0.04161490683229818,0.0008077063590534728,0.021211306595675827,0.6153977646786223,[69],[64],[70],[],65,0.6241900647948164,0.04826974267968054,0.015959203825633456,0.6150107991360692,0.07320319432120675,0.0008077063590534728
4040,bcf4c0bed6f22a8ded0ec2d97918ec1af9f1a47da2cad7ebfc4347729dfa560f,full|compas|non-IID|GuardFed-AD2+|Benign|rounds=70|seed=123|clients=20|malicious=4|epochs=1|batch=256|lr=0.005|opt=adam|root=0.05+0.05|serversamp=stratified_sensitive|serveralpha=None|synth=smote|synth_epochs=50|sensfeat=0|agg=count|fflip=invert|rw=1|foe=state|sdfafoe=fedsa|spdfafoe=fedsa|fedsa_gain=1.75|fedsa_norm=2.0|fg=server_aeod|actfb=0.12|acttemp=0.8|actkeep=1.0|actmetric=aeod_aspd|actdrop=0.005|actrisk=0.1|actviol=0.02|ad2calw=1.0|ad2calb=0.06|ad2calt=0.03|ad2calq=41|ad2clip=5.0|ad2normclip=2.5|ad2accdrop=0.03|ad2calobj=original|ad2normmode=root|ad2uw=3.0|ad2cw=0.2|ad2aw=1.5|ad2plus=fixed|suite=server_generation_ablation|tag=real5_smote_synth5,compas,non-IID,5.0,Benign,123,real5_smote_synth5,smote,0.05,0.05,stratified_sensitive,70,4320,1852,216,216,smote,5b47d44a6faa7fa6d651300f2f2051abedfb652b2551d3321ea1037eb3ba1b8b,0.6414686825053996,64.14686825053995,0.06015971606033721,0.0034771058433820112,0.03181841095185961,0.6096502715535399,[66],[68],[68],[],68,0.6360691144708424,0.06015971606033721,0.0034771058433820112,0.6322894168466523,0.10783791777580598,0.030466403734124542
4041,a4b44bebb6a258b4f80931b682a78d87e8393ac54f2e22a3e9ca7e58df3ea7c1,full|compas|non-IID|GuardFed-AD2+|F Flip|rounds=70|seed=123|clients=20|malicious=4|epochs=1|batch=256|lr=0.005|opt=adam|root=0.05+0.05|serversamp=stratified_sensitive|serveralpha=None|synth=smote|synth_epochs=50|sensfeat=0|agg=count|fflip=invert|rw=1|foe=state|sdfafoe=fedsa|spdfafoe=fedsa|fedsa_gain=1.75|fedsa_norm=2.0|fg=server_aeod|actfb=0.12|acttemp=0.8|actkeep=1.0|actmetric=aeod_aspd|actdrop=0.005|actrisk=0.1|actviol=0.02|ad2calw=1.0|ad2calb=0.06|ad2calt=0.03|ad2calq=41|ad2clip=5.0|ad2normclip=2.5|ad2accdrop=0.03|ad2calobj=original|ad2normmode=root|ad2uw=3.0|ad2cw=0.2|ad2aw=1.5|ad2plus=fixed|suite=server_generation_ablation|tag=real5_smote_synth5,compas,non-IID,5.0,F Flip,123,real5_smote_synth5,smote,0.05,0.05,stratified_sensitive,70,4320,1852,216,216,smote,5b47d44a6faa7fa6d651300f2f2051abedfb652b2551d3321ea1037eb3ba1b8b,0.6393088552915767,63.93088552915766,0.10452528837622005,0.015508662417259733,0.06001697539673989,0.5792918798948368,[63],[68],[64],[],64,0.6328293736501079,0.11390121265897662,0.015508662417259733,0.6268898488120951,0.13081928423543326,0.03917609282553661
4042,48e29beb288901298963eba7c997b07c0c6e268dfbcdaa486374684dfd18a0df,full|compas|non-IID|GuardFed-AD2+|FedSA|rounds=70|seed=123|clients=20|malicious=4|epochs=1|batch=256|lr=0.005|opt=adam|root=0.05+0.05|serversamp=stratified_sensitive|serveralpha=None|synth=smote|synth_epochs=50|sensfeat=0|agg=count|fflip=invert|rw=1|foe=state|sdfafoe=fedsa|spdfafoe=fedsa|fedsa_gain=1.75|fedsa_norm=2.0|fg=server_aeod|actfb=0.12|acttemp=0.8|actkeep=1.0|actmetric=aeod_aspd|actdrop=0.005|actrisk=0.1|actviol=0.02|ad2calw=1.0|ad2calb=0.06|ad2calt=0.03|ad2calq=41|ad2clip=5.0|ad2normclip=2.5|ad2accdrop=0.03|ad2calobj=original|ad2normmode=root|ad2uw=3.0|ad2cw=0.2|ad2aw=1.5|ad2plus=fixed|suite=server_generation_ablation|tag=real5_smote_synth5,compas,non-IID,5.0,FedSA,123,real5_smote_synth5,smote,0.05,0.05,stratified_sensitive,70,4320,1852,216,216,smote,5b47d44a6faa7fa6d651300f2f2051abedfb652b2551d3321ea1037eb3ba1b8b,0.6268898488120951,62.68898488120951,0.03490091688849453,0.001623583158155209,0.01826225002332487,0.6086275987887703,[65],[70],[70],[],70,0.603671706263499,0.03490091688849453,0.001623583158155209,0.603671706263499,0.03490091688849453,0.001623583158155209
4043,6b608843133bb0c7732a559ffe82fee421f37c6d6875cd788e1ccd35faad9df0,full|compas|non-IID|GuardFed-AD2+|S-DFA|rounds=70|seed=123|clients=20|malicious=4|epochs=1|batch=256|lr=0.005|opt=adam|root=0.05+0.05|serversamp=stratified_sensitive|serveralpha=None|synth=smote|synth_epochs=50|sensfeat=0|agg=count|fflip=invert|rw=1|foe=state|sdfafoe=fedsa|spdfafoe=fedsa|fedsa_gain=1.75|fedsa_norm=2.0|fg=server_aeod|actfb=0.12|acttemp=0.8|actkeep=1.0|actmetric=aeod_aspd|actdrop=0.005|actrisk=0.1|actviol=0.02|ad2calw=1.0|ad2calb=0.06|ad2calt=0.03|ad2calq=41|ad2clip=5.0|ad2normclip=2.5|ad2accdrop=0.03|ad2calobj=original|ad2normmode=root|ad2uw=3.0|ad2cw=0.2|ad2aw=1.5|ad2plus=fixed|suite=server_generation_ablation|tag=real5_smote_synth5,compas,non-IID,5.0,S-DFA,123,real5_smote_synth5,smote,0.05,0.05,stratified_sensitive,70,4320,1852,216,216,smote,5b47d44a6faa7fa6d651300f2f2051abedfb652b2551d3321ea1037eb3ba1b8b,0.6479481641468683,64.79481641468684,0.022892635314995524,0.0007633525416488179,0.011827993928322171,0.6361201702185462,[66],[62],[64],[],62,0.6387688984881209,0.022892635314995524,0.017087891758010287,0.6290496760259179,0.07530316474415855,0.04948251934351677
4044,509da2bb2d5c95e405bc0345ac87acb357df1562f598accd2a88c9bad16a72c2,full|compas|non-IID|GuardFed-AD2+|Sp-DFA|rounds=70|seed=123|clients=20|malicious=4|epochs=1|batch=256|lr=0.005|opt=adam|root=0.05+0.05|serversamp=stratified_sensitive|serveralpha=None|synth=smote|synth_epochs=50|sensfeat=0|agg=count|fflip=invert|rw=1|foe=state|sdfafoe=fedsa|spdfafoe=fedsa|fedsa_gain=1.75|fedsa_norm=2.0|fg=server_aeod|actfb=0.12|acttemp=0.8|actkeep=1.0|actmetric=aeod_aspd|actdrop=0.005|actrisk=0.1|actviol=0.02|ad2calw=1.0|ad2calb=0.06|ad2calt=0.03|ad2calq=41|ad2clip=5.0|ad2normclip=2.5|ad2accdrop=0.03|ad2calobj=original|ad2normmode=root|ad2uw=3.0|ad2cw=0.2|ad2aw=1.5|ad2plus=fixed|suite=server_generation_ablation|tag=real5_smote_synth5,compas,non-IID,5.0,Sp-DFA,123,real5_smote_synth5,smote,0.05,0.05,stratified_sensitive,70,4320,1852,216,216,smote,5b47d44a6faa7fa6d651300f2f2051abedfb652b2551d3321ea1037eb3ba1b8b,0.6333693304535637,63.33693304535637,0.08024253179532687,0.00440036556883186,0.04232144868207936,0.5910478817714844,[67],[67],[67],[67],67,0.6333693304535637,0.08024253179532687,0.00440036556883186,0.6301295896328294,0.09656906240757174,0.014893545002200165
4045,504f88dad60696b06a104445515b2babc1419bf0e58dd8d4e54acce2721d8281,full|adult|IID|GuardFed-AD2+|Benign|rounds=70|seed=123|clients=20|malicious=4|epochs=1|batch=256|lr=0.005|opt=adam|root=0.05+0.05|serversamp=stratified_sensitive|serveralpha=None|synth=pca_gaussian|synth_epochs=50|sensfeat=0|agg=count|fflip=invert|rw=1|foe=state|sdfafoe=fedsa|spdfafoe=fedsa|fedsa_gain=1.75|fedsa_norm=2.0|fg=server_aeod|actfb=0.12|acttemp=0.8|actkeep=1.0|actmetric=aeod_aspd|actdrop=0.005|actrisk=0.1|actviol=0.02|ad2calw=1.0|ad2calb=0.06|ad2calt=0.03|ad2calq=41|ad2clip=5.0|ad2normclip=2.5|ad2accdrop=0.03|ad2calobj=original|ad2normmode=root|ad2uw=3.0|ad2cw=0.2|ad2aw=1.5|ad2plus=fixed|suite=server_generation_ablation|tag=real5_pca_gaussian_synth5,adult,IID,5000.0,Benign,123,real5_pca_gaussian_synth5,pca_gaussian,0.05,0.05,stratified_sensitive,70,30162,15059,1508,1508,pca_gaussian,da38e885284dbcd0d01938ea3b6b4ccaed9ae3cfead8c26e84e441316d0892b6,0.8083538083538083,80.83538083538083,0.003949959186611146,0.009972416157842699,0.006961187672226922,0.8013926206815813,[64],[61],[63],[],61,0.7960023905969852,0.003949959186611146,0.03719716161947234,0.7896938707749519,0.02619939668157731,0.026226677321607283
4046,0a439da3042f4086cbfb3b745d7dd20e846ae0bd1bdb984728e05f792c652a66,full|adult|IID|GuardFed-AD2+|F Flip|rounds=70|seed=123|clients=20|malicious=4|epochs=1|batch=256|lr=0.005|opt=adam|root=0.05+0.05|serversamp=stratified_sensitive|serveralpha=None|synth=pca_gaussian|synth_epochs=50|sensfeat=0|agg=count|fflip=invert|rw=1|foe=state|sdfafoe=fedsa|spdfafoe=fedsa|fedsa_gain=1.75|fedsa_norm=2.0|fg=server_aeod|actfb=0.12|acttemp=0.8|actkeep=1.0|actmetric=aeod_aspd|actdrop=0.005|actrisk=0.1|actviol=0.02|ad2calw=1.0|ad2calb=0.06|ad2calt=0.03|ad2calq=41|ad2clip=5.0|ad2normclip=2.5|ad2accdrop=0.03|ad2calobj=original|ad2normmode=root|ad2uw=3.0|ad2cw=0.2|ad2aw=1.5|ad2plus=fixed|suite=server_generation_ablation|tag=real5_pca_gaussian_synth5,adult,IID,5000.0,F Flip,123,real5_pca_gaussian_synth5,pca_gaussian,0.05,0.05,stratified_sensitive,70,30162,15059,1508,1508,pca_gaussian,da38e885284dbcd0d01938ea3b6b4ccaed9ae3cfead8c26e84e441316d0892b6,0.8084202138256192,80.84202138256192,0.013338466661830362,0.01115968211556823,0.012249074388699295,0.79617113943692,[68],[64],[69],[],63,0.8007171790955575,0.01908490041704486,0.04046478105994833,0.7796002390596986,0.038540520069391335,0.014422767709495507
4047,9d85a533ac065550ff3c2a40d055d44bafd0f297901211e351df0b6dba93a19c,full|adult|IID|GuardFed-AD2+|FedSA|rounds=70|seed=123|clients=20|malicious=4|epochs=1|batch=256|lr=0.005|opt=adam|root=0.05+0.05|serversamp=stratified_sensitive|serveralpha=None|synth=pca_gaussian|synth_epochs=50|sensfeat=0|agg=count|fflip=invert|rw=1|foe=state|sdfafoe=fedsa|spdfafoe=fedsa|fedsa_gain=1.75|fedsa_norm=2.0|fg=server_aeod|actfb=0.12|acttemp=0.8|actkeep=1.0|actmetric=aeod_aspd|actdrop=0.005|actrisk=0.1|actviol=0.02|ad2calw=1.0|ad2calb=0.06|ad2calt=0.03|ad2calq=41|ad2clip=5.0|ad2normclip=2.5|ad2accdrop=0.03|ad2calobj=original|ad2normmode=root|ad2uw=3.0|ad2cw=0.2|ad2aw=1.5|ad2plus=fixed|suite=server_generation_ablation|tag=real5_pca_gaussian_synth5,adult,IID,5000.0,FedSA,123,real5_pca_gaussian_synth5,pca_gaussian,0.05,0.05,stratified_sensitive,70,30162,15059,1508,1508,pca_gaussian,da38e885284dbcd0d01938ea3b6b4ccaed9ae3cfead8c26e84e441316d0892b6,0.8132678132678133,81.32678132678133,0.004793645335363819,0.009665779677767088,0.007229712506565454,0.8060381007612478,[63],[70],[62],[],64,0.7932133607809283,0.007109355319821015,0.03222605967529072,0.7702370675343648,0.004793645335363819,0.012056922323051493
4048,995be317b230cc0c5dbb99bccde0d3d949da8ed9c41fb93b85095e784760969a,full|adult|IID|GuardFed-AD2+|S-DFA|rounds=70|seed=123|clients=20|malicious=4|epochs=1|batch=256|lr=0.005|opt=adam|root=0.05+0.05|serversamp=stratified_sensitive|serveralpha=None|synth=pca_gaussian|synth_epochs=50|sensfeat=0|agg=count|fflip=invert|rw=1|foe=state|sdfafoe=fedsa|spdfafoe=fedsa|fedsa_gain=1.75|fedsa_norm=2.0|fg=server_aeod|actfb=0.12|acttemp=0.8|actkeep=1.0|actmetric=aeod_aspd|actdrop=0.005|actrisk=0.1|actviol=0.02|ad2calw=1.0|ad2calb=0.06|ad2calt=0.03|ad2calq=41|ad2clip=5.0|ad2normclip=2.5|ad2accdrop=0.03|ad2calobj=original|ad2normmode=root|ad2uw=3.0|ad2cw=0.2|ad2aw=1.5|ad2plus=fixed|suite=server_generation_ablation|tag=real5_pca_gaussian_synth5,adult,IID,5000.0,S-DFA,123,real5_pca_gaussian_synth5,pca_gaussian,0.05,0.05,stratified_sensitive,70,30162,15059,1508,1508,pca_gaussian,da38e885284dbcd0d01938ea3b6b4ccaed9ae3cfead8c26e84e441316d0892b6,0.7999867189056378,79.99867189056377,0.0023139963362200644,0.0004414482004621396,0.001377722268341102,0.7986089966372967,[61],[69],[68],[],69,0.7934789826681719,0.0023139963362200644,0.034501649417386676,0.7701042565907431,0.045904637760467396,0.006224830882508414
4049,67fbab89a1f65194275418525459b5f8f10a7ccba66a922e3b05ed4a3fe1d6ad,full|adult|IID|GuardFed-AD2+|Sp-DFA|rounds=70|seed=123|clients=20|malicious=4|epochs=1|batch=256|lr=0.005|opt=adam|root=0.05+0.05|serversamp=stratified_sensitive|serveralpha=None|synth=pca_gaussian|synth_epochs=50|sensfeat=0|agg=count|fflip=invert|rw=1|foe=state|sdfafoe=fedsa|spdfafoe=fedsa|fedsa_gain=1.75|fedsa_norm=2.0|fg=server_aeod|actfb=0.12|acttemp=0.8|actkeep=1.0|actmetric=aeod_aspd|actdrop=0.005|actrisk=0.1|actviol=0.02|ad2calw=1.0|ad2calb=0.06|ad2calt=0.03|ad2calq=41|ad2clip=5.0|ad2normclip=2.5|ad2accdrop=0.03|ad2calobj=original|ad2normmode=root|ad2uw=3.0|ad2cw=0.2|ad2aw=1.5|ad2plus=fixed|suite=server_generation_ablation|tag=real5_pca_gaussian_synth5,adult,IID,5000.0,Sp-DFA,123,real5_pca_gaussian_synth5,pca_gaussian,0.05,0.05,stratified_sensitive,70,30162,15059,1508,1508,pca_gaussian,da38e885284dbcd0d01938ea3b6b4ccaed9ae3cfead8c26e84e441316d0892b6,0.8060960223122385,80.60960223122386,0.007496068605335943,0.028525678563359646,0.018010873584347796,0.7880851487278907,[64],[65],[67],[],63,0.7904243309648715,0.008314050030531511,0.03088472317998059,0.8057639949531842,0.048582498739040525,0.038472416298271576
4050,63da367a5c4ec502b223828926a257e6a173d92944acf231986428cd7a81b152,full|adult|non-IID|GuardFed-AD2+|Benign|rounds=70|seed=123|clients=20|malicious=4|epochs=1|batch=256|lr=0.005|opt=adam|root=0.05+0.05|serversamp=stratified_sensitive|serveralpha=None|synth=pca_gaussian|synth_epochs=50|sensfeat=0|agg=count|fflip=invert|rw=1|foe=state|sdfafoe=fedsa|spdfafoe=fedsa|fedsa_gain=1.75|fedsa_norm=2.0|fg=server_aeod|actfb=0.12|acttemp=0.8|actkeep=1.0|actmetric=aeod_aspd|actdrop=0.005|actrisk=0.1|actviol=0.02|ad2calw=1.0|ad2calb=0.06|ad2calt=0.03|ad2calq=41|ad2clip=5.0|ad2normclip=2.5|ad2accdrop=0.03|ad2calobj=original|ad2normmode=root|ad2uw=3.0|ad2cw=0.2|ad2aw=1.5|ad2plus=fixed|suite=server_generation_ablation|tag=real5_pca_gaussian_synth5,adult,non-IID,5.0,Benign,123,real5_pca_gaussian_synth5,pca_gaussian,0.05,0.05,stratified_sensitive,70,30162,15059,1508,1508,pca_gaussian,da38e885284dbcd0d01938ea3b6b4ccaed9ae3cfead8c26e84e441316d0892b6,0.797728932864068,79.7728932864068,0.013726322379503397,0.0014312109755678232,0.00757876667753561,0.7901501661865323,[61],"[62, 64, 66]","[62, 64, 66]",[],61,0.797728932864068,0.024039057470620934,0.035588468606663495,0.7674480377183079,0.0251335074780753,0.006918910629819896
4051,604dd13161041038d4509ca148a933080e6fb447d8e02e7c4485b1d4a112bb54,full|adult|non-IID|GuardFed-AD2+|F Flip|rounds=70|seed=123|clients=20|malicious=4|epochs=1|batch=256|lr=0.005|opt=adam|root=0.05+0.05|serversamp=stratified_sensitive|serveralpha=None|synth=pca_gaussian|synth_epochs=50|sensfeat=0|agg=count|fflip=invert|rw=1|foe=state|sdfafoe=fedsa|spdfafoe=fedsa|fedsa_gain=1.75|fedsa_norm=2.0|fg=server_aeod|actfb=0.12|acttemp=0.8|actkeep=1.0|actmetric=aeod_aspd|actdrop=0.005|actrisk=0.1|actviol=0.02|ad2calw=1.0|ad2calb=0.06|ad2calt=0.03|ad2calq=41|ad2clip=5.0|ad2normclip=2.5|ad2accdrop=0.03|ad2calobj=original|ad2normmode=root|ad2uw=3.0|ad2cw=0.2|ad2aw=1.5|ad2plus=fixed|suite=server_generation_ablation|tag=real5_pca_gaussian_synth5,adult,non-IID,5.0,F Flip,123,real5_pca_gaussian_synth5,pca_gaussian,0.05,0.05,stratified_sensitive,70,30162,15059,1508,1508,pca_gaussian,da38e885284dbcd0d01938ea3b6b4ccaed9ae3cfead8c26e84e441316d0892b6,0.8052327511786971,80.5232751178697,0.005111241475314041,0.013505506356633412,0.009308373915973726,0.7959243772627234,[66],[69],[65],[],64,0.8032405870243708,0.010481815050515486,0.04687993319116313,0.8039046417424796,0.014913309391763413,0.04773261732260794
4052,8681b610dadf29e82fbe862194980f74721d6c00ede262d477f481f3809b1224,full|adult|non-IID|GuardFed-AD2+|FedSA|rounds=70|seed=123|clients=20|malicious=4|epochs=1|batch=256|lr=0.005|opt=adam|root=0.05+0.05|serversamp=stratified_sensitive|serveralpha=None|synth=pca_gaussian|synth_epochs=50|sensfeat=0|agg=count|fflip=invert|rw=1|foe=state|sdfafoe=fedsa|spdfafoe=fedsa|fedsa_gain=1.75|fedsa_norm=2.0|fg=server_aeod|actfb=0.12|acttemp=0.8|actkeep=1.0|actmetric=aeod_aspd|actdrop=0.005|actrisk=0.1|actviol=0.02|ad2calw=1.0|ad2calb=0.06|ad2calt=0.03|ad2calq=41|ad2clip=5.0|ad2normclip=2.5|ad2accdrop=0.03|ad2calobj=original|ad2normmode=root|ad2uw=3.0|ad2cw=0.2|ad2aw=1.5|ad2plus=fixed|suite=server_generation_ablation|tag=real5_pca_gaussian_synth5,adult,non-IID,5.0,FedSA,123,real5_pca_gaussian_synth5,pca_gaussian,0.05,0.05,stratified_sensitive,70,30162,15059,1508,1508,pca_gaussian,da38e885284dbcd0d01938ea3b6b4ccaed9ae3cfead8c26e84e441316d0892b6,0.8002523407928813,80.02523407928813,0.0030954199323565967,0.018575169310079756,0.010835294621218176,0.7894170461716632,[69],[67],[61],[],67,0.7985257985257985,0.0030954199323565967,0.03902715047864781,0.7861079752971645,0.04197124384014861,0.01885839429049896
4053,ebd0931fceed9a8595e0753d23c213dff58f66bd9bc61886062ada10b6d995c3,full|adult|non-IID|GuardFed-AD2+|S-DFA|rounds=70|seed=123|clients=20|malicious=4|epochs=1|batch=256|lr=0.005|opt=adam|root=0.05+0.05|serversamp=stratified_sensitive|serveralpha=None|synth=pca_gaussian|synth_epochs=50|sensfeat=0|agg=count|fflip=invert|rw=1|foe=state|sdfafoe=fedsa|spdfafoe=fedsa|fedsa_gain=1.75|fedsa_norm=2.0|fg=server_aeod|actfb=0.12|acttemp=0.8|actkeep=1.0|actmetric=aeod_aspd|actdrop=0.005|actrisk=0.1|actviol=0.02|ad2calw=1.0|ad2calb=0.06|ad2calt=0.03|ad2calq=41|ad2clip=5.0|ad2normclip=2.5|ad2accdrop=0.03|ad2calobj=original|ad2normmode=root|ad2uw=3.0|ad2cw=0.2|ad2aw=1.5|ad2plus=fixed|suite=server_generation_ablation|tag=real5_pca_gaussian_synth5,adult,non-IID,5.0,S-DFA,123,real5_pca_gaussian_synth5,pca_gaussian,0.05,0.05,stratified_sensitive,70,30162,15059,1508,1508,pca_gaussian,da38e885284dbcd0d01938ea3b6b4ccaed9ae3cfead8c26e84e441316d0892b6,0.7835845673683511,78.35845673683511,0.011656806525115512,0.009430140024841466,0.010543473274978489,0.7730410940933726,[66],[69],[64],[],69,0.770701905837041,0.011656806525115512,0.011446297450265009,0.7772096420745069,0.04440405312081047,0.01212149954446879
4054,7832b5f78f55faf8070b8fc988932fdf44d9c5c796e808b4e092dfb742a6793b,full|adult|non-IID|GuardFed-AD2+|Sp-DFA|rounds=70|seed=123|clients=20|malicious=4|epochs=1|batch=256|lr=0.005|opt=adam|root=0.05+0.05|serversamp=stratified_sensitive|serveralpha=None|synth=pca_gaussian|synth_epochs=50|sensfeat=0|agg=count|fflip=invert|rw=1|foe=state|sdfafoe=fedsa|spdfafoe=fedsa|fedsa_gain=1.75|fedsa_norm=2.0|fg=server_aeod|actfb=0.12|acttemp=0.8|actkeep=1.0|actmetric=aeod_aspd|actdrop=0.005|actrisk=0.1|actviol=0.02|ad2calw=1.0|ad2calb=0.06|ad2calt=0.03|ad2calq=41|ad2clip=5.0|ad2normclip=2.5|ad2accdrop=0.03|ad2calobj=original|ad2normmode=root|ad2uw=3.0|ad2cw=0.2|ad2aw=1.5|ad2plus=fixed|suite=server_generation_ablation|tag=real5_pca_gaussian_synth5,adult,non-IID,5.0,Sp-DFA,123,real5_pca_gaussian_synth5,pca_gaussian,0.05,0.05,stratified_sensitive,70,30162,15059,1508,1508,pca_gaussian,da38e885284dbcd0d01938ea3b6b4ccaed9ae3cfead8c26e84e441316d0892b6,0.8029749651371273,80.29749651371273,0.0002913202003140547,0.00722969979235384,0.003760509996333947,0.7992144551407934,[64],[63],[66],[],63,0.7929477388936849,0.0002913202003140547,0.03815482636591455,0.7702370675343648,0.03438263823000701,0.008431690720728734
4055,8791014d4473286d872a62cae921f6e37fd5cc9188aa0f3b065934db21306105,full|compas|IID|GuardFed-AD2+|Benign|rounds=70|seed=123|clients=20|malicious=4|epochs=1|batch=256|lr=0.005|opt=adam|root=0.05+0.05|serversamp=stratified_sensitive|serveralpha=None|synth=pca_gaussian|synth_epochs=50|sensfeat=0|agg=count|fflip=invert|rw=1|foe=state|sdfafoe=fedsa|spdfafoe=fedsa|fedsa_gain=1.75|fedsa_norm=2.0|fg=server_aeod|actfb=0.12|acttemp=0.8|actkeep=1.0|actmetric=aeod_aspd|actdrop=0.005|actrisk=0.1|actviol=0.02|ad2calw=1.0|ad2calb=0.06|ad2calt=0.03|ad2calq=41|ad2clip=5.0|ad2normclip=2.5|ad2accdrop=0.03|ad2calobj=original|ad2normmode=root|ad2uw=3.0|ad2cw=0.2|ad2aw=1.5|ad2plus=fixed|suite=server_generation_ablation|tag=real5_pca_gaussian_synth5,compas,IID,5000.0,Benign,123,real5_pca_gaussian_synth5,pca_gaussian,0.05,0.05,stratified_sensitive,70,4320,1852,216,216,pca_gaussian,da38e885284dbcd0d01938ea3b6b4ccaed9ae3cfead8c26e84e441316d0892b6,0.646328293736501,64.6328293736501,0.10665483584738245,0.012983996442356954,0.0598194161448697,0.5865088775916313,[61],[67],[67],[],67,0.6387688984881209,0.10665483584738245,0.012983996442356954,0.6414686825053996,0.11996450754214727,0.020896484026206086
4056,dd8f9181dc000b0dcd7c454d9674ec61e856b6690aeb05dedfece2289c10ac09,full|compas|IID|GuardFed-AD2+|F Flip|rounds=70|seed=123|clients=20|malicious=4|epochs=1|batch=256|lr=0.005|opt=adam|root=0.05+0.05|serversamp=stratified_sensitive|serveralpha=None|synth=pca_gaussian|synth_epochs=50|sensfeat=0|agg=count|fflip=invert|rw=1|foe=state|sdfafoe=fedsa|spdfafoe=fedsa|fedsa_gain=1.75|fedsa_norm=2.0|fg=server_aeod|actfb=0.12|acttemp=0.8|actkeep=1.0|actmetric=aeod_aspd|actdrop=0.005|actrisk=0.1|actviol=0.02|ad2calw=1.0|ad2calb=0.06|ad2calt=0.03|ad2calq=41|ad2clip=5.0|ad2normclip=2.5|ad2accdrop=0.03|ad2calobj=original|ad2normmode=root|ad2uw=3.0|ad2cw=0.2|ad2aw=1.5|ad2plus=fixed|suite=server_generation_ablation|tag=real5_pca_gaussian_synth5,compas,IID,5000.0,F Flip,123,real5_pca_gaussian_synth5,pca_gaussian,0.05,0.05,stratified_sensitive,70,4320,1852,216,216,pca_gaussian,da38e885284dbcd0d01938ea3b6b4ccaed9ae3cfead8c26e84e441316d0892b6,0.6501079913606912,65.01079913606912,0.08624667258207636,0.0016305863924822583,0.04393862948727931,0.6061693618734119,"[65, 69]",[62],[62],[],62,0.6403887688984882,0.08624667258207636,0.0016305863924822583,0.6430885529157667,0.10771960958296362,0.017937617523026056
4057,d84945419655ff3612bbffd8e29d200214f17a330590452bd9b3f5bc5dadfbb2,full|compas|IID|GuardFed-AD2+|FedSA|rounds=70|seed=123|clients=20|malicious=4|epochs=1|batch=256|lr=0.005|opt=adam|root=0.05+0.05|serversamp=stratified_sensitive|serveralpha=None|synth=pca_gaussian|synth_epochs=50|sensfeat=0|agg=count|fflip=invert|rw=1|foe=state|sdfafoe=fedsa|spdfafoe=fedsa|fedsa_gain=1.75|fedsa_norm=2.0|fg=server_aeod|actfb=0.12|acttemp=0.8|actkeep=1.0|actmetric=aeod_aspd|actdrop=0.005|actrisk=0.1|actviol=0.02|ad2calw=1.0|ad2calb=0.06|ad2calt=0.03|ad2calq=41|ad2clip=5.0|ad2normclip=2.5|ad2accdrop=0.03|ad2calobj=original|ad2normmode=root|ad2uw=3.0|ad2cw=0.2|ad2aw=1.5|ad2plus=fixed|suite=server_generation_ablation|tag=real5_pca_gaussian_synth5,compas,IID,5000.0,FedSA,123,real5_pca_gaussian_synth5,pca_gaussian,0.05,0.05,stratified_sensitive,70,4320,1852,216,216,pca_gaussian,da38e885284dbcd0d01938ea3b6b4ccaed9ae3cfead8c26e84e441316d0892b6,0.6474082073434125,64.74082073434126,0.09402543626146109,0.018356644376928077,0.056191040319194585,0.5912171670242179,[61],[65],[68],[],68,0.6403887688984882,0.09967465246968354,0.018356644376928077,0.6409287257019438,0.1141674060928719,0.028367767847450903
4058,74ae2cba045dec2637b8ca4ac7682096b06690e2a9dc525c82a92634a917de81,full|compas|IID|GuardFed-AD2+|S-DFA|rounds=70|seed=123|clients=20|malicious=4|epochs=1|batch=256|lr=0.005|opt=adam|root=0.05+0.05|serversamp=stratified_sensitive|serveralpha=None|synth=pca_gaussian|synth_epochs=50|sensfeat=0|agg=count|fflip=invert|rw=1|foe=state|sdfafoe=fedsa|spdfafoe=fedsa|fedsa_gain=1.75|fedsa_norm=2.0|fg=server_aeod|actfb=0.12|acttemp=0.8|actkeep=1.0|actmetric=aeod_aspd|actdrop=0.005|actrisk=0.1|actviol=0.02|ad2calw=1.0|ad2calb=0.06|ad2calt=0.03|ad2calq=41|ad2clip=5.0|ad2normclip=2.5|ad2accdrop=0.03|ad2calobj=original|ad2normmode=root|ad2uw=3.0|ad2cw=0.2|ad2aw=1.5|ad2plus=fixed|suite=server_generation_ablation|tag=real5_pca_gaussian_synth5,compas,IID,5000.0,S-DFA,123,real5_pca_gaussian_synth5,pca_gaussian,0.05,0.05,stratified_sensitive,70,4320,1852,216,216,pca_gaussian,da38e885284dbcd0d01938ea3b6b4ccaed9ae3cfead8c26e84e441316d0892b6,0.6452483801295896,64.52483801295897,0.10461401952085186,0.01082233144673983,0.05771817548379585,0.5875302046457938,[70],[62],[62],[],62,0.6398488120950324,0.10461401952085186,0.01082233144673983,0.6452483801295896,0.15356403430937593,0.039995471241801805
4059,a87faa6df0a5a663677d9862516abd293b4798e16bdbed172a0731675c8a225d,full|compas|IID|GuardFed-AD2+|Sp-DFA|rounds=70|seed=123|clients=20|malicious=4|epochs=1|batch=256|lr=0.005|opt=adam|root=0.05+0.05|serversamp=stratified_sensitive|serveralpha=None|synth=pca_gaussian|synth_epochs=50|sensfeat=0|agg=count|fflip=invert|rw=1|foe=state|sdfafoe=fedsa|spdfafoe=fedsa|fedsa_gain=1.75|fedsa_norm=2.0|fg=server_aeod|actfb=0.12|acttemp=0.8|actkeep=1.0|actmetric=aeod_aspd|actdrop=0.005|actrisk=0.1|actviol=0.02|ad2calw=1.0|ad2calb=0.06|ad2calt=0.03|ad2calq=41|ad2clip=5.0|ad2normclip=2.5|ad2accdrop=0.03|ad2calobj=original|ad2normmode=root|ad2uw=3.0|ad2cw=0.2|ad2aw=1.5|ad2plus=fixed|suite=server_generation_ablation|tag=real5_pca_gaussian_synth5,compas,IID,5000.0,Sp-DFA,123,real5_pca_gaussian_synth5,pca_gaussian,0.05,0.05,stratified_sensitive,70,4320,1852,216,216,pca_gaussian,da38e885284dbcd0d01938ea3b6b4ccaed9ae3cfead8c26e84e441316d0892b6,0.6430885529157667,64.30885529157668,0.05805974563738539,0.006495499838341995,0.03227762273786369,0.610810930177903,[70],[62],[62],[],62,0.6155507559395248,0.05805974563738539,0.006495499838341995,0.6430885529157667,0.16515823720792666,0.0490203058779313
4060,205efbd56f88cd4ea82672f51e27a017a60381df6d57961cd5d0b3581b3843e1,full|compas|non-IID|GuardFed-AD2+|Benign|rounds=70|seed=123|clients=20|malicious=4|epochs=1|batch=256|lr=0.005|opt=adam|root=0.05+0.05|serversamp=stratified_sensitive|serveralpha=None|synth=pca_gaussian|synth_epochs=50|sensfeat=0|agg=count|fflip=invert|rw=1|foe=state|sdfafoe=fedsa|spdfafoe=fedsa|fedsa_gain=1.75|fedsa_norm=2.0|fg=server_aeod|actfb=0.12|acttemp=0.8|actkeep=1.0|actmetric=aeod_aspd|actdrop=0.005|actrisk=0.1|actviol=0.02|ad2calw=1.0|ad2calb=0.06|ad2calt=0.03|ad2calq=41|ad2clip=5.0|ad2normclip=2.5|ad2accdrop=0.03|ad2calobj=original|ad2normmode=root|ad2uw=3.0|ad2cw=0.2|ad2aw=1.5|ad2plus=fixed|suite=server_generation_ablation|tag=real5_pca_gaussian_synth5,compas,non-IID,5.0,Benign,123,real5_pca_gaussian_synth5,pca_gaussian,0.05,0.05,stratified_sensitive,70,4320,1852,216,216,pca_gaussian,da38e885284dbcd0d01938ea3b6b4ccaed9ae3cfead8c26e84e441316d0892b6,0.6436285097192225,64.36285097192224,0.0779946761313221,0.0035121220150172716,0.04075339907316969,0.6028751106460528,[68],[61],[61],[],61,0.6274298056155507,0.0779946761313221,0.0035121220150172716,0.6295896328293736,0.12265601892931083,0.029543144008674666
4061,9331d0a5e7d504de178eca0bbccc4879f0b63bdca4b465dc4b938ce2dc2d7b0b,full|compas|non-IID|GuardFed-AD2+|F Flip|rounds=70|seed=123|clients=20|malicious=4|epochs=1|batch=256|lr=0.005|opt=adam|root=0.05+0.05|serversamp=stratified_sensitive|serveralpha=None|synth=pca_gaussian|synth_epochs=50|sensfeat=0|agg=count|fflip=invert|rw=1|foe=state|sdfafoe=fedsa|spdfafoe=fedsa|fedsa_gain=1.75|fedsa_norm=2.0|fg=server_aeod|actfb=0.12|acttemp=0.8|actkeep=1.0|actmetric=aeod_aspd|actdrop=0.005|actrisk=0.1|actviol=0.02|ad2calw=1.0|ad2calb=0.06|ad2calt=0.03|ad2calq=41|ad2clip=5.0|ad2normclip=2.5|ad2accdrop=0.03|ad2calobj=original|ad2normmode=root|ad2uw=3.0|ad2cw=0.2|ad2aw=1.5|ad2plus=fixed|suite=server_generation_ablation|tag=real5_pca_gaussian_synth5,compas,non-IID,5.0,F Flip,123,real5_pca_gaussian_synth5,pca_gaussian,0.05,0.05,stratified_sensitive,70,4320,1852,216,216,pca_gaussian,da38e885284dbcd0d01938ea3b6b4ccaed9ae3cfead8c26e84e441316d0892b6,0.6403887688984882,64.03887688984882,0.044720496894409933,0.0008520601764581692,0.02278627853543405,0.6176024903630541,[63],[67],[66],[],65,0.6252699784017278,0.051375332741792346,0.010879524527077411,0.6301295896328294,0.1102040816326531,0.02156762731588205
4062,065bd2fb667ded05fad6f89e29a5474c2f92013e049c86e29892c813236ad889,full|compas|non-IID|GuardFed-AD2+|FedSA|rounds=70|seed=123|clients=20|malicious=4|epochs=1|batch=256|lr=0.005|opt=adam|root=0.05+0.05|serversamp=stratified_sensitive|serveralpha=None|synth=pca_gaussian|synth_epochs=50|sensfeat=0|agg=count|fflip=invert|rw=1|foe=state|sdfafoe=fedsa|spdfafoe=fedsa|fedsa_gain=1.75|fedsa_norm=2.0|fg=server_aeod|actfb=0.12|acttemp=0.8|actkeep=1.0|actmetric=aeod_aspd|actdrop=0.005|actrisk=0.1|actviol=0.02|ad2calw=1.0|ad2calb=0.06|ad2calt=0.03|ad2calq=41|ad2clip=5.0|ad2normclip=2.5|ad2accdrop=0.03|ad2calobj=original|ad2normmode=root|ad2uw=3.0|ad2cw=0.2|ad2aw=1.5|ad2plus=fixed|suite=server_generation_ablation|tag=real5_pca_gaussian_synth5,compas,non-IID,5.0,FedSA,123,real5_pca_gaussian_synth5,pca_gaussian,0.05,0.05,stratified_sensitive,70,4320,1852,216,216,pca_gaussian,da38e885284dbcd0d01938ea3b6b4ccaed9ae3cfead8c26e84e441316d0892b6,0.6490280777537797,64.90280777537797,0.07024548950014792,0.005399493666158162,0.03782249158315304,0.6112055861706267,[67],[70],[69],[],69,0.6452483801295896,0.07947352854185152,0.005399493666158162,0.6420086393088553,0.07024548950014792,0.014487357411231083
4063,96a39c6d6fd8baf1de906e7306718dcc5cc577991c4fadde395824528483d98a,full|compas|non-IID|GuardFed-AD2+|S-DFA|rounds=70|seed=123|clients=20|malicious=4|epochs=1|batch=256|lr=0.005|opt=adam|root=0.05+0.05|serversamp=stratified_sensitive|serveralpha=None|synth=pca_gaussian|synth_epochs=50|sensfeat=0|agg=count|fflip=invert|rw=1|foe=state|sdfafoe=fedsa|spdfafoe=fedsa|fedsa_gain=1.75|fedsa_norm=2.0|fg=server_aeod|actfb=0.12|acttemp=0.8|actkeep=1.0|actmetric=aeod_aspd|actdrop=0.005|actrisk=0.1|actviol=0.02|ad2calw=1.0|ad2calb=0.06|ad2calt=0.03|ad2calq=41|ad2clip=5.0|ad2normclip=2.5|ad2accdrop=0.03|ad2calobj=original|ad2normmode=root|ad2uw=3.0|ad2cw=0.2|ad2aw=1.5|ad2plus=fixed|suite=server_generation_ablation|tag=real5_pca_gaussian_synth5,compas,non-IID,5.0,S-DFA,123,real5_pca_gaussian_synth5,pca_gaussian,0.05,0.05,stratified_sensitive,70,4320,1852,216,216,pca_gaussian,da38e885284dbcd0d01938ea3b6b4ccaed9ae3cfead8c26e84e441316d0892b6,0.6447084233261339,64.47084233261339,0.0700384501626738,0.0031969764702998726,0.03661771331648683,0.6080907100096471,[65],[62],[62],[],62,0.6393088552915767,0.0700384501626738,0.0031969764702998726,0.6387688984881209,0.12661934338952974,0.033195330710233034
4064,d660997ebce13e8fd5adefd91e67cc78b34ff77660ecad057ce0ab1752171217,full|compas|non-IID|GuardFed-AD2+|Sp-DFA|rounds=70|seed=123|clients=20|malicious=4|epochs=1|batch=256|lr=0.005|opt=adam|root=0.05+0.05|serversamp=stratified_sensitive|serveralpha=None|synth=pca_gaussian|synth_epochs=50|sensfeat=0|agg=count|fflip=invert|rw=1|foe=state|sdfafoe=fedsa|spdfafoe=fedsa|fedsa_gain=1.75|fedsa_norm=2.0|fg=server_aeod|actfb=0.12|acttemp=0.8|actkeep=1.0|actmetric=aeod_aspd|actdrop=0.005|actrisk=0.1|actviol=0.02|ad2calw=1.0|ad2calb=0.06|ad2calt=0.03|ad2calq=41|ad2clip=5.0|ad2normclip=2.5|ad2accdrop=0.03|ad2calobj=original|ad2normmode=root|ad2uw=3.0|ad2cw=0.2|ad2aw=1.5|ad2plus=fixed|suite=server_generation_ablation|tag=real5_pca_gaussian_synth5,compas,non-IID,5.0,Sp-DFA,123,real5_pca_gaussian_synth5,pca_gaussian,0.05,0.05,stratified_sensitive,70,4320,1852,216,216,pca_gaussian,da38e885284dbcd0d01938ea3b6b4ccaed9ae3cfead8c26e84e441316d0892b6,0.6333693304535637,63.33693304535637,0.10440698018337774,0.02037007424595591,0.062388527214666825,0.5709808032388969,[67],[61],[64],[],61,0.6306695464362851,0.10440698018337774,0.022490887041331925,0.6328293736501079,0.14004732327713693,0.04054055631359085
4066,2b4256fd91a7aafe699bd299b8aa5d489f8fb6566697b1d93310997bcab5509e,full|adult|IID|GuardFed-AD2+|Benign|rounds=70|seed=123|clients=20|malicious=4|epochs=1|batch=256|lr=0.005|opt=adam|root=0.01+0.09|serversamp=stratified_sensitive|serveralpha=None|synth=forest_diffusion|synth_epochs=50|sensfeat=0|agg=count|fflip=invert|rw=1|foe=state|sdfafoe=fedsa|spdfafoe=fedsa|fedsa_gain=1.75|fedsa_norm=2.0|fg=server_aeod|actfb=0.12|acttemp=0.8|actkeep=1.0|actmetric=aeod_aspd|actdrop=0.005|actrisk=0.1|actviol=0.02|ad2calw=1.0|ad2calb=0.06|ad2calt=0.03|ad2calq=41|ad2clip=5.0|ad2normclip=2.5|ad2accdrop=0.03|ad2calobj=original|ad2normmode=root|ad2uw=3.0|ad2cw=0.2|ad2aw=1.5|ad2plus=fixed|suite=server_generation_ablation|tag=real1_forest_diffusion_synth9,adult,IID,5000.0,Benign,123,real1_forest_diffusion_synth9,forest_diffusion,0.01,0.09,stratified_sensitive,70,30162,15059,302,2715,forest_diffusion,63c6c9c4ff659472fdde9bbefe4952831f36597882e25f9af4ce150bfc3337b8,0.8019788830599641,80.19788830599641,0.01654298886528497,0.00848946717232296,0.012516228018803966,0.7894626550411602,[62],[69],[67],[],62,0.8019788830599641,0.024492603037384375,0.04381019809739737,0.7797330500033203,0.06337985126675734,0.010823214530103518
4067,f59045c6262b8ac1a3ea79e009457c1c1d48fe6248a9c2bf86ca4c2b87b27dc5,full|adult|IID|GuardFed-AD2+|F Flip|rounds=70|seed=123|clients=20|malicious=4|epochs=1|batch=256|lr=0.005|opt=adam|root=0.01+0.09|serversamp=stratified_sensitive|serveralpha=None|synth=forest_diffusion|synth_epochs=50|sensfeat=0|agg=count|fflip=invert|rw=1|foe=state|sdfafoe=fedsa|spdfafoe=fedsa|fedsa_gain=1.75|fedsa_norm=2.0|fg=server_aeod|actfb=0.12|acttemp=0.8|actkeep=1.0|actmetric=aeod_aspd|actdrop=0.005|actrisk=0.1|actviol=0.02|ad2calw=1.0|ad2calb=0.06|ad2calt=0.03|ad2calq=41|ad2clip=5.0|ad2normclip=2.5|ad2accdrop=0.03|ad2calobj=original|ad2normmode=root|ad2uw=3.0|ad2cw=0.2|ad2aw=1.5|ad2plus=fixed|suite=server_generation_ablation|tag=real1_forest_diffusion_synth9,adult,IID,5000.0,F Flip,123,real1_forest_diffusion_synth9,forest_diffusion,0.01,0.09,stratified_sensitive,70,30162,15059,302,2715,forest_diffusion,63c6c9c4ff659472fdde9bbefe4952831f36597882e25f9af4ce150bfc3337b8,0.7995218806029617,79.95218806029617,0.003566673197570501,0.00960838439026324,0.00658752879391687,0.7929343518090448,[62],[69],[70],[],64,0.7978617438076897,0.00999456773508825,0.03754458265721845,0.7784713460389137,0.06169819113004249,0.00960838439026324
4068,00fd063d06247997383b7df4cb06daafdb1569a78196ff89ede528ff703742fe,full|adult|IID|GuardFed-AD2+|FedSA|rounds=70|seed=123|clients=20|malicious=4|epochs=1|batch=256|lr=0.005|opt=adam|root=0.01+0.09|serversamp=stratified_sensitive|serveralpha=None|synth=forest_diffusion|synth_epochs=50|sensfeat=0|agg=count|fflip=invert|rw=1|foe=state|sdfafoe=fedsa|spdfafoe=fedsa|fedsa_gain=1.75|fedsa_norm=2.0|fg=server_aeod|actfb=0.12|acttemp=0.8|actkeep=1.0|actmetric=aeod_aspd|actdrop=0.005|actrisk=0.1|actviol=0.02|ad2calw=1.0|ad2calb=0.06|ad2calt=0.03|ad2calq=41|ad2clip=5.0|ad2normclip=2.5|ad2accdrop=0.03|ad2calobj=original|ad2normmode=root|ad2uw=3.0|ad2cw=0.2|ad2aw=1.5|ad2plus=fixed|suite=server_generation_ablation|tag=real1_forest_diffusion_synth9,adult,IID,5000.0,FedSA,123,real1_forest_diffusion_synth9,forest_diffusion,0.01,0.09,stratified_sensitive,70,30162,15059,302,2715,forest_diffusion,63c6c9c4ff659472fdde9bbefe4952831f36597882e25f9af4ce150bfc3337b8,0.7768112092436417,77.68112092436417,0.0033170517710268965,0.004398994705791276,0.0038580232384090862,0.7729531860052326,[69],[68],"[61, 66]",[],68,0.7641277641277642,0.0033170517710268965,0.007533688185064715,0.7626004382761139,0.008521401467225624,0.00556888760550271
4069,da1a3bc37029a34a31a0231c80962ea7e698c6990eecf3d6e1b9eff95e2330b0,full|adult|IID|GuardFed-AD2+|S-DFA|rounds=70|seed=123|clients=20|malicious=4|epochs=1|batch=256|lr=0.005|opt=adam|root=0.01+0.09|serversamp=stratified_sensitive|serveralpha=None|synth=forest_diffusion|synth_epochs=50|sensfeat=0|agg=count|fflip=invert|rw=1|foe=state|sdfafoe=fedsa|spdfafoe=fedsa|fedsa_gain=1.75|fedsa_norm=2.0|fg=server_aeod|actfb=0.12|acttemp=0.8|actkeep=1.0|actmetric=aeod_aspd|actdrop=0.005|actrisk=0.1|actviol=0.02|ad2calw=1.0|ad2calb=0.06|ad2calt=0.03|ad2calq=41|ad2clip=5.0|ad2normclip=2.5|ad2accdrop=0.03|ad2calobj=original|ad2normmode=root|ad2uw=3.0|ad2cw=0.2|ad2aw=1.5|ad2plus=fixed|suite=server_generation_ablation|tag=real1_forest_diffusion_synth9,adult,IID,5000.0,S-DFA,123,real1_forest_diffusion_synth9,forest_diffusion,0.01,0.09,stratified_sensitive,70,30162,15059,302,2715,forest_diffusion,63c6c9c4ff659472fdde9bbefe4952831f36597882e25f9af4ce150bfc3337b8,0.7807955375522944,78.07955375522944,0.0010676028517391523,0.004195453081529114,0.0026315279666341332,0.7781640095856602,[61],[64],[68],[],64,0.7597450029882462,0.0010676028517391523,0.004351790542388075,0.7616043561989508,0.011180412315190177,0.004392575100058583
4070,2bdb06667a40ccdc8c3c4daa27a97da4208973da573d0b6bb722532ca2d5d233,full|adult|IID|GuardFed-AD2+|Sp-DFA|rounds=70|seed=123|clients=20|malicious=4|epochs=1|batch=256|lr=0.005|opt=adam|root=0.01+0.09|serversamp=stratified_sensitive|serveralpha=None|synth=forest_diffusion|synth_epochs=50|sensfeat=0|agg=count|fflip=invert|rw=1|foe=state|sdfafoe=fedsa|spdfafoe=fedsa|fedsa_gain=1.75|fedsa_norm=2.0|fg=server_aeod|actfb=0.12|acttemp=0.8|actkeep=1.0|actmetric=aeod_aspd|actdrop=0.005|actrisk=0.1|actviol=0.02|ad2calw=1.0|ad2calb=0.06|ad2calt=0.03|ad2calq=41|ad2clip=5.0|ad2normclip=2.5|ad2accdrop=0.03|ad2calobj=original|ad2normmode=root|ad2uw=3.0|ad2cw=0.2|ad2aw=1.5|ad2plus=fixed|suite=server_generation_ablation|tag=real1_forest_diffusion_synth9,adult,IID,5000.0,Sp-DFA,123,real1_forest_diffusion_synth9,forest_diffusion,0.01,0.09,stratified_sensitive,70,30162,15059,302,2715,forest_diffusion,63c6c9c4ff659472fdde9bbefe4952831f36597882e25f9af4ce150bfc3337b8,0.7828541071784315,78.28541071784315,0.0010676028517391523,0.004246809927390648,0.0026572063895649,0.7801969007888666,[69],[67],[61],[],67,0.7597450029882462,0.0010676028517391523,0.004351790542388075,0.7627332492197357,0.009998566247641595,0.005463906990505282
4071,e583769035335d2cd676b6d679a3d5c2d86758f35b42b0897c426ab8511be778,full|adult|non-IID|GuardFed-AD2+|Benign|rounds=70|seed=123|clients=20|malicious=4|epochs=1|batch=256|lr=0.005|opt=adam|root=0.01+0.09|serversamp=stratified_sensitive|serveralpha=None|synth=forest_diffusion|synth_epochs=50|sensfeat=0|agg=count|fflip=invert|rw=1|foe=state|sdfafoe=fedsa|spdfafoe=fedsa|fedsa_gain=1.75|fedsa_norm=2.0|fg=server_aeod|actfb=0.12|acttemp=0.8|actkeep=1.0|actmetric=aeod_aspd|actdrop=0.005|actrisk=0.1|actviol=0.02|ad2calw=1.0|ad2calb=0.06|ad2calt=0.03|ad2calq=41|ad2clip=5.0|ad2normclip=2.5|ad2accdrop=0.03|ad2calobj=original|ad2normmode=root|ad2uw=3.0|ad2cw=0.2|ad2aw=1.5|ad2plus=fixed|suite=server_generation_ablation|tag=real1_forest_diffusion_synth9,adult,non-IID,5.0,Benign,123,real1_forest_diffusion_synth9,forest_diffusion,0.01,0.09,stratified_sensitive,70,30162,15059,302,2715,forest_diffusion,63c6c9c4ff659472fdde9bbefe4952831f36597882e25f9af4ce150bfc3337b8,0.8049671292914536,80.49671292914536,0.011519143450065147,0.011375681787205397,0.011447412618635272,0.7935197166728184,[64],[69],[65],[],69,0.783650972840162,0.011519143450065147,0.023338195783450484,0.8027093432498837,0.10153023075415946,0.025341554119944473
4072,a0ad29f000ae493f6c86177d9c42e897b18140b07e5feb34d7ed071f0afc4db6,full|adult|non-IID|GuardFed-AD2+|F Flip|rounds=70|seed=123|clients=20|malicious=4|epochs=1|batch=256|lr=0.005|opt=adam|root=0.01+0.09|serversamp=stratified_sensitive|serveralpha=None|synth=forest_diffusion|synth_epochs=50|sensfeat=0|agg=count|fflip=invert|rw=1|foe=state|sdfafoe=fedsa|spdfafoe=fedsa|fedsa_gain=1.75|fedsa_norm=2.0|fg=server_aeod|actfb=0.12|acttemp=0.8|actkeep=1.0|actmetric=aeod_aspd|actdrop=0.005|actrisk=0.1|actviol=0.02|ad2calw=1.0|ad2calb=0.06|ad2calt=0.03|ad2calq=41|ad2clip=5.0|ad2normclip=2.5|ad2accdrop=0.03|ad2calobj=original|ad2normmode=root|ad2uw=3.0|ad2cw=0.2|ad2aw=1.5|ad2plus=fixed|suite=server_generation_ablation|tag=real1_forest_diffusion_synth9,adult,non-IID,5.0,F Flip,123,real1_forest_diffusion_synth9,forest_diffusion,0.01,0.09,stratified_sensitive,70,30162,15059,302,2715,forest_diffusion,63c6c9c4ff659472fdde9bbefe4952831f36597882e25f9af4ce150bfc3337b8,0.8076897536356996,80.76897536356996,0.001770769845046219,0.013786083249687877,0.007778426547367048,0.7999113270883326,[66],[69],[67],[],70,0.8053655621223189,0.007993597810185993,0.04809741141836816,0.8053655621223189,0.007993597810185993,0.04809741141836816
4073,68dcff634b2f8af076b8a6798c193f68d1a7e08d76d717319c62a00070e408c5,full|adult|non-IID|GuardFed-AD2+|FedSA|rounds=70|seed=123|clients=20|malicious=4|epochs=1|batch=256|lr=0.005|opt=adam|root=0.01+0.09|serversamp=stratified_sensitive|serveralpha=None|synth=forest_diffusion|synth_epochs=50|sensfeat=0|agg=count|fflip=invert|rw=1|foe=state|sdfafoe=fedsa|spdfafoe=fedsa|fedsa_gain=1.75|fedsa_norm=2.0|fg=server_aeod|actfb=0.12|acttemp=0.8|actkeep=1.0|actmetric=aeod_aspd|actdrop=0.005|actrisk=0.1|actviol=0.02|ad2calw=1.0|ad2calb=0.06|ad2calt=0.03|ad2calq=41|ad2clip=5.0|ad2normclip=2.5|ad2accdrop=0.03|ad2calobj=original|ad2normmode=root|ad2uw=3.0|ad2cw=0.2|ad2aw=1.5|ad2plus=fixed|suite=server_generation_ablation|tag=real1_forest_diffusion_synth9,adult,non-IID,5.0,FedSA,123,real1_forest_diffusion_synth9,forest_diffusion,0.01,0.09,stratified_sensitive,70,30162,15059,302,2715,forest_diffusion,63c6c9c4ff659472fdde9bbefe4952831f36597882e25f9af4ce150bfc3337b8,0.8086858357128628,80.86858357128628,0.010814262808520936,0.008622393133525513,0.009718327971023224,0.7989675077418396,[61],[65],[69],[],64,0.8040374526861014,0.02326563089959105,0.039700466813667616,0.7990570423002855,0.04417442425703352,0.03282422650070221
4074,6499520b6b90267cdfe47bbed84f8eb4ca2c2e07f8a4a8ecfbdf14d80883c107,full|adult|non-IID|GuardFed-AD2+|S-DFA|rounds=70|seed=123|clients=20|malicious=4|epochs=1|batch=256|lr=0.005|opt=adam|root=0.01+0.09|serversamp=stratified_sensitive|serveralpha=None|synth=forest_diffusion|synth_epochs=50|sensfeat=0|agg=count|fflip=invert|rw=1|foe=state|sdfafoe=fedsa|spdfafoe=fedsa|fedsa_gain=1.75|fedsa_norm=2.0|fg=server_aeod|actfb=0.12|acttemp=0.8|actkeep=1.0|actmetric=aeod_aspd|actdrop=0.005|actrisk=0.1|actviol=0.02|ad2calw=1.0|ad2calb=0.06|ad2calt=0.03|ad2calq=41|ad2clip=5.0|ad2normclip=2.5|ad2accdrop=0.03|ad2calobj=original|ad2normmode=root|ad2uw=3.0|ad2cw=0.2|ad2aw=1.5|ad2plus=fixed|suite=server_generation_ablation|tag=real1_forest_diffusion_synth9,adult,non-IID,5.0,S-DFA,123,real1_forest_diffusion_synth9,forest_diffusion,0.01,0.09,stratified_sensitive,70,30162,15059,302,2715,forest_diffusion,63c6c9c4ff659472fdde9bbefe4952831f36597882e25f9af4ce150bfc3337b8,0.8173185470482768,81.73185470482768,0.003979662422721603,0.013404678424094322,0.008692170423407962,0.8086263766248688,[64],[67],[69],[],64,0.8173185470482768,0.016671512483070583,0.07324294688951846,0.810146756092702,0.07082965136969044,0.0384391948386049
4075,9e01cf2c4782398268b4ee35ed71068d08c310ebacadcaec77d8e6efa4618321,full|adult|non-IID|GuardFed-AD2+|Sp-DFA|rounds=70|seed=123|clients=20|malicious=4|epochs=1|batch=256|lr=0.005|opt=adam|root=0.01+0.09|serversamp=stratified_sensitive|serveralpha=None|synth=forest_diffusion|synth_epochs=50|sensfeat=0|agg=count|fflip=invert|rw=1|foe=state|sdfafoe=fedsa|spdfafoe=fedsa|fedsa_gain=1.75|fedsa_norm=2.0|fg=server_aeod|actfb=0.12|acttemp=0.8|actkeep=1.0|actmetric=aeod_aspd|actdrop=0.005|actrisk=0.1|actviol=0.02|ad2calw=1.0|ad2calb=0.06|ad2calt=0.03|ad2calq=41|ad2clip=5.0|ad2normclip=2.5|ad2accdrop=0.03|ad2calobj=original|ad2normmode=root|ad2uw=3.0|ad2cw=0.2|ad2aw=1.5|ad2plus=fixed|suite=server_generation_ablation|tag=real1_forest_diffusion_synth9,adult,non-IID,5.0,Sp-DFA,123,real1_forest_diffusion_synth9,forest_diffusion,0.01,0.09,stratified_sensitive,70,30162,15059,302,2715,forest_diffusion,63c6c9c4ff659472fdde9bbefe4952831f36597882e25f9af4ce150bfc3337b8,0.8097483232618368,80.97483232618367,0.011997251308227624,0.009946777857447756,0.01097201458283769,0.7987763086789991,[66],[63],[70],[],67,0.7786041569825354,0.012996879446560153,0.017724370937818937,0.8056975894813733,0.13466476185144838,0.009946777857447756
4076,3fe3a33ed52d2a31565805f2ca4248f5570eacdf5188afef0e7c8e604118a947,full|compas|IID|GuardFed-AD2+|Benign|rounds=70|seed=123|clients=20|malicious=4|epochs=1|batch=256|lr=0.005|opt=adam|root=0.01+0.09|serversamp=stratified_sensitive|serveralpha=None|synth=forest_diffusion|synth_epochs=50|sensfeat=0|agg=count|fflip=invert|rw=1|foe=state|sdfafoe=fedsa|spdfafoe=fedsa|fedsa_gain=1.75|fedsa_norm=2.0|fg=server_aeod|actfb=0.12|acttemp=0.8|actkeep=1.0|actmetric=aeod_aspd|actdrop=0.005|actrisk=0.1|actviol=0.02|ad2calw=1.0|ad2calb=0.06|ad2calt=0.03|ad2calq=41|ad2clip=5.0|ad2normclip=2.5|ad2accdrop=0.03|ad2calobj=original|ad2normmode=root|ad2uw=3.0|ad2cw=0.2|ad2aw=1.5|ad2plus=fixed|suite=server_generation_ablation|tag=real1_forest_diffusion_synth9,compas,IID,5000.0,Benign,123,real1_forest_diffusion_synth9,forest_diffusion,0.01,0.09,stratified_sensitive,70,4320,1852,43,389,forest_diffusion,63c6c9c4ff659472fdde9bbefe4952831f36597882e25f9af4ce150bfc3337b8,0.656047516198704,65.6047516198704,0.0714285714285714,0.14748811492774416,0.10945834317815778,0.5465891730205463,[65],[64],[64],[],64,0.6549676025917927,0.0714285714285714,0.14748811492774416,0.6511879049676026,0.09849157054126001,0.16958682084676108
4077,c895dae6fd880858b3eb40af050fdecbf2782dcff5e95496f7f1420e77704a32,full|compas|IID|GuardFed-AD2+|F Flip|rounds=70|seed=123|clients=20|malicious=4|epochs=1|batch=256|lr=0.005|opt=adam|root=0.01+0.09|serversamp=stratified_sensitive|serveralpha=None|synth=forest_diffusion|synth_epochs=50|sensfeat=0|agg=count|fflip=invert|rw=1|foe=state|sdfafoe=fedsa|spdfafoe=fedsa|fedsa_gain=1.75|fedsa_norm=2.0|fg=server_aeod|actfb=0.12|acttemp=0.8|actkeep=1.0|actmetric=aeod_aspd|actdrop=0.005|actrisk=0.1|actviol=0.02|ad2calw=1.0|ad2calb=0.06|ad2calt=0.03|ad2calq=41|ad2clip=5.0|ad2normclip=2.5|ad2accdrop=0.03|ad2calobj=original|ad2normmode=root|ad2uw=3.0|ad2cw=0.2|ad2aw=1.5|ad2plus=fixed|suite=server_generation_ablation|tag=real1_forest_diffusion_synth9,compas,IID,5000.0,F Flip,123,real1_forest_diffusion_synth9,forest_diffusion,0.01,0.09,stratified_sensitive,70,4320,1852,43,389,forest_diffusion,63c6c9c4ff659472fdde9bbefe4952831f36597882e25f9af4ce150bfc3337b8,0.6576673866090713,65.76673866090714,0.05427388346643003,0.12316121328700302,0.08871754837671653,0.5689498382323548,[69],[70],[70],[],70,0.6517278617710583,0.05427388346643003,0.12316121328700302,0.6517278617710583,0.05427388346643003,0.12316121328700302
4078,958e24b61a95ee2a0ba35bf5a3c17fa0d766ae536bd05ed53730ef7e577e9f4d,full|compas|IID|GuardFed-AD2+|FedSA|rounds=70|seed=123|clients=20|malicious=4|epochs=1|batch=256|lr=0.005|opt=adam|root=0.01+0.09|serversamp=stratified_sensitive|serveralpha=None|synth=forest_diffusion|synth_epochs=50|sensfeat=0|agg=count|fflip=invert|rw=1|foe=state|sdfafoe=fedsa|spdfafoe=fedsa|fedsa_gain=1.75|fedsa_norm=2.0|fg=server_aeod|actfb=0.12|acttemp=0.8|actkeep=1.0|actmetric=aeod_aspd|actdrop=0.005|actrisk=0.1|actviol=0.02|ad2calw=1.0|ad2calb=0.06|ad2calt=0.03|ad2calq=41|ad2clip=5.0|ad2normclip=2.5|ad2accdrop=0.03|ad2calobj=original|ad2normmode=root|ad2uw=3.0|ad2cw=0.2|ad2aw=1.5|ad2plus=fixed|suite=server_generation_ablation|tag=real1_forest_diffusion_synth9,compas,IID,5000.0,FedSA,123,real1_forest_diffusion_synth9,forest_diffusion,0.01,0.09,stratified_sensitive,70,4320,1852,43,389,forest_diffusion,63c6c9c4ff659472fdde9bbefe4952831f36597882e25f9af4ce150bfc3337b8,0.6587473002159827,65.87473002159827,0.06291038154392192,0.12749971695261264,0.09520504924826728,0.5635422509677155,[66],[65],[65],[],66,0.6587473002159827,0.07278911564625856,0.14360949031627773,0.6517278617710583,0.0765749778172139,0.1458937119126183
4079,d3eae9526ffc7e5cd64af79a099e7a98dc416d1ece51c9c95dfcbf6781834b73,full|compas|IID|GuardFed-AD2+|S-DFA|rounds=70|seed=123|clients=20|malicious=4|epochs=1|batch=256|lr=0.005|opt=adam|root=0.01+0.09|serversamp=stratified_sensitive|serveralpha=None|synth=forest_diffusion|synth_epochs=50|sensfeat=0|agg=count|fflip=invert|rw=1|foe=state|sdfafoe=fedsa|spdfafoe=fedsa|fedsa_gain=1.75|fedsa_norm=2.0|fg=server_aeod|actfb=0.12|acttemp=0.8|actkeep=1.0|actmetric=aeod_aspd|actdrop=0.005|actrisk=0.1|actviol=0.02|ad2calw=1.0|ad2calb=0.06|ad2calt=0.03|ad2calq=41|ad2clip=5.0|ad2normclip=2.5|ad2accdrop=0.03|ad2calobj=original|ad2normmode=root|ad2uw=3.0|ad2cw=0.2|ad2aw=1.5|ad2plus=fixed|suite=server_generation_ablation|tag=real1_forest_diffusion_synth9,compas,IID,5000.0,S-DFA,123,real1_forest_diffusion_synth9,forest_diffusion,0.01,0.09,stratified_sensitive,70,4320,1852,43,389,forest_diffusion,63c6c9c4ff659472fdde9bbefe4952831f36597882e25f9af4ce150bfc3337b8,0.6587473002159827,65.87473002159827,0.05110913930789707,0.12368061983292611,0.08739487957041159,0.5713524206455711,[69],[69],[67],[],69,0.6587473002159827,0.05110913930789707,0.13611602958633062,0.646328293736501,0.09112688553682347,0.1552266888591381
4080,a06312d267104c4de14f784b30bfaa7932e32e10da4c5fce26c4e946ed44c101,full|compas|IID|GuardFed-AD2+|Sp-DFA|rounds=70|seed=123|clients=20|malicious=4|epochs=1|batch=256|lr=0.005|opt=adam|root=0.01+0.09|serversamp=stratified_sensitive|serveralpha=None|synth=forest_diffusion|synth_epochs=50|sensfeat=0|agg=count|fflip=invert|rw=1|foe=state|sdfafoe=fedsa|spdfafoe=fedsa|fedsa_gain=1.75|fedsa_norm=2.0|fg=server_aeod|actfb=0.12|acttemp=0.8|actkeep=1.0|actmetric=aeod_aspd|actdrop=0.005|actrisk=0.1|actviol=0.02|ad2calw=1.0|ad2calb=0.06|ad2calt=0.03|ad2calq=41|ad2clip=5.0|ad2normclip=2.5|ad2accdrop=0.03|ad2calobj=original|ad2normmode=root|ad2uw=3.0|ad2cw=0.2|ad2aw=1.5|ad2plus=fixed|suite=server_generation_ablation|tag=real1_forest_diffusion_synth9,compas,IID,5000.0,Sp-DFA,123,real1_forest_diffusion_synth9,forest_diffusion,0.01,0.09,stratified_sensitive,70,4320,1852,43,389,forest_diffusion,63c6c9c4ff659472fdde9bbefe4952831f36597882e25f9af4ce150bfc3337b8,0.6533477321814255,65.33477321814254,0.02286305826678503,0.11246377285242903,0.06766341555960703,0.5856843166218184,[61],[63],[63],[],63,0.6511879049676026,0.02286305826678503,0.11246377285242903,0.6479481641468683,0.09124519372966577,0.14236058019461995
4081,24aeeb099776196910e948a9e427cc70c47058536db1f5c2c7b91c41b11791e3,full|compas|non-IID|GuardFed-AD2+|Benign|rounds=70|seed=123|clients=20|malicious=4|epochs=1|batch=256|lr=0.005|opt=adam|root=0.01+0.09|serversamp=stratified_sensitive|serveralpha=None|synth=forest_diffusion|synth_epochs=50|sensfeat=0|agg=count|fflip=invert|rw=1|foe=state|sdfafoe=fedsa|spdfafoe=fedsa|fedsa_gain=1.75|fedsa_norm=2.0|fg=server_aeod|actfb=0.12|acttemp=0.8|actkeep=1.0|actmetric=aeod_aspd|actdrop=0.005|actrisk=0.1|actviol=0.02|ad2calw=1.0|ad2calb=0.06|ad2calt=0.03|ad2calq=41|ad2clip=5.0|ad2normclip=2.5|ad2accdrop=0.03|ad2calobj=original|ad2normmode=root|ad2uw=3.0|ad2cw=0.2|ad2aw=1.5|ad2plus=fixed|suite=server_generation_ablation|tag=real1_forest_diffusion_synth9,compas,non-IID,5.0,Benign,123,real1_forest_diffusion_synth9,forest_diffusion,0.01,0.09,stratified_sensitive,70,4320,1852,43,389,forest_diffusion,63c6c9c4ff659472fdde9bbefe4952831f36597882e25f9af4ce150bfc3337b8,0.6652267818574514,66.52267818574515,0.0706004140786749,0.13493365019077974,0.10276703213472732,0.5624597497227242,[69],[63],[68],[],63,0.6533477321814255,0.0706004140786749,0.13896401154599897,0.652267818574514,0.07468204673173617,0.14742158420163715
4082,ea60cc7da8a76ab9cf8cfe8556804e86e433408cc2b80c93fa951a86b14e5b28,full|compas|non-IID|GuardFed-AD2+|F Flip|rounds=70|seed=123|clients=20|malicious=4|epochs=1|batch=256|lr=0.005|opt=adam|root=0.01+0.09|serversamp=stratified_sensitive|serveralpha=None|synth=forest_diffusion|synth_epochs=50|sensfeat=0|agg=count|fflip=invert|rw=1|foe=state|sdfafoe=fedsa|spdfafoe=fedsa|fedsa_gain=1.75|fedsa_norm=2.0|fg=server_aeod|actfb=0.12|acttemp=0.8|actkeep=1.0|actmetric=aeod_aspd|actdrop=0.005|actrisk=0.1|actviol=0.02|ad2calw=1.0|ad2calb=0.06|ad2calt=0.03|ad2calq=41|ad2clip=5.0|ad2normclip=2.5|ad2accdrop=0.03|ad2calobj=original|ad2normmode=root|ad2uw=3.0|ad2cw=0.2|ad2aw=1.5|ad2plus=fixed|suite=server_generation_ablation|tag=real1_forest_diffusion_synth9,compas,non-IID,5.0,F Flip,123,real1_forest_diffusion_synth9,forest_diffusion,0.01,0.09,stratified_sensitive,70,4320,1852,43,389,forest_diffusion,63c6c9c4ff659472fdde9bbefe4952831f36597882e25f9af4ce150bfc3337b8,0.6792656587473002,67.92656587473002,0.07728482697426797,0.1255714931012306,0.1014281600377493,0.5778374987095509,[67],[61],[61],[],64,0.673866090712743,0.07829044661342799,0.13771043260145638,0.6760259179265659,0.09461697722567286,0.14381725293464698
4083,5a2b3c39129bf95ef3bcacdd9c63ed7fb479d461a90694cc23fd90c9ead683d5,full|compas|non-IID|GuardFed-AD2+|FedSA|rounds=70|seed=123|clients=20|malicious=4|epochs=1|batch=256|lr=0.005|opt=adam|root=0.01+0.09|serversamp=stratified_sensitive|serveralpha=None|synth=forest_diffusion|synth_epochs=50|sensfeat=0|agg=count|fflip=invert|rw=1|foe=state|sdfafoe=fedsa|spdfafoe=fedsa|fedsa_gain=1.75|fedsa_norm=2.0|fg=server_aeod|actfb=0.12|acttemp=0.8|actkeep=1.0|actmetric=aeod_aspd|actdrop=0.005|actrisk=0.1|actviol=0.02|ad2calw=1.0|ad2calb=0.06|ad2calt=0.03|ad2calq=41|ad2clip=5.0|ad2normclip=2.5|ad2accdrop=0.03|ad2calobj=original|ad2normmode=root|ad2uw=3.0|ad2cw=0.2|ad2aw=1.5|ad2plus=fixed|suite=server_generation_ablation|tag=real1_forest_diffusion_synth9,compas,non-IID,5.0,FedSA,123,real1_forest_diffusion_synth9,forest_diffusion,0.01,0.09,stratified_sensitive,70,4320,1852,43,389,forest_diffusion,63c6c9c4ff659472fdde9bbefe4952831f36597882e25f9af4ce150bfc3337b8,0.6625269978401728,66.25269978401728,0.045578231292517035,0.10227873572945106,0.07392848351098405,0.5885985143291887,"[61, 63]",[70],[70],[],70,0.6490280777537797,0.045578231292517035,0.10227873572945106,0.6490280777537797,0.045578231292517035,0.10227873572945106
4084,806c5331e6a2ea40dcea950922a9b8d2201905ff2f0280292acc7cde25072835,full|compas|non-IID|GuardFed-AD2+|S-DFA|rounds=70|seed=123|clients=20|malicious=4|epochs=1|batch=256|lr=0.005|opt=adam|root=0.01+0.09|serversamp=stratified_sensitive|serveralpha=None|synth=forest_diffusion|synth_epochs=50|sensfeat=0|agg=count|fflip=invert|rw=1|foe=state|sdfafoe=fedsa|spdfafoe=fedsa|fedsa_gain=1.75|fedsa_norm=2.0|fg=server_aeod|actfb=0.12|acttemp=0.8|actkeep=1.0|actmetric=aeod_aspd|actdrop=0.005|actrisk=0.1|actviol=0.02|ad2calw=1.0|ad2calb=0.06|ad2calt=0.03|ad2calq=41|ad2clip=5.0|ad2normclip=2.5|ad2accdrop=0.03|ad2calobj=original|ad2normmode=root|ad2uw=3.0|ad2cw=0.2|ad2aw=1.5|ad2plus=fixed|suite=server_generation_ablation|tag=real1_forest_diffusion_synth9,compas,non-IID,5.0,S-DFA,123,real1_forest_diffusion_synth9,forest_diffusion,0.01,0.09,stratified_sensitive,70,4320,1852,43,389,forest_diffusion,63c6c9c4ff659472fdde9bbefe4952831f36597882e25f9af4ce150bfc3337b8,0.6484881209503239,64.8488120950324,0.010085773439810652,0.0960306835039983,0.05305822847190447,0.5954298924784195,[62],[62],[62],[62],62,0.6484881209503239,0.010085773439810652,0.0960306835039983,0.6468682505399568,0.06418219461697727,0.11673574579193158
4085,9e87e3572e8bb17cdcdf4f2d2229573d6bc35f2b26e6b0a7af904411bf937a70,full|compas|non-IID|GuardFed-AD2+|Sp-DFA|rounds=70|seed=123|clients=20|malicious=4|epochs=1|batch=256|lr=0.005|opt=adam|root=0.01+0.09|serversamp=stratified_sensitive|serveralpha=None|synth=forest_diffusion|synth_epochs=50|sensfeat=0|agg=count|fflip=invert|rw=1|foe=state|sdfafoe=fedsa|spdfafoe=fedsa|fedsa_gain=1.75|fedsa_norm=2.0|fg=server_aeod|actfb=0.12|acttemp=0.8|actkeep=1.0|actmetric=aeod_aspd|actdrop=0.005|actrisk=0.1|actviol=0.02|ad2calw=1.0|ad2calb=0.06|ad2calt=0.03|ad2calq=41|ad2clip=5.0|ad2normclip=2.5|ad2accdrop=0.03|ad2calobj=original|ad2normmode=root|ad2uw=3.0|ad2cw=0.2|ad2aw=1.5|ad2plus=fixed|suite=server_generation_ablation|tag=real1_forest_diffusion_synth9,compas,non-IID,5.0,Sp-DFA,123,real1_forest_diffusion_synth9,forest_diffusion,0.01,0.09,stratified_sensitive,70,4320,1852,43,389,forest_diffusion,63c6c9c4ff659472fdde9bbefe4952831f36597882e25f9af4ce150bfc3337b8,0.6722462203023758,67.22462203023758,0.03821354628808049,0.10224488676353699,0.07022921652580874,0.6020170037765671,[63],[63],[63],[63],63,0.6722462203023758,0.03821354628808049,0.10224488676353699,0.642548596112311,0.06601597160603367,0.1026942609661895
4086,55cc322cb7cd904fd2cc2936e1fe3834f4677c92c8493c864f52a2c267f683cd,full|adult|IID|GuardFed-AD2+|Benign|rounds=70|seed=123|clients=20|malicious=4|epochs=1|batch=256|lr=0.005|opt=adam|root=0.05+0.05|serversamp=stratified_sensitive|serveralpha=None|synth=forest_diffusion|synth_epochs=50|sensfeat=0|agg=count|fflip=invert|rw=1|foe=state|sdfafoe=fedsa|spdfafoe=fedsa|fedsa_gain=1.75|fedsa_norm=2.0|fg=server_aeod|actfb=0.12|acttemp=0.8|actkeep=1.0|actmetric=aeod_aspd|actdrop=0.005|actrisk=0.1|actviol=0.02|ad2calw=1.0|ad2calb=0.06|ad2calt=0.03|ad2calq=41|ad2clip=5.0|ad2normclip=2.5|ad2accdrop=0.03|ad2calobj=original|ad2normmode=root|ad2uw=3.0|ad2cw=0.2|ad2aw=1.5|ad2plus=fixed|suite=server_generation_ablation|tag=real5_forest_diffusion_synth5,adult,IID,5000.0,Benign,123,real5_forest_diffusion_synth5,forest_diffusion,0.05,0.05,stratified_sensitive,70,30162,15059,1508,1508,forest_diffusion,2b14d81a75c2a164ebfe616e93c78778f4af5f67787d26c8d3a20fa2959a4b27,0.8314629125439936,83.14629125439936,0.011348921058509043,0.05081218243765189,0.031080551748080467,0.8003823607959132,[65],[61],[64],[],70,0.8113420545852978,0.023037715684051274,0.05599286444773797,0.8113420545852978,0.023037715684051274,0.05599286444773797
4087,f056882610e760a06bbf3ddeb2e54ab61fe3e950b10e8366ff4017b4b61180c8,full|adult|IID|GuardFed-AD2+|F Flip|rounds=70|seed=123|clients=20|malicious=4|epochs=1|batch=256|lr=0.005|opt=adam|root=0.05+0.05|serversamp=stratified_sensitive|serveralpha=None|synth=forest_diffusion|synth_epochs=50|sensfeat=0|agg=count|fflip=invert|rw=1|foe=state|sdfafoe=fedsa|spdfafoe=fedsa|fedsa_gain=1.75|fedsa_norm=2.0|fg=server_aeod|actfb=0.12|acttemp=0.8|actkeep=1.0|actmetric=aeod_aspd|actdrop=0.005|actrisk=0.1|actviol=0.02|ad2calw=1.0|ad2calb=0.06|ad2calt=0.03|ad2calq=41|ad2clip=5.0|ad2normclip=2.5|ad2accdrop=0.03|ad2calobj=original|ad2normmode=root|ad2uw=3.0|ad2cw=0.2|ad2aw=1.5|ad2plus=fixed|suite=server_generation_ablation|tag=real5_forest_diffusion_synth5,adult,IID,5000.0,F Flip,123,real5_forest_diffusion_synth5,forest_diffusion,0.05,0.05,stratified_sensitive,70,30162,15059,1508,1508,forest_diffusion,2b14d81a75c2a164ebfe616e93c78778f4af5f67787d26c8d3a20fa2959a4b27,0.8295371538614782,82.95371538614782,0.002243165542418213,0.03529202325068853,0.018767594396553372,0.8107695594649248,[64],[63],[70],[],63,0.8164552759147353,0.002243165542418213,0.0638048626025828,0.7930141443654957,0.010207631332572853,0.03529202325068853
4088,d31ea0a21bef2be55bee3d8d6486a603e9881a61c86913434c1871ccba61e23a,full|adult|IID|GuardFed-AD2+|FedSA|rounds=70|seed=123|clients=20|malicious=4|epochs=1|batch=256|lr=0.005|opt=adam|root=0.05+0.05|serversamp=stratified_sensitive|serveralpha=None|synth=forest_diffusion|synth_epochs=50|sensfeat=0|agg=count|fflip=invert|rw=1|foe=state|sdfafoe=fedsa|spdfafoe=fedsa|fedsa_gain=1.75|fedsa_norm=2.0|fg=server_aeod|actfb=0.12|acttemp=0.8|actkeep=1.0|actmetric=aeod_aspd|actdrop=0.005|actrisk=0.1|actviol=0.02|ad2calw=1.0|ad2calb=0.06|ad2calt=0.03|ad2calq=41|ad2clip=5.0|ad2normclip=2.5|ad2accdrop=0.03|ad2calobj=original|ad2normmode=root|ad2uw=3.0|ad2cw=0.2|ad2aw=1.5|ad2plus=fixed|suite=server_generation_ablation|tag=real5_forest_diffusion_synth5,adult,IID,5000.0,FedSA,123,real5_forest_diffusion_synth5,forest_diffusion,0.05,0.05,stratified_sensitive,70,30162,15059,1508,1508,forest_diffusion,2b14d81a75c2a164ebfe616e93c78778f4af5f67787d26c8d3a20fa2959a4b27,0.8304004249950195,83.04004249950195,0.014212998478851602,0.0533683490728023,0.03379067377582695,0.7966097512191925,[69],[69],[68],[],65,0.8161896540274919,0.017446652702337584,0.06263723662614572,0.8191779002589813,0.03274096321882547,0.06041111797072732
4089,292d3c743c3cd4453ba4a5c1834859f7c09a0d5849167ab257c1568c8fc705c1,full|adult|IID|GuardFed-AD2+|S-DFA|rounds=70|seed=123|clients=20|malicious=4|epochs=1|batch=256|lr=0.005|opt=adam|root=0.05+0.05|serversamp=stratified_sensitive|serveralpha=None|synth=forest_diffusion|synth_epochs=50|sensfeat=0|agg=count|fflip=invert|rw=1|foe=state|sdfafoe=fedsa|spdfafoe=fedsa|fedsa_gain=1.75|fedsa_norm=2.0|fg=server_aeod|actfb=0.12|acttemp=0.8|actkeep=1.0|actmetric=aeod_aspd|actdrop=0.005|actrisk=0.1|actviol=0.02|ad2calw=1.0|ad2calb=0.06|ad2calt=0.03|ad2calq=41|ad2clip=5.0|ad2normclip=2.5|ad2accdrop=0.03|ad2calobj=original|ad2normmode=root|ad2uw=3.0|ad2cw=0.2|ad2aw=1.5|ad2plus=fixed|suite=server_generation_ablation|tag=real5_forest_diffusion_synth5,adult,IID,5000.0,S-DFA,123,real5_forest_diffusion_synth5,forest_diffusion,0.05,0.05,stratified_sensitive,70,30162,15059,1508,1508,forest_diffusion,2b14d81a75c2a164ebfe616e93c78778f4af5f67787d26c8d3a20fa2959a4b27,0.8319277508466698,83.19277508466698,0.007973034031340337,0.029924791510264007,0.01894891277080217,0.8129788380758677,[61],[65],[69],[],65,0.7930805498373066,0.007973034031340337,0.03259235836614454,0.8062952387276712,0.03591292610577437,0.06253640869360663
4090,d43b75f70b40fdd47d2534ed8dc443cde34677c167b0b8c010ab2398fe9bcad9,full|adult|IID|GuardFed-AD2+|Sp-DFA|rounds=70|seed=123|clients=20|malicious=4|epochs=1|batch=256|lr=0.005|opt=adam|root=0.05+0.05|serversamp=stratified_sensitive|serveralpha=None|synth=forest_diffusion|synth_epochs=50|sensfeat=0|agg=count|fflip=invert|rw=1|foe=state|sdfafoe=fedsa|spdfafoe=fedsa|fedsa_gain=1.75|fedsa_norm=2.0|fg=server_aeod|actfb=0.12|acttemp=0.8|actkeep=1.0|actmetric=aeod_aspd|actdrop=0.005|actrisk=0.1|actviol=0.02|ad2calw=1.0|ad2calb=0.06|ad2calt=0.03|ad2calq=41|ad2clip=5.0|ad2normclip=2.5|ad2accdrop=0.03|ad2calobj=original|ad2normmode=root|ad2uw=3.0|ad2cw=0.2|ad2aw=1.5|ad2plus=fixed|suite=server_generation_ablation|tag=real5_forest_diffusion_synth5,adult,IID,5000.0,Sp-DFA,123,real5_forest_diffusion_synth5,forest_diffusion,0.05,0.05,stratified_sensitive,70,30162,15059,1508,1508,forest_diffusion,2b14d81a75c2a164ebfe616e93c78778f4af5f67787d26c8d3a20fa2959a4b27,0.8347831861345375,83.47831861345375,0.009606712017415253,0.036065405190066666,0.02283605860374096,0.8119471275307966,[64],[66],[69],[],66,0.812869380436948,0.009606712017415253,0.05972949627079084,0.8191114947871705,0.02587780202907375,0.06163878732203299
4091,c7c0e473ee81ecba0144346b3fcdebacea41fc6e5c7339b28adf7cd29ef0a69a,full|adult|non-IID|GuardFed-AD2+|Benign|rounds=70|seed=123|clients=20|malicious=4|epochs=1|batch=256|lr=0.005|opt=adam|root=0.05+0.05|serversamp=stratified_sensitive|serveralpha=None|synth=forest_diffusion|synth_epochs=50|sensfeat=0|agg=count|fflip=invert|rw=1|foe=state|sdfafoe=fedsa|spdfafoe=fedsa|fedsa_gain=1.75|fedsa_norm=2.0|fg=server_aeod|actfb=0.12|acttemp=0.8|actkeep=1.0|actmetric=aeod_aspd|actdrop=0.005|actrisk=0.1|actviol=0.02|ad2calw=1.0|ad2calb=0.06|ad2calt=0.03|ad2calq=41|ad2clip=5.0|ad2normclip=2.5|ad2accdrop=0.03|ad2calobj=original|ad2normmode=root|ad2uw=3.0|ad2cw=0.2|ad2aw=1.5|ad2plus=fixed|suite=server_generation_ablation|tag=real5_forest_diffusion_synth5,adult,non-IID,5.0,Benign,123,real5_forest_diffusion_synth5,forest_diffusion,0.05,0.05,stratified_sensitive,70,30162,15059,1508,1508,forest_diffusion,2b14d81a75c2a164ebfe616e93c78778f4af5f67787d26c8d3a20fa2959a4b27,0.8262832857427452,82.62832857427452,0.0005386567625414451,0.05756795483678975,0.0290533057996656,0.7972299799430796,[61],[69],[63],[],69,0.8157912211966266,0.0005386567625414451,0.0644370132158417,0.8141310844013546,0.007165334495567666,0.06693955608185623
4092,bb0b92547202bc29ab8ab5b28d7e5768bfc965ee1640ec8e08e4d60406313c78,full|adult|non-IID|GuardFed-AD2+|F Flip|rounds=70|seed=123|clients=20|malicious=4|epochs=1|batch=256|lr=0.005|opt=adam|root=0.05+0.05|serversamp=stratified_sensitive|serveralpha=None|synth=forest_diffusion|synth_epochs=50|sensfeat=0|agg=count|fflip=invert|rw=1|foe=state|sdfafoe=fedsa|spdfafoe=fedsa|fedsa_gain=1.75|fedsa_norm=2.0|fg=server_aeod|actfb=0.12|acttemp=0.8|actkeep=1.0|actmetric=aeod_aspd|actdrop=0.005|actrisk=0.1|actviol=0.02|ad2calw=1.0|ad2calb=0.06|ad2calt=0.03|ad2calq=41|ad2clip=5.0|ad2normclip=2.5|ad2accdrop=0.03|ad2calobj=original|ad2normmode=root|ad2uw=3.0|ad2cw=0.2|ad2aw=1.5|ad2plus=fixed|suite=server_generation_ablation|tag=real5_forest_diffusion_synth5,adult,non-IID,5.0,F Flip,123,real5_forest_diffusion_synth5,forest_diffusion,0.05,0.05,stratified_sensitive,70,30162,15059,1508,1508,forest_diffusion,2b14d81a75c2a164ebfe616e93c78778f4af5f67787d26c8d3a20fa2959a4b27,0.8302676140513978,83.02676140513978,9.76779495170943e-05,0.0599568305587998,0.030027254254158448,0.8002403597972394,[66],[68],[69],[],64,0.8176505744073311,0.0011749914745999845,0.06218936881995088,0.8174513579918985,0.006447315884205385,0.0626436562318784
4093,9b8f35af4433413e67b472b1d12956fb893ec8518d3912d9076def7a0da74802,full|adult|non-IID|GuardFed-AD2+|FedSA|rounds=70|seed=123|clients=20|malicious=4|epochs=1|batch=256|lr=0.005|opt=adam|root=0.05+0.05|serversamp=stratified_sensitive|serveralpha=None|synth=forest_diffusion|synth_epochs=50|sensfeat=0|agg=count|fflip=invert|rw=1|foe=state|sdfafoe=fedsa|spdfafoe=fedsa|fedsa_gain=1.75|fedsa_norm=2.0|fg=server_aeod|actfb=0.12|acttemp=0.8|actkeep=1.0|actmetric=aeod_aspd|actdrop=0.005|actrisk=0.1|actviol=0.02|ad2calw=1.0|ad2calb=0.06|ad2calt=0.03|ad2calq=41|ad2clip=5.0|ad2normclip=2.5|ad2accdrop=0.03|ad2calobj=original|ad2normmode=root|ad2uw=3.0|ad2cw=0.2|ad2aw=1.5|ad2plus=fixed|suite=server_generation_ablation|tag=real5_forest_diffusion_synth5,adult,non-IID,5.0,FedSA,123,real5_forest_diffusion_synth5,forest_diffusion,0.05,0.05,stratified_sensitive,70,30162,15059,1508,1508,forest_diffusion,2b14d81a75c2a164ebfe616e93c78778f4af5f67787d26c8d3a20fa2959a4b27,0.8262832857427452,82.62832857427452,0.016060311278490114,0.05627570826406679,0.03616800977127845,0.7901152759714668,[62],[69],[65],[],69,0.815592004781194,0.016060311278490114,0.06297370421161043,0.8213692808287403,0.05434549776054737,0.08361827355215926
4094,52f6e8adce6cddc43a7699d12b5c2578e2b509a67891cd9a8a0625bc2804dbf5,full|adult|non-IID|GuardFed-AD2+|S-DFA|rounds=70|seed=123|clients=20|malicious=4|epochs=1|batch=256|lr=0.005|opt=adam|root=0.05+0.05|serversamp=stratified_sensitive|serveralpha=None|synth=forest_diffusion|synth_epochs=50|sensfeat=0|agg=count|fflip=invert|rw=1|foe=state|sdfafoe=fedsa|spdfafoe=fedsa|fedsa_gain=1.75|fedsa_norm=2.0|fg=server_aeod|actfb=0.12|acttemp=0.8|actkeep=1.0|actmetric=aeod_aspd|actdrop=0.005|actrisk=0.1|actviol=0.02|ad2calw=1.0|ad2calb=0.06|ad2calt=0.03|ad2calq=41|ad2clip=5.0|ad2normclip=2.5|ad2accdrop=0.03|ad2calobj=original|ad2normmode=root|ad2uw=3.0|ad2cw=0.2|ad2aw=1.5|ad2plus=fixed|suite=server_generation_ablation|tag=real5_forest_diffusion_synth5,adult,non-IID,5.0,S-DFA,123,real5_forest_diffusion_synth5,forest_diffusion,0.05,0.05,stratified_sensitive,70,30162,15059,1508,1508,forest_diffusion,2b14d81a75c2a164ebfe616e93c78778f4af5f67787d26c8d3a20fa2959a4b27,0.831263696128561,83.1263696128561,0.0010521800176049312,0.06172450911983233,0.031388344568718626,0.7998753515598424,[68],[69],[64],[],66,0.818248223653629,0.003415872152702004,0.06545698826042687,0.8288730991433694,0.0012818088813818518,0.09369755608418334
4095,292f9f06845d6748c602b075dc8f730b7d96dbb1353800808e2a5fac12ded8af,full|adult|non-IID|GuardFed-AD2+|Sp-DFA|rounds=70|seed=123|clients=20|malicious=4|epochs=1|batch=256|lr=0.005|opt=adam|root=0.05+0.05|serversamp=stratified_sensitive|serveralpha=None|synth=forest_diffusion|synth_epochs=50|sensfeat=0|agg=count|fflip=invert|rw=1|foe=state|sdfafoe=fedsa|spdfafoe=fedsa|fedsa_gain=1.75|fedsa_norm=2.0|fg=server_aeod|actfb=0.12|acttemp=0.8|actkeep=1.0|actmetric=aeod_aspd|actdrop=0.005|actrisk=0.1|actviol=0.02|ad2calw=1.0|ad2calb=0.06|ad2calt=0.03|ad2calq=41|ad2clip=5.0|ad2normclip=2.5|ad2accdrop=0.03|ad2calobj=original|ad2normmode=root|ad2uw=3.0|ad2cw=0.2|ad2aw=1.5|ad2plus=fixed|suite=server_generation_ablation|tag=real5_forest_diffusion_synth5,adult,non-IID,5.0,Sp-DFA,123,real5_forest_diffusion_synth5,forest_diffusion,0.05,0.05,stratified_sensitive,70,30162,15059,1508,1508,forest_diffusion,2b14d81a75c2a164ebfe616e93c78778f4af5f67787d26c8d3a20fa2959a4b27,0.8341855368882396,83.41855368882396,0.005581352308369869,0.06944209894787076,0.037511725628120315,0.7966738112601193,[67],[62],[65],[],70,0.8272793678199084,0.009081193224691864,0.0915571592265643,0.8272793678199084,0.009081193224691864,0.0915571592265643
4096,022cefa51183eeafac13f43b7d7d1e6fd211c67db10eb3fd33d6a1bda997bbfd,full|compas|IID|GuardFed-AD2+|Benign|rounds=70|seed=123|clients=20|malicious=4|epochs=1|batch=256|lr=0.005|opt=adam|root=0.05+0.05|serversamp=stratified_sensitive|serveralpha=None|synth=forest_diffusion|synth_epochs=50|sensfeat=0|agg=count|fflip=invert|rw=1|foe=state|sdfafoe=fedsa|spdfafoe=fedsa|fedsa_gain=1.75|fedsa_norm=2.0|fg=server_aeod|actfb=0.12|acttemp=0.8|actkeep=1.0|actmetric=aeod_aspd|actdrop=0.005|actrisk=0.1|actviol=0.02|ad2calw=1.0|ad2calb=0.06|ad2calt=0.03|ad2calq=41|ad2clip=5.0|ad2normclip=2.5|ad2accdrop=0.03|ad2calobj=original|ad2normmode=root|ad2uw=3.0|ad2cw=0.2|ad2aw=1.5|ad2plus=fixed|suite=server_generation_ablation|tag=real5_forest_diffusion_synth5,compas,IID,5000.0,Benign,123,real5_forest_diffusion_synth5,forest_diffusion,0.05,0.05,stratified_sensitive,70,4320,1852,216,216,forest_diffusion,2b14d81a75c2a164ebfe616e93c78778f4af5f67787d26c8d3a20fa2959a4b27,0.6495680345572354,64.95680345572354,0.07388346643005028,0.009627112788256065,0.04175528960915317,0.6078127449480822,[65],[65],[65],[65],65,0.6495680345572354,0.07388346643005028,0.009627112788256065,0.6268898488120951,0.10517598343685303,0.01992887048335154
4097,774220074891276ddab7614fb5aae2434191dc37992b9785f5d4ef47139126af,full|compas|IID|GuardFed-AD2+|F Flip|rounds=70|seed=123|clients=20|malicious=4|epochs=1|batch=256|lr=0.005|opt=adam|root=0.05+0.05|serversamp=stratified_sensitive|serveralpha=None|synth=forest_diffusion|synth_epochs=50|sensfeat=0|agg=count|fflip=invert|rw=1|foe=state|sdfafoe=fedsa|spdfafoe=fedsa|fedsa_gain=1.75|fedsa_norm=2.0|fg=server_aeod|actfb=0.12|acttemp=0.8|actkeep=1.0|actmetric=aeod_aspd|actdrop=0.005|actrisk=0.1|actviol=0.02|ad2calw=1.0|ad2calb=0.06|ad2calt=0.03|ad2calq=41|ad2clip=5.0|ad2normclip=2.5|ad2accdrop=0.03|ad2calobj=original|ad2normmode=root|ad2uw=3.0|ad2cw=0.2|ad2aw=1.5|ad2plus=fixed|suite=server_generation_ablation|tag=real5_forest_diffusion_synth5,compas,IID,5000.0,F Flip,123,real5_forest_diffusion_synth5,forest_diffusion,0.05,0.05,stratified_sensitive,70,4320,1852,216,216,forest_diffusion,2b14d81a75c2a164ebfe616e93c78778f4af5f67787d26c8d3a20fa2959a4b27,0.6565874730021598,65.65874730021598,0.10183377698905649,0.0012990999676684156,0.05156643847836245,0.6050210345237974,[63],[63],[63],[63],63,0.6565874730021598,0.10183377698905649,0.0012990999676684156,0.6490280777537797,0.1488908606921029,0.03336924436268818
4098,d14eec63e807b04e16d6afdb8c9f18b955464df0b3d2aa8cd83e8f4f537dfebb,full|compas|IID|GuardFed-AD2+|FedSA|rounds=70|seed=123|clients=20|malicious=4|epochs=1|batch=256|lr=0.005|opt=adam|root=0.05+0.05|serversamp=stratified_sensitive|serveralpha=None|synth=forest_diffusion|synth_epochs=50|sensfeat=0|agg=count|fflip=invert|rw=1|foe=state|sdfafoe=fedsa|spdfafoe=fedsa|fedsa_gain=1.75|fedsa_norm=2.0|fg=server_aeod|actfb=0.12|acttemp=0.8|actkeep=1.0|actmetric=aeod_aspd|actdrop=0.005|actrisk=0.1|actviol=0.02|ad2calw=1.0|ad2calb=0.06|ad2calt=0.03|ad2calq=41|ad2clip=5.0|ad2normclip=2.5|ad2accdrop=0.03|ad2calobj=original|ad2normmode=root|ad2uw=3.0|ad2cw=0.2|ad2aw=1.5|ad2plus=fixed|suite=server_generation_ablation|tag=real5_forest_diffusion_synth5,compas,IID,5000.0,FedSA,123,real5_forest_diffusion_synth5,forest_diffusion,0.05,0.05,stratified_sensitive,70,4320,1852,216,216,forest_diffusion,2b14d81a75c2a164ebfe616e93c78778f4af5f67787d26c8d3a20fa2959a4b27,0.6598272138228942,65.98272138228943,0.030730553090801527,0.0011660385154543818,0.015948295803127954,0.6438789180197663,"[65, 67]",[62],[65],[],65,0.6598272138228942,0.054303460514640634,0.0011660385154543818,0.6403887688984882,0.03685300207039338,0.032956053537392005
4099,8f706aa491150db47eeca6832cc2cf90a251187d4fb5960babd2e40524a2b992,full|compas|IID|GuardFed-AD2+|S-DFA|rounds=70|seed=123|clients=20|malicious=4|epochs=1|batch=256|lr=0.005|opt=adam|root=0.05+0.05|serversamp=stratified_sensitive|serveralpha=None|synth=forest_diffusion|synth_epochs=50|sensfeat=0|agg=count|fflip=invert|rw=1|foe=state|sdfafoe=fedsa|spdfafoe=fedsa|fedsa_gain=1.75|fedsa_norm=2.0|fg=server_aeod|actfb=0.12|acttemp=0.8|actkeep=1.0|actmetric=aeod_aspd|actdrop=0.005|actrisk=0.1|actviol=0.02|ad2calw=1.0|ad2calb=0.06|ad2calt=0.03|ad2calq=41|ad2clip=5.0|ad2normclip=2.5|ad2accdrop=0.03|ad2calobj=original|ad2normmode=root|ad2uw=3.0|ad2cw=0.2|ad2aw=1.5|ad2plus=fixed|suite=server_generation_ablation|tag=real5_forest_diffusion_synth5,compas,IID,5000.0,S-DFA,123,real5_forest_diffusion_synth5,forest_diffusion,0.05,0.05,stratified_sensitive,70,4320,1852,216,216,forest_diffusion,2b14d81a75c2a164ebfe616e93c78778f4af5f67787d26c8d3a20fa2959a4b27,0.6555075593952484,65.55075593952483,0.0892043774031352,0.000694487404099442,0.04494943240361732,0.6105581269916311,[67],[69],[67],[],67,0.6555075593952484,0.09091984619934934,0.000694487404099442,0.6457883369330454,0.09653948535936113,0.011474799444876949
4100,ecf922048f64f7bfd5b074795898af9d6e6fa3d9601bbdfc3b9a4ecf9eaf6ee6,full|compas|IID|GuardFed-AD2+|Sp-DFA|rounds=70|seed=123|clients=20|malicious=4|epochs=1|batch=256|lr=0.005|opt=adam|root=0.05+0.05|serversamp=stratified_sensitive|serveralpha=None|synth=forest_diffusion|synth_epochs=50|sensfeat=0|agg=count|fflip=invert|rw=1|foe=state|sdfafoe=fedsa|spdfafoe=fedsa|fedsa_gain=1.75|fedsa_norm=2.0|fg=server_aeod|actfb=0.12|acttemp=0.8|actkeep=1.0|actmetric=aeod_aspd|actdrop=0.005|actrisk=0.1|actviol=0.02|ad2calw=1.0|ad2calb=0.06|ad2calt=0.03|ad2calq=41|ad2clip=5.0|ad2normclip=2.5|ad2accdrop=0.03|ad2calobj=original|ad2normmode=root|ad2uw=3.0|ad2cw=0.2|ad2aw=1.5|ad2plus=fixed|suite=server_generation_ablation|tag=real5_forest_diffusion_synth5,compas,IID,5000.0,Sp-DFA,123,real5_forest_diffusion_synth5,forest_diffusion,0.05,0.05,stratified_sensitive,70,4320,1852,216,216,forest_diffusion,2b14d81a75c2a164ebfe616e93c78778f4af5f67787d26c8d3a20fa2959a4b27,0.6447084233261339,64.47084233261339,0.07249334516415257,0.0015862325750775896,0.03703978886961508,0.6076686344565188,[69],[64],[61],[],64,0.6349892008639308,0.07249334516415257,0.005818520520060211,0.6252699784017278,0.0923986986098787,0.014556222548780445
4101,cfcdd263f7cf99992e69241915e02561c8f48916d767baca7f9b30af70f324d5,full|compas|non-IID|GuardFed-AD2+|Benign|rounds=70|seed=123|clients=20|malicious=4|epochs=1|batch=256|lr=0.005|opt=adam|root=0.05+0.05|serversamp=stratified_sensitive|serveralpha=None|synth=forest_diffusion|synth_epochs=50|sensfeat=0|agg=count|fflip=invert|rw=1|foe=state|sdfafoe=fedsa|spdfafoe=fedsa|fedsa_gain=1.75|fedsa_norm=2.0|fg=server_aeod|actfb=0.12|acttemp=0.8|actkeep=1.0|actmetric=aeod_aspd|actdrop=0.005|actrisk=0.1|actviol=0.02|ad2calw=1.0|ad2calb=0.06|ad2calt=0.03|ad2calq=41|ad2clip=5.0|ad2normclip=2.5|ad2accdrop=0.03|ad2calobj=original|ad2normmode=root|ad2uw=3.0|ad2cw=0.2|ad2aw=1.5|ad2plus=fixed|suite=server_generation_ablation|tag=real5_forest_diffusion_synth5,compas,non-IID,5.0,Benign,123,real5_forest_diffusion_synth5,forest_diffusion,0.05,0.05,stratified_sensitive,70,4320,1852,216,216,forest_diffusion,2b14d81a75c2a164ebfe616e93c78778f4af5f67787d26c8d3a20fa2959a4b27,0.6376889848812095,63.76889848812095,0.12088139603667558,0.017544269194989914,0.06921283261583275,0.5684761522653767,[63],[68],[68],[],68,0.6339092872570194,0.12088139603667558,0.017544269194989914,0.6371490280777538,0.13410233658680865,0.031163225549666385
4102,c3e6060915c63aac16d481627e0f7a77f7985a9b496a45bebb76a1d2e818c7a4,full|compas|non-IID|GuardFed-AD2+|F Flip|rounds=70|seed=123|clients=20|malicious=4|epochs=1|batch=256|lr=0.005|opt=adam|root=0.05+0.05|serversamp=stratified_sensitive|serveralpha=None|synth=forest_diffusion|synth_epochs=50|sensfeat=0|agg=count|fflip=invert|rw=1|foe=state|sdfafoe=fedsa|spdfafoe=fedsa|fedsa_gain=1.75|fedsa_norm=2.0|fg=server_aeod|actfb=0.12|acttemp=0.8|actkeep=1.0|actmetric=aeod_aspd|actdrop=0.005|actrisk=0.1|actviol=0.02|ad2calw=1.0|ad2calb=0.06|ad2calt=0.03|ad2calq=41|ad2clip=5.0|ad2normclip=2.5|ad2accdrop=0.03|ad2calobj=original|ad2normmode=root|ad2uw=3.0|ad2cw=0.2|ad2aw=1.5|ad2plus=fixed|suite=server_generation_ablation|tag=real5_forest_diffusion_synth5,compas,non-IID,5.0,F Flip,123,real5_forest_diffusion_synth5,forest_diffusion,0.05,0.05,stratified_sensitive,70,4320,1852,216,216,forest_diffusion,2b14d81a75c2a164ebfe616e93c78778f4af5f67787d26c8d3a20fa2959a4b27,0.6441684665226782,64.41684665226782,0.09778172138420588,0.01108145111684078,0.05443158625052333,0.5897368802721549,[62],[67],[67],[],67,0.6376889848812095,0.09778172138420588,0.01108145111684078,0.6430885529157667,0.1454599230996746,0.04510082906622376
4103,a573c76e9792f1e82f85684002b437a1603864ae2114c706320dbe1d05e3f679,full|compas|non-IID|GuardFed-AD2+|FedSA|rounds=70|seed=123|clients=20|malicious=4|epochs=1|batch=256|lr=0.005|opt=adam|root=0.05+0.05|serversamp=stratified_sensitive|serveralpha=None|synth=forest_diffusion|synth_epochs=50|sensfeat=0|agg=count|fflip=invert|rw=1|foe=state|sdfafoe=fedsa|spdfafoe=fedsa|fedsa_gain=1.75|fedsa_norm=2.0|fg=server_aeod|actfb=0.12|acttemp=0.8|actkeep=1.0|actmetric=aeod_aspd|actdrop=0.005|actrisk=0.1|actviol=0.02|ad2calw=1.0|ad2calb=0.06|ad2calt=0.03|ad2calq=41|ad2clip=5.0|ad2normclip=2.5|ad2accdrop=0.03|ad2calobj=original|ad2normmode=root|ad2uw=3.0|ad2cw=0.2|ad2aw=1.5|ad2plus=fixed|suite=server_generation_ablation|tag=real5_forest_diffusion_synth5,compas,non-IID,5.0,FedSA,123,real5_forest_diffusion_synth5,forest_diffusion,0.05,0.05,stratified_sensitive,70,4320,1852,216,216,forest_diffusion,2b14d81a75c2a164ebfe616e93c78778f4af5f67787d26c8d3a20fa2959a4b27,0.6474082073434125,64.74082073434126,0.04889086069210291,0.0025725214094709237,0.025731691050786917,0.6216765162926257,[67],[64],[62],[],69,0.6447084233261339,0.0627033422064478,0.017527928314893415,0.6317494600431965,0.05415557527358772,0.018769835202224222
4104,1e5f4eeec341a87b7cfc4a11f6ad55e89f4a3aeaee1b790c13b915bdd552c415,full|compas|non-IID|GuardFed-AD2+|S-DFA|rounds=70|seed=123|clients=20|malicious=4|epochs=1|batch=256|lr=0.005|opt=adam|root=0.05+0.05|serversamp=stratified_sensitive|serveralpha=None|synth=forest_diffusion|synth_epochs=50|sensfeat=0|agg=count|fflip=invert|rw=1|foe=state|sdfafoe=fedsa|spdfafoe=fedsa|fedsa_gain=1.75|fedsa_norm=2.0|fg=server_aeod|actfb=0.12|acttemp=0.8|actkeep=1.0|actmetric=aeod_aspd|actdrop=0.005|actrisk=0.1|actviol=0.02|ad2calw=1.0|ad2calb=0.06|ad2calt=0.03|ad2calq=41|ad2clip=5.0|ad2normclip=2.5|ad2accdrop=0.03|ad2calobj=original|ad2normmode=root|ad2uw=3.0|ad2cw=0.2|ad2aw=1.5|ad2plus=fixed|suite=server_generation_ablation|tag=real5_forest_diffusion_synth5,compas,non-IID,5.0,S-DFA,123,real5_forest_diffusion_synth5,forest_diffusion,0.05,0.05,stratified_sensitive,70,4320,1852,216,216,forest_diffusion,2b14d81a75c2a164ebfe616e93c78778f4af5f67787d26c8d3a20fa2959a4b27,0.6587473002159827,65.87473002159827,0.04191067731440401,0.002021600309076055,0.021966138811740032,0.6367811614042427,[62],[61],[66],[],68,0.656047516198704,0.0762200532386868,0.00936332429527037,0.6295896328293736,0.06178645371191954,0.010690437200246983
4105,945b44dacc50e0535dd0033424376f27e50d7ceef1ee62e4313148639a583a1e,full|compas|non-IID|GuardFed-AD2+|Sp-DFA|rounds=70|seed=123|clients=20|malicious=4|epochs=1|batch=256|lr=0.005|opt=adam|root=0.05+0.05|serversamp=stratified_sensitive|serveralpha=None|synth=forest_diffusion|synth_epochs=50|sensfeat=0|agg=count|fflip=invert|rw=1|foe=state|sdfafoe=fedsa|spdfafoe=fedsa|fedsa_gain=1.75|fedsa_norm=2.0|fg=server_aeod|actfb=0.12|acttemp=0.8|actkeep=1.0|actmetric=aeod_aspd|actdrop=0.005|actrisk=0.1|actviol=0.02|ad2calw=1.0|ad2calb=0.06|ad2calt=0.03|ad2calq=41|ad2clip=5.0|ad2normclip=2.5|ad2accdrop=0.03|ad2calobj=original|ad2normmode=root|ad2uw=3.0|ad2cw=0.2|ad2aw=1.5|ad2plus=fixed|suite=server_generation_ablation|tag=real5_forest_diffusion_synth5,compas,non-IID,5.0,Sp-DFA,123,real5_forest_diffusion_synth5,forest_diffusion,0.05,0.05,stratified_sensitive,70,4320,1852,216,216,forest_diffusion,2b14d81a75c2a164ebfe616e93c78778f4af5f67787d26c8d3a20fa2959a4b27,0.6506479481641468,65.06479481641469,0.1111209701271813,0.016702713870022312,0.06391184199860181,0.5867361061655451,[62],[63],[67],[],63,0.6447084233261339,0.1111209701271813,0.0180041482491331,0.6452483801295896,0.12508133688257916,0.02757406795705153
